Datetime,Close,High,Low,Open,Volume,price_change,price_change_abs,volatility_24h,volume_ma_24h,price_ma_24h,momentum_1h,momentum_6h,momentum_24h,price_up,strong_move,hour,day_of_week,is_weekend,us_market_hours,extended_hours
,BTC-USD,BTC-USD,BTC-USD,BTC-USD,BTC-USD,,,,,,,,,,,,,,,
2025-05-15 00:00:00+00:00,103806.5546875,103872.421875,103508.1015625,103531.7265625,0,,,,,,,,,0.0,0.0,0.0,3.0,0.0,0.0,0.0
2025-05-15 01:00:00+00:00,103062.6875,103805.2734375,103010.8359375,103805.2734375,0,-0.0071658980469907,0.0071658980469907,,,,-0.0071658980469907,,,0.0,0.0,1.0,3.0,0.0,0.0,0.0
2025-05-15 02:00:00+00:00,103073.8359375,103212.9609375,102943.4140625,103060.671875,0,0.0001081714223685,0.0001081714223685,,,,0.0001081714223685,,,1.0,0.0,2.0,3.0,0.0,0.0,0.0
2025-05-15 03:00:00+00:00,102780.8125,103101.2890625,102769.4375,103064.3046875,214183936,-0.0028428498351189,0.0028428498351189,,,,-0.0028428498351189,,,0.0,0.0,3.0,3.0,0.0,0.0,0.0
2025-05-15 04:00:00+00:00,102903.890625,102940.0234375,102726.8359375,102757.2421875,0,0.0011974815338222,0.0011974815338222,,,,0.0011974815338222,,,1.0,0.0,4.0,3.0,0.0,0.0,1.0
2025-05-15 05:00:00+00:00,102388.453125,102897.1953125,102383.0625,102897.1953125,550174720,-0.005008921401022,0.005008921401022,,,,-0.005008921401022,,,0.0,0.0,5.0,3.0,0.0,0.0,1.0
2025-05-15 06:00:00+00:00,102233.9375,102656.71875,102198.4453125,102408.09375,0,-0.0015091118215386,0.0015091118215386,,,,-0.0015091118215386,-0.0151494979506277,,0.0,0.0,6.0,3.0,0.0,0.0,1.0
2025-05-15 07:00:00+00:00,101819.8515625,102424.5625,101752.96875,102287.8828125,1181728768,-0.0040503764955741,0.0040503764955741,,,,-0.0040503764955741,-0.01205902900116,,0.0,0.0,7.0,3.0,0.0,0.0,1.0
2025-05-15 08:00:00+00:00,102325.1328125,102325.1328125,101913.78125,101956.3515625,0,0.004962502323919,0.004962502323919,,,,0.004962502323919,-0.0072637553283064,,1.0,0.0,8.0,3.0,0.0,0.0,1.0
2025-05-15 09:00:00+00:00,101898.3359375,102260.21875,101548.4921875,102260.21875,0,-0.0041709877453279,0.0041709877453279,,,,-0.0041709877453279,-0.0085860049267464,,0.0,0.0,9.0,3.0,0.0,1.0,1.0
2025-05-15 10:00:00+00:00,101754.7109375,101928.2421875,101643.90625,101832.5234375,444653568,-0.0014094930862079,0.0014094930862079,,,,-0.0014094930862079,-0.0111675047514754,,0.0,0.0,10.0,3.0,0.0,1.0,1.0
2025-05-15 11:00:00+00:00,102374.3203125,102435.7578125,101808.390625,101825.0625,404975616,0.0060892451002152,0.0060892451002152,,,,0.0060892451002152,-0.0001380313118193,,1.0,0.0,11.0,3.0,0.0,1.0,1.0
2025-05-15 12:00:00+00:00,102535.328125,102801.109375,102308.5078125,102395.5625,0,0.0015727363269277,0.0015727363269277,,,,0.0015727363269277,0.0029480486849096,,1.0,0.0,12.0,3.0,0.0,1.0,1.0
2025-05-15 13:00:00+00:00,102146.3046875,102765.6953125,101647.171875,102565.40625,344428544,-0.0037940429373352,0.0037940429373352,,,,-0.0037940429373352,0.0032061834700241,,0.0,0.0,13.0,3.0,0.0,1.0,1.0
2025-05-15 14:00:00+00:00,101945.0546875,102352.296875,101450.0703125,102126.9921875,0,-0.0019702132212779,0.0019702132212779,,,,-0.0019702132212779,-0.0037144161415011,,0.0,0.0,14.0,3.0,0.0,1.0,1.0
2025-05-15 15:00:00+00:00,103227.4765625,103258.15625,101967.609375,101967.609375,0,0.0125795398210448,0.0125795398210448,,,,0.0125795398210448,0.0130437912726586,,1.0,0.0,15.0,3.0,0.0,1.0,1.0
2025-05-15 16:00:00+00:00,103783.046875,103791.21875,103062.40625,103270.8125,739106816,0.0053820003258882,0.0053820003258882,,,,0.0053820003258882,0.019933582620522,,1.0,0.0,16.0,3.0,0.0,1.0,1.0
2025-05-15 17:00:00+00:00,103981.28125,104148.5859375,103693.2421875,103813.953125,610713600,0.0019100843631885,0.0019100843631885,,,,0.0019100843631885,0.0156969143491718,,1.0,0.0,17.0,3.0,0.0,0.0,1.0
2025-05-15 18:00:00+00:00,102679.7109375,103979.34375,102679.7109375,103979.34375,251060224,-0.0125173521315885,0.0125173521315885,,,,-0.0125173521315885,0.0014081274731376,,0.0,0.0,18.0,3.0,0.0,0.0,1.0
2025-05-15 19:00:00+00:00,103219.03125,103219.03125,102643.234375,102701.4296875,1775292416,0.00525245257876,0.00525245257876,,,,0.00525245257876,0.010501863633558,,1.0,0.0,19.0,3.0,0.0,0.0,1.0
2025-05-15 20:00:00+00:00,103468.40625,103484.8671875,102941.625,103185.015625,162799616,0.0024159788847077,0.0024159788847077,,,,0.0024159788847077,0.0149428686577259,,1.0,0.0,20.0,3.0,0.0,0.0,1.0
2025-05-15 21:00:00+00:00,103267.3359375,103454.640625,102777.46875,103454.640625,1374232576,-0.0019433015331672,0.0019433015331672,,,,-0.0019433015331672,0.0003861314480149,,0.0,0.0,21.0,3.0,0.0,0.0,0.0
2025-05-15 22:00:00+00:00,103521.234375,103947.8515625,103276.171875,103276.171875,0,0.0024586519560616,0.0024586519560616,,,,0.0024586519560616,-0.0025226904382112,,1.0,0.0,22.0,3.0,0.0,0.0,0.0
2025-05-15 23:00:00+00:00,103743.5859375,103868.5390625,103289.3828125,103514.1328125,1656754176,0.002147883609024,0.002147883609024,,404587690.6666667,102830.8466796875,0.002147883609024,-0.002285943293279,,1.0,0.0,23.0,3.0,0.0,0.0,0.0
2025-05-16 00:00:00+00:00,103732.1640625,104001.734375,103702.796875,103752.484375,0,-0.0001100971679047,0.0001100971679047,0.0051156076497037,404587690.6666667,102827.7470703125,-0.0001100971679047,0.0102498645096558,-0.0007166274347891,0.0,0.0,0.0,4.0,0.0,0.0,0.0
2025-05-16 01:00:00+00:00,104028.8984375,104067.109375,103496.921875,103747.3203125,1242583040,0.0028605821317022,0.0028605821317022,0.0049117815126714,456361984.0,102868.005859375,0.0028605821317022,0.007846103356061,0.0093749829442395,1.0,0.0,1.0,4.0,0.0,0.0,0.0
2025-05-16 02:00:00+00:00,104182.0,104416.515625,103955.4296875,104057.6953125,0,0.0014717214620125,0.0014717214620125,0.004916138015131,456361984.0,102914.17936197916,0.0014717214620125,0.0068967308559466,0.0107511673784213,1.0,0.0,2.0,4.0,0.0,0.0,0.0
2025-05-16 03:00:00+00:00,104033.7421875,104309.265625,104033.7421875,104183.0234375,1226321920,-0.0014230655247547,0.0014230655247547,0.0048831316646934,498534400.0,102966.384765625,-0.0014230655247547,0.0074215747219803,0.012190307286197,0.0,0.0,3.0,4.0,0.0,0.0,0.0
2025-05-16 04:00:00+00:00,103916.515625,104178.3046875,103834.359375,104041.1328125,950448128,-0.0011268128977685,0.0011268128977685,0.004892077260104,538136405.3333334,103008.57747395831,-0.0011268128977685,0.003818359125898,0.0098404928506559,0.0,0.0,4.0,4.0,0.0,0.0,1.0
2025-05-16 05:00:00+00:00,103933.5,104136.6796875,103873.4921875,103922.8828125,0,0.0001634424989891,0.0001634424989891,0.0047545312525148,515212458.6666667,103072.95442708331,0.0001634424989891,0.0018306101604623,0.0150900499796959,1.0,0.0,5.0,4.0,0.0,0.0,1.0
2025-05-16 06:00:00+00:00,103987.6796875,104092.21875,103916.75,103919.4375,0,0.0005212918596988,0.0005212918596988,0.0047327336512051,515212458.6666667,103146.02701822916,0.0005212918596988,0.0024632246643003,0.0171542075986264,1.0,0.0,6.0,4.0,0.0,0.0,1.0
2025-05-16 07:00:00+00:00,103732.0546875,104147.015625,103732.0546875,103987.140625,478277632,-0.0024582239046798,0.0024582239046798,0.0046737549578996,485901994.6666667,103225.7021484375,-0.0024582239046798,-0.0028534739332872,0.0187802584236358,0.0,0.0,7.0,4.0,0.0,0.0,1.0
2025-05-16 08:00:00+00:00,103421.015625,103753.7734375,103137.4765625,103741.125,0,-0.002998485506115,0.002998485506115,0.0046468804322769,485901994.6666667,103271.36393229169,-0.002998485506115,-0.00730437479603,0.0107098107999341,0.0,0.0,8.0,4.0,0.0,0.0,1.0
2025-05-16 09:00:00+00:00,103808.6953125,103808.6953125,103417.59375,103417.59375,1009291264,0.0037485581161347,0.0037485581161347,0.0045849269899093,527955797.3333333,103350.96223958331,0.0037485581161347,-0.0021632104187351,0.0187476994341864,1.0,0.0,9.0,4.0,0.0,1.0,1.0
2025-05-16 10:00:00+00:00,103857.40625,103881.8984375,103674.609375,103805.5078125,257441792,0.0004692375465595,0.0004692375465595,0.0045618229744448,520155306.6666667,103438.57454427084,0.0004692375465595,-0.0005688159831427,0.0206643534547654,1.0,0.0,10.0,4.0,0.0,1.0,1.0
2025-05-16 11:00:00+00:00,103676.6640625,103901.8359375,103603.8203125,103851.25,0,-0.001740291752183,0.001740291752183,0.0044503926104897,503281322.6666667,103492.8388671875,-0.001740291752183,-0.0024711564365675,0.0127213909310905,0.0,0.0,11.0,4.0,0.0,1.0,1.0
2025-05-16 12:00:00+00:00,103547.796875,103778.890625,103547.796875,103665.6171875,0,-0.0012429719712269,0.0012429719712269,0.0044589889154227,503281322.6666667,103535.02506510416,-0.0012429719712269,-0.0042301435499082,0.0098743405664603,0.0,0.0,12.0,4.0,0.0,1.0,1.0
2025-05-16 13:00:00+00:00,104081.1953125,104081.1953125,103494.3046875,103558.6796875,0,0.0051512292255131,0.0051512292255131,0.0044653698944213,488930133.3333333,103615.6455078125,0.0051512292255131,0.0033657930140476,0.0189423457942945,1.0,1.0,13.0,4.0,0.0,1.0,1.0
2025-05-16 14:00:00+00:00,103583.4453125,104028.296875,103396.75,104028.296875,473636864,-0.0047823240164135,0.0047823240164135,0.0045765065215127,508665002.6666667,103683.91178385416,-0.0047823240164135,0.0015705675149135,0.0160713104723155,0.0,1.0,14.0,4.0,0.0,1.0,1.0
2025-05-16 15:00:00+00:00,104135.71875,104178.8203125,103604.6328125,103604.6328125,0,0.0053316766577309,0.0053316766577309,0.0039534961207101,508665002.6666667,103721.75520833331,0.0053316766577309,0.0031502509160292,0.0087984538394687,1.0,1.0,15.0,4.0,0.0,1.0,1.0
2025-05-16 16:00:00+00:00,104216.53125,104485.3828125,103904.53125,104173.96875,66191360,0.000776030558679,0.000776030558679,0.0038088999260016,480626858.6666667,103739.81705729169,0.000776030558679,0.0034578660585411,0.0041768322288908,1.0,0.0,16.0,4.0,0.0,1.0,1.0
2025-05-16 17:00:00+00:00,103865.796875,104380.15625,103832.625,104193.1328125,0,-0.0033654389643678,0.0033654389643678,0.0038566815607355,455180458.6666667,103735.00520833331,-0.0033654389643678,0.0018242563474648,-0.0011106265821282,0.0,0.0,17.0,4.0,0.0,0.0,1.0
2025-05-16 18:00:00+00:00,103770.1484375,104088.1640625,103746.234375,103889.421875,0,-0.000920884837721,0.000920884837721,0.0028096923410751,444719616.0,103780.44010416669,-0.000920884837721,0.0021473326252263,0.010619795186838,0.0,0.0,18.0,4.0,0.0,0.0,1.0
2025-05-16 19:00:00+00:00,104017.1328125,104018.640625,103618.0,103732.6328125,0,0.00238011006748,0.00238011006748,0.0026527612878441,370749098.6666667,103813.6943359375,0.00238011006748,-0.0006155050372707,0.0077321163823653,1.0,0.0,19.0,4.0,0.0,0.0,1.0
2025-05-16 20:00:00+00:00,103622.4140625,104023.0390625,103552.609375,104021.8984375,84217856,-0.00379474745484,0.00379474745484,0.0027413037627196,367474858.6666667,103820.111328125,-0.00379474745484,0.0003762063511445,0.0014884525439378,0.0,1.0,20.0,4.0,0.0,0.0,1.0
2025-05-16 21:00:00+00:00,103608.6953125,103799.1796875,103539.890625,103708.40625,0,-0.0001323917235871,0.0001323917235871,0.0027083296177217,310215168.0,103834.33463541669,-0.0001323917235871,-0.0050609286018876,0.0033055890509909,0.0,0.0,21.0,4.0,0.0,0.0,0.0
2025-05-16 22:00:00+00:00,103504.625,103613.109375,103448.0,103612.0078125,575115264,-0.0010044553904101,0.0010044553904101,0.0026714852976201,334178304.0,103833.642578125,-0.0010044553904101,-0.0068310299859457,-0.0001604441359328,0.0,0.0,22.0,4.0,0.0,0.0,0.0
2025-05-16 23:00:00+00:00,103480.421875,103690.5703125,103460.9453125,103535.2265625,0,-0.0002338361691567,0.0002338361691567,0.0026320476940626,265146880.0,103822.67740885416,-0.0002338361691567,-0.0037103166932208,-0.0025366779075723,0.0,0.0,23.0,4.0,0.0,0.0,0.0
2025-05-17 00:00:00+00:00,103385.109375,103559.625,103164.453125,103495.78125,584065024,-0.0009210679495985,0.0009210679495985,0.0026373497008649,289482922.6666667,103808.216796875,-0.0009210679495985,-0.0037104992938494,-0.0033456805865044,0.0,0.0,0.0,5.0,1.0,0.0,0.0
2025-05-17 01:00:00+00:00,102819.8125,103374.8984375,102675.53125,103374.8984375,95252480,-0.0054678751941882,0.0054678751941882,0.0027704451402493,241677482.66666663,103757.83821614584,-0.0054678751941882,-0.0115107990397915,-0.0116225967559044,0.0,1.0,1.0,5.0,1.0,0.0,0.0
2025-05-17 02:00:00+00:00,103274.3359375,103327.3125,102804.5703125,102851.546875,0,0.0044205822443024,0.0044205822443024,0.0029221578129782,241677482.66666663,103720.01888020831,0.0044205822443024,-0.0033591007133848,-0.0087122925505365,1.0,1.0,2.0,5.0,1.0,0.0,0.0
2025-05-17 03:00:00+00:00,103541.1875,103541.328125,103205.1328125,103289.3515625,0,0.0025839097397972,0.0025839097397972,0.0029728351620522,190580736.0,103699.49576822916,0.0025839097397972,-0.0006515651248805,-0.0047345666621534,1.0,0.0,3.0,5.0,1.0,0.0,0.0
2025-05-17 04:00:00+00:00,103652.359375,103663.1484375,103495.3359375,103526.1640625,2262257664,0.0010736971217371,0.0010736971217371,0.0029767295469062,245239466.66666663,103688.4892578125,0.0010736971217371,0.0014273214844264,-0.0025420044966986,1.0,0.0,4.0,5.0,1.0,0.0,0.0
2025-05-17 05:00:00+00:00,103361.2109375,103695.9453125,103361.2109375,103666.3359375,0,-0.0028088934902742,0.0028088934902742,0.0030266282772556,245239466.66666663,103664.64388020831,-0.0028088934902742,-0.0011520144133544,-0.0055063003025973,0.0,0.0,5.0,5.0,1.0,0.0,0.0
2025-05-17 06:00:00+00:00,103489.5234375,103522.421875,103308.7578125,103370.1328125,559013888,0.001241398962301,0.001241398962301,0.0030379034014469,268531712.0,103643.88736979169,0.001241398962301,0.0010099526240405,-0.0047905314504279,1.0,0.0,6.0,5.0,1.0,0.0,0.0
2025-05-17 07:00:00+00:00,103450.328125,103630.140625,103450.328125,103487.4609375,0,-0.0003787370083279,0.0003787370083279,0.0029999839898574,248603477.3333333,103632.14876302084,-0.0003787370083279,0.0061322386188946,-0.0027159065088291,0.0,0.0,7.0,5.0,1.0,0.0,0.0
2025-05-17 08:00:00+00:00,103430.1328125,103558.3046875,103150.75,103473.390625,0,-0.0001952174813365,0.0001952174813365,0.0029364920005137,248603477.3333333,103632.52864583331,-0.0001952174813365,0.0015085730020505,8.815604299483581e-05,0.0,0.0,8.0,5.0,1.0,0.0,0.0
2025-05-17 09:00:00+00:00,102946.671875,103485.4765625,102849.2578125,103443.9296875,853356544,-0.0046742755167531,0.0046742755167531,0.0029730768994641,242106197.3333333,103596.61100260416,-0.0046742755167531,-0.0057418273766659,-0.0083039617722293,0.0,1.0,9.0,5.0,1.0,0.0,0.0
2025-05-17 10:00:00+00:00,102880.9453125,103047.1953125,102860.109375,102920.671875,0,-0.0006384525240389,0.0006384525240389,0.0029685115256212,231379456.0,103555.92513020831,-0.0006384525240389,-0.0074423203403323,-0.0094019384149601,0.0,0.0,10.0,5.0,1.0,0.0,0.0
2025-05-17 11:00:00+00:00,103014.3203125,103108.265625,102787.21875,102902.2109375,0,0.0012964013850658,0.0012964013850658,0.0029731375861963,231379456.0,103528.32747395831,0.0012964013850658,-0.003356100628598,-0.0063885519078884,1.0,0.0,11.0,5.0,1.0,0.0,0.0
2025-05-17 12:00:00+00:00,102951.1953125,103060.8828125,102944.0,103017.671875,0,-0.0006127788816983,0.0006127788816983,0.0029668805821736,231379456.0,103503.46907552084,-0.0006127788816983,-0.0052017644600046,-0.0057616055628899,0.0,0.0,12.0,5.0,1.0,0.0,0.0
2025-05-17 13:00:00+00:00,102698.828125,103090.0859375,102691.1796875,102957.671875,0,-0.0024513283865618,0.0024513283865618,0.0027656596425756,231379456.0,103445.87044270831,-0.0024513283865618,-0.0072643558857731,-0.0132816229036329,0.0,0.0,13.0,5.0,1.0,0.0,0.0
2025-05-17 14:00:00+00:00,103150.3671875,103168.0859375,102722.484375,102722.484375,0,0.0043967304276384,0.0043967304276384,0.0027899772832956,211644586.66666663,103427.82552083331,0.0043967304276384,-0.002704875430327,-0.0041809588751701,1.0,1.0,14.0,5.0,1.0,0.0,0.0
2025-05-17 15:00:00+00:00,102985.5078125,103164.8125,102972.890625,103149.2890625,0,-0.00159824322002,0.00159824322002,0.0025434516627998,211644586.66666663,103379.90006510416,-0.00159824322002,0.0003772432541302,-0.0110453065605791,0.0,0.0,15.0,5.0,1.0,0.0,0.0
2025-05-17 16:00:00+00:00,102900.953125,103120.8203125,102792.21875,102967.3046875,0,-0.0008210348164126,0.0008210348164126,0.0025305784481886,208886613.3333333,103325.08430989584,-0.0008210348164126,0.0001944753952174,-0.0126235071271382,0.0,0.0,16.0,5.0,1.0,0.0,0.0
2025-05-17 17:00:00+00:00,103165.0625,103311.484375,102957.8828125,102957.8828125,0,0.002566636818992,0.002566636818992,0.0025308976302946,208886613.3333333,103295.88704427084,0.002566636818992,0.0014633129359367,-0.0067465363582904,1.0,1.0,17.0,5.0,1.0,0.0,0.0
2025-05-17 18:00:00+00:00,103003.96875,103271.125,103003.96875,103165.6875,842035200,-0.0015615145873633,0.0015615145873633,0.0025413192273773,243971413.3333333,103263.962890625,-0.0015615145873633,0.0005126063601283,-0.0073834305822686,0.0,0.0,18.0,5.0,1.0,0.0,0.0
2025-05-17 19:00:00+00:00,103207.40625,103207.40625,102963.296875,103022.046875,0,0.0019750452576614,0.0019750452576614,0.0025239928084616,243971413.3333333,103230.22428385416,0.0019750452576614,0.0049521317261866,-0.0077845499160181,1.0,0.0,19.0,5.0,1.0,0.0,0.0
2025-05-17 20:00:00+00:00,103404.640625,103430.265625,103118.046875,103181.234375,0,0.0019110486559679,0.0019110486559679,0.0024503625165006,240462336.0,103221.150390625,0.0019110486559679,0.0024650754469714,-0.0021016055210666,1.0,0.0,20.0,5.0,1.0,0.0,0.0
2025-05-17 21:00:00+00:00,103270.0,103458.5625,103185.5859375,103402.546875,1402716160,-0.0013020752665083,0.0013020752665083,0.0024629506829002,298908842.6666667,103207.0380859375,-0.0013020752665083,0.0027624487517017,-0.0032689854020305,0.0,0.0,21.0,5.0,1.0,0.0,0.0
2025-05-17 22:00:00+00:00,103103.296875,103264.6640625,102965.75,103264.6640625,0,-0.001614245424615,0.001614245424615,0.0024754396422469,274945706.6666667,103190.31608072916,-0.001614245424615,0.0019663933506446,-0.0038773931599674,0.0,0.0,22.0,5.0,1.0,0.0,0.0
2025-05-17 23:00:00+00:00,103199.3828125,103230.3671875,102996.4609375,103081.171875,0,0.0009319385549473,0.0009319385549473,0.0024853236233286,274945706.6666667,103178.60611979169,0.0009319385549473,0.0003326737915754,-0.0027158669959761,1.0,0.0,23.0,5.0,1.0,0.0,0.0
2025-05-18 00:00:00+00:00,103399.9609375,103433.109375,103142.6015625,103142.6015625,0,0.0019435981062447,0.0019435981062447,0.0025133268146161,250609664.0,103179.22493489584,0.0019435981062447,0.0038444362125609,0.0001436528199252,1.0,0.0,0.0,6.0,1.0,0.0,0.0
2025-05-18 01:00:00+00:00,103274.5,103398.625,103194.671875,103398.625,0,-0.0012133557533531,0.0012133557533531,0.0022460626686493,246640810.66666663,103198.17024739584,-0.0012133557533531,0.000650086582328,0.0044221778754944,0.0,0.0,1.0,6.0,1.0,0.0,0.0
2025-05-18 02:00:00+00:00,103355.40625,103367.9453125,103277.0078125,103277.0078125,0,0.0007834097478081,0.0007834097478081,0.0020632015719728,246640810.66666663,103201.54817708331,0.0007834097478081,-0.0004761331280919,0.0007849996009565,1.0,0.0,2.0,6.0,1.0,0.0,0.0
2025-05-18 03:00:00+00:00,103300.5390625,103396.53125,103179.9921875,103358.9921875,0,-0.0005308593859839,0.0005308593859839,0.0019926362980375,246640810.66666663,103191.52115885416,-0.0005308593859839,0.0002957205626028,-0.0023241807758869,0.0,0.0,3.0,6.0,1.0,0.0,0.0
2025-05-18 04:00:00+00:00,103368.5390625,103443.25,103306.6328125,103309.5390625,0,0.0006582734283588,0.0006582734283588,0.0019838272787602,152380074.66666666,103179.6953125,0.0006582734283588,0.0025725868671451,-0.0027381944242405,1.0,0.0,4.0,6.0,1.0,0.0,0.0
2025-05-18 05:00:00+00:00,103651.65625,103663.1171875,103367.296875,103370.6875,0,0.0027389106015014,0.0027389106015014,0.0019791753208984,152380074.66666666,103191.79720052084,0.0027389106015014,0.0043825207590797,0.0028100029969233,1.0,1.0,5.0,6.0,1.0,0.0,0.0
2025-05-18 06:00:00+00:00,103440.859375,103677.3828125,103405.75,103650.703125,853061632,-0.0020337048400999,0.0020337048400999,0.0020110590252232,164632064.0,103189.76953125,-0.0020337048400999,0.0003955362954606,-0.0004702317769332,0.0,1.0,6.0,6.0,1.0,0.0,0.0
2025-05-18 07:00:00+00:00,103925.90625,103925.90625,103445.21875,103445.21875,0,0.0046891226342347,0.0046891226342347,0.002226066250238,164632064.0,103209.58528645831,0.0046891226342347,0.0063075226701654,0.0045971640073037,1.0,1.0,7.0,6.0,1.0,0.0,0.0
2025-05-18 08:00:00+00:00,103921.03125,104053.3046875,103862.734375,103920.3046875,1019387904,-4.6908419429780857e-05,4.6908419429780857e-05,0.0022251459154962,207106560.0,103230.03938802084,-4.6908419429780857e-05,0.0054726213221187,0.0047461839615918,0.0,0.0,8.0,6.0,1.0,0.0,0.0
2025-05-18 09:00:00+00:00,103854.640625,104035.859375,103836.40625,103920.2890625,0,-0.0006388564874831,0.0006388564874831,0.0019797724887731,171550037.33333334,103267.87141927084,-0.0006388564874831,0.0053639755177341,0.0088197970217285,0.0,0.0,9.0,6.0,1.0,0.0,0.0
2025-05-18 10:00:00+00:00,103856.3125,103935.625,103811.40625,103856.3125,0,1.6098221417237824e-05,1.6098221417237824e-05,0.0019697908465718,171550037.33333334,103308.51171875,1.6098221417237824e-05,0.0047187804134978,0.0094805426265993,1.0,0.0,10.0,6.0,1.0,0.0,0.0
2025-05-18 11:00:00+00:00,103826.7578125,103975.28125,103826.7578125,103864.1796875,42213376,-0.0002845728563682,0.0002845728563682,0.0019647679526013,173308928.0,103342.36328125,-0.0002845728563682,0.0016893272026223,0.0078866462209858,0.0,0.0,11.0,6.0,1.0,0.0,0.0
2025-05-18 12:00:00+00:00,103952.25,103955.984375,103740.4140625,103820.3359375,0,0.0012086690381551,0.0012086690381551,0.0019619757745746,173308928.0,103384.07389322916,0.0012086690381551,0.0049437971425398,0.0097235848934185,1.0,0.0,12.0,6.0,1.0,0.0,0.0
2025-05-18 13:00:00+00:00,104713.1015625,104713.1015625,103911.2734375,103956.5546875,447500288,0.0073192409255211,0.0073192409255211,0.0023238200228359,191954773.3333333,103468.001953125,0.0073192409255211,0.007574582131681,0.0196134023559482,1.0,1.0,13.0,6.0,1.0,0.0,0.0
2025-05-18 14:00:00+00:00,105268.3984375,105521.4296875,104565.3203125,104743.2265625,230506496,0.0053030314899855,0.0053030314899855,0.0023909944417905,201559210.66666663,103556.25325520831,0.0053030314899855,0.0129652984703227,0.0205334339348495,1.0,1.0,14.0,6.0,1.0,0.0,0.0
2025-05-18 15:00:00+00:00,105519.203125,105633.53125,105014.953125,105266.921875,2699210752,0.0023825259168248,0.0023825259168248,0.0023515234285958,314026325.3333333,103661.82389322916,0.0023825259168248,0.0160278105049771,0.0246024452014448,1.0,1.0,15.0,6.0,1.0,0.0,0.0
2025-05-18 16:00:00+00:00,105896.2421875,105896.2421875,105181.0,105527.609375,676499456,0.003573179585647,0.003573179585647,0.0023732519445291,342213802.6666667,103786.62760416669,0.003573179585647,0.0196418459157212,0.0291084676238269,1.0,1.0,16.0,6.0,1.0,0.0,0.0
2025-05-18 17:00:00+00:00,104985.5859375,105859.640625,104985.5859375,105844.859375,1188614144,-0.0085995143093707,0.0085995143093707,0.0030821190553618,391739392.0,103862.48274739584,-0.0085995143093707,0.011161170293815,0.0176467051284925,0.0,1.0,17.0,6.0,1.0,0.0,0.0
2025-05-18 18:00:00+00:00,104397.53125,104874.0859375,104125.65625,104874.0859375,1924038656,-0.0056012897603875,0.0056012897603875,0.003314471032804,436822869.3333333,103920.5478515625,-0.0056012897603875,0.0042835171917876,0.0135292117081653,0.0,1.0,18.0,6.0,1.0,0.0,0.0
2025-05-18 19:00:00+00:00,103907.015625,104739.4296875,103907.015625,104498.15625,1102336000,-0.0046985366332596,0.0046985366332596,0.0034674715607918,482753536.0,103949.6982421875,-0.0046985366332596,-0.0076980427995332,0.0067786741322162,0.0,1.0,19.0,6.0,1.0,0.0,0.0
2025-05-18 20:00:00+00:00,104162.265625,104281.40625,103439.890625,103938.015625,2851500032,0.0024565232526858,0.0024565232526858,0.0034803412693273,601566037.3333334,103981.26595052084,0.0024565232526858,-0.0105077385893425,0.0073267988305045,1.0,0.0,20.0,6.0,1.0,0.0,0.0
2025-05-18 21:00:00+00:00,104250.7734375,104534.296875,104103.671875,104103.671875,0,0.0008497109002856,0.0008497109002856,0.003464687086246,543119530.6666666,104022.13151041669,0.0008497109002856,-0.0120208421778678,0.0094971766970077,1.0,0.0,21.0,6.0,1.0,0.0,0.0
2025-05-18 22:00:00+00:00,105810.6171875,105810.6171875,104042.8359375,104234.65625,1596571648,0.0149624189688639,0.0149624189688639,0.0045332648254352,609643349.3333334,104134.9365234375,0.0149624189688639,-0.0008085744898141,0.0262583292150424,1.0,1.0,22.0,6.0,1.0,0.0,0.0
2025-05-18 23:00:00+00:00,106478.234375,106478.453125,105538.1640625,105948.515625,3394265088,0.0063095481837796,0.0063095481837796,0.00465632327037,751071061.3333334,104271.55533854169,0.0063095481837796,0.0142176511582132,0.0317720074785452,1.0,1.0,23.0,6.0,1.0,0.0,0.0
2025-05-19 00:00:00+00:00,105256.9296875,107038.7890625,105244.546875,106516.1640625,2669297664,-0.0114699937942129,0.0114699937942129,0.0053333248351023,862291797.3333334,104348.92903645831,-0.0114699937942129,0.0082319804617028,0.0179590856047078,0.0,1.0,0.0,0.0,0.0,0.0,0.0
2025-05-19 01:00:00+00:00,105068.890625,105352.765625,104766.03125,105272.5703125,2186604544,-0.0017864767959532,0.0017864767959532,0.0053437967098691,953400320.0,104423.6953125,-0.0017864767959532,0.0111818724944734,0.0173749630838202,0.0,0.0,1.0,0.0,0.0,0.0,0.0
2025-05-19 02:00:00+00:00,104627.8125,105149.5625,104613.4375,105045.6875,257662976,-0.004197989741552,0.004197989741552,0.005437617119289,964136277.3333334,104476.71223958331,-0.004197989741552,0.0044694388337906,0.0123109791366138,0.0,0.0,2.0,0.0,0.0,0.0,0.0
2025-05-19 03:00:00+00:00,103606.625,104636.046875,103606.625,104636.046875,1571553280,-0.0097601916316466,0.0097601916316466,0.0058278241091182,1029617664.0,104489.4658203125,-0.0097601916316466,-0.0061788360532997,0.0029630623448615,0.0,1.0,3.0,0.0,0.0,0.0,0.0
2025-05-19 04:00:00+00:00,102977.1484375,103705.09375,102838.0234375,103610.1796875,1704247296,-0.0060756400712792,0.0060756400712792,0.0059623142665817,1100627968.0,104473.15787760416,-0.0060756400712792,-0.0267786808669586,-0.0037863611941284,0.0,1.0,4.0,0.0,0.0,0.0,1.0
2025-05-19 05:00:00+00:00,103023.0625,103086.9375,102674.328125,103013.1328125,2047303680,0.0004458665169571,0.0004458665169571,0.0059324557249535,1185932288.0,104446.96647135416,0.0004458665169571,-0.0324495601874033,-0.0060644834124394,1.0,0.0,5.0,0.0,0.0,0.0,1.0
2025-05-19 06:00:00+00:00,102267.296875,103153.6640625,102112.6875,103045.96875,1694982144,-0.0073358877775546,0.0073358877775546,0.006098688110007,1221012309.3333333,104398.06803385416,-0.0073358877775546,-0.028403192277943,-0.0113452508717617,0.0,1.0,6.0,0.0,0.0,0.0,1.0
2025-05-19 07:00:00+00:00,103232.515625,103330.0234375,102230.015625,102230.015625,1391636480,0.0094381955864129,0.0094381955864129,0.0063450056428929,1278997162.6666667,104369.1767578125,0.0094381955864129,-0.0174778184967631,-0.0066719709264021,1.0,1.0,7.0,0.0,0.0,0.0,1.0
2025-05-19 08:00:00+00:00,103191.4453125,103341.0390625,102980.3125,103244.25,80990208,-0.0003978427945047,0.0003978427945047,0.0063448985010794,1239897258.6666667,104338.77734375,-0.0003978427945047,-0.013728349596337,-0.0070205802302408,0.0,0.0,8.0,0.0,0.0,0.0,1.0
2025-05-19 09:00:00+00:00,103081.265625,103301.9921875,103037.078125,103222.421875,467869696,-0.0010677211387662,0.0010677211387662,0.0063465737195423,1259391829.3333333,104306.55338541669,-0.0010677211387662,-0.0050707121769481,-0.0074467062361952,0.0,0.0,9.0,0.0,0.0,1.0,1.0
2025-05-19 10:00:00+00:00,102973.375,103091.453125,102892.4921875,103091.453125,397262848,-0.001046655998506,0.001046655998506,0.0063480371488607,1275944448.0,104269.76432291669,-0.001046655998506,-3.664344524256791e-05,-0.0085015294568637,0.0,0.0,10.0,0.0,0.0,1.0,1.0
2025-05-19 11:00:00+00:00,102980.1953125,103055.6640625,102830.8203125,102958.7421875,275591168,6.623374731584697e-05,6.623374731584697e-05,0.0063485655147865,1285668522.6666667,104234.49088541669,6.623374731584697e-05,-0.0004160931199264,-0.0081536062363499,1.0,0.0,11.0,0.0,0.0,1.0,1.0
2025-05-19 12:00:00+00:00,102406.9765625,102992.2109375,102179.6171875,102992.2109375,791859200,-0.0055663008626127,0.0055663008626127,0.0064276874595574,1318662656.0,104170.1044921875,-0.0055663008626127,0.0013658294661951,-0.0148652235762092,0.0,0.0,12.0,0.0,0.0,1.0,1.0
2025-05-19 13:00:00+00:00,103407.671875,103505.59375,102354.0078125,102522.375,1555410944,0.0097717494070266,0.0097717494070266,0.006576892857987,1364825600.0,104115.71158854169,0.0097717494070266,0.0016967158936267,-0.0124667273533181,1.0,1.0,13.0,0.0,0.0,1.0,1.0
2025-05-19 14:00:00+00:00,104290.453125,104320.1328125,103254.625,103334.421875,0,0.0085369028621697,0.0085369028621697,0.0067322836325776,1355221162.6666667,104074.9638671875,0.0085369028621697,0.0106501833477747,-0.009290017963754,1.0,1.0,14.0,0.0,0.0,1.0,1.0
2025-05-19 15:00:00+00:00,104832.3203125,104933.6640625,104323.34375,104323.34375,0,0.005195750629739,0.005195750629739,0.0068063240286216,1242754048.0,104046.34375,0.005195750629739,0.01698712832912,-0.0065095526895356,1.0,0.0,15.0,0.0,0.0,1.0,1.0
2025-05-19 16:00:00+00:00,105357.7265625,105357.7265625,104542.2109375,104872.8125,0,0.0050118727548316,0.0050118727548316,0.0068476692039489,1214566570.6666667,104023.90559895831,0.0050118727548316,0.023155029758906,-0.0050853138305559,1.0,0.0,16.0,0.0,0.0,1.0,1.0
2025-05-19 17:00:00+00:00,105401.8515625,105532.140625,104975.9765625,105362.453125,1622589440,0.0004188112390013,0.0004188112390013,0.0066094287177423,1232648874.6666667,104041.25,0.0004188112390013,0.0235157473012295,0.0039649788233577,1.0,0.0,17.0,0.0,0.0,0.0,1.0
2025-05-19 18:00:00+00:00,104755.359375,105556.34375,104735.4453125,105378.578125,0,-0.0061335942198003,0.0061335942198003,0.0066305522306713,1152480597.3333333,104056.15950520831,-0.0061335942198003,0.0229318635441477,0.0034275535131487,0.0,0.0,18.0,0.0,0.0,0.0,1.0
2025-05-19 19:00:00+00:00,105494.4296875,105567.3125,104694.828125,104766.5859375,948080640,0.0070552028737194,0.0070552028737194,0.0066896231522806,1146053290.6666667,104122.3017578125,0.0070552028737194,0.0201799129084203,0.015277255851799,1.0,1.0,19.0,0.0,0.0,0.0,1.0
2025-05-19 20:00:00+00:00,105450.171875,105782.90625,105356.953125,105536.28125,0,-0.0004195274824566,0.0004195274824566,0.006681672967118,1027240789.3333334,104175.96451822916,-0.0004195274824566,0.0111200854464597,0.0123644223968462,0.0,0.0,20.0,0.0,0.0,0.0,1.0
2025-05-19 21:00:00+00:00,105480.546875,105482.0859375,105064.5859375,105459.4765625,0,0.0002880507396043,0.0002880507396043,0.0066815009577615,1027240789.3333334,104227.205078125,0.0002880507396043,0.0061834609838613,0.0117963003721719,1.0,0.0,21.0,0.0,0.0,0.0,0.0
2025-05-19 22:00:00+00:00,105572.0390625,105625.4296875,105237.0078125,105450.6640625,0,0.000867384462923,0.000867384462923,0.0059335344914487,960716970.6666666,104217.26432291669,0.000867384462923,0.0020341412727131,-0.002254765460608,1.0,0.0,22.0,0.0,0.0,0.0,0.0
2025-05-19 23:00:00+00:00,105610.984375,105806.84375,105487.734375,105561.828125,0,0.0003688979851657,0.0003688979851657,0.0057773748203275,819289258.6666666,104181.12890625,0.0003688979851657,0.0019841474262527,-0.0081448570695272,1.0,0.0,23.0,0.0,0.0,0.0,0.0
2025-05-20 00:00:00+00:00,105731.234375,106481.71875,105619.671875,105619.671875,0,0.0011386126235981,0.0011386126235981,0.0052709010645333,708068522.6666666,104200.8916015625,0.0011386126235981,0.0093157524905871,0.0045061611516521,1.0,0.0,0.0,1.0,0.0,0.0,0.0
2025-05-20 01:00:00+00:00,106639.9375,106759.2890625,105748.4140625,105748.4140625,176107520,0.0085944624629754,0.0085944624629754,0.0055207604941412,624297813.3333334,104266.35188802084,0.0085944624629754,0.0108584672754121,0.0149525408106496,1.0,1.0,1.0,1.0,0.0,0.0,0.0
2025-05-20 02:00:00+00:00,106082.28125,106793.4296875,106042.1484375,106483.2265625,0,-0.0052293377422506,0.0052293377422506,0.0055638465694959,613561856.0,104326.95475260416,-0.0052293377422506,0.005994389233896,0.0139013586851011,0.0,0.0,2.0,1.0,0.0,0.0,0.0
2025-05-20 03:00:00+00:00,105751.53125,106151.9375,105546.921875,106099.6953125,581353472,-0.0031178628146253,0.0031178628146253,0.0051784563454119,572303530.6666666,104416.32584635416,-0.0031178628146253,0.0025690459807827,0.020702404407054,0.0,0.0,3.0,1.0,0.0,0.0,0.0
2025-05-20 04:00:00+00:00,106209.6328125,106209.6328125,105561.78125,105761.4140625,0,0.0043318669440071,0.0043318669440071,0.0050046484324902,501293226.6666667,104551.0126953125,0.0043318669440071,0.0060394187292578,0.0313903076949337,1.0,0.0,4.0,1.0,0.0,0.0,1.0
2025-05-20 05:00:00+00:00,106140.921875,106415.203125,106108.6171875,106203.6171875,0,-0.0006469369649483,0.0006469369649483,0.0050177176289682,415988906.6666667,104680.92350260416,-0.0006469369649483,0.0050178255901707,0.0302637030907522,0.0,0.0,5.0,1.0,0.0,0.0,1.0
2025-05-20 06:00:00+00:00,105543.2734375,106198.40625,105444.3515625,106134.5390625,0,-0.005630707053815,0.005630707053815,0.0049015099767574,345364650.6666667,104817.42252604169,-0.005630707053815,-0.001777723854366,0.0320334717216999,0.0,1.0,6.0,1.0,0.0,0.0,1.0
2025-05-20 07:00:00+00:00,105084.9453125,105710.609375,104987.2734375,105485.5234375,0,-0.0043425612080471,0.0043425612080471,0.0047134701151387,287379797.3333333,104894.60709635416,-0.0043425612080471,-0.0145817057282127,0.0179442463092645,0.0,0.0,7.0,1.0,0.0,0.0,1.0
2025-05-20 08:00:00+00:00,105193.5703125,105227.3515625,104929.625,105038.5390625,0,0.0010336875532168,0.0010336875532168,0.0047073410936895,284005205.3333333,104978.02897135416,0.0010336875532168,-0.0083775624640425,0.0194020443645968,1.0,0.0,8.0,1.0,0.0,0.0,1.0
2025-05-20 09:00:00+00:00,105302.234375,105388.0703125,105214.53125,105214.53125,0,0.0010329914858597,0.0010329914858597,0.0046903772739138,264510634.66666663,105070.5693359375,0.0010329914858597,-0.0042486086933138,0.0215458040462916,1.0,0.0,9.0,1.0,0.0,1.0,1.0
2025-05-20 10:00:00+00:00,105062.7734375,105392.453125,105050.09375,105305.3203125,773152768,-0.0022740347241563,0.0022740347241563,0.0047191184028857,280172714.6666667,105157.62760416669,-0.0022740347241563,-0.0107980730620228,0.0202906667621605,0.0,0.0,10.0,1.0,0.0,1.0,1.0
2025-05-20 11:00:00+00:00,105222.5078125,105358.0078125,104929.9140625,105053.46875,0,0.0015203708199749,0.0015203708199749,0.004717979815788,268689749.3333333,105251.05729166669,0.0015203708199749,-0.0086527801556274,0.0217742109848944,1.0,0.0,11.0,1.0,0.0,1.0,1.0
2025-05-20 12:00:00+00:00,104814.046875,105215.875,104683.25,105214.1796875,69763072,-0.0038818779935169,0.0038818779935169,0.0046291650137782,238602410.66666663,105351.35188802084,-0.0038818779935169,-0.0069092661118932,0.0235049446170392,0.0,0.0,12.0,1.0,0.0,1.0,1.0
2025-05-20 13:00:00+00:00,104472.1484375,104853.453125,104206.515625,104809.375,0,-0.0032619524547863,0.0032619524547863,0.0043060097777994,173793621.33333334,105395.705078125,-0.0032619524547863,-0.0058314430594951,0.0102939805451451,0.0,0.0,13.0,1.0,0.0,1.0,1.0
2025-05-20 14:00:00+00:00,104564.7109375,104980.390625,104333.34375,104459.1953125,0,0.0008860016892959,0.0008860016892959,0.0039485474923619,173793621.33333334,105407.13248697916,0.0008860016892959,-0.0059781160876262,0.0026297499366627,1.0,0.0,14.0,1.0,0.0,1.0,1.0
2025-05-20 15:00:00+00:00,105382.1796875,105399.671875,104560.609375,104560.609375,0,0.0078178263265951,0.0078178263265951,0.0041274094761088,173793621.33333334,105430.04329427084,0.0078178263265951,0.0007591986340507,0.0052451321630666,1.0,1.0,15.0,1.0,0.0,1.0,1.0
2025-05-20 16:00:00+00:00,105231.078125,105501.5703125,105150.828125,105364.25,0,-0.0014338435867248,0.0014338435867248,0.0040105189550985,173793621.33333334,105424.76627604169,-0.0014338435867248,0.0016019440758445,-0.0012020802045767,0.0,0.0,16.0,1.0,0.0,1.0,1.0
2025-05-20 17:00:00+00:00,106229.7265625,106332.6953125,105228.703125,105228.703125,308580352,0.0094900523238368,0.0094900523238368,0.0044583320942038,119043242.66666669,105459.26106770831,0.0094900523238368,0.0095722747056627,0.0078544635386135,1.0,1.0,17.0,1.0,0.0,0.0,1.0
2025-05-20 18:00:00+00:00,105297.0390625,106434.1953125,105297.0390625,106231.609375,0,-0.0087799105785257,0.0087799105785257,0.0046537253596349,119043242.66666669,105481.8310546875,-0.0087799105785257,0.0046080864340254,0.0051709019064209,0.0,1.0,18.0,1.0,0.0,0.0,1.0
2025-05-20 19:00:00+00:00,107051.0859375,107239.5625,105307.1875,105307.1875,2891333632,0.0166580835569256,0.0166580835569256,0.0055859351575185,200012117.3333333,105546.69173177084,0.0166580835569256,0.0246854069584185,0.0147558146397983,1.0,1.0,19.0,1.0,0.0,0.0,1.0
2025-05-20 20:00:00+00:00,106928.625,107264.3203125,106474.8984375,107051.265625,1275633664,-0.0011439485777051,0.0011439485777051,0.0055937788018406,253163520.0,105608.2939453125,-0.0011439485777051,0.0226071878486131,0.0140203955926458,0.0,0.0,20.0,1.0,0.0,0.0,1.0
2025-05-20 21:00:00+00:00,106693.2890625,107193.234375,106207.0625,106955.109375,743366656,-0.0022008693883419,0.0022008693883419,0.0056227177641997,284137130.6666667,105658.82486979169,-0.0022008693883419,0.0124414714033052,0.0114973065975583,0.0,0.0,21.0,1.0,0.0,0.0,0.0
2025-05-20 22:00:00+00:00,106836.0625,106836.0625,106003.8828125,106664.4453125,0,0.0013381669902066,0.0013381669902066,0.0056249068467795,284137130.6666667,105711.49251302084,0.0013381669902066,0.0152519997285736,0.0119730891694882,1.0,0.0,22.0,1.0,0.0,0.0,0.0
2025-05-20 23:00:00+00:00,106767.015625,107170.015625,106687.6328125,106797.3203125,0,-0.0006462880920943,0.0006462880920943,0.0056298379063648,284137130.6666667,105759.66048177084,-0.0006462880920943,0.0050578033087931,0.0109461270230679,0.0,0.0,23.0,1.0,0.0,0.0,0.0
2025-05-21 00:00:00+00:00,106765.203125,107194.78125,106547.84375,106853.828125,412311552,-1.6976216759334584e-05,1.6976216759334584e-05,0.0056288020439191,301316778.6666667,105802.74251302084,-1.6976216759334584e-05,0.0139430707223264,0.0097792176182565,0.0,0.0,0.0,2.0,0.0,0.0,0.0
2025-05-21 01:00:00+00:00,106534.5390625,107038.171875,106534.5390625,106752.796875,14574854144,-0.0021604797794458,0.0021604797794458,0.0053720318152636,901264554.6666666,105798.35091145831,-0.0021604797794458,-0.0048252371330598,-0.0009883580201835,0.0,0.0,1.0,2.0,0.0,0.0,0.0
2025-05-21 02:00:00+00:00,106899.9375,106917.6796875,106259.4765625,106523.8359375,0,0.0034298589050603,0.0034298589050603,0.0052977420038741,901264554.6666666,105832.419921875,0.0034298589050603,-0.0002682864387342,0.0077077551535025,1.0,0.0,2.0,2.0,0.0,0.0,0.0
2025-05-21 03:00:00+00:00,106904.7265625,107118.1328125,106817.046875,106891.984375,0,4.479948830660163e-05,4.479948830660163e-05,0.0052472567305117,877041493.3333334,105880.4697265625,4.479948830660163e-05,0.0019817319520081,0.0109047623128388,1.0,0.0,3.0,2.0,0.0,0.0,0.0
2025-05-21 04:00:00+00:00,107400.0703125,107655.421875,106776.546875,106871.2890625,0,0.0046335065429534,0.0046335065429534,0.0052572727505707,877041493.3333334,105930.0712890625,0.0046335065429534,0.0052791894356833,0.0112083760057957,1.0,0.0,4.0,2.0,0.0,0.0,1.0
2025-05-21 05:00:00+00:00,107633.640625,107711.4375,107339.0234375,107348.40625,2250719232,0.0021747687112343,0.0021747687112343,0.0052625771969951,970821461.3333334,105992.26790364584,0.0021747687112343,0.0081169731581134,0.0140635555413579,1.0,0.0,5.0,2.0,0.0,0.0,1.0
2025-05-21 06:00:00+00:00,107842.640625,107994.7265625,107370.0234375,107589.40625,1888636928,0.0019417720964038,0.0019417720964038,0.005097482004315,1049514666.6666666,106088.07486979169,0.0019417720964038,0.01009165410137,0.0217860135715954,1.0,0.0,6.0,2.0,0.0,0.0,1.0
2025-05-21 07:00:00+00:00,106600.3515625,107850.734375,106547.765625,107813.71875,447864832,-0.0115194607188802,0.0115194607188802,0.005604372540208,1068175701.3333334,106151.216796875,-0.0115194607188802,0.0006177574013004,0.0144207740270836,0.0,1.0,7.0,2.0,0.0,0.0,1.0
2025-05-21 08:00:00+00:00,106423.5234375,106791.28125,106407.3125,106536.3359375,756428800,-0.0016587949515,0.0016587949515,0.0056224787319138,1099693568.0,106202.46484375,-0.0016587949515,-0.0044566355569665,0.0116922842465196,0.0,0.0,8.0,2.0,0.0,0.0,1.0
2025-05-21 09:00:00+00:00,106228.015625,106512.078125,106141.8671875,106417.515625,0,-0.001837073291553,0.001837073291553,0.005641131193999,1099693568.0,106241.0390625,-0.001837073291553,-0.0063300375882292,0.0087916581779559,0.0,0.0,9.0,2.0,0.0,1.0,1.0
2025-05-21 10:00:00+00:00,106362.1484375,106441.7734375,106174.4765625,106233.625,787132416,0.0012626877355359,0.0012626877355359,0.0056149197579301,1100276053.3333333,106295.1796875,0.0012626877355359,-0.0096640707215551,0.0123676061223814,1.0,0.0,10.0,2.0,0.0,1.0,1.0
2025-05-21 11:00:00+00:00,106571.1875,106702.0078125,106294.9609375,106358.984375,179015680,0.0019653520126365,0.0019653520126365,0.0056190744936289,1107735040.0,106351.37467447916,0.0019653520126365,-0.0098710135495799,0.0128174068033359,1.0,0.0,11.0,2.0,0.0,1.0,1.0
2025-05-21 12:00:00+00:00,106539.84375,106900.4375,106465.0859375,106580.9453125,147578880,-0.0002941109199895,0.0002941109199895,0.0055433708211371,1110977365.3333333,106423.28287760416,-0.0002941109199895,-0.0120805357458763,0.0164653205028726,0.0,0.0,12.0,2.0,0.0,1.0,1.0
2025-05-21 13:00:00+00:00,107465.3984375,107566.9453125,106385.5078125,106524.7265625,0,0.0086874042135058,0.0086874042135058,0.0057067029280698,1110977365.3333333,106548.00162760416,0.0086874042135058,0.0081148594945563,0.0286511768425121,1.0,1.0,13.0,2.0,0.0,1.0,1.0
2025-05-21 14:00:00+00:00,108884.9921875,108905.28125,107098.875,107283.203125,3225890816,0.0132097751521911,0.0132097751521911,0.0062100981450288,1245389482.6666667,106728.01334635416,0.0132097751521911,0.0231289913215997,0.0413168191377901,1.0,1.0,14.0,2.0,0.0,1.0,1.0
2025-05-21 15:00:00+00:00,109026.0390625,109468.1015625,108468.828125,108975.9296875,5483393024,0.0012953748002031,0.0012953748002031,0.0060722242721229,1473864192.0,106879.8408203125,0.0012953748002031,0.0263397882473623,0.0345775669644097,1.0,0.0,15.0,2.0,0.0,1.0,1.0
2025-05-21 16:00:00+00:00,109274.6953125,109721.9453125,108768.5078125,109032.09375,3300405248,0.0022807051612454,0.0022807051612454,0.0060431922349411,1611381077.3333333,107048.32486979169,0.0022807051612454,0.02738330240397,0.038426073927483,1.0,0.0,16.0,2.0,0.0,1.0,1.0
2025-05-21 17:00:00+00:00,106395.4765625,109317.5703125,106246.859375,109283.4765625,2791084032,-0.0263484491241646,0.0263484491241646,0.0080880393377073,1714818730.6666667,107055.23111979169,-0.0263484491241646,-0.0016487658777378,0.001560297718572,0.0,1.0,17.0,2.0,0.0,0.0,1.0
2025-05-21 18:00:00+00:00,107047.7734375,107450.2265625,106436.65625,106599.0234375,5032607744,0.0061308703722646,0.0061308703722646,0.0079480269161483,1924510720.0,107128.17838541669,0.0061308703722646,0.0047675092211687,0.0166266249325475,1.0,0.0,18.0,2.0,0.0,0.0,1.0
2025-05-21 19:00:00+00:00,108799.6328125,108799.6328125,106684.2421875,107007.2578125,0,0.0163652107722056,0.0163652107722056,0.0079226732149148,1804038485.3333333,107201.03450520831,0.0163652107722056,0.0124154787903751,0.0163337612102398,1.0,1.0,19.0,2.0,0.0,0.0,1.0
2025-05-21 20:00:00+00:00,108218.2265625,108682.5625,107802.4921875,108682.5625,1275715584,-0.0053438254796499,0.0053438254796499,0.0080111900610351,1804041898.6666667,107254.76790364584,-0.0053438254796499,-0.0061235769191388,0.0120603960118257,0.0,0.0,20.0,2.0,0.0,0.0,1.0
2025-05-21 21:00:00+00:00,108494.3125,108580.8828125,108076.796875,108181.3125,0,0.0025511962843018,0.0025511962843018,0.007999461864745,1773068288.0,107329.810546875,0.0025511962843018,-0.0048770602607619,0.0168803816371709,1.0,0.0,21.0,2.0,0.0,0.0,0.0
2025-05-21 22:00:00+00:00,108804.2734375,108990.4609375,108346.3203125,108472.953125,1331298304,0.0028569325926646,0.0028569325926646,0.00801049350385,1828539050.6666667,107411.8193359375,0.0028569325926646,-0.0043049479447616,0.0184227206754272,1.0,0.0,22.0,2.0,0.0,0.0,0.0
2025-05-21 23:00:00+00:00,109622.03125,110601.0234375,108772.7734375,108798.546875,2952241152,0.0075158611575099,0.0075158611575099,0.0081193063606528,1951549098.6666667,107530.7783203125,0.0075158611575099,0.0303260513674621,0.0267406146766124,1.0,0.0,23.0,2.0,0.0,0.0,0.0
2025-05-22 00:00:00+00:00,109864.109375,110001.734375,109316.8671875,109666.359375,3845390336,0.0022082981152569,0.0022082981152569,0.0081183213895522,2094594048.0,107659.8994140625,0.0022082981152569,0.0263091500837644,0.0290254329996619,1.0,0.0,0.0,3.0,0.0,0.0,0.0
2025-05-22 01:00:00+00:00,109893.359375,110505.7578125,109707.625,109916.9375,3080208384,0.0002662379931572,0.0002662379931572,0.0080893871150283,1615650474.6666667,107799.85026041669,0.0002662379931572,0.010052667773106,0.031527994038905,1.0,0.0,1.0,3.0,0.0,0.0,0.0
2025-05-22 02:00:00+00:00,110505.9609375,110932.359375,109926.0546875,109926.0546875,764149760,0.0055745093787655,0.0055745093787655,0.0081254059544726,1647490048.0,107950.10123697916,0.0055745093787655,0.0211400098455571,0.033732699212289,1.0,0.0,2.0,3.0,0.0,0.0,0.0
2025-05-22 03:00:00+00:00,111804.109375,111818.671875,110369.5546875,110481.1953125,2611945472,0.0117473159500798,0.0117473159500798,0.0083865335736217,1756321109.3333333,108154.2421875,0.0117473159500798,0.0305066394609394,0.0458294312144904,1.0,1.0,3.0,3.0,0.0,0.0,0.0
2025-05-22 04:00:00+00:00,111487.7578125,111746.1171875,111271.59375,111746.1171875,2222194688,-0.0028295164128442,0.0028295164128442,0.0084191742900666,1848912554.6666667,108324.5625,-0.0028295164128442,0.0246634097193017,0.03806038011061,0.0,0.0,4.0,3.0,0.0,0.0,1.0
2025-05-22 05:00:00+00:00,110906.140625,111585.1953125,110906.140625,111492.2265625,0,-0.0052168704341346,0.0052168704341346,0.0085313715982328,1755132586.6666667,108460.91666666669,-0.0052168704341346,0.0117139717295651,0.0304040630884308,0.0,0.0,5.0,3.0,0.0,0.0,1.0
2025-05-22 06:00:00+00:00,110499.0078125,111143.3046875,110493.828125,110828.734375,1648328704,-0.0036709672720162,0.0036709672720162,0.0085892835117773,1745119744.0,108571.5986328125,-0.0036709672720162,0.0057789431062778,0.0246318818985242,0.0,0.0,6.0,3.0,0.0,0.0,1.0
2025-05-22 07:00:00+00:00,111099.515625,111099.515625,110518.890625,110546.9140625,0,0.0054345086384754,0.0054345086384754,0.0081988894153724,1726458709.3333333,108759.06380208331,0.0054345086384754,0.0109756973202004,0.0422059026687366,1.0,0.0,7.0,3.0,0.0,0.0,1.0
2025-05-22 08:00:00+00:00,110425.0546875,111118.8515625,110391.59375,111052.40625,229163008,-0.0060707819805132,0.0060707819805132,0.008327249437347,1704489301.3333333,108925.79427083331,-0.0060707819805132,-0.0007321437623238,0.0376000636020099,0.0,0.0,8.0,3.0,0.0,0.0,1.0
2025-05-22 09:00:00+00:00,110781.5859375,110781.5859375,110293.1171875,110402.609375,1390141440,0.0032287169882683,0.0032287169882683,0.0083012289451621,1762411861.3333333,109115.5263671875,0.0032287169882683,-0.0091456695394833,0.0428660018330262,1.0,0.0,9.0,3.0,0.0,1.0,1.0
2025-05-22 10:00:00+00:00,110772.421875,110904.5078125,110625.4140625,110794.5234375,15073280,-8.272189301539168e-05,8.272189301539168e-05,0.0083094384152362,1730242730.6666667,109299.28776041669,-8.272189301539168e-05,-0.0064162734235183,0.0414646892930292,0.0,0.0,10.0,3.0,0.0,1.0,1.0
2025-05-22 11:00:00+00:00,111036.171875,111218.5859375,110497.328125,110793.2578125,0,0.0023810077954025,0.0023810077954025,0.0083103887327091,1722783744.0,109485.32877604169,0.0023810077954025,0.0011724440979301,0.0418967309996427,1.0,0.0,11.0,3.0,0.0,1.0,1.0
2025-05-22 12:00:00+00:00,111555.640625,111567.078125,110837.5390625,110986.5625,2231558144,0.0046783740940277,0.0046783740940277,0.0083193246799327,1809616213.3333333,109694.3203125,0.0046783740940277,0.0095623737571739,0.0470790710634958,1.0,0.0,12.0,3.0,0.0,1.0,1.0
2025-05-22 13:00:00+00:00,111179.6796875,111551.5859375,111005.4453125,111551.5859375,415531008,-0.0033701651964315,0.0033701651964315,0.0082587502723658,1826930005.3333333,109849.08203125,-0.0033701651964315,0.0007215518632015,0.0345625783182683,0.0,0.0,13.0,3.0,0.0,1.0,1.0
2025-05-22 14:00:00+00:00,110731.1171875,111259.6328125,110578.3046875,110915.65625,0,-0.0040345726958451,0.0040345726958451,0.0079349141166004,1692517888.0,109926.00390625,-0.0040345726958451,0.0027716762365763,0.0169548159292785,0.0,0.0,14.0,3.0,0.0,1.0,1.0
2025-05-22 15:00:00+00:00,111236.671875,111494.234375,110858.125,110887.5078125,0,0.0045656063114034,0.0045656063114034,0.0079730116162321,1464043178.6666667,110018.11360677084,0.0045656063114034,0.0041079565132489,0.0202761911879851,1.0,0.0,15.0,3.0,0.0,1.0,1.0
2025-05-22 16:00:00+00:00,111191.9765625,111787.96875,111129.4609375,111315.7578125,0,-0.0004018037554218,0.0004018037554218,0.0079711398459746,1326526293.3333333,110098.00032552084,-0.0004018037554218,0.0037875373707496,0.017545519065663,0.0,0.0,16.0,3.0,0.0,1.0,1.0
2025-05-22 17:00:00+00:00,111539.7109375,111942.875,111224.03125,111244.8671875,0,0.0031273333360033,0.0031273333360033,0.0055017465546414,1210231125.3333333,110312.34342447916,0.0031273333360033,0.0045349101468201,0.0483501229676632,1.0,0.0,17.0,3.0,0.0,0.0,1.0
2025-05-22 18:00:00+00:00,111805.671875,111944.5,111410.4296875,111511.0,0,0.0023844506612449,0.0023844506612449,0.0054316676858346,1000539136.0,110510.58919270831,0.0023844506612449,0.0022413142768862,0.0444464960336414,1.0,0.0,18.0,3.0,0.0,0.0,1.0
2025-05-22 19:00:00+00:00,111056.421875,111885.890625,111030.8984375,111783.3828125,0,-0.0067013594877161,0.0067013594877161,0.0047448123460634,1000539136.0,110604.6220703125,-0.0067013594877161,-0.0011086361540746,0.0207426165342785,0.0,1.0,19.0,3.0,0.0,0.0,1.0
2025-05-22 20:00:00+00:00,111068.1015625,111364.1875,110890.140625,111183.1171875,0,0.0001051689519868,0.0001051689519868,0.0045615507954053,947384320.0,110723.36686197916,0.0001051689519868,0.0030432671823348,0.0263345195215713,1.0,0.0,20.0,3.0,0.0,0.0,1.0
2025-05-22 21:00:00+00:00,110910.34375,111086.609375,110789.8359375,111082.4375,773611520,-0.0014203701177986,0.0014203701177986,0.0045783825953327,979618133.3333334,110824.03483072916,-0.0014203701177986,-0.0029336379765722,0.0222687364372211,0.0,0.0,21.0,3.0,0.0,0.0,0.0
2025-05-22 22:00:00+00:00,111045.015625,111259.046875,110859.8046875,110859.8046875,0,0.0012142408944613,0.0012142408944613,0.0045605380140069,924147370.6666666,110917.39908854169,0.0012142408944613,-0.0013216865285005,0.0205942479712173,1.0,0.0,22.0,3.0,0.0,0.0,0.0
2025-05-22 23:00:00+00:00,111679.4140625,111680.96875,111045.046875,111045.046875,0,0.0057129843598056,0.0057129843598056,0.0044598697164385,801137322.6666666,111003.12337239584,0.0057129843598056,0.001252496746009,0.018767968345779,1.0,1.0,23.0,3.0,0.0,0.0,0.0
2025-05-23 00:00:00+00:00,111617.3125,111798.90625,111424.8046875,111699.9921875,0,-0.0005560699169252,0.0005560699169252,0.0044571972416097,640912725.3333334,111076.17350260416,-0.0005560699169252,-0.0016847032162249,0.0159579241571583,0.0,0.0,0.0,4.0,0.0,0.0,0.0
2025-05-23 01:00:00+00:00,111308.1640625,111691.6484375,111239.453125,111611.96875,0,-0.0027697176233301,0.0027697176233301,0.0045118820301117,512570709.3333333,111135.12369791669,-0.0027697176233301,0.0022667954112851,0.0128743419579351,0.0,0.0,1.0,4.0,0.0,0.0,0.0
2025-05-23 02:00:00+00:00,111228.2265625,111589.7265625,111206.1875,111305.8671875,0,-0.0007181638532381,0.0007181638532381,0.0043879080577537,480731136.0,111165.21809895831,-0.0007181638532381,0.001441683055237,0.0065359879129822,0.0,0.0,2.0,4.0,0.0,0.0,0.0
2025-05-23 03:00:00+00:00,111129.171875,111350.53125,111025.4609375,111225.3828125,0,-0.0008905535093138,0.0008905535093138,0.0036479267652721,371900074.6666667,111137.095703125,-0.0008905535093138,0.0019730181838877,-0.0060367861590507,0.0,0.0,3.0,4.0,0.0,0.0,0.0
2025-05-23 04:00:00+00:00,110730.6015625,111173.703125,110558.5859375,111118.609375,0,-0.0035865498300331,0.0035865498300331,0.0036744151483513,279308629.3333333,111105.54752604169,-0.0035865498300331,-0.0028314108537909,-0.0067913846762743,0.0,0.0,4.0,4.0,0.0,0.0,1.0
2025-05-23 05:00:00+00:00,110828.1328125,110881.3046875,110663.7109375,110788.4296875,0,0.0008807976171334,0.0008807976171334,0.0035258343386701,279308629.3333333,111102.29720052084,0.0008807976171334,-0.0076225440216187,-0.0007033678393314,1.0,0.0,5.0,4.0,0.0,0.0,1.0
2025-05-23 06:00:00+00:00,110514.359375,110828.953125,110402.1328125,110828.953125,0,-0.0028311713780366,0.0028311713780366,0.0034920658950901,210628266.66666663,111102.93684895831,-0.0028311713780366,-0.0098815595922899,0.0001389294148781,0.0,0.0,6.0,4.0,0.0,0.0,1.0
2025-05-23 07:00:00+00:00,110746.8671875,110813.5078125,110477.09375,110499.703125,0,0.0021038697035835,0.0021038697035835,0.0033295887941419,210628266.66666663,111088.2431640625,0.0021038697035835,-0.0050427287138149,-0.0031741671916042,1.0,0.0,7.0,4.0,0.0,0.0,1.0
2025-05-23 08:00:00+00:00,110894.7265625,110948.453125,110685.859375,110714.8671875,15360000,0.0013351111300481,0.0013351111300481,0.0030893067142601,201719808.0,111107.81282552084,0.0013351111300481,-0.0029983396329043,0.0042533089644298,1.0,0.0,8.0,4.0,0.0,0.0,1.0
2025-05-23 09:00:00+00:00,111312.859375,111328.46875,110896.65625,110923.75,0,0.0037705382885302,0.0037705382885302,0.0031144213650999,143797248.0,111129.94921875,0.0037705382885302,0.0016529188232106,0.0047956836238085,1.0,1.0,9.0,4.0,0.0,1.0,1.0
2025-05-23 10:00:00+00:00,111039.0859375,111310.4296875,110823.3828125,111310.4296875,0,-0.0024594951476153,0.0024594951476153,0.0031613696962787,143169194.66666666,111141.06022135416,-0.0024594951476153,0.0027858999287191,0.0024073145462226,0.0,0.0,10.0,4.0,0.0,1.0,1.0
2025-05-23 11:00:00+00:00,109068.375,111058.6328125,109068.375,111050.7109375,0,-0.0177479030997179,0.0177479030997179,0.0047846258079536,143169194.66666666,111059.06868489584,-0.0177479030997179,-0.0158782591373002,-0.0177221246173298,0.0,1.0,11.0,4.0,0.0,1.0,1.0
2025-05-23 12:00:00+00:00,108533.75,109040.1015625,107450.4921875,109040.1015625,6292332544,-0.0049017416826829,0.0049017416826829,0.0047125560128146,312368128.0,110933.15657552084,-0.0049017416826829,-0.0179217378284693,-0.0270886403239638,0.0,1.0,12.0,4.0,0.0,1.0,1.0
2025-05-23 13:00:00+00:00,109665.4609375,109688.3671875,108022.28125,108413.2578125,1795612672,0.0104272720467135,0.0104272720467135,0.0052398487015445,369871530.6666667,110870.06412760416,0.0104272720467135,-0.0097646667347178,-0.0136195638830415,1.0,1.0,13.0,4.0,0.0,1.0,1.0
2025-05-23 14:00:00+00:00,109755.4921875,109975.1875,109566.0703125,109763.9921875,1127624704,0.0008209626734829,0.0008209626734829,0.0051933109536627,416855893.3333333,110829.4130859375,0.0008209626734829,-0.010273115866857,-0.0088107573081556,1.0,0.0,14.0,4.0,0.0,1.0,1.0
2025-05-23 15:00:00+00:00,109137.84375,109828.9296875,109075.3828125,109742.375,0,-0.0056274945808164,0.0056274945808164,0.0051901438143502,416855893.3333333,110741.9619140625,-0.0056274945808164,-0.0195396617894131,-0.0188681312522412,0.0,1.0,15.0,4.0,0.0,1.0,1.0
2025-05-23 16:00:00+00:00,109016.5078125,109180.1640625,108100.5859375,108961.1171875,1063747584,-0.001111767773037,0.001111767773037,0.0051899153815466,461178709.3333333,110651.3173828125,-0.001111767773037,-0.0182150105786933,-0.0195649795718595,0.0,0.0,16.0,4.0,0.0,1.0,1.0
2025-05-23 17:00:00+00:00,109482.5390625,109790.109375,109045.2734375,109045.2734375,1439719424,0.0042748686355056,0.0042748686355056,0.0052328747184465,521167018.6666667,110565.60188802084,0.0042748686355056,0.003797288283611,-0.0184434033198518,1.0,0.0,17.0,4.0,0.0,0.0,1.0
2025-05-23 18:00:00+00:00,108783.625,109481.671875,108702.7265625,109444.7265625,0,-0.0063837947903364,0.0063837947903364,0.0053091655857729,521167018.6666667,110439.68326822916,-0.0063837947903364,0.0023022792449354,-0.0270294594569288,0.0,1.0,18.0,4.0,0.0,0.0,1.0
2025-05-23 19:00:00+00:00,108866.1640625,109143.0859375,108677.0078125,108814.578125,385183744,0.0007587452845039,0.0007587452845039,0.0051855897417708,537216341.3333334,110348.42252604169,0.0007587452845039,-0.0072885014859467,-0.0197220275560944,1.0,0.0,19.0,4.0,0.0,0.0,1.0
2025-05-23 20:00:00+00:00,108216.421875,108718.78125,108216.421875,108718.6328125,0,-0.0059682656507211,0.0059682656507211,0.0052858711314064,537216341.3333334,110229.6025390625,-0.0059682656507211,-0.0140227179690537,-0.025675055640483,0.0,1.0,20.0,4.0,0.0,0.0,1.0
2025-05-23 21:00:00+00:00,108149.4765625,108625.203125,108148.1328125,108261.40625,0,-0.0006186243394493,0.0006186243394493,0.0052860922846642,504982528.0,110114.56640625,-0.0006186243394493,-0.0090561362909462,-0.0248927836137916,0.0,0.0,21.0,4.0,0.0,0.0,0.0
2025-05-23 22:00:00+00:00,107818.3984375,108529.453125,107672.90625,108260.6796875,1005424640,-0.0030613012242243,0.0030613012242243,0.0052789883272027,546875221.3333334,109980.1240234375,-0.0030613012242243,-0.0109901646919442,-0.0290568394208373,0.0,0.0,22.0,4.0,0.0,0.0,0.0
2025-05-23 23:00:00+00:00,107249.296875,107849.6640625,106841.3046875,107811.6171875,645672960,-0.0052783344099652,0.0052783344099652,0.0051264404013421,573778261.3333334,109795.53580729169,-0.0052783344099652,-0.0203981585248503,-0.0396681628811262,0.0,1.0,23.0,4.0,0.0,0.0,0.0
2025-05-24 00:00:00+00:00,107375.9765625,107657.3515625,106924.4453125,107334.59375,0,0.0011811703310991,0.0011811703310991,0.0051550738589058,573778261.3333334,109618.8134765625,0.0011811703310991,-0.0129398927228248,-0.037998907539545,1.0,0.0,0.0,5.0,1.0,0.0,0.0
2025-05-24 01:00:00+00:00,107501.8671875,107841.375,107387.8203125,107390.359375,0,0.0011724282193301,0.0011724282193301,0.0051789338912335,573778261.3333334,109460.2177734375,0.0011724282193301,-0.0125318723843044,-0.0341960260243152,1.0,0.0,1.0,5.0,1.0,0.0,0.0
2025-05-24 02:00:00+00:00,107744.6875,107882.3125,107318.6640625,107507.640625,0,0.0022587543719263,0.0022587543719263,0.0052322441827113,573778261.3333334,109315.0703125,0.0022587543719263,-0.0043591755005991,-0.0313188402814511,1.0,0.0,2.0,5.0,1.0,0.0,0.0
2025-05-24 03:00:00+00:00,108297.6015625,108310.5234375,107751.8359375,107751.8359375,0,0.0051317060295896,0.0051317060295896,0.0053951932328912,573778261.3333334,109197.08821614584,0.0051317060295896,0.0013696321490228,-0.0254799911195684,1.0,0.0,3.0,5.0,1.0,0.0,0.0
2025-05-24 04:00:00+00:00,108522.9453125,108570.71875,108315.359375,108335.84375,3928064,0.0020807824619268,0.0020807824619268,0.0054038587776607,573941930.6666666,109105.1025390625,0.0020807824619268,0.0065345700289585,-0.0199371828460077,1.0,0.0,4.0,5.0,1.0,0.0,0.0
2025-05-24 05:00:00+00:00,108240.6640625,108511.6171875,108151.1484375,108511.6171875,0,-0.0026011204283771,0.0026011204283771,0.0054028198295707,573941930.6666666,108997.29134114584,-0.0026011204283771,0.0092435775001438,-0.0233466781794249,0.0,0.0,5.0,5.0,1.0,0.0,0.0
2025-05-24 06:00:00+00:00,107935.0390625,108328.7734375,107745.7890625,108244.703125,0,-0.0028235691516409,0.0028235691516409,0.0054027061759783,573941930.6666666,108889.81966145831,-0.0028235691516409,0.0052065882695333,-0.0233392323593696,0.0,0.0,6.0,5.0,1.0,0.0,0.0
2025-05-24 07:00:00+00:00,107683.015625,108239.3125,107683.015625,107962.9375,0,-0.0023349547995629,0.0023349547995629,0.0053687929891016,573941930.6666666,108762.1591796875,-0.0023349547995629,0.0016850724758488,-0.0276653565045117,0.0,0.0,7.0,5.0,1.0,0.0,0.0
2025-05-24 08:00:00+00:00,108260.2421875,108260.2421875,107615.8125,107615.8125,0,0.0053604234535014,0.0053604234535014,0.0055109410909121,573301930.6666666,108652.38899739584,0.0053604234535014,0.0047849661961292,-0.0237566244731683,1.0,0.0,8.0,5.0,1.0,0.0,0.0
2025-05-24 09:00:00+00:00,108207.09375,108395.71875,108183.5390625,108254.7578125,659398656,-0.0004909321873486,0.0004909321873486,0.0054188827536078,600776874.6666666,108522.98209635416,-0.0004909321873486,-0.0008357323818272,-0.027901229403667,0.0,0.0,9.0,5.0,1.0,0.0,0.0
2025-05-24 10:00:00+00:00,109105.75,109235.0390625,108191.3515625,108191.3515625,233512960,0.0083049661427581,0.0083049661427581,0.0057428184644163,610506581.3333334,108442.42643229169,0.0083049661427581,0.005370336068762,-0.0174113099110723,1.0,1.0,10.0,5.0,1.0,0.0,0.0
2025-05-24 11:00:00+00:00,109175.640625,109444.6015625,109102.0546875,109102.0546875,0,0.0006405769173485,0.0006405769173485,0.0044536019770226,610506581.3333334,108446.89583333331,0.0006405769173485,0.0086379418548294,0.000983471377473,1.0,0.0,11.0,5.0,1.0,0.0,0.0
2025-05-24 12:00:00+00:00,108812.921875,109246.6484375,108704.6953125,109216.2265625,0,-0.0033223413934054,0.0033223413934054,0.0043884369335596,348326058.6666667,108458.52799479169,-0.0033223413934054,0.0081334367423693,0.0025722125606091,0.0,0.0,12.0,5.0,1.0,0.0,0.0
2025-05-24 13:00:00+00:00,108609.2734375,108884.6171875,108560.59375,108803.1640625,0,-0.001871546448628,0.001871546448628,0.0038123055350718,273508864.0,108414.52018229169,-0.001871546448628,0.0086017075870687,-0.0096309949456369,0.0,0.0,13.0,5.0,1.0,0.0,0.0
2025-05-24 14:00:00+00:00,109019.9296875,109019.9296875,108605.1328125,108610.5859375,0,0.0037810422351856,0.0037810422351856,0.0039002633014774,226524501.3333333,108383.87174479169,0.0037810422351856,0.0070172344403613,-0.0067018286314401,1.0,0.0,14.0,5.0,1.0,0.0,0.0
2025-05-24 15:00:00+00:00,108936.2421875,109183.03125,108856.9921875,108973.515625,0,-0.0007676348740994,0.0007676348740994,0.0037327330722162,226524501.3333333,108375.4716796875,-0.0007676348740994,0.0067384532033047,-0.0018472195855527,0.0,0.0,15.0,5.0,1.0,0.0,0.0
2025-05-24 16:00:00+00:00,109021.2890625,109105.4609375,108744.75,108947.6953125,0,0.0007807032195366,0.0007807032195366,0.003729764982703,182201685.3333333,108375.6708984375,0.0007807032195366,-0.0007741199478487,4.385803669504362e-05,1.0,0.0,16.0,5.0,1.0,0.0,0.0
2025-05-24 17:00:00+00:00,108990.1328125,109176.7421875,108917.109375,109042.03125,0,-0.0002857813392954,0.0002857813392954,0.0036174356413443,122213376.0,108355.15397135416,-0.0002857813392954,-0.0016991685273199,-0.0044975779171407,0.0,0.0,17.0,5.0,1.0,0.0,0.0
2025-05-24 18:00:00+00:00,108816.4609375,109079.2109375,108804.03125,108936.90625,0,-0.001593464201927,0.001593464201927,0.0033850293208825,122213376.0,108356.52213541669,-0.001593464201927,3.252428515865269e-05,0.0003018463256763,0.0,0.0,18.0,5.0,1.0,0.0,0.0
2025-05-24 19:00:00+00:00,108977.296875,108996.90625,108825.5234375,108825.5234375,0,0.0014780478625597,0.0014780478625597,0.0033950419922729,106164053.33333331,108361.15266927084,0.0014780478625597,0.0033885084196956,0.0010208205043047,1.0,0.0,19.0,5.0,1.0,0.0,0.0
2025-05-24 20:00:00+00:00,108889.734375,109096.2109375,108889.734375,108968.1171875,0,-0.0008034930440643,0.0008034930440643,0.0031521073233697,106164053.33333331,108389.20735677084,-0.0008034930440643,-0.0011942340531057,0.0062219068819124,0.0,0.0,20.0,5.0,1.0,0.0,0.0
2025-05-24 21:00:00+00:00,108862.953125,108895.65625,108614.6171875,108887.921875,146866176,-0.0002459483453947,0.0002459483453947,0.0031484900614832,112283477.33333331,108418.935546875,-0.0002459483453947,-0.0006727702464148,0.0065971337557761,0.0,0.0,21.0,5.0,1.0,0.0,0.0
2025-05-24 22:00:00+00:00,108075.8828125,108823.0703125,108075.8828125,108823.0703125,0,-0.0072299188099027,0.0072299188099027,0.0034420603826676,70390784.0,108429.6640625,-0.0072299188099027,-0.0086717581321021,0.0023881302146151,0.0,1.0,22.0,5.0,1.0,0.0,0.0
2025-05-24 23:00:00+00:00,107836.4765625,108301.515625,107539.4375,108060.0078125,717864960,-0.0022151681186388,0.0022151681186388,0.0032870660026023,73398784.0,108454.1298828125,-0.0022151681186388,-0.010584960493485,0.0054749047742883,0.0,0.0,23.0,5.0,1.0,0.0,0.0
2025-05-25 00:00:00+00:00,107457.78125,108105.921875,107357.328125,107789.9375,0,-0.0035117552480539,0.0035117552480539,0.0033668081898513,73398784.0,108457.53841145831,-0.0035117552480539,-0.0124859757043593,0.0007618527916473,0.0,1.0,0.0,6.0,1.0,0.0,0.0
2025-05-25 01:00:00+00:00,107694.921875,107990.15625,107268.296875,107426.5859375,528945152,0.0022068259947438,0.0022068259947438,0.0033885239654888,95438165.33333331,108465.58235677084,0.0022068259947438,-0.0117673592277749,0.0017958263660973,1.0,0.0,1.0,6.0,1.0,0.0,0.0
2025-05-25 02:00:00+00:00,107990.265625,107998.7421875,107545.21875,107695.03125,64524288,0.002742411107766,0.002742411107766,0.0034034486528759,98126677.33333331,108475.81477864584,0.002742411107766,-0.0082603631569379,0.0022792597082803,1.0,0.0,2.0,6.0,1.0,0.0,0.0
2025-05-25 03:00:00+00:00,108152.6796875,108261.5,107965.25,107965.25,1020452864,0.0015039694694705,0.0015039694694705,0.0032472552585581,140645546.66666666,108469.7763671875,0.0015039694694705,-0.0065244733594949,-0.0013381817594211,1.0,0.0,3.0,6.0,1.0,0.0,0.0
2025-05-25 04:00:00+00:00,108272.546875,108272.546875,107975.453125,108136.09375,0,0.0011083145405768,0.0011083145405768,0.0032254958516868,140481877.33333334,108459.34309895831,0.0011083145405768,0.0018196849970792,-0.0023073317516305,1.0,0.0,4.0,6.0,1.0,0.0,0.0
2025-05-25 05:00:00+00:00,108112.2421875,108272.015625,108001.4609375,108269.7890625,0,-0.0014805663312332,0.0014805663312332,0.0031955567290886,140481877.33333334,108453.9921875,-0.0014805663312332,0.0025572573751533,-0.0011864475898434,0.0,0.0,5.0,6.0,1.0,0.0,0.0
2025-05-25 06:00:00+00:00,107883.3125,108148.3359375,107756.8515625,108125.7109375,0,-0.0021175186349661,0.0021175186349661,0.0031720239039871,140481877.33333334,108451.8369140625,-0.0021175186349661,0.0039599854477732,-0.0004792379096657,0.0,0.0,6.0,6.0,1.0,0.0,0.0
2025-05-25 07:00:00+00:00,107681.3203125,107920.53125,107518.0546875,107920.53125,0,-0.0018723209625214,0.0018723209625214,0.003158691233894,140481877.33333334,108451.76627604169,-0.0018723209625214,-0.0001262971574071,-1.574354590794247e-05,0.0,0.0,7.0,6.0,1.0,0.0,0.0
2025-05-25 08:00:00+00:00,107103.4453125,107691.1953125,106960.1015625,107691.1953125,98021376,-0.00536652966664,0.00536652966664,0.0031265901555092,144566101.33333334,108403.56640625,-0.00536652966664,-0.0082120393663954,-0.0106853342614595,0.0,1.0,8.0,6.0,1.0,0.0,0.0
2025-05-25 09:00:00+00:00,107100.859375,107266.7109375,106784.65625,107142.5234375,1638952960,-2.4144297995798425e-05,2.4144297995798425e-05,0.0031277296158578,185380864.0,108357.47330729169,-2.4144297995798425e-05,-0.0097253282631476,-0.0102233073328429,0.0,0.0,9.0,6.0,1.0,0.0,0.0
2025-05-25 10:00:00+00:00,106952.4375,107345.65625,106952.4375,107126.171875,0,-0.0013858140435673,0.0013858140435673,0.0025180314039072,175651157.33333334,108267.751953125,-0.0013858140435673,-0.0121924662631613,-0.0197360129965652,0.0,0.0,10.0,6.0,1.0,0.0,0.0
2025-05-25 11:00:00+00:00,107272.375,107277.0703125,106894.953125,106978.171875,0,0.0029913997986255,0.0029913997986255,0.0026212178833267,175651157.33333334,108188.44921875,0.0029913997986255,-0.0077684744160926,-0.0174330612039859,1.0,1.0,11.0,6.0,1.0,0.0,0.0
2025-05-25 12:00:00+00:00,107530.3515625,107587.1171875,107217.21875,107269.3828125,189906944,0.0024048741579554,0.0024048741579554,0.0026355392952119,183563946.66666663,108135.0087890625,0.0024048741579554,-0.0032716916946724,-0.0117869301770369,1.0,0.0,12.0,6.0,1.0,0.0,0.0
2025-05-25 13:00:00+00:00,107624.25,107725.609375,107348.9453125,107490.1953125,0,0.0008732272901146,0.0008732272901146,0.0026325600533068,183563946.66666663,108093.96614583331,0.0008732272901146,-0.0005299926889303,-0.0090694229537116,1.0,0.0,13.0,6.0,1.0,0.0,0.0
2025-05-25 14:00:00+00:00,107362.9921875,107640.0234375,107198.40625,107559.4375,48119808,-0.0024274994947699,0.0024274994947699,0.0025083982492136,185568938.66666663,108024.92708333331,-0.0024274994947699,0.0024233289063924,-0.0151984825595606,0.0,0.0,14.0,6.0,1.0,0.0,0.0
2025-05-25 15:00:00+00:00,106982.8359375,107416.609375,106862.7890625,107372.9140625,1244377088,-0.0035408499917373,0.0035408499917373,0.0025776957893927,237417984.0,107943.53515625,-0.0035408499917373,-0.0011019840381182,-0.0179316470880078,0.0,1.0,15.0,6.0,1.0,0.0,0.0
2025-05-25 16:00:00+00:00,107170.703125,107199.2578125,106725.8828125,106999.5,1156661248,0.001756049798584,0.001756049798584,0.0026103668582906,285612202.6666667,107866.42740885416,0.001756049798584,0.0020407727967863,-0.0169745372982985,1.0,0.0,16.0,6.0,1.0,0.0,0.0
2025-05-25 17:00:00+00:00,107387.1015625,107395.28125,107154.1796875,107185.96875,0,0.0020191939699005,0.0020191939699005,0.0026684035284491,285612202.6666667,107799.63444010416,0.0020191939699005,0.0010694884167521,-0.0147080401558713,1.0,0.0,17.0,6.0,1.0,0.0,0.0
2025-05-25 18:00:00+00:00,107438.71875,107589.6875,107327.0234375,107378.515625,799432704,0.0004806646864377,0.0004806646864377,0.0026688822785039,318921898.6666667,107742.228515625,0.0004806646864377,-0.0008521576575218,-0.01266115600186,1.0,0.0,18.0,6.0,1.0,0.0,0.0
2025-05-25 19:00:00+00:00,107779.9375,107881.9921875,107445.8515625,107445.8515625,0,0.0031759383764988,0.0031759383764988,0.002745748313055,318921898.6666667,107692.33854166669,0.0031759383764988,0.0014465838321753,-0.0109872368771763,1.0,1.0,19.0,6.0,1.0,0.0,0.0
2025-05-25 20:00:00+00:00,107679.390625,107738.828125,107486.9375,107738.828125,334311424,-0.00093289045561,0.00093289045561,0.002746585981599,332851541.3333333,107641.90755208331,-0.00093289045561,0.0029469972013023,-0.0111153154789758,0.0,0.0,20.0,6.0,1.0,0.0,0.0
2025-05-25 21:00:00+00:00,107580.7109375,107879.9609375,107214.1484375,107682.828125,283807744,-0.0009164213033453,0.0009164213033453,0.0027477024511809,338557440.0,107588.48079427084,-0.0009164213033453,0.0055885132859001,-0.0117784990273751,0.0,0.0,21.0,6.0,1.0,0.0,0.0
2025-05-25 22:00:00+00:00,109163.234375,109163.234375,107404.4375,107496.90625,760942592,0.0147101039183443,0.0147101039183443,0.0038403129731286,370263381.3333333,107633.787109375,0.0147101039183443,0.0185921263171706,0.0100610009763828,1.0,1.0,22.0,6.0,1.0,0.0,0.0
2025-05-25 23:00:00+00:00,109041.421875,109313.3046875,108646.3984375,109188.7421875,0,-0.0011158747786965,0.0011158747786965,0.0038139289142462,340352341.3333333,107683.9931640625,-0.0011158747786965,0.0154052049867197,0.0111738193875579,0.0,0.0,23.0,6.0,1.0,0.0,0.0
2025-05-26 00:00:00+00:00,109490.8046875,109490.8046875,108765.6328125,109020.796875,0,0.0041212119648912,0.0041212119648912,0.0037856026925258,340352341.3333333,107768.70247395831,0.0041212119648912,0.0191000596561004,0.0189192761459515,1.0,1.0,0.0,0.0,0.0,0.0,0.0
2025-05-26 01:00:00+00:00,109528.625,109840.2734375,109282.6640625,109600.53125,0,0.0003454199885364,0.0003454199885364,0.0037743230446759,318312960.0,107845.10677083331,0.0003454199885364,0.0162246104475611,0.0170268299848748,1.0,0.0,1.0,0.0,0.0,0.0,0.0
2025-05-26 02:00:00+00:00,109426.265625,109701.953125,109262.4921875,109576.328125,937148416,-0.0009345445083419,0.0009345445083419,0.0037628684390555,354672298.6666667,107904.94010416669,-0.0009345445083419,0.0162229279889185,0.0132974948407531,0.0,0.0,2.0,0.0,0.0,0.0,0.0
2025-05-26 03:00:00+00:00,109657.28125,109762.765625,109330.5390625,109437.6953125,317218816,0.002111153329418,0.002111153329418,0.0037715411474157,325370880.0,107967.6318359375,0.002111153329418,0.0193024408781459,0.0139118287854489,1.0,0.0,3.0,0.0,0.0,0.0,0.0
2025-05-26 04:00:00+00:00,109588.546875,109731.3359375,109555.71875,109666.1796875,217997312,-0.0006268108621377,0.0006268108621377,0.0037776511032912,334454101.3333333,108022.46516927084,-0.0006268108621377,0.003896114863535,0.0121545122746518,0.0,0.0,4.0,0.0,0.0,0.0,1.0
2025-05-26 05:00:00+00:00,109692.9609375,109713.359375,109428.6015625,109584.3203125,511193088,0.0009527826171387,0.0009527826171387,0.0037544777650918,355753813.3333333,108088.32845052084,0.0009527826171387,0.0059751519312256,0.0146210893236173,1.0,0.0,5.0,0.0,0.0,0.0,1.0
2025-05-26 06:00:00+00:00,109975.25,109992.5546875,109573.5546875,109680.1953125,0,0.0025734473760885,0.0025734473760885,0.0037282313789345,355753813.3333333,108175.49251302084,0.0025734473760885,0.0044245296569211,0.0193907421965746,1.0,0.0,6.0,0.0,0.0,0.0,1.0
2025-05-26 07:00:00+00:00,110074.953125,110193.421875,109813.15625,109983.8671875,1585188864,0.0009065960295611,0.0009065960295611,0.0036842899873203,421803349.3333333,108275.22721354169,0.0009065960295611,0.004987994006133,0.0222288583159409,1.0,0.0,7.0,0.0,0.0,0.0,1.0
2025-05-26 08:00:00+00:00,109711.546875,110183.578125,109663.625,110120.1171875,0,-0.0033014436044076,0.0033014436044076,0.0035527827936963,417719125.3333333,108383.89811197916,-0.0033014436044076,0.002607063746264,0.024351238700961,0.0,0.0,8.0,0.0,0.0,0.0,1.0
2025-05-26 09:00:00+00:00,109694.25,109986.15625,109649.9921875,109700.8828125,0,-0.0001576577442637,0.0001576577442637,0.0035545749221203,349429418.6666667,108491.9560546875,-0.0001576577442637,0.0003371299158485,0.0242144707347264,0.0,0.0,9.0,0.0,0.0,1.0,1.0
2025-05-26 10:00:00+00:00,109635.1953125,109862.7578125,109605.09375,109703.75,0,-0.0005383571837174,0.0005383571837174,0.0035339580407484,349429418.6666667,108603.73763020831,-0.0005383571837174,0.0004256689118544,0.0250836528386741,0.0,0.0,10.0,0.0,0.0,1.0,1.0
2025-05-26 11:00:00+00:00,109754.9296875,109824.1171875,109624.640625,109659.3515625,623185920,0.0010921162192369,0.0010921162192369,0.0035095114553728,375395498.6666667,108707.17740885416,0.0010921162192369,0.0005649291392115,0.0231425349490024,1.0,0.0,11.0,0.0,0.0,1.0,1.0
2025-05-26 12:00:00+00:00,109944.5859375,110014.5625,109728.9609375,109769.640625,0,0.0017279975536406,0.0017279975536406,0.0035000990922791,367482709.3333333,108807.7705078125,0.0017279975536406,-0.0002788269406071,0.0224516551831115,1.0,0.0,12.0,0.0,0.0,1.0,1.0
2025-05-26 13:00:00+00:00,109605.421875,110001.671875,109584.296875,109868.9453125,115466240,-0.0030848637030004,0.0030848637030004,0.0035949249162605,372293802.6666667,108890.3193359375,-0.0030848637030004,-0.0042655593908526,0.0184082293256397,0.0,0.0,13.0,0.0,0.0,1.0,1.0
2025-05-26 14:00:00+00:00,109674.0859375,109737.2265625,109569.578125,109644.3828125,126058496,0.0006264659295622,0.0006264659295622,0.0035304246540263,375541248.0,108986.61490885416,0.0006264659295622,-0.0003414493603183,0.0215259811869241,1.0,0.0,14.0,0.0,0.0,1.0,1.0
2025-05-26 15:00:00+00:00,110030.4140625,110354.9375,109607.9609375,109665.2421875,194420736,0.0032489728266626,0.0032489728266626,0.00343023941929,331793066.6666667,109113.59733072916,0.0032489728266626,0.0030645550017434,0.0284866081394628,1.0,0.0,15.0,0.0,0.0,1.0,1.0
2025-05-26 16:00:00+00:00,109385.3828125,110364.84375,109161.75,110035.890625,0,-0.0058622995786746,0.0058622995786746,0.0037149700686284,283598848.0,109205.87565104169,-0.0058622995786746,-0.00227857942231,0.0206649730096188,0.0,1.0,16.0,0.0,0.0,1.0,1.0
2025-05-26 17:00:00+00:00,109159.546875,109662.046875,108983.9921875,109401.5078125,676102144,-0.0020645897257324,0.0020645897257324,0.0037528607507799,311769770.6666667,109279.7275390625,-0.0020645897257324,-0.0054246566800708,0.0165051974279091,0.0,0.0,17.0,0.0,0.0,0.0,1.0
2025-05-26 18:00:00+00:00,109111.734375,109454.515625,109091.9453125,109186.7734375,344461312,-0.0004380056657321,0.0004380056657321,0.0037597573155217,292812629.3333333,109349.4365234375,-0.0004380056657321,-0.0075751939524648,0.015571812885194,0.0,0.0,18.0,0.0,0.0,0.0,1.0
2025-05-26 19:00:00+00:00,109144.5625,109187.9921875,108917.8125,109114.0,333647872,0.000300867044118,0.000300867044118,0.0037214090211472,306714624.0,109406.2958984375,0.000300867044118,-0.004204713298997,0.0126612153583778,1.0,0.0,19.0,0.0,0.0,0.0,1.0
2025-05-26 20:00:00+00:00,109554.875,109554.875,109007.25,109145.71875,1079111680,0.0037593489826852,0.0037593489826852,0.0037641702344893,337747968.0,109484.44108072916,0.0037593489826852,-0.001086956289455,0.0174173011577627,1.0,0.0,20.0,0.0,0.0,0.0,1.0
2025-05-26 21:00:00+00:00,109383.484375,109596.0546875,109189.4921875,109596.0546875,0,-0.0015644271877449,0.0015644271877449,0.0037787628733325,325922645.3333333,109559.556640625,-0.0015644271877449,-0.0058795533308865,0.0167574040159237,0.0,0.0,21.0,0.0,0.0,0.0,0.0
2025-05-26 22:00:00+00:00,109236.4296875,109872.9453125,109215.8828125,109373.640625,0,-0.0013443957133039,0.0013443957133039,0.0023364654814102,294216704.0,109562.6064453125,-0.0013443957133039,-0.0013617278759752,0.0006705124936896,0.0,0.0,22.0,0.0,0.0,0.0,0.0
2025-05-26 23:00:00+00:00,109436.640625,109474.2578125,109131.609375,109224.3046875,0,0.0018328220546273,0.0018328220546273,0.0023510429219174,294216704.0,109579.07389322916,0.0018328220546273,0.0025384289137559,0.0036244827259594,1.0,0.0,23.0,0.0,0.0,0.0,0.0
2025-05-27 00:00:00+00:00,109173.0859375,109649.484375,109173.0859375,109459.1796875,0,-0.0024082856161777,0.0024082856161777,0.0022474395850519,294216704.0,109565.83561197916,-0.0024082856161777,0.0005622819841644,-0.0029017847745919,0.0,1.0,0.0,1.0,0.0,0.0,0.0
2025-05-27 01:00:00+00:00,108389.3828125,109186.0859375,107650.1953125,109186.0859375,2901921792,-0.0071785378078316,0.0071785378078316,0.0026657285328973,415130112.0,109518.3671875,-0.0071785378078316,-0.0069190775078694,-0.0104013191756949,0.0,1.0,1.0,1.0,0.0,0.0,0.0
2025-05-27 02:00:00+00:00,108309.71875,108669.546875,107971.765625,108381.21875,0,-0.00073498031295,0.00073498031295,0.0026644042111943,376082261.3333333,109471.84440104169,-0.00073498031295,-0.0113655941828239,-0.0102036459767929,0.0,0.0,2.0,1.0,0.0,0.0,0.0
2025-05-27 03:00:00+00:00,108921.5703125,109205.9921875,108320.9765625,108320.9765625,1882689536,0.0056490919703362,0.0056490919703362,0.0028983570509979,441310208.0,109441.18977864584,0.0056490919703362,-0.0042228867103594,-0.0067091845531233,1.0,1.0,3.0,1.0,0.0,0.0,0.0
2025-05-27 04:00:00+00:00,108947.1484375,109297.6953125,108900.75,108902.5625,0,0.0002348306669341,0.0002348306669341,0.0028991645460693,432226986.6666667,109414.46484375,0.0002348306669341,-0.0026482122386054,-0.0058527871368857,1.0,0.0,4.0,1.0,0.0,0.0,1.0
2025-05-27 05:00:00+00:00,108937.578125,108967.90625,108621.4375,108967.90625,273985536,-8.784362543912128e-05,8.784362543912128e-05,0.0028883031151167,422343338.6666667,109382.99055989584,-8.784362543912128e-05,-0.0045602870953441,-0.0068863380662174,0.0,0.0,5.0,1.0,0.0,0.0,1.0
2025-05-27 06:00:00+00:00,108881.1796875,109242.46875,108881.1796875,108924.2109375,535154688,-0.0005177133407104,0.0005177133407104,0.0028235423436016,444641450.6666667,109337.404296875,-0.0005177133407104,-0.0026737931560083,-0.009948332124728,0.0,0.0,6.0,1.0,0.0,0.0,1.0
2025-05-27 07:00:00+00:00,109485.7890625,109612.9453125,108893.5390625,108897.8125,465805312,0.0055529282171196,0.0055529282171196,0.0030667463694395,398000469.3333333,109312.85579427084,0.0055529282171196,0.0101154395527525,-0.0053523898559462,1.0,1.0,7.0,1.0,0.0,0.0,1.0
2025-05-27 08:00:00+00:00,109658.46875,109749.6953125,109486.0703125,109486.0703125,239308800,0.0015771881353607,0.0015771881353607,0.0030147996203802,407971669.3333333,109310.64420572916,0.0015771881353607,0.0124527144522752,-0.0004837970706991,1.0,0.0,8.0,1.0,0.0,0.0,1.0
2025-05-27 09:00:00+00:00,109864.3515625,109896.9921875,109534.46875,109678.7890625,0,0.0018774912220356,0.0018774912220356,0.0030391593420201,407971669.3333333,109317.73177083331,0.0018774912220356,0.0086555973008388,0.0015506880488265,1.0,0.0,9.0,1.0,0.0,1.0,1.0
2025-05-27 10:00:00+00:00,109722.765625,109867.203125,109682.0078125,109860.8828125,886243328,-0.0012887341115325,0.0012887341115325,0.0030495213136611,444898474.6666667,109321.38053385416,-0.0012887341115325,0.0071192059509932,0.0007987427053,0.0,0.0,10.0,1.0,0.0,1.0,1.0
2025-05-27 11:00:00+00:00,109569.9609375,109748.3515625,109478.828125,109730.59375,33161216,-0.001392643419345,0.001392643419345,0.0030543434253539,420314112.0,109313.67350260416,-0.001392643419345,0.0058050015741526,-0.0016852887658591,0.0,0.0,11.0,1.0,0.0,1.0,1.0
2025-05-27 12:00:00+00:00,109616.2265625,109829.1796875,109505.21875,109577.8828125,330305536,0.0004222473441091,0.0004222473441091,0.0030325534047214,434076842.6666667,109299.99186197916,0.0004222473441091,0.0067509084408312,-0.0029865897642896,1.0,0.0,12.0,1.0,0.0,1.0,1.0
2025-05-27 13:00:00+00:00,109915.8359375,110744.2109375,109605.03125,109611.390625,2901196800,0.0027332575148366,0.0027332575148366,0.0030177692752668,550148949.3333334,109312.92578125,0.0027332575148366,0.0039278784825171,0.002832104992525,1.0,0.0,13.0,1.0,0.0,1.0,1.0
2025-05-27 14:00:00+00:00,109330.8671875,110242.8203125,108793.234375,109857.6796875,2005999616,-0.0053219697144697,0.0053219697144697,0.0032125428105214,628479829.3333334,109298.625,-0.0053219697144697,-0.002987471612857,-0.003129442539376,0.0,1.0,14.0,1.0,0.0,1.0,1.0
2025-05-27 15:00:00+00:00,110124.953125,110215.4296875,109138.078125,109415.4609375,0,0.0072631449647075,0.0072631449647075,0.0034885194268043,620378965.3333334,109302.56412760416,0.0072631449647075,0.0023720302244878,0.0008592084589111,1.0,1.0,15.0,1.0,0.0,1.0,1.0
2025-05-27 16:00:00+00:00,110256.0546875,110511.5546875,110033.984375,110182.1015625,0,0.001190480075403,0.001190480075403,0.0032590726405434,620378965.3333334,109338.84212239584,0.001190480075403,0.0048603319417104,0.0079596729710444,1.0,0.0,16.0,1.0,0.0,1.0,1.0
2025-05-27 17:00:00+00:00,110352.234375,110456.3515625,110017.453125,110261.140625,0,0.0008723302114572,0.0008723302114572,0.0032199393588829,592208042.6666666,109388.53743489584,0.0008723302114572,0.0071394881480904,0.0109260942734195,1.0,0.0,17.0,1.0,0.0,0.0,1.0
2025-05-27 18:00:00+00:00,109912.7109375,110413.453125,109910.875,110281.2578125,2487894016,-0.0039829138031443,0.0039829138031443,0.0033418198110833,681517738.6666666,109421.91145833331,-0.0039829138031443,0.0027047489618787,0.007340883793004,0.0,1.0,18.0,1.0,0.0,0.0,1.0
2025-05-27 19:00:00+00:00,109877.84375,110045.2109375,109661.078125,109930.6328125,362397696,-0.0003172261624938,0.0003172261624938,0.0033442752349466,682715648.0,109452.46484375,-0.0003172261624938,-0.0003456479876257,0.0067184405086602,0.0,0.0,19.0,1.0,0.0,0.0,1.0
2025-05-27 20:00:00+00:00,109634.78125,109918.96875,109634.78125,109873.703125,0,-0.0022121156704988,0.0022121156704988,0.0032962928243033,637752661.3333334,109455.79427083331,-0.0022121156704988,0.0027797644921154,0.0007293719243437,0.0,0.0,20.0,1.0,0.0,0.0,1.0
2025-05-27 21:00:00+00:00,108887.8359375,109683.53125,108887.8359375,109626.625,203075584,-0.0068130323605676,0.0068130323605676,0.0035698206875998,646214144.0,109435.14225260416,-0.0068130323605676,-0.0112337590382062,-0.0045312913583989,0.0,1.0,21.0,1.0,0.0,0.0,0.0
2025-05-27 22:00:00+00:00,109096.28125,109206.7421875,108681.484375,108942.109375,579112960,0.0019143121975502,0.0019143121975502,0.0035856681338271,670343850.6666666,109429.302734375,0.0019143121975502,-0.0105189092860901,-0.0012829825901572,1.0,0.0,22.0,1.0,0.0,0.0,0.0
2025-05-27 23:00:00+00:00,109000.375,109172.75,108988.2578125,109072.2734375,0,-0.0008790973340349,0.0008790973340349,0.0035665219056126,670343850.6666666,109411.125,-0.0008790973340349,-0.0122504032895799,-0.003986467626459,0.0,0.0,23.0,1.0,0.0,0.0,0.0
2025-05-28 00:00:00+00:00,109233.4765625,109249.1015625,108752.2578125,108981.1875,0,0.0021385390875949,0.0021385390875949,0.0035626800525892,670343850.6666666,109413.64127604169,0.0021385390875949,-0.0061797618237824,0.0005531640374676,1.0,0.0,0.0,2.0,0.0,0.0,0.0
2025-05-28 01:00:00+00:00,108830.984375,109270.5390625,108809.046875,109228.3984375,0,-0.003684696305255,0.003684696305255,0.003318363165439,549430442.6666666,109432.04134114584,-0.003684696305255,-0.0095274837881044,0.0040742141992258,0.0,1.0,1.0,2.0,0.0,0.0,0.0
2025-05-28 02:00:00+00:00,108702.1953125,108870.484375,108483.0546875,108715.125,0,-0.0011833859928733,0.0011833859928733,0.0033249634750571,549430442.6666666,109448.39453125,-0.0011833859928733,-0.0085062963310286,0.0036236504630384,0.0,0.0,2.0,2.0,0.0,0.0,0.0
2025-05-28 03:00:00+00:00,108919.7578125,108948.3671875,108615.890625,108695.4453125,193613824,0.0020014545186926,0.0020014545186926,0.0031412486338403,479052288.0,109448.31901041669,0.0020014545186926,0.0002931629114046,-1.664041378401926e-05,1.0,0.0,3.0,2.0,0.0,0.0,0.0
2025-05-28 04:00:00+00:00,109004.890625,109074.0390625,108683.9296875,108928.5234375,0,0.0007816103727162,0.0007816103727162,0.0031449759016113,479052288.0,109450.72493489584,0.0007816103727162,-0.0008377061431688,0.000530001824996,1.0,0.0,4.0,2.0,0.0,0.0,1.0
2025-05-28 05:00:00+00:00,109050.2109375,109104.015625,108892.7578125,109008.9453125,0,0.0004157640289361,0.0004157640289361,0.0031458575504325,467636224.0,109455.41796875,0.0004157640289361,0.0004572088628136,0.0010339206584046,1.0,0.0,5.0,2.0,0.0,0.0,1.0
2025-05-28 06:00:00+00:00,108761.109375,109038.46875,108699.890625,109038.46875,36802560,-0.0026510866876332,0.0026510866876332,0.0031923291517663,446871552.0,109450.4150390625,-0.0026510866876332,-0.0043243811546154,-0.001102764617766,0.0,0.0,6.0,2.0,0.0,0.0,1.0
2025-05-28 07:00:00+00:00,108853.1484375,109024.703125,108762.4921875,108762.4921875,0,0.0008462497581065,0.0008462497581065,0.0029706060336471,427462997.3333333,109424.05501302084,0.0008462497581065,0.0002036558120583,-0.0057782898622473,1.0,0.0,7.0,2.0,0.0,0.0,1.0
2025-05-28 08:00:00+00:00,109047.75,109129.15625,108711.7890625,108853.7578125,0,0.0017877439954043,0.0017877439954043,0.0029765025578351,417491797.3333333,109398.6083984375,0.0017877439954043,0.0031789117644458,-0.0055692803023934,1.0,0.0,8.0,2.0,0.0,0.0,1.0
2025-05-28 09:00:00+00:00,108793.3046875,109078.8359375,108594.390625,109078.8359375,228151296,-0.002333338491624,0.002333338491624,0.0029710707160109,426998101.3333333,109353.9814453125,-0.002333338491624,-0.0011609750842237,-0.0097488116915768,0.0,0.0,9.0,2.0,0.0,1.0,1.0
2025-05-28 10:00:00+00:00,108901.5234375,108918.8203125,108368.6875,108828.296875,0,0.0009947188414842,0.0009947188414842,0.0029780564152475,390071296.0,109319.76302083331,0.0009947188414842,-0.0009482802735485,-0.0074847018558278,1.0,0.0,10.0,2.0,0.0,1.0,1.0
2025-05-28 11:00:00+00:00,108902.1171875,108965.859375,108776.09375,108888.8046875,0,5.452173498232682e-06,5.452173498232682e-06,0.002969594272425,388689578.6666667,109291.93619791669,5.452173498232682e-06,-0.0013580326780374,-0.0060951354211118,1.0,0.0,11.0,2.0,0.0,1.0,1.0
2025-05-28 12:00:00+00:00,108914.5234375,109073.8671875,108837.609375,108901.375,0,0.0001139211093448,0.0001139211093448,0.0029672233937049,374926848.0,109262.69856770831,0.0001139211093448,0.001410559926996,-0.0064014530239271,1.0,0.0,12.0,2.0,0.0,1.0,1.0
2025-05-28 13:00:00+00:00,108085.828125,108976.046875,108085.828125,108912.4296875,0,-0.0076086759262693,0.0076086759262693,0.0032505494914304,254043648.0,109186.4482421875,-0.0076086759262693,-0.0070491329237074,-0.0166491734051913,0.0,1.0,13.0,2.0,0.0,1.0,1.0
2025-05-28 14:00:00+00:00,107550.1015625,108229.3125,107550.1015625,108100.6953125,0,-0.0049564921858251,0.0049564921858251,0.0032287095514971,170460330.66666666,109112.24967447916,-0.0049564921858251,-0.0137338774756929,-0.0162878578649342,0.0,1.0,14.0,2.0,0.0,1.0,1.0
2025-05-28 15:00:00+00:00,107127.671875,107688.4453125,107127.671875,107568.46875,194473984,-0.0039277479180669,0.0039277479180669,0.0028131926240645,178563413.33333334,108987.36295572916,-0.0039277479180669,-0.0153100672627272,-0.0272170944454147,0.0,1.0,15.0,2.0,0.0,1.0,1.0
2025-05-28 16:00:00+00:00,107386.703125,107456.078125,107139.46875,107139.46875,0,0.0024179676965465,0.0024179676965465,0.0028681265224026,178563413.33333334,108867.806640625,0.0024179676965465,-0.0139100011155434,-0.0260244353077264,1.0,0.0,16.0,2.0,0.0,1.0,1.0
2025-05-28 17:00:00+00:00,107716.046875,107840.7578125,107387.578125,107387.578125,121647104,0.0030668950662973,0.0030668950662973,0.0029668315032006,183632042.66666663,108757.96549479169,0.0030668950662973,-0.0108911593560473,-0.023888845703311,1.0,1.0,17.0,2.0,0.0,0.0,1.0
2025-05-28 18:00:00+00:00,107483.671875,107853.0859375,107452.3046875,107710.1328125,0,-0.0021572923138337,0.0021572923138337,0.0029099577705419,79969792.0,108656.75553385416,-0.0021572923138337,-0.0131373807398705,-0.0220997102317058,0.0,0.0,18.0,2.0,0.0,0.0,1.0
2025-05-28 19:00:00+00:00,107142.9921875,107794.46875,107043.40625,107489.8203125,0,-0.003169594800373,0.003169594800373,0.0029420568134206,64869888.0,108542.80338541669,-0.003169594800373,-0.0087230301497955,-0.0248899274791238,0.0,1.0,19.0,2.0,0.0,0.0,1.0
2025-05-28 20:00:00+00:00,107350.0,107408.0078125,106815.796875,106982.2421875,1022988288,0.0019320704814529,0.0019320704814529,0.0029918031096791,107494400.0,108447.60416666669,0.0019320704814529,-0.0018605427572164,-0.0208399307587435,1.0,0.0,20.0,2.0,0.0,0.0,1.0
2025-05-28 21:00:00+00:00,107441.1875,107569.3984375,107231.3359375,107343.8359375,0,0.0008494410805774,0.0008494410805774,0.0027275094386016,99032917.33333331,108387.3271484375,0.0008494410805774,0.00292656061233,-0.0132856753469722,1.0,0.0,21.0,2.0,0.0,0.0,0.0
2025-05-28 22:00:00+00:00,107460.859375,107521.484375,107191.828125,107521.484375,0,0.000183094355691,0.000183094355691,0.0026819160047578,74903210.66666667,108319.1845703125,0.000183094355691,0.0006905533724568,-0.014990628977099,1.0,0.0,22.0,2.0,0.0,0.0,0.0
2025-05-28 23:00:00+00:00,107772.6796875,108034.8984375,107436.765625,107436.765625,1288249344,0.0029017105792152,0.0029017105792152,0.0027757819191632,128580266.66666669,108268.03059895831,0.0029017105792152,0.0005257602199764,-0.0112632209980928,1.0,1.0,23.0,2.0,0.0,0.0,0.0
2025-05-29 00:00:00+00:00,108141.15625,108141.15625,107489.9765625,107796.3359375,0,0.003419016429474,0.003419016429474,0.0028396350543914,128580266.66666669,108222.51725260416,0.003419016429474,0.0061170628387596,-0.0099998676859378,1.0,1.0,0.0,3.0,0.0,0.0,0.0
2025-05-29 01:00:00+00:00,108237.421875,108287.3046875,107865.34375,108267.03125,668962816,0.000890184905897,0.000890184905897,0.0027631096713849,156453717.33333334,108197.78548177084,0.000890184905897,0.0102146642086002,-0.0054539844825326,1.0,0.0,1.0,3.0,0.0,0.0,0.0
2025-05-29 02:00:00+00:00,108425.1328125,108472.3515625,107973.9140625,108170.234375,0,0.0017342517425884,0.0017342517425884,0.0027831832939737,156453717.33333334,108186.2412109375,0.0017342517425884,0.0100152101769912,-0.0025488215689065,1.0,0.0,2.0,3.0,0.0,0.0,0.0
2025-05-29 03:00:00+00:00,108042.453125,108446.609375,108012.4765625,108446.609375,111083520,-0.003529437110875,0.003529437110875,0.0028299787614313,153014954.66666666,108149.68684895831,-0.003529437110875,0.0055962302631846,-0.0080545963847095,0.0,1.0,3.0,3.0,0.0,0.0,0.0
2025-05-29 04:00:00+00:00,107603.8515625,108109.96875,107192.5859375,108054.5,687099904,-0.0040595298404837,0.0040595298404837,0.0029182293799096,181644117.3333333,108091.31022135416,-0.0040595298404837,0.0013306443697886,-0.0128529926911249,0.0,1.0,4.0,3.0,0.0,0.0,1.0
2025-05-29 05:00:00+00:00,107692.265625,107752.6328125,107563.328125,107586.15625,310857728,0.0008216626190991,0.0008216626190991,0.0029251457048274,194596522.66666663,108034.72916666669,0.0008216626190991,-0.0007461451523073,-0.0124524776323291,1.0,0.0,5.0,3.0,0.0,0.0,1.0
2025-05-29 06:00:00+00:00,107855.1171875,107961.3125,107696.046875,107696.046875,897953792,0.0015121936710578,0.0015121936710578,0.0029165740629959,230477824.0,107996.9794921875,0.0015121936710578,-0.0026450527478986,-0.0083301116796833,1.0,0.0,6.0,3.0,0.0,0.0,1.0
2025-05-29 07:00:00+00:00,107865.296875,108013.046875,107789.890625,107920.2109375,205242368,9.438298122010912e-05,9.438298122010912e-05,0.0029072520385735,239029589.3333333,107955.81901041669,9.438298122010912e-05,-0.0034380438258198,-0.0090750848889519,1.0,0.0,7.0,3.0,0.0,0.0,1.0
2025-05-29 08:00:00+00:00,108488.7265625,108488.7265625,107772.328125,107876.078125,577310720,0.005779705851294,0.005779705851294,0.0031411945439129,263084202.66666663,107932.5263671875,0.005779705851294,0.00058652222368,-0.005126409646233,1.0,1.0,8.0,3.0,0.0,0.0,1.0
2025-05-29 09:00:00+00:00,108573.3203125,108593.484375,108369.1953125,108512.2890625,0,0.0007797469163883,0.0007797469163883,0.0031138318605545,253577898.66666663,107923.3603515625,0.0007797469163883,0.0049135054984896,-0.0020220396432656,1.0,0.0,9.0,3.0,0.0,1.0,1.0
2025-05-29 10:00:00+00:00,108843.71875,108843.71875,108440.703125,108564.3203125,0,0.0024904685305904,0.0024904685305904,0.0031510173581807,253577898.66666663,107920.95182291669,0.0024904685305904,0.0115225168011745,-0.0005307977857001,1.0,0.0,10.0,3.0,0.0,1.0,1.0
2025-05-29 11:00:00+00:00,108751.71875,108904.2578125,108728.6015625,108787.5390625,1171755008,-0.0008452485918026,0.0008452485918026,0.0031555311470847,302401024.0,107914.68522135416,-0.0008452485918026,0.0098377828607409,-0.0013810423652375,0.0,0.0,11.0,3.0,0.0,1.0,1.0
2025-05-29 12:00:00+00:00,108483.84375,108790.5390625,108411.3203125,108778.1484375,0,-0.0024631794612441,0.0024631794612441,0.0031932336794901,302401024.0,107896.740234375,-0.0024631794612441,0.0058293623788567,-0.0039542907034537,0.0,0.0,12.0,3.0,0.0,1.0,1.0
2025-05-29 13:00:00+00:00,107577.1171875,108578.0078125,107529.25,108468.5625,330301440,-0.0083581714212629,0.0083581714212629,0.0032719400647515,316163584.0,107875.5439453125,-0.0083581714212629,-0.0026716626741773,-0.0047065461432342,0.0,1.0,13.0,3.0,0.0,1.0,1.0
2025-05-29 14:00:00+00:00,107789.4609375,107789.4609375,106512.859375,107603.140625,872648704,0.0019738747007869,0.0019738747007869,0.0031361139509076,352523946.6666667,107885.51725260416,0.0019738747007869,-0.0064455141760481,0.0022255615896458,1.0,0.0,14.0,3.0,0.0,1.0,1.0
2025-05-29 15:00:00+00:00,107053.9296875,107744.453125,107053.9296875,107693.625,0,-0.0068237770520671,0.0068237770520671,0.0033463867021553,344420864.0,107882.44466145831,-0.0068237770520671,-0.0139941435025365,-0.0006883579770691,0.0,1.0,15.0,3.0,0.0,1.0,1.0
2025-05-29 16:00:00+00:00,106819.109375,107130.4921875,106702.9140625,107040.5703125,1412075520,-0.002193476812906,0.002193476812906,0.0033324796345993,403257344.0,107858.794921875,-0.002193476812906,-0.0186010676431431,-0.0052855123910389,0.0,0.0,16.0,3.0,0.0,1.0,1.0
2025-05-29 17:00:00+00:00,106313.7265625,106846.5546875,106183.7421875,106773.15625,0,-0.0047312022676185,0.0047312022676185,0.0033783775563074,398188714.6666667,107800.36490885416,-0.0047312022676185,-0.0224179646586045,-0.0130186759836009,0.0,1.0,17.0,3.0,0.0,0.0,1.0
2025-05-29 18:00:00+00:00,105939.453125,106545.015625,105939.453125,106325.8046875,390434816,-0.0035204620287669,0.0035204620287669,0.0034179708057726,414456832.0,107736.0224609375,-0.0035204620287669,-0.0234540972834952,-0.0143670077795245,0.0,1.0,18.0,3.0,0.0,0.0,1.0
2025-05-29 19:00:00+00:00,105747.8984375,106027.1796875,105661.8046875,105844.0703125,0,-0.001808152504563,0.001808152504563,0.003384555477847,414456832.0,107677.8935546875,-0.001808152504563,-0.0170037903768306,-0.0130208585882928,0.0,0.0,19.0,3.0,0.0,0.0,1.0
2025-05-29 20:00:00+00:00,106143.7890625,106192.2109375,105730.46875,105730.46875,2509725696,0.0037437209708142,0.0037437209708142,0.0034614270619248,476404224.0,107627.634765625,0.0037437209708142,-0.0152674654895456,-0.0112362453423381,1.0,1.0,20.0,3.0,0.0,0.0,1.0
2025-05-29 21:00:00+00:00,106444.9921875,106444.9921875,106154.75,106161.34375,0,0.0028376895874957,0.0028376895874957,0.0035175901568219,476404224.0,107586.12662760416,0.0028376895874957,-0.0056881377617574,-0.0092720057892137,1.0,0.0,21.0,3.0,0.0,0.0,0.0
2025-05-29 22:00:00+00:00,105961.0703125,106434.5,105961.0703125,106434.5,282030080,-0.0045462155152172,0.0045462155152172,0.0036156507791554,488155477.3333333,107523.63541666669,-0.0045462155152172,-0.0080326363655379,-0.0139566077474428,0.0,1.0,22.0,3.0,0.0,0.0,0.0
2025-05-29 23:00:00+00:00,105617.1640625,106062.1640625,105374.3984375,105948.2734375,0,-0.0032455905644002,0.0032455905644002,0.0035758613047202,434478421.3333333,107433.822265625,-0.0032455905644002,-0.0065519526266488,-0.0200005755749062,0.0,0.0,23.0,3.0,0.0,0.0,0.0
2025-05-30 00:00:00+00:00,104832.375,106150.4140625,104832.375,105593.25,0,-0.0074305068637858,0.0074305068637858,0.003698346249134,434478421.3333333,107295.95638020831,-0.0074305068637858,-0.0104501023211224,-0.0305968732417728,0.0,1.0,0.0,4.0,0.0,0.0,0.0
2025-05-30 01:00:00+00:00,105690.1484375,105897.3515625,105094.8125,105157.1875,162095104,0.0081823333440647,0.0081823333440647,0.0041562242567646,413358933.3333333,107189.81998697916,0.0081823333440647,-0.0005461101435896,-0.0235341288934409,1.0,1.0,1.0,4.0,0.0,0.0,0.0
2025-05-30 02:00:00+00:00,105998.984375,106143.578125,105676.4375,105676.4375,2361393152,0.0029220882179252,0.0029220882179252,0.0041968691624245,511750314.6666667,107088.73046875,0.0029220882179252,-0.00136423137688,-0.02237625515936,1.0,0.0,2.0,4.0,0.0,0.0,0.0
2025-05-30 03:00:00+00:00,105985.21875,106190.6328125,105951.9453125,105994.1015625,0,-0.0001298656310828,0.0001298656310828,0.0041626937733551,507121834.6666667,107003.01236979169,-0.0001298656310828,-0.0043193524472256,-0.0190409817205823,0.0,0.0,3.0,4.0,0.0,0.0,0.0
2025-05-30 04:00:00+00:00,106137.40625,106137.40625,105931.5703125,106034.640625,0,0.0014359313666085,0.0014359313666085,0.00412614881354,478492672.0,106941.91048177084,0.0014359313666085,0.0016641577607696,-0.0136281860844752,1.0,0.0,4.0,4.0,0.0,0.0,1.0
2025-05-30 05:00:00+00:00,106102.734375,106301.234375,106073.515625,106123.6796875,2026123264,-0.0003266697032178,0.0003266697032178,0.0041160346471307,549962069.3333334,106875.68001302084,-0.0003266697032178,0.0045974564533153,-0.0147599388013154,0.0,0.0,5.0,4.0,0.0,0.0,1.0
2025-05-30 06:00:00+00:00,105719.453125,106129.921875,105581.4765625,106105.5625,434126848,-0.0036123597780747,0.0036123597780747,0.0041339702006985,530635946.6666667,106786.69401041669,-0.0036123597780747,0.0084618718692579,-0.0198012307453828,0.0,0.0,6.0,4.0,0.0,0.0,1.0
2025-05-30 07:00:00+00:00,104966.640625,105830.6875,104814.046875,105732.125,986726400,-0.0071208512506197,0.0071208512506197,0.0043222865021458,563197781.3333334,106665.91666666669,-0.0071208512506197,-0.0068455558365295,-0.0268729270115403,0.0,1.0,7.0,4.0,0.0,0.0,1.0
2025-05-30 08:00:00+00:00,105268.59375,105369.578125,104918.328125,105030.484375,646381568,0.0028766579858332,0.0028766579858332,0.0041581474959225,566075733.3333334,106531.74446614584,0.0028766579858332,-0.0068905436151731,-0.0296817274433107,1.0,0.0,8.0,4.0,0.0,0.0,1.0
2025-05-30 09:00:00+00:00,105641.78125,105641.78125,104660.796875,105200.8359375,534155264,0.0035450981789144,0.0035450981789144,0.0042539436800929,588332202.6666666,106409.59700520831,0.0035450981789144,-0.0032404282790613,-0.0270005472252513,1.0,0.0,9.0,4.0,0.0,1.0,1.0
2025-05-30 10:00:00+00:00,105907.203125,105907.203125,105356.8359375,105652.078125,633749504,0.002512470651852,0.002512470651852,0.0042547603936007,614738432.0,106287.2421875,0.002512470651852,-0.0021689160601661,-0.0269791923569314,1.0,0.0,10.0,4.0,0.0,1.0,1.0
2025-05-30 11:00:00+00:00,105956.578125,105956.578125,105755.03125,105920.65625,643964928,0.0004662100267318,0.0004662100267318,0.0042669837563579,592747178.6666666,106170.77799479169,0.0004662100267318,-0.0013774974873261,-0.0257020363183915,1.0,0.0,11.0,4.0,0.0,1.0,1.0
2025-05-30 12:00:00+00:00,105738.0546875,105969.9140625,105310.4453125,105899.8515625,0,-0.0020623866999762,0.0020623866999762,0.0042620985695341,592747178.6666666,106056.3701171875,-0.0020623866999762,0.000175952125651,-0.0253105805213507,0.0,0.0,12.0,4.0,0.0,1.0,1.0
2025-05-30 13:00:00+00:00,105535.015625,105956.71875,105439.25,105704.359375,0,-0.0019202080376838,0.0019202080376838,0.0039756960472621,578984618.6666666,105971.28255208331,-0.0019202080376838,0.0054148155701252,-0.0189826760178072,0.0,0.0,13.0,4.0,0.0,1.0,1.0
2025-05-30 14:00:00+00:00,105411.6015625,105825.4140625,105120.1328125,105673.5390625,0,-0.0011694134100337,0.0011694134100337,0.0039322016886515,542624256.0,105872.205078125,-0.0011694134100337,0.001358504064751,-0.0220602214197802,0.0,0.0,14.0,4.0,0.0,1.0,1.0
2025-05-30 15:00:00+00:00,105571.359375,105797.3203125,105389.4453125,105403.0390625,1609388032,0.0015155619507902,0.0015155619507902,0.0037523185892765,609682090.6666666,105810.43131510416,0.0015155619507902,-0.0006666100681637,-0.0138488172907594,1.0,0.0,15.0,4.0,0.0,1.0,1.0
2025-05-30 16:00:00+00:00,103865.6171875,105543.328125,103726.5859375,105543.328125,123764736,-0.0161572437600338,0.0161572437600338,0.0049163601065636,556002474.6666666,105687.369140625,-0.0161572437600338,-0.0192771206986777,-0.027649474001243,0.0,1.0,16.0,4.0,0.0,1.0,1.0
2025-05-30 17:00:00+00:00,104148.859375,104257.71875,103867.3046875,103867.3046875,489631744,0.0027270062525954,0.0027270062525954,0.0049162609203023,576403797.3333334,105597.16634114584,0.0027270062525954,-0.0170609393205146,-0.0203630072757097,1.0,0.0,17.0,4.0,0.0,0.0,1.0
2025-05-30 18:00:00+00:00,104884.765625,104898.390625,104127.125,104178.046875,0,0.0070659079169583,0.0070659079169583,0.0051358102328374,560135680.0,105553.22102864584,0.0070659079169583,-0.0080698388581275,-0.0099555686657694,1.0,1.0,18.0,4.0,0.0,0.0,1.0
2025-05-30 19:00:00+00:00,104706.25,104964.078125,104512.4140625,104907.53125,0,-0.0017020167222211,0.0017020167222211,0.0051345942375486,560135680.0,105509.81901041669,-0.0017020167222211,-0.0078529919201876,-0.0098502991822163,0.0,0.0,19.0,4.0,0.0,0.0,1.0
2025-05-30 20:00:00+00:00,104558.390625,104803.2265625,104425.8125,104624.25,0,-0.0014121351399749,0.0014121351399749,0.0050610312842178,455563776.0,105443.7607421875,-0.0014121351399749,-0.0080940895010889,-0.0149363278954219,0.0,0.0,20.0,4.0,0.0,0.0,1.0
2025-05-30 21:00:00+00:00,104652.125,104885.6328125,104602.984375,104602.984375,0,0.0008964787468486,0.0008964787468486,0.0050187960422212,455563776.0,105369.05794270831,0.0008964787468486,-0.0087072325339184,-0.0168431332527312,1.0,0.0,21.0,4.0,0.0,0.0,0.0
2025-05-30 22:00:00+00:00,104061.65625,104695.1015625,104052.125,104651.3828125,0,-0.0056422050675034,0.0056422050675034,0.0050601738031784,443812522.6666667,105289.91569010416,-0.0056422050675034,0.0018874298137188,-0.0179255839611496,0.0,1.0,22.0,4.0,0.0,0.0,0.0
2025-05-30 23:00:00+00:00,103999.2734375,104232.40625,103709.8671875,104060.09375,255565824,-0.0005994793351177,0.0005994793351177,0.0050319800749883,454461098.6666667,105222.50358072916,-0.0005994793351177,-0.0014362705304471,-0.0153184441123849,0.0,0.0,23.0,4.0,0.0,0.0,0.0
2025-05-31 00:00:00+00:00,103969.015625,104294.1171875,103677.171875,104007.5859375,350343168,-0.000290942537384,0.000290942537384,0.0048190508485643,469058730.6666667,105186.5302734375,-0.000290942537384,-0.0087310105957058,-0.0082356178136763,0.0,0.0,0.0,5.0,1.0,0.0,0.0
2025-05-31 01:00:00+00:00,103458.609375,104200.1796875,103411.59375,103989.1328125,0,-0.0049092149899827,0.0049092149899827,0.0045464542333857,462304768.0,105093.54947916669,-0.0049092149899827,-0.0119156270518713,-0.0211139741545506,0.0,1.0,1.0,5.0,1.0,0.0,0.0
2025-05-31 02:00:00+00:00,103251.9140625,103852.3828125,103210.625,103517.0078125,154894336,-0.0019978551205033,0.0019978551205033,0.0044780258676936,370367317.3333333,104979.08821614584,-0.0019978551205033,-0.0124951862274323,-0.0259160059758827,0.0,0.0,2.0,5.0,1.0,0.0,0.0
2025-05-31 03:00:00+00:00,103673.4296875,103686.8125,103185.2109375,103220.765625,452493312,0.0040824001068382,0.0040824001068382,0.0045979811624001,389221205.3333333,104882.763671875,0.0040824001068382,-0.0093518914451091,-0.0218123724210362,1.0,0.0,3.0,5.0,1.0,0.0,0.0
2025-05-31 04:00:00+00:00,103849.375,103849.375,103528.3359375,103673.4296875,0,0.0016971109476202,0.0016971109476202,0.0046040757567476,389221205.3333333,104787.42903645831,0.0016971109476202,-0.0020399564801276,-0.0215572561158191,1.0,0.0,4.0,5.0,1.0,0.0,0.0
2025-05-31 05:00:00+00:00,103587.921875,103900.40625,103587.921875,103839.0234375,0,-0.002517618666458,0.002517618666458,0.004613977297369,304799402.6666667,104682.64518229169,-0.002517618666458,-0.0039553311182236,-0.0237016747477202,0.0,0.0,5.0,5.0,1.0,0.0,0.0
2025-05-31 06:00:00+00:00,103899.9765625,103925.6171875,103573.1953125,103574.046875,0,0.0030124620887419,0.0030124620887419,0.0046482312904514,286710784.0,104606.83365885416,0.0030124620887419,-0.0006640349731598,-0.017210423519205,1.0,0.0,6.0,5.0,1.0,0.0,0.0
2025-05-31 07:00:00+00:00,103804.96875,103895.6484375,103696.0234375,103895.6484375,0,-0.0009144161109877,0.0009144161109877,0.0044443918321414,245597184.0,104558.4306640625,-0.0009144161109877,0.0033478062105452,-0.0110670577631435,0.0,0.0,7.0,5.0,1.0,0.0,0.0
2025-05-31 08:00:00+00:00,103751.875,103837.5,103573.3046875,103802.546875,0,-0.0005114759981081,0.0005114759981081,0.0043874397894606,218664618.66666663,104495.23404947916,-0.0005114759981081,0.0048421469184325,-0.0144080840825329,0.0,0.0,8.0,5.0,1.0,0.0,0.0
2025-05-31 09:00:00+00:00,103590.3359375,103753.3203125,103540.5546875,103721.5234375,0,-0.001556974873948,0.001556974873948,0.0043008557430207,196408149.3333333,104409.75716145831,-0.001556974873948,-0.0008014951395981,-0.0194188822663381,0.0,0.0,9.0,5.0,1.0,0.0,0.0
2025-05-31 10:00:00+00:00,103414.59375,103597.8125,103353.03125,103570.296875,0,-0.0016965114159493,0.0016965114159493,0.0042450302078138,170001920.0,104305.8984375,-0.0016965114159493,-0.0041866525436479,-0.0235357870045725,0.0,0.0,10.0,5.0,1.0,0.0,0.0
2025-05-31 11:00:00+00:00,103510.40625,103535.3671875,103364.609375,103428.390625,0,0.0009264891590796,0.0009264891590796,0.0042528955646138,143170048.0,104203.974609375,0.0009264891590796,-0.0007483075593845,-0.0230865503424825,1.0,0.0,11.0,5.0,1.0,0.0,0.0
2025-05-31 12:00:00+00:00,104023.484375,104023.484375,103521.21875,103521.21875,0,0.0049567781983272,0.0049567781983272,0.0044124353599356,143170048.0,104132.5341796875,0.0049567781983272,0.0011887183865311,-0.0162152624952981,1.0,1.0,12.0,5.0,1.0,0.0,0.0
2025-05-31 13:00:00+00:00,104120.046875,104218.078125,104045.7578125,104045.7578125,0,0.0009282759617232,0.0009282759617232,0.0044156971342022,143170048.0,104073.5771484375,0.0009282759617232,0.003035289435507,-0.0134075760696131,1.0,0.0,13.0,5.0,1.0,0.0,0.0
2025-05-31 14:00:00+00:00,104554.296875,104554.296875,104146.765625,104146.765625,0,0.0041706665818286,0.0041706665818286,0.0045166663408264,143170048.0,104037.85611979169,0.0041706665818286,0.0077340469750546,-0.0081329253591854,1.0,0.0,14.0,5.0,1.0,0.0,0.0
2025-05-31 15:00:00+00:00,104596.9140625,104880.7109375,104515.421875,104591.1640625,0,0.0004076081880302,0.0004076081880302,0.0045026191083391,76112213.33333333,103997.25423177084,0.0004076081880302,0.0097169114849411,-0.0092302052210834,1.0,0.0,15.0,5.0,1.0,0.0,0.0
2025-05-31 16:00:00+00:00,104571.5859375,104818.84375,104482.3984375,104596.890625,0,-0.0002421498303942,0.0002421498303942,0.0029980133396163,70955349.33333333,104026.66959635416,-0.0002421498303942,0.011187900522986,0.0067969436769972,0.0,0.0,16.0,5.0,1.0,0.0,0.0
2025-05-31 17:00:00+00:00,104391.71875,104639.3046875,104341.8671875,104541.59375,0,-0.0017200388220898,0.0017200388220898,0.0029779834229134,50554026.66666666,104036.78873697916,-0.0017200388220898,0.0085142405669962,0.0023318486295231,0.0,0.0,17.0,5.0,1.0,0.0,0.0
2025-05-31 18:00:00+00:00,104528.7578125,104651.4765625,104393.28125,104397.65625,0,0.0013127388277627,0.0013127388277627,0.0026006314570443,50554026.66666666,104021.955078125,0.0013127388277627,0.0048573016039197,-0.0033942757118117,1.0,0.0,18.0,5.0,1.0,0.0,0.0
2025-05-31 19:00:00+00:00,104736.578125,104778.8203125,104532.1171875,104532.1171875,0,0.0019881639928485,0.0019881639928485,0.0026132242825519,50554026.66666666,104023.21875,0.0019881639928485,0.0059213501002373,0.0002896496149942,1.0,0.0,19.0,5.0,1.0,0.0,0.0
2025-05-31 20:00:00+00:00,104817.984375,104839.0546875,104601.59375,104747.296875,0,0.0007772475620011,0.0007772475620011,0.0025994041156792,50554026.66666666,104034.03515625,0.0007772475620011,0.0025220149518603,0.0024827634439308,1.0,0.0,20.0,5.0,1.0,0.0,0.0
2025-05-31 21:00:00+00:00,104842.921875,104927.1015625,104713.125,104825.0859375,28516352,0.0002379124169262,0.0002379124169262,0.0025941737090694,51742208.0,104041.98502604169,0.0002379124169262,0.0023519605210629,0.0018231533760064,1.0,0.0,21.0,5.0,1.0,0.0,0.0
2025-05-31 22:00:00+00:00,104691.8828125,104913.21875,104689.625,104863.421875,0,-0.0014406224073006,0.0014406224073006,0.0023183992493124,51742208.0,104068.24446614584,-0.0014406224073006,0.0011503782210198,0.0060562803362069,0.0,0.0,22.0,5.0,1.0,0.0,0.0
2025-05-31 23:00:00+00:00,104654.40625,104864.859375,104554.125,104681.6171875,0,-0.0003579700879686,0.0003579700879686,0.0023150545613245,41093632.0,104095.54166666669,-0.0003579700879686,0.0025163633968809,0.0062993979750609,0.0,0.0,23.0,5.0,1.0,0.0,0.0
2025-06-01 00:00:00+00:00,104459.8203125,104674.0,104402.578125,104674.0,0,-0.0018593191101305,0.0018593191101305,0.0023532291292018,26496000.0,104115.99186197916,-0.0018593191101305,-0.0006595075024583,0.0047206822585514,0.0,0.0,0.0,6.0,1.0,0.0,0.0
2025-06-01 01:00:00+00:00,104115.1796875,104529.5390625,104076.3984375,104475.921875,0,-0.0032992649611015,0.0032992649611015,0.0022204887726504,26496000.0,104143.34895833331,-0.0032992649611015,-0.0059329648593099,0.006346212427041,0.0,1.0,1.0,6.0,1.0,0.0,0.0
2025-06-01 02:00:00+00:00,104264.4921875,104330.4921875,103992.984375,104159.0390625,115621888,0.0014341088441489,0.0014341088441489,0.0021784706986542,24859648.0,104185.53971354169,0.0014341088441489,-0.0052805078326998,0.0098068702570208,1.0,0.0,2.0,6.0,1.0,0.0,0.0
2025-06-01 03:00:00+00:00,104448.6640625,104482.0859375,104043.8125,104240.390625,0,0.0017663911379226,0.0017663911379226,0.0020565585964212,6005760.0,104217.84114583331,0.0017663911379226,-0.0037604618933652,0.0074776572679882,1.0,0.0,3.0,6.0,1.0,0.0,0.0
2025-06-01 04:00:00+00:00,104699.765625,104737.265625,104433.015625,104442.609375,1664417792,0.0024040667705405,0.0024040667705405,0.0020821567903513,75356501.33333333,104253.27408854169,0.0024040667705405,7.52953551721447e-05,0.0081886927581413,1.0,1.0,4.0,6.0,1.0,0.0,0.0
2025-06-01 05:00:00+00:00,104577.6640625,104731.5,104516.9296875,104655.28125,0,-0.0011662066459378,0.0011662066459378,0.0020187706570019,75356501.33333333,104294.51334635416,-0.0011662066459378,-0.0007332915091666,0.0095546099350687,0.0,0.0,5.0,6.0,1.0,0.0,0.0
2025-06-01 06:00:00+00:00,104298.453125,104577.96875,104286.4140625,104577.96875,0,-0.0026698907458205,0.0026698907458205,0.0020320153546256,75356501.33333333,104311.11653645831,-0.0026698907458205,-0.001544777571101,0.0038351939594547,0.0,1.0,6.0,6.0,1.0,0.0,0.0
2025-06-01 07:00:00+00:00,104314.8515625,104397.546875,104262.234375,104303.296875,0,0.0001572260854181,0.0001572260854181,0.0020190785074475,75356501.33333333,104332.36165364584,0.0001572260854181,0.0019177979195665,0.0049119306969589,1.0,0.0,7.0,6.0,1.0,0.0,0.0
2025-06-01 08:00:00+00:00,104344.25,104387.875,104277.125,104327.171875,0,0.0002818240841035,0.0002818240841035,0.0020133050404512,75356501.33333333,104357.0439453125,0.0002818240841035,0.0007649566101235,0.0057095353698426,1.0,0.0,8.0,6.0,1.0,0.0,0.0
2025-06-01 09:00:00+00:00,103858.09375,104484.0078125,103836.921875,104416.0234375,274432000,-0.0046591570690287,0.0046591570690287,0.0022223640718873,86791168.0,104368.20052083331,-0.0046591570690287,-0.0056541681772647,0.0025847759839445,0.0,1.0,9.0,6.0,1.0,0.0,0.0
2025-06-01 10:00:00+00:00,103929.5,104057.4765625,103842.2421875,103946.3046875,50794496,0.0006875366899365,0.0006875366899365,0.0021911711873142,88907605.33333333,104389.65494791669,0.0006875366899365,-0.0073568992289709,0.004979048230318,1.0,0.0,10.0,6.0,1.0,0.0,0.0
2025-06-01 11:00:00+00:00,104125.9453125,104180.6171875,103906.265625,103941.328125,21266432,0.0018901785585421,0.0018901785585421,0.0022136010081349,89793706.66666667,104415.30240885416,0.0018901785585421,-0.0043194572574315,0.0059466394230289,1.0,0.0,11.0,6.0,1.0,0.0,0.0
2025-06-01 12:00:00+00:00,103990.0078125,104225.1953125,103843.171875,104119.859375,0,-0.0013055103566361,0.0013055103566361,0.0019926524362877,89793706.66666667,104413.90755208331,-0.0013055103566361,-0.0029573335294851,-0.000321817354044,0.0,0.0,12.0,6.0,1.0,0.0,0.0
2025-06-01 13:00:00+00:00,104295.1953125,104420.171875,103998.9765625,103998.9765625,0,0.0029347771619583,0.0029347771619583,0.0020742197584974,89793706.66666667,104421.20540364584,0.0029347771619583,-0.0001884319414309,0.0016821778587006,1.0,1.0,13.0,6.0,1.0,0.0,0.0
2025-06-01 14:00:00+00:00,104657.4765625,104799.875,104308.7578125,104308.7578125,0,0.0034736139945323,0.0034736139945323,0.0020184659958197,89793706.66666667,104425.50455729169,0.0034736139945323,0.0030018574334473,0.0009868526744851,1.0,1.0,14.0,6.0,1.0,0.0,0.0
2025-06-01 15:00:00+00:00,104745.3515625,104820.8359375,104581.7265625,104658.9296875,0,0.0008396437873936,0.0008396437873936,0.0020237781482669,89793706.66666667,104431.689453125,0.0008396437873936,0.0085429818752089,0.0014191384261232,1.0,0.0,15.0,6.0,1.0,0.0,0.0
2025-06-01 16:00:00+00:00,105229.2421875,105278.71875,104736.0625,104751.046875,901898240,0.0046196859123746,0.0046196859123746,0.0022253958222493,127372800.0,104459.091796875,0.0046196859123746,0.012505998657744,0.0062890530358128,1.0,1.0,16.0,6.0,1.0,0.0,0.0
2025-06-01 17:00:00+00:00,105116.3125,105217.5390625,105066.65625,105093.8203125,0,-0.0010731778083014,0.0010731778083014,0.0022041420369735,127372800.0,104489.283203125,-0.0010731778083014,0.0095112431827411,0.0069411037453581,0.0,0.0,17.0,6.0,1.0,0.0,0.0
2025-06-01 18:00:00+00:00,104870.0234375,105118.2421875,104444.625,105113.453125,302485504,-0.0023430146724372,0.0023430146724372,0.0022561389560528,139976362.66666666,104503.50260416669,-0.0023430146724372,0.0084625017683113,0.0032648013058009,0.0,1.0,18.0,6.0,1.0,0.0,0.0
2025-06-01 19:00:00+00:00,105155.9765625,105175.4453125,104881.828125,104923.71875,1301114880,0.0027267384484797,0.0027267384484797,0.0022872909323064,194189482.66666663,104520.9775390625,0.0027267384484797,0.0082533164391787,0.0040043167822367,1.0,1.0,19.0,6.0,1.0,0.0,0.0
2025-06-01 20:00:00+00:00,104994.3046875,105318.3828125,104977.0234375,105146.984375,0,-0.0015374482771686,0.0015374482771686,0.0023092254637069,194189482.66666663,104528.32421875,-0.0015374482771686,0.0032183856907619,0.0016821570606546,0.0,0.0,20.0,6.0,1.0,0.0,0.0
2025-06-01 21:00:00+00:00,105497.5390625,105498.859375,104989.328125,104989.421875,1491116032,0.0047929683090697,0.0047929683090697,0.0025025043431495,255131136.0,104555.59993489584,0.0047929683090697,0.0071811062618007,0.0062437900031102,1.0,1.0,21.0,6.0,1.0,0.0,0.0
2025-06-01 22:00:00+00:00,105536.9453125,105764.078125,105499.140625,105512.1484375,1274052608,0.0003735276704099,0.0003735276704099,0.0024760868562129,308216661.3333333,104590.81087239584,0.0003735276704099,0.0029241218372715,0.0080719008704188,1.0,0.0,22.0,6.0,1.0,0.0,0.0
2025-06-01 23:00:00+00:00,105669.28125,105864.7890625,105535.5625,105541.3359375,0,0.0012539299589175,0.0012539299589175,0.0024782490763244,308216661.3333333,104633.09733072916,0.0012539299589175,0.0052605417451263,0.0096973938925768,1.0,0.0,23.0,6.0,1.0,0.0,0.0
2025-06-02 00:00:00+00:00,105486.0234375,105723.5,105486.0234375,105660.390625,255758336,-0.0017342581527212,0.0017342581527212,0.0024734074738996,318873258.6666667,104675.85579427084,-0.0017342581527212,0.0058739378500007,0.0098239028358466,0.0,0.0,0.0,0.0,0.0,0.0,0.0
2025-06-02 01:00:00+00:00,105459.078125,105674.3359375,105417.2578125,105479.40625,0,-0.0002554396461438,0.0002554396461438,0.0023498764888638,318873258.6666667,104731.8515625,-0.0002554396461438,0.0028823997684985,0.012907805005319,0.0,0.0,1.0,0.0,0.0,0.0,0.0
2025-06-02 02:00:00+00:00,105070.34375,105456.8828125,105070.34375,105437.2890625,0,-0.0036861158082496,0.0036861158082496,0.0024929766085578,314055680.0,104765.4287109375,-0.0036861158082496,0.0007242208301327,0.0077289165812157,0.0,1.0,2.0,0.0,0.0,0.0,0.0
2025-06-02 03:00:00+00:00,104907.140625,105079.2421875,104625.3046875,105079.2421875,1224933376,-0.0015532748744814,0.0015532748744814,0.0025015369350892,365094570.6666667,104784.53190104169,-0.0015532748744814,-0.0055963242625994,0.004389491877327,0.0,0.0,3.0,0.0,0.0,0.0,0.0
2025-06-02 04:00:00+00:00,104771.9453125,105015.640625,104758.8671875,104891.8515625,0,-0.001288714111304,0.001288714111304,0.0024725444242889,295743829.3333333,104787.53938802084,-0.001288714111304,-0.0072486464122568,0.0006893968393255,0.0,0.0,4.0,0.0,0.0,0.0,1.0
2025-06-02 05:00:00+00:00,104845.4375,104950.8671875,104676.4609375,104781.6953125,964550656,0.000701449107209,0.000701449107209,0.0024625755527755,335933440.0,104798.69661458331,0.000701449107209,-0.0077964356363027,0.002560522267355,1.0,0.0,5.0,0.0,0.0,0.0,1.0
2025-06-02 06:00:00+00:00,105193.90625,105246.546875,104796.8125,104852.5625,345231360,0.0033236424808662,0.0033236424808662,0.0024723495525204,350318080.0,104836.00716145831,0.0033236424808662,-0.002769250162066,0.0085854880697684,1.0,1.0,6.0,0.0,0.0,0.0,1.0
2025-06-02 07:00:00+00:00,105392.6640625,105466.640625,105209.7265625,105209.7265625,536174592,0.0018894422651027,0.0018894422651027,0.0024914081186177,372658688.0,104880.916015625,0.0018894422651027,-0.0006297614551615,0.0103323015261564,1.0,0.0,7.0,0.0,0.0,0.0,1.0
2025-06-02 08:00:00+00:00,105398.4609375,105919.015625,105327.0546875,105420.3671875,0,5.500264227653595e-05,5.500264227653595e-05,0.0024924300665356,372658688.0,104924.84147135416,5.500264227653595e-05,0.0031228334826876,0.0101032010628281,1.0,0.0,8.0,0.0,0.0,0.0,1.0
2025-06-02 09:00:00+00:00,104618.125,105366.3359375,104575.84375,105366.3359375,1133068288,-0.0074036748787321,0.0074036748787321,0.0027818472536438,408435200.0,104956.50944010416,-0.0074036748787321,-0.0027549661851247,0.0073179780463668,0.0,1.0,9.0,0.0,0.0,1.0,1.0
2025-06-02 10:00:00+00:00,104412.7734375,104669.0546875,104344.5390625,104660.2421875,388603904,-0.0019628679303896,0.0019628679303896,0.0028184738975929,422510592.0,104976.64583333331,-0.0019628679303896,-0.0034281302492638,0.0046500121476578,0.0,0.0,10.0,0.0,0.0,1.0,1.0
2025-06-02 11:00:00+00:00,104065.5234375,104507.8359375,104062.375,104423.5625,654274560,-0.0033257425175844,0.0033257425175844,0.0028826159730414,448885930.6666667,104974.12825520831,-0.0033257425175844,-0.0074387029240066,-0.0005802768447255,0.0,1.0,11.0,0.0,0.0,1.0,1.0
2025-06-02 12:00:00+00:00,104172.65625,104285.75,103926.6171875,104076.3671875,437628928,0.0010294745940939,0.0010294745940939,0.0028767474522865,467120469.3333333,104981.73860677084,0.0010294745940939,-0.0097082619745381,0.0017564037289941,1.0,0.0,12.0,0.0,0.0,1.0,1.0
2025-06-02 13:00:00+00:00,103806.984375,104510.8671875,103806.984375,104234.59375,0,-0.0035102481607307,0.0035102481607307,0.0028991183399715,467120469.3333333,104961.396484375,-0.0035102481607307,-0.0150454464891376,-0.0046810491704547,0.0,1.0,13.0,0.0,0.0,1.0,1.0
2025-06-02 14:00:00+00:00,104160.8203125,104674.40625,103737.8515625,103823.296875,3404406784,0.0034085947070938,0.0034085947070938,0.0028955727508905,608970752.0,104940.70247395831,0.0034085947070938,-0.0117424923854808,-0.0047455400828759,1.0,1.0,14.0,0.0,0.0,1.0,1.0
2025-06-02 15:00:00+00:00,104426.8359375,104541.453125,103976.75,104201.9609375,0,0.0025538933372635,0.0025538933372635,0.0029429389637526,608970752.0,104927.43098958331,0.0025538933372635,-0.0018284504955522,-0.0030408568996014,1.0,0.0,15.0,0.0,0.0,1.0,1.0
2025-06-02 16:00:00+00:00,104359.640625,104466.234375,104106.3671875,104466.234375,187043840,-0.0006434678585897,0.0006434678585897,0.0027648954438956,579185152.0,104891.19759114584,-0.0006434678585897,-0.0005088727245791,-0.008263877458611,0.0,0.0,16.0,0.0,0.0,1.0,1.0
2025-06-02 17:00:00+00:00,104441.578125,104529.4375,104165.7890625,104351.6796875,0,0.0007851454787433,0.0007851454787433,0.0027695466859485,579185152.0,104863.08365885416,0.0007851454787433,0.0036136337480285,-0.0064189311720765,1.0,0.0,17.0,0.0,0.0,0.0,1.0
2025-06-02 18:00:00+00:00,104347.75,104733.4375,104271.3671875,104446.0,60813312,-0.0008983790429487,0.0008983790429487,0.0027379289346124,569115477.3333334,104841.322265625,-0.0008983790429487,0.0016808033538071,-0.0049801975853591,0.0,0.0,18.0,0.0,0.0,0.0,1.0
2025-06-02 19:00:00+00:00,104489.3515625,104545.4296875,104120.7421875,104376.7578125,912687104,0.001357015963449,0.001357015963449,0.0026879935213033,552930986.6666666,104813.54622395831,0.001357015963449,0.0065734226999116,-0.0063393924129817,1.0,0.0,19.0,0.0,0.0,0.0,1.0
2025-06-02 20:00:00+00:00,104902.9921875,104992.203125,104473.9609375,104473.9609375,493817856,0.0039586868787542,0.0039586868787542,0.0028060895721113,573506730.6666666,104809.74153645831,0.0039586868787542,0.0071252499046507,-0.0008696900300618,1.0,1.0,20.0,0.0,0.0,0.0,1.0
2025-06-02 21:00:00+00:00,104935.859375,105097.5703125,104640.7734375,104908.9765625,0,0.0003133102956802,0.0003133102956802,0.0026135409227298,511376896.0,104786.33821614584,0.0003133102956802,0.004874450450693,-0.005324102272824,1.0,0.0,21.0,0.0,0.0,0.0,0.0
2025-06-02 22:00:00+00:00,105714.2734375,105795.421875,104963.4765625,104963.4765625,910000128,0.0074179986435165,0.0074179986435165,0.0030432425579736,496208042.6666667,104793.72688802084,0.0074179986435165,0.0129804281079086,0.0016802468981351,1.0,1.0,22.0,0.0,0.0,0.0,0.0
2025-06-02 23:00:00+00:00,105885.8046875,105951.734375,105641.2109375,105740.0703125,444559360,0.00162259309384,0.00162259309384,0.0030503772759158,514731349.3333333,104802.74869791669,0.00162259309384,0.0138280806210289,0.0020490670035668,1.0,0.0,23.0,0.0,0.0,0.0,0.0
2025-06-03 00:00:00+00:00,106297.7890625,106390.0703125,105803.65625,105880.5625,1485455360,0.0038908367010657,0.0038908367010657,0.003119456853777,565968725.3333334,104836.572265625,0.0038908367010657,0.0186878879755432,0.0076954803920632,1.0,1.0,0.0,1.0,0.0,0.0,0.0
2025-06-03 01:00:00+00:00,106477.078125,106477.078125,106208.0859375,106326.5546875,523661312,0.0016866678421183,0.0016866678421183,0.0031289441098544,587787946.6666666,104878.98893229169,0.0016866678421183,0.0190232452663949,0.0096530333670599,1.0,0.0,1.0,1.0,0.0,0.0,0.0
2025-06-03 02:00:00+00:00,105749.8671875,106502.6328125,105679.390625,106500.7109375,0,-0.0068297416712194,0.0068297416712194,0.0033645823016748,587787946.6666666,104907.30240885416,-0.0068297416712194,0.0080729346450512,0.0064673190668989,0.0,1.0,2.0,1.0,0.0,0.0,0.0
2025-06-03 03:00:00+00:00,105528.21875,105740.0625,105473.7734375,105691.1953125,0,-0.0020959689444054,0.0020959689444054,0.0033791891591563,536749056.0,104933.1806640625,-0.0020959689444054,0.005644966158643,0.0059202654967034,0.0,0.0,3.0,1.0,0.0,0.0,0.0
2025-06-03 04:00:00+00:00,105210.4140625,105554.5546875,105173.0546875,105538.4609375,940662784,-0.0030115611849081,0.0030115611849081,0.0034312288861169,575943338.6666666,104951.4501953125,-0.0030115611849081,-0.0047662378845926,0.0041849824272346,0.0,0.0,4.0,1.0,0.0,0.0,1.0
2025-06-03 05:00:00+00:00,105485.1015625,105485.1015625,105212.6171875,105212.6171875,320806912,0.0026108394539425,0.0026108394539425,0.0034658147247282,549120682.6666666,104978.10286458331,0.0026108394539425,-0.0037842950354166,0.0061010195364963,1.0,0.0,5.0,1.0,0.0,0.0,1.0
2025-06-03 06:00:00+00:00,105365.5234375,105492.1953125,105266.7578125,105491.5625,0,-0.0011336020274782,0.0011336020274782,0.0034134937046976,534736042.6666667,104985.25358072916,-0.0011336020274782,-0.0087703199965133,0.0016314365880865,0.0,0.0,6.0,1.0,0.0,0.0,1.0
2025-06-03 07:00:00+00:00,105230.40625,105470.1953125,105228.234375,105462.046875,0,-0.0012823662151704,0.0012823662151704,0.0034015099815948,512395434.6666667,104978.49283854169,-0.0012823662151704,-0.0117083591788315,-0.001539555090891,0.0,0.0,7.0,1.0,0.0,0.0,1.0
2025-06-03 08:00:00+00:00,105120.796875,105281.359375,104924.265625,105245.5859375,0,-0.0010416131506667,0.0010416131506667,0.0034072774408309,512395434.6666667,104966.92350260416,-0.0010416131506667,-0.0059486629083385,-0.0026344223628146,0.0,0.0,8.0,1.0,0.0,0.0,1.0
2025-06-03 09:00:00+00:00,105238.96875,105306.6484375,105100.71875,105144.6796875,711680000,0.0011241531505941,0.0011241531505941,0.0030375774596631,494837589.3333333,104992.7919921875,0.0011241531505941,-0.0027409730158076,0.0059343803953664,1.0,0.0,9.0,1.0,0.0,1.0,1.0
2025-06-03 10:00:00+00:00,105320.375,105380.1484375,105195.453125,105230.2109375,0,0.0007735371314154,0.0007735371314154,0.0030020144244313,478645760.0,105030.60872395831,0.0007735371314154,0.0010451525971058,0.0086924380286026,1.0,0.0,10.0,1.0,0.0,1.0,1.0
2025-06-03 11:00:00+00:00,105319.84375,105399.53125,105260.8828125,105335.7734375,0,-5.044133198350842e-06,5.044133198350842e-06,0.00289927997577,451384320.0,105082.8720703125,-5.044133198350842e-06,-0.0015666460007348,0.0120531783348336,0.0,0.0,11.0,1.0,0.0,1.0,1.0
2025-06-03 12:00:00+00:00,105392.4765625,105449.1875,105293.3203125,105338.015625,0,0.0006896403366529,0.0006896403366529,0.0028974280631882,433149781.3333333,105133.69791666669,0.0006896403366529,0.0002558059232342,0.0117096016979023,1.0,0.0,12.0,1.0,0.0,1.0,1.0
2025-06-03 13:00:00+00:00,105571.84375,105664.4453125,105213.4140625,105378.609375,1825193984,0.0017018974536919,0.0017018974536919,0.0027774723963665,509199530.6666667,105207.23372395831,0.0017018974536919,0.0032446657973441,0.0170013548281537,1.0,0.0,13.0,1.0,0.0,1.0,1.0
2025-06-03 14:00:00+00:00,106613.21875,106704.9921875,105254.4765625,105518.546875,0,0.009864135767734,0.009864135767734,0.0033117462567508,367349248.0,105309.4169921875,0.009864135767734,0.0141972085388075,0.023544346426443,1.0,1.0,14.0,1.0,0.0,1.0,1.0
2025-06-03 15:00:00+00:00,106691.7109375,106791.046875,106463.4921875,106620.5703125,1043812352,0.0007362331652707,0.0007362331652707,0.0032948180814173,410841429.3333333,105403.78678385416,0.0007362331652707,0.0138042229485453,0.0216886299356569,1.0,0.0,15.0,1.0,0.0,1.0,1.0
2025-06-03 16:00:00+00:00,105881.9140625,106668.8125,105881.9140625,106668.8125,539574272,-0.0075900636317883,0.0075900636317883,0.0037146420988256,425530197.3333333,105467.21484375,-0.0075900636317883,0.0053317229690836,0.0145868022195481,0.0,1.0,16.0,1.0,0.0,1.0,1.0
2025-06-03 17:00:00+00:00,105982.4453125,106161.53125,105892.390625,105892.390625,1205415936,0.000949465741058,0.000949465741058,0.0037151300090341,475755861.3333333,105531.41764322916,0.000949465741058,0.0062913268659308,0.0147533885944908,1.0,0.0,17.0,1.0,0.0,0.0,1.0
2025-06-03 18:00:00+00:00,106055.7734375,106058.84375,105665.375,105981.2421875,0,0.0006918893481253,0.0006918893481253,0.003701081894317,473221973.3333333,105602.58528645831,0.0006918893481253,0.0062935884669779,0.0163685698781239,1.0,0.0,18.0,1.0,0.0,0.0,1.0
2025-06-03 19:00:00+00:00,106208.6796875,106450.328125,106093.09375,106093.09375,343089152,0.0014417531930981,0.0014417531930981,0.0037017929030552,449488725.3333333,105674.22395833331,0.0014417531930981,0.0060322517337867,0.0164545774214284,1.0,0.0,19.0,1.0,0.0,0.0,1.0
2025-06-03 20:00:00+00:00,105772.5234375,106284.3828125,105471.8984375,106284.3828125,0,-0.004106597043512,0.004106597043512,0.0037575234176902,428912981.3333333,105710.45442708331,-0.004106597043512,-0.0078854697602871,0.0082889079888763,0.0,1.0,20.0,1.0,0.0,0.0,1.0
2025-06-03 21:00:00+00:00,105429.8203125,105878.484375,105378.875,105803.0234375,0,-0.0032400014092742,0.0032400014092742,0.003828399128896,428912981.3333333,105731.0361328125,-0.0032400014092742,-0.011827447642481,0.0047072653756499,0.0,0.0,21.0,1.0,0.0,0.0,0.0
2025-06-03 22:00:00+00:00,105804.9375,105942.078125,105449.71875,105460.078125,253747200,0.0035579799566016,0.0035579799566016,0.0035854740421085,401569109.3333333,105734.81380208331,0.0035579799566016,-0.0007270038814614,0.000857633123247,1.0,0.0,22.0,1.0,0.0,0.0,0.0
2025-06-03 23:00:00+00:00,105445.9296875,105807.453125,105351.5,105807.453125,0,-0.0033931101986616,0.0033931101986616,0.0036351640977013,383045802.6666667,105716.48567708331,-0.0033931101986616,-0.0050623065302751,-0.0041542395725111,0.0,0.0,23.0,1.0,0.0,0.0,0.0
2025-06-04 00:00:00+00:00,105536.9765625,105547.1015625,105214.53125,105437.203125,0,0.000863446083408,0.000863446083408,0.0035394967082698,321151829.3333333,105684.78515625,0.000863446083408,-0.0048917362835105,-0.0071573689980763,1.0,0.0,0.0,2.0,0.0,0.0,0.0
2025-06-04 01:00:00+00:00,105614.3515625,105768.4296875,105521.0625,105536.8671875,710565888,0.0007331553595737,0.0007331553595737,0.0035216127597822,328939520.0,105648.83821614584,0.0007331553595737,-0.0055958526812375,-0.0081024627806484,1.0,0.0,1.0,2.0,0.0,0.0,0.0
2025-06-04 02:00:00+00:00,105546.2421875,105868.390625,105524.859375,105648.265625,0,-0.0006448874986435,0.0006448874986435,0.0032406114102213,328939520.0,105640.35384114584,-0.0006448874986435,-0.0021393197651534,-0.0019255343331917,0.0,0.0,2.0,2.0,0.0,0.0,0.0
2025-06-04 03:00:00+00:00,105581.59375,105767.2890625,105542.734375,105542.734375,0,0.0003349390917888,0.0003349390917888,0.0032125758420353,328939520.0,105642.57779947916,0.0003349390917888,0.0014395683977277,0.0005057888840751,1.0,0.0,3.0,2.0,0.0,0.0,0.0
2025-06-04 04:00:00+00:00,105490.890625,105679.5078125,105473.1796875,105580.796875,499888128,-0.0008590808471291,0.0008590808471291,0.003153592179115,310573909.3333333,105654.26432291669,-0.0008590808471291,-0.0029681684278675,0.0026658631182021,0.0,0.0,4.0,2.0,0.0,0.0,1.0
2025-06-04 05:00:00+00:00,105457.625,105575.1796875,105416.953125,105474.4453125,508915712,-0.0003153412091121,0.0003153412091121,0.003109184027864,318411776.0,105653.11946614584,-0.0003153412091121,0.0001109128871512,-0.0002604781347602,0.0,0.0,5.0,2.0,0.0,0.0,1.0
2025-06-04 06:00:00+00:00,105382.640625,105481.890625,105335.5625,105449.1015625,76066816,-0.0007110379643008,0.0007110379643008,0.0031037139572174,321581226.6666667,105653.83268229169,-0.0007110379643008,-0.0014623873312175,0.0001624552979149,0.0,0.0,6.0,2.0,0.0,0.0,1.0
2025-06-04 07:00:00+00:00,105397.3125,105462.8125,105323.484375,105377.859375,0,0.0001392247804095,0.0001392247804095,0.0030914910710375,321581226.6666667,105660.787109375,0.0001392247804095,-0.0020550148657738,0.0015861028760402,1.0,0.0,7.0,2.0,0.0,0.0,1.0
2025-06-04 08:00:00+00:00,105535.3046875,105601.3515625,105382.359375,105394.65625,0,0.0013092571738961,0.0013092571738961,0.0030919616487803,321581226.6666667,105678.05826822916,0.0013092571738961,-0.0001036275643103,0.0039431570614223,1.0,0.0,8.0,2.0,0.0,0.0,1.0
2025-06-04 09:00:00+00:00,105876.0859375,105918.6015625,105390.09375,105495.4921875,0,0.0032290734461712,0.0032290734461712,0.0031495629184704,291927893.3333333,105704.60481770831,0.0032290734461712,0.002789237944232,0.0060540044725589,1.0,1.0,9.0,2.0,0.0,1.0,1.0
2025-06-04 10:00:00+00:00,105728.4921875,105994.4609375,105710.3671875,105907.953125,1051430912,-0.0013940234821971,0.0013940234821971,0.0031651245487339,335737514.6666667,105721.60970052084,-0.0013940234821971,0.002252341989837,0.0038750069727724,0.0,0.0,10.0,2.0,0.0,1.0,1.0
2025-06-04 11:00:00+00:00,105155.359375,105802.8359375,105153.1953125,105736.265625,1316601856,-0.0054207981277516,0.0054207981277516,0.0033646162073225,390595925.3333333,105714.75618489584,-0.0054207981277516,-0.0028662282599289,-0.001561760530052,0.0,1.0,11.0,2.0,0.0,1.0,1.0
2025-06-04 12:00:00+00:00,105099.109375,105195.9765625,104911.828125,105087.3046875,782876672,-0.0005349228069242,0.0005349228069242,0.003362042665111,423215786.6666667,105702.53255208331,-0.0005349228069242,-0.0026904929343053,-0.0027835685911226,0.0,0.0,12.0,2.0,0.0,1.0,1.0
2025-06-04 13:00:00+00:00,104792.6796875,105274.0234375,104792.6796875,105075.1953125,0,-0.0029156259203552,0.0029156259203552,0.003385840575677,347166037.3333333,105670.0673828125,-0.0029156259203552,-0.0057367004732686,-0.0073804154102404,0.0,0.0,13.0,2.0,0.0,1.0,1.0
2025-06-04 14:00:00+00:00,105015.71875,105015.71875,104283.515625,104797.6015625,0,0.0021283839974808,0.0021283839974808,0.0026679722940628,347166037.3333333,105603.5048828125,0.0021283839974808,-0.0049233376360502,-0.0149840706314853,1.0,0.0,14.0,2.0,0.0,1.0,1.0
2025-06-04 15:00:00+00:00,105398.4765625,105566.390625,105025.4765625,105045.5546875,0,0.0036447668697214,0.0036447668697214,0.0027955229255754,303673856.0,105549.6201171875,0.0036447668697214,-0.004511022208376,-0.0121212263224232,1.0,1.0,15.0,2.0,0.0,1.0,1.0
2025-06-04 16:00:00+00:00,105483.09375,105483.09375,105155.1328125,105337.21875,77086720,0.0008028312197645,0.0008028312197645,0.0023619133759718,284403541.3333333,105533.00260416669,0.0008028312197645,-0.0023210246587533,-0.0037666518973635,1.0,0.0,16.0,2.0,0.0,1.0,1.0
2025-06-04 17:00:00+00:00,105090.0234375,105483.3359375,105025.8515625,105483.3359375,0,-0.0037263821009231,0.0037263821009231,0.0024577891200377,234177877.3333333,105495.818359375,-0.0037263821009231,-0.0006213276992093,-0.0084204688084768,0.0,1.0,17.0,2.0,0.0,0.0,1.0
2025-06-04 18:00:00+00:00,105001.96875,105312.953125,104975.5703125,105206.28125,4923392,-0.0008378976863809,0.0008378976863809,0.0024494331916791,234383018.66666663,105451.90983072916,-0.0008378976863809,-0.0009242763861432,-0.0099363255138676,0.0,0.0,18.0,2.0,0.0,0.0,1.0
2025-06-04 19:00:00+00:00,105065.2578125,105103.9921875,104934.5703125,105001.0546875,366460928,0.000602741674784,0.000602741674784,0.0024276999005762,235356842.66666663,105404.26725260416,0.000602741674784,0.0026011179961504,-0.0107658044367401,1.0,0.0,19.0,2.0,0.0,0.0,1.0
2025-06-04 20:00:00+00:00,104618.2890625,104994.734375,104501.8984375,104994.734375,0,-0.0042542012393637,0.0042542012393637,0.0024375381457055,235356842.66666663,105356.17415364584,-0.0042542012393637,-0.0037844780974752,-0.01091242165251,0.0,1.0,20.0,2.0,0.0,0.0,1.0
2025-06-04 21:00:00+00:00,104997.484375,105065.6640625,104614.7421875,104641.84375,368529408,0.0036245604463427,0.0036245604463427,0.0024984273261668,250712234.66666663,105338.16015625,0.0036245604463427,-0.0038045349475446,-0.0041006987986751,1.0,1.0,21.0,2.0,0.0,0.0,0.0
2025-06-04 22:00:00+00:00,104858.3203125,105041.25,104821.765625,104984.5,0,-0.001325403778275,0.001325403778275,0.0023777062301336,240139434.66666663,105298.7177734375,-0.001325403778275,-0.0059229722535513,-0.0089468148639093,0.0,0.0,22.0,2.0,0.0,0.0,0.0
2025-06-04 23:00:00+00:00,104723.546875,104898.875,104686.25,104845.21875,573620224,-0.001285290829553,0.001285290829553,0.0022988723576511,264040277.3333333,105268.61848958331,-0.001285290829553,-0.0034872631151133,-0.0068507415567472,0.0,0.0,23.0,2.0,0.0,0.0,0.0
2025-06-05 00:00:00+00:00,104999.125,104999.125,104734.6484375,104749.8515625,0,0.0026314819658366,0.0026314819658366,0.0023646248493762,264040277.3333333,105246.2080078125,0.0026314819658366,-2.708282553032237e-05,-0.0050963328685229,1.0,1.0,0.0,3.0,0.0,0.0,0.0
2025-06-05 01:00:00+00:00,104800.5390625,105147.609375,104764.5546875,104997.0234375,0,-0.0018913104037772,0.0018913104037772,0.0023797392666221,234433365.3333333,105212.29915364584,-0.0018913104037772,-0.0025195650352128,-0.0077055105481418,0.0,0.0,1.0,3.0,0.0,0.0,0.0
2025-06-05 02:00:00+00:00,105061.1875,105256.7421875,104778.6328125,104778.6328125,584593408,0.0024870906183465,0.0024870906183465,0.0024460727729269,258791424.0,105192.08854166669,0.0024870906183465,0.0042334704712616,-0.0045956604180972,1.0,1.0,2.0,3.0,0.0,0.0,0.0
2025-06-05 03:00:00+00:00,105074.8046875,105102.953125,104927.8203125,105050.96875,0,0.0001296119701674,0.0001296119701674,0.0024445190200688,258791424.0,105170.97233072916,0.0001296119701674,0.0007364015715256,-0.0047999754928874,1.0,0.0,3.0,3.0,0.0,0.0,0.0
2025-06-05 04:00:00+00:00,105215.046875,105238.5390625,105081.328125,105081.328125,0,0.0013346890143368,0.0013346890143368,0.0024596773509437,237962752.0,105159.47884114584,0.0013346890143368,0.003401986236637,-0.0026148584808196,1.0,0.0,4.0,3.0,0.0,0.0,1.0
2025-06-05 05:00:00+00:00,104675.421875,105215.5234375,104639.0546875,105215.5234375,0,-0.0051287816336867,0.0051287816336867,0.0026651340231773,216757930.66666663,105126.88704427084,-0.0051287816336867,-0.0004595432587615,-0.0074172268245183,0.0,1.0,5.0,3.0,0.0,0.0,1.0
2025-06-05 06:00:00+00:00,104497.1640625,104731.9609375,104439.8046875,104697.1796875,742694912,-0.0017029576695938,0.0017029576695938,0.0026793295678211,244534101.3333333,105089.9921875,-0.0017029576695938,-0.0047806201956445,-0.0084024897957428,0.0,0.0,6.0,3.0,0.0,0.0,1.0
2025-06-05 07:00:00+00:00,104553.078125,104650.203125,104492.6015625,104492.6015625,95326208,0.0005350773200558,0.0005350773200558,0.0026836747194056,248506026.66666663,105054.81575520831,0.0005350773200558,-0.0023612563419393,-0.0080100180448149,1.0,0.0,7.0,3.0,0.0,0.0,1.0
2025-06-05 08:00:00+00:00,104697.125,104708.71875,104518.8671875,104553.2734375,106295296,0.0013777392075227,0.0013777392075227,0.0026855309630612,252934997.3333333,105019.8916015625,0.0013777392075227,-0.0034652425759036,-0.0079421733796281,1.0,0.0,8.0,3.0,0.0,0.0,1.0
2025-06-05 09:00:00+00:00,104954.7421875,104954.7421875,104712.2265625,104712.2265625,0,0.002460594667714,0.002460594667714,0.0026455501526339,252934997.3333333,104981.50227864584,0.002460594667714,-0.0011426383361555,-0.0087020949239082,1.0,0.0,9.0,3.0,0.0,1.0,1.0
2025-06-05 10:00:00+00:00,104700.6875,104950.171875,104593.3515625,104950.171875,0,-0.0024206118009049,0.0024206118009049,0.0026711582041092,209125376.0,104938.67708333331,-0.0024206118009049,-0.004888648442186,-0.009721170388747,0.0,0.0,10.0,3.0,0.0,1.0,1.0
2025-06-05 11:00:00+00:00,104880.4921875,104885.3359375,104596.703125,104705.4609375,0,0.0017173209822523,0.0017173209822523,0.0024786823063495,154266965.33333334,104927.22428385416,0.0017173209822523,0.0019591066252868,-0.002613915155002,1.0,0.0,11.0,3.0,0.0,1.0,1.0
2025-06-05 12:00:00+00:00,105723.625,105808.4921875,104856.1328125,104882.6484375,0,0.0080389860393932,0.0080389860393932,0.0029811328981125,121647104.0,104953.24576822916,0.0080389860393932,0.0117367868162092,0.0059421590602799,1.0,1.0,12.0,3.0,0.0,1.0,1.0
2025-06-05 13:00:00+00:00,104432.7734375,105932.75,104424.0078125,105704.78125,642629632,-0.012209679364475,0.012209679364475,0.003878867148241,148423338.66666666,104938.24967447916,-0.012209679364475,-0.0011506565818767,-0.003434459840833,0.0,1.0,13.0,3.0,0.0,1.0,1.0
2025-06-05 14:00:00+00:00,104598.7890625,104845.5078125,103989.0234375,104493.46875,1514012672,0.0015896889408892,0.0015896889408892,0.003866733233529,211507200.0,104920.87760416669,0.0015896889408892,-0.0009392420040187,-0.0039701645854801,1.0,0.0,14.0,3.0,0.0,1.0,1.0
2025-06-05 15:00:00+00:00,104708.0546875,104870.453125,104414.8203125,104677.125,0,0.0010446165388655,0.0010446165388655,0.003791225897744,211507200.0,104892.11002604169,0.0010446165388655,-0.0023504178549578,-0.0065505868539815,1.0,0.0,15.0,3.0,0.0,1.0,1.0
2025-06-05 16:00:00+00:00,103426.6015625,104602.515625,103426.6015625,104569.09375,228081664,-0.0122383433521373,0.0122383433521373,0.0044996278567639,217798656.0,104806.4228515625,-0.0122383433521373,-0.0121688402237091,-0.0194959411445969,0.0,1.0,16.0,3.0,0.0,1.0,1.0
2025-06-05 17:00:00+00:00,103260.828125,103586.6953125,103234.296875,103336.1953125,1204658176,-0.0016028123809117,0.0016028123809117,0.0044605006409634,267992746.66666663,104730.20638020831,-0.0016028123809117,-0.015442948719238,-0.0174059844375986,0.0,0.0,17.0,3.0,0.0,0.0,1.0
2025-06-05 18:00:00+00:00,103051.453125,103346.2734375,102665.8828125,103284.15625,1039179776,-0.0020276323926682,0.0020276323926682,0.004468451097269,311086762.6666667,104648.93489583331,-0.0020276323926682,-0.025275068604581,-0.0185759909858832,0.0,0.0,18.0,3.0,0.0,0.0,1.0
2025-06-05 19:00:00+00:00,102017.5625,103039.2109375,101758.4296875,103039.2109375,3216236544,-0.010032761243511,0.010032761243511,0.0048383181721898,429827413.3333333,104521.94759114584,-0.010032761243511,-0.0231269443298414,-0.0290076413074522,0.0,1.0,19.0,3.0,0.0,0.0,1.0
2025-06-05 20:00:00+00:00,100587.2421875,102144.90625,100566.4921875,101936.6796875,3191234560,-0.0140203341213921,0.0140203341213921,0.0054740085593243,562795520.0,104353.9873046875,-0.0140203341213921,-0.0383517525485215,-0.0385309959771165,0.0,1.0,20.0,3.0,0.0,0.0,1.0
2025-06-05 21:00:00+00:00,101624.2578125,101667.2421875,100501.6953125,100501.6953125,3734679552,0.0103096138481155,0.0103096138481155,0.0059056240428604,703051776.0,104213.43619791669,0.0103096138481155,-0.0294513815981354,-0.0321267369649779,1.0,1.0,21.0,3.0,0.0,0.0,0.0
2025-06-05 22:00:00+00:00,101565.2734375,101743.0625,101111.8828125,101605.75,1167167488,-0.0005804162930156,0.0005804162930156,0.0059076775058846,751683754.6666666,104076.22591145831,-0.0005804162930156,-0.0179966091593487,-0.0314047265413561,0.0,0.0,22.0,3.0,0.0,0.0,0.0
2025-06-05 23:00:00+00:00,101675.9609375,101842.4921875,101548.1484375,101548.1484375,876036096,0.0010898163934753,0.0010898163934753,0.005928000189433,764284416.0,103949.2431640625,0.0010898163934753,-0.0153481936594724,-0.0291012482716771,1.0,0.0,23.0,3.0,0.0,0.0,0.0
2025-06-06 00:00:00+00:00,101938.3984375,101946.796875,101272.953125,101543.8203125,11071488,0.0025811164957794,0.0025811164957794,0.0059265888261807,764745728.0,103821.712890625,0.0025811164957794,-0.0108009606244938,-0.0291500197025451,1.0,0.0,0.0,4.0,0.0,0.0,0.0
2025-06-06 01:00:00+00:00,101896.6171875,101980.1484375,101749.3671875,101942.828125,1228824576,-0.0004098676322211,0.0004098676322211,0.0059269532668568,815946752.0,103700.71614583331,-0.0004098676322211,-0.001185534230932,-0.0277090356688736,0.0,0.0,1.0,4.0,0.0,0.0,0.0
2025-06-06 02:00:00+00:00,102144.0859375,102145.34375,101600.515625,101895.4765625,0,0.0024286257662964,0.0024286257662964,0.0059254038066347,791588693.3333334,103579.17024739584,0.0024286257662964,0.0154775468155092,-0.0277657394887146,1.0,0.0,2.0,4.0,0.0,0.0,0.0
2025-06-06 03:00:00+00:00,102546.6953125,102569.1875,102108.6796875,102228.8515625,1080938496,0.0039415828268936,0.0039415828268936,0.0060118152024461,836627797.3333334,103473.83235677084,0.0039415828268936,0.0090769420594629,-0.0240600911181207,1.0,0.0,3.0,4.0,0.0,0.0,0.0
2025-06-06 04:00:00+00:00,102817.234375,102835.2734375,102462.8984375,102551.6640625,0,0.0026382036171479,0.0026382036171479,0.0060396191399361,836627797.3333334,103373.92350260416,0.0026382036171479,0.0123266633872689,-0.0227896348594389,1.0,0.0,4.0,4.0,0.0,0.0,1.0
2025-06-06 05:00:00+00:00,103012.9765625,103012.9765625,102760.625,102834.890625,1323294720,0.0019037877131189,0.0019037877131189,0.0059981424209393,891765077.3333334,103304.65494791669,0.0019037877131189,0.013149771220966,-0.0158819069722522,1.0,0.0,5.0,4.0,0.0,0.0,1.0
2025-06-06 06:00:00+00:00,103220.3203125,103247.1875,102959.2578125,102987.8203125,171622400,0.0020127925327368,0.0020127925327368,0.0060176925113051,867970389.3333334,103251.453125,0.0020127925327368,0.0125754563015423,-0.0122189320777769,1.0,0.0,6.0,4.0,0.0,0.0,1.0
2025-06-06 07:00:00+00:00,103198.1015625,103487.25,103122.6796875,103218.0390625,1784131584,-0.0002152555808074,0.0002152555808074,0.0060140578656231,938337280.0,103194.99576822916,-0.0002152555808074,0.0127725964896865,-0.0129597003435903,0.0,0.0,7.0,4.0,0.0,0.0,1.0
2025-06-06 08:00:00+00:00,103584.484375,103632.59375,103209.84375,103209.84375,438439936,0.0037440883761412,0.0037440883761412,0.006065800348245,952176640.0,103148.6357421875,0.0037440883761412,0.0141016332397487,-0.0106272318843521,1.0,0.0,8.0,4.0,0.0,0.0,1.0
2025-06-06 09:00:00+00:00,103717.6953125,103778.1015625,103576.3515625,103576.3515625,474378240,0.0012860124593345,0.0012860124593345,0.0060461929571819,971942400.0,103097.09212239584,0.0012860124593345,0.0114191880726288,-0.0117864790977242,1.0,0.0,9.0,4.0,0.0,1.0,1.0
2025-06-06 10:00:00+00:00,103771.671875,103839.515625,103632.703125,103708.9453125,258109440,0.0005204180669207,0.0005204180669207,0.0060348664248829,982696960.0,103058.38313802084,0.0005204180669207,0.0092828552119863,-0.0088730613636133,1.0,0.0,10.0,4.0,0.0,1.0,1.0
2025-06-06 11:00:00+00:00,104004.328125,104010.90625,103717.4921875,103737.5859375,555692032,0.002242001557807,0.002242001557807,0.0060436392478309,1005850794.6666666,103021.87630208331,0.002242001557807,0.0096235600172034,-0.0083539278299117,1.0,0.0,11.0,4.0,0.0,1.0,1.0
2025-06-06 12:00:00+00:00,103887.171875,104230.0546875,103678.1171875,104004.5390625,0,-0.0011264555246123,0.0011264555246123,0.0057753128337108,1005850794.6666666,102945.357421875,-0.0011264555246123,0.0064604678660278,-0.0173703193113176,0.0,0.0,12.0,4.0,0.0,1.0,1.0
2025-06-06 13:00:00+00:00,104158.90625,104570.3515625,103880.5859375,103880.5859375,429248512,0.0026156682302118,0.0026156682302118,0.0052623338905289,996959914.6666666,102933.9462890625,0.0026156682302118,0.0093102942103844,-0.0026224256857824,1.0,0.0,13.0,4.0,0.0,1.0,1.0
2025-06-06 14:00:00+00:00,104826.9921875,104886.0390625,104161.390625,104173.15625,0,0.0064141028506623,0.0064141028506623,0.0054193312469396,933876053.3333334,102943.45475260416,0.0064141028506623,0.01199511509853,0.0021816994923682,1.0,1.0,14.0,4.0,0.0,1.0,1.0
2025-06-06 15:00:00+00:00,105098.6015625,105362.515625,104724.9765625,104866.734375,780734464,0.0025910251675844,0.0025910251675844,0.0054401425104798,966406656.0,102959.7275390625,0.0025910251675844,0.0133140853722149,0.0037298646810466,1.0,0.0,15.0,4.0,0.0,1.0,1.0
2025-06-06 16:00:00+00:00,104838.75,105324.734375,104835.4921875,105156.5859375,0,-0.0024724549959446,0.0024724549959446,0.0047991956500487,956903253.3333334,103018.56705729169,-0.0024724549959446,0.0102829424034467,0.0136536289133182,0.0,0.0,16.0,4.0,0.0,1.0,1.0
2025-06-06 17:00:00+00:00,104994.859375,104994.859375,104570.78125,104820.4609375,0,0.0014890426965219,0.0014890426965219,0.0047796159281356,906709162.6666666,103090.818359375,0.0014890426965219,0.0095239425883266,0.0167927304233983,1.0,0.0,17.0,4.0,0.0,0.0,1.0
2025-06-06 18:00:00+00:00,104581.625,105020.734375,104549.8515625,105016.3125,0,-0.0039357581643506,0.0039357581643506,0.0048425058050623,863410005.3333334,103154.57552083331,-0.0039357581643506,0.0066846860152818,0.0148486200688884,0.0,0.0,18.0,4.0,0.0,0.0,1.0
2025-06-06 19:00:00+00:00,104228.1015625,104647.40625,104173.1015625,104575.734375,0,-0.0033803590018801,0.0033803590018801,0.0043735859141298,729400149.3333334,103246.68131510416,-0.0033803590018801,0.0006643244921746,0.0216682207291514,0.0,0.0,19.0,4.0,0.0,0.0,1.0
2025-06-06 20:00:00+00:00,104568.2890625,104671.125,104262.265625,104290.7578125,0,0.0032638750480935,0.0032638750480935,0.0030243735220999,596432042.6666666,103412.55826822916,0.0032638750480935,-0.0024679056376746,0.039578049744908,1.0,1.0,20.0,4.0,0.0,0.0,1.0
2025-06-06 21:00:00+00:00,104483.25,104566.796875,104379.109375,104566.796875,0,-0.0008132394941373,0.0008132394941373,0.0024289876734546,440820394.6666667,103531.68294270831,-0.0008132394941373,-0.0058549928671892,0.028132969913295,0.0,0.0,21.0,4.0,0.0,0.0,0.0
2025-06-06 22:00:00+00:00,104568.5,104571.34375,104353.421875,104476.125,0,0.0008159202551605,0.0008159202551605,0.0024020735891047,392188416.0,103656.8173828125,0.0008159202551605,-0.0025777682393198,0.0295694232965175,1.0,0.0,22.0,4.0,0.0,0.0,0.0
2025-06-06 23:00:00+00:00,104395.796875,104577.2734375,104303.4609375,104577.2734375,0,-0.0016515788693536,0.0016515788693536,0.0024725648503851,355686912.0,103770.14388020831,-0.0016515788693536,-0.0057056364813098,0.0267500391677819,0.0,0.0,23.0,4.0,0.0,0.0,0.0
2025-06-07 00:00:00+00:00,104581.3203125,104581.3203125,104007.3125,104391.6640625,0,0.0017771159668635,0.0017771159668635,0.002457072279171,355225600.0,103880.265625,0.0017771159668635,-2.913394202885833e-06,0.025926656838938,1.0,0.0,0.0,5.0,1.0,0.0,0.0
2025-06-07 01:00:00+00:00,104568.3515625,104622.1171875,104471.78125,104566.2421875,809848832,-0.0001240063709393,0.0001240063709393,0.0024502701822809,337768277.3333333,103991.587890625,-0.0001240063709393,0.003264474694437,0.0262200497793143,0.0,0.0,1.0,5.0,1.0,0.0,0.0
2025-06-07 02:00:00+00:00,104649.1171875,104664.734375,104437.3203125,104557.15625,0,0.0007723715999454,0.0007723715999454,0.0024339601679751,337768277.3333333,104095.96419270831,0.0007723715999454,0.0007729697571285,0.0245244864351008,1.0,0.0,2.0,5.0,1.0,0.0,0.0
2025-06-07 03:00:00+00:00,104958.9921875,104973.5234375,104596.171875,104641.046875,758587392,0.0029610856577488,0.0029610856577488,0.0023905052962673,324336981.3333333,104196.4765625,0.0029610856577488,0.0045532866512096,0.0235238870218956,1.0,1.0,3.0,5.0,1.0,0.0,0.0
2025-06-07 04:00:00+00:00,104896.296875,104962.515625,104744.609375,104957.671875,0,-0.0005973315024595,0.0005973315024595,0.0023836794591929,324336981.3333333,104283.10416666669,-0.0005973315024595,0.003134757360008,0.0202209533512363,0.0,0.0,4.0,5.0,1.0,0.0,0.0
2025-06-07 05:00:00+00:00,104984.046875,105070.890625,104832.578125,104901.9375,0,0.0008365404939372,0.0008365404939372,0.0023728470950835,269199701.3333333,104365.23209635416,0.0008365404939372,0.0056348054003012,0.0191341943342848,1.0,0.0,5.0,5.0,1.0,0.0,0.0
2025-06-07 06:00:00+00:00,105350.8828125,105350.8828125,104880.0078125,104968.171875,0,0.0034942064858365,0.0034942064858365,0.0024246671282102,262048768.0,104454.00553385416,0.0034942064858365,0.0073585081704883,0.0206409212212257,1.0,1.0,6.0,5.0,1.0,0.0,0.0
2025-06-07 07:00:00+00:00,104946.4921875,105377.859375,104939.078125,105377.859375,0,-0.0038385119726023,0.0038385119726023,0.0026005847116132,187709952.0,104526.85514322916,-0.0038385119726023,0.0036162052796058,0.0169420812837446,0.0,1.0,7.0,5.0,1.0,0.0,0.0
2025-06-07 08:00:00+00:00,104831.1875,105008.828125,104815.546875,104990.765625,0,-0.0010986997763964,0.0010986997763964,0.0025416137034713,169441621.33333334,104578.80110677084,-0.0010986997763964,0.0017398169940963,0.0120356164586064,0.0,0.0,8.0,5.0,1.0,0.0,0.0
2025-06-07 09:00:00+00:00,104909.703125,105010.90625,104822.7578125,104822.7578125,378245120,0.0007489720079723,0.0007489720079723,0.0025367678320452,165436074.66666666,104628.46809895831,0.0007489720079723,-0.0004696030466064,0.0114928104496392,1.0,0.0,9.0,5.0,1.0,0.0,0.0
2025-06-07 10:00:00+00:00,105208.9375,105228.703125,104913.171875,104917.234375,0,0.0028523040871011,0.0028523040871011,0.0025826522863208,154681514.66666666,104688.35416666669,0.0028523040871011,0.0029804734229328,0.0138502695295426,1.0,1.0,10.0,5.0,1.0,0.0,0.0
2025-06-07 11:00:00+00:00,105133.96875,105324.3984375,105133.96875,105206.7734375,0,-0.0007125701654386,0.0007125701654386,0.0025701985407759,131527680.0,104735.42252604169,-0.0007125701654386,0.0014280443501906,0.0108614770689381,0.0,0.0,11.0,5.0,1.0,0.0,0.0
2025-06-07 12:00:00+00:00,105501.484375,105708.9609375,105197.1015625,105197.1015625,560287744,0.0034956886852994,0.0034956886852994,0.0026193734962654,154873002.66666666,104802.685546875,0.0034956886852994,0.0014295234978527,0.0155390937193129,1.0,1.0,12.0,5.0,1.0,0.0,0.0
2025-06-07 13:00:00+00:00,105710.0703125,105865.21875,105403.796875,105516.25,0,0.0019770900735254,0.0019770900735254,0.0026016791256115,136987648.0,104867.3173828125,0.0019770900735254,0.0072758803947041,0.0148922844751933,1.0,0.0,13.0,5.0,1.0,0.0,0.0
2025-06-07 14:00:00+00:00,105519.5625,105725.890625,105483.59375,105725.890625,0,-0.0018021727914551,0.0018021727914551,0.0023326882779321,136987648.0,104896.17447916669,-0.0018021727914551,0.0065665096086029,0.0066067937088305,0.0,0.0,14.0,5.0,1.0,0.0,0.0
2025-06-07 15:00:00+00:00,105616.109375,105632.5859375,105429.3203125,105518.1484375,0,0.0009149665968335,0.0009149665968335,0.0022850013170568,104457045.33333331,104917.7373046875,0.0009149665968335,0.0067334691545006,0.0049240218690469,1.0,0.0,15.0,5.0,1.0,0.0,0.0
2025-06-07 16:00:00+00:00,105402.3359375,105723.3671875,105369.40625,105615.515625,0,-0.0020240609009841,0.0020240609009841,0.0022638743406862,104457045.33333331,104941.22005208331,-0.0020240609009841,0.0018382320180736,0.0053757407208689,0.0,0.0,16.0,5.0,1.0,0.0,0.0
2025-06-07 17:00:00+00:00,105446.640625,105602.578125,105413.46875,105413.46875,0,0.00042033876295,0.00042033876295,0.0022484056845705,104457045.33333331,104960.04427083331,0.00042033876295,0.0029740328337029,0.004302889233714,1.0,0.0,17.0,5.0,1.0,0.0,0.0
2025-06-07 18:00:00+00:00,105658.5546875,105846.859375,105457.53125,105457.53125,166633472,0.0020096805478482,0.0020096805478482,0.0020975350134426,111400106.66666669,105004.91634114584,0.0020096805478482,0.0014887971807269,0.0102975038636088,1.0,0.0,18.0,5.0,1.0,0.0,0.0
2025-06-07 19:00:00+00:00,105771.53125,105924.46875,105649.4375,105649.4375,0,0.001069260911567,0.001069260911567,0.0019366620111647,111400106.66666669,105069.22591145831,0.001069260911567,0.0005814104306081,0.0148081914988587,1.0,0.0,19.0,5.0,1.0,0.0,0.0
2025-06-07 20:00:00+00:00,105912.9375,105964.078125,105778.53125,105778.53125,0,0.0013369027405472,0.0013369027405472,0.0018604933069648,111400106.66666669,105125.2529296875,0.0013369027405472,0.0037279817190296,0.0128590459837811,1.0,0.0,20.0,5.0,1.0,0.0,0.0
2025-06-07 21:00:00+00:00,105876.5390625,105936.2109375,105823.0390625,105917.5859375,0,-0.0003436637521265,0.0003436637521265,0.0018481353420889,111400106.66666669,105183.306640625,-0.0003436637521265,0.0024658140603845,0.0133350471247783,0.0,0.0,21.0,5.0,1.0,0.0,0.0
2025-06-07 22:00:00+00:00,105881.515625,105951.546875,105756.75,105840.8828125,0,4.700344896102493e-05,4.700344896102493e-05,0.0018500565444366,111400106.66666669,105238.015625,4.700344896102493e-05,0.0045461960898489,0.0125565119993114,1.0,0.0,22.0,5.0,1.0,0.0,0.0
2025-06-07 23:00:00+00:00,105626.4375,105873.453125,105626.4375,105870.8671875,0,-0.0024090902316076,0.0024090902316076,0.0018946698847743,111400106.66666669,105289.29231770831,-0.0024090902316076,0.0017050981798407,0.0117882200417851,0.0,1.0,23.0,5.0,1.0,0.0,0.0
2025-06-08 00:00:00+00:00,105521.3203125,105685.078125,105507.7109375,105633.796875,0,-0.0009951787638392,0.0009951787638392,0.0018973029595524,111400106.66666669,105328.458984375,-0.0009951787638392,-0.0012988477403073,0.0089882208141107,0.0,0.0,0.0,6.0,1.0,0.0,0.0
2025-06-08 01:00:00+00:00,105768.5390625,105804.6171875,105471.7265625,105527.28125,1053331456,0.0023428322282914,0.0023428322282914,0.0019355492724507,121545216.0,105378.466796875,0.0023428322282914,-2.828915743813276e-05,0.0114775405948965,1.0,1.0,1.0,6.0,1.0,0.0,0.0
2025-06-08 02:00:00+00:00,105540.9765625,105754.171875,105540.9765625,105754.171875,0,-0.002151514070413,0.002151514070413,0.0020068808766663,121545216.0,105415.62760416669,-0.002151514070413,-0.0035119499683406,0.0085223783914207,0.0,1.0,2.0,6.0,1.0,0.0,0.0
2025-06-08 03:00:00+00:00,105543.2109375,105552.6328125,105461.28125,105536.96875,0,2.1170687184879355e-05,2.1170687184879355e-05,0.0019291494996383,89937408.0,105439.97005208331,2.1170687184879355e-05,-0.0031482718263319,0.0055661619631059,1.0,0.0,3.0,6.0,1.0,0.0,0.0
2025-06-08 04:00:00+00:00,105651.5234375,105678.9375,105476.328125,105545.046875,0,0.0010262384386252,0.0010262384386252,0.0019272289275083,89937408.0,105471.43782552084,0.0010262384386252,-0.0021721656149554,0.0071997447479006,1.0,0.0,4.0,6.0,1.0,0.0,0.0
2025-06-08 05:00:00+00:00,105490.125,105697.78125,105490.125,105663.2265625,0,-0.0015276489372676,0.0015276489372676,0.0019588138408047,89937408.0,105492.5244140625,-0.0015276489372676,-0.001290514981157,0.0048205240706957,0.0,0.0,5.0,6.0,1.0,0.0,0.0
2025-06-08 06:00:00+00:00,105527.515625,105650.609375,105488.3515625,105497.71875,0,0.0003544466839906,0.0003544466839906,0.0018300059578698,89937408.0,105499.88411458331,0.0003544466839906,5.871147633151885e-05,0.0016766144505344,1.0,0.0,6.0,6.0,1.0,0.0,0.0
2025-06-08 07:00:00+00:00,105473.5078125,105597.109375,105473.5078125,105500.296875,0,-0.0005117889128738,0.0005117889128738,0.001636761376108,89937408.0,105521.84309895831,-0.0005117889128738,-0.0027894046057085,0.0050217555062099,0.0,0.0,7.0,6.0,1.0,0.0,0.0
2025-06-08 08:00:00+00:00,105413.9296875,105552.2890625,105413.9296875,105488.78125,0,-0.0005648634072729,0.0005648634072729,0.0016217615335315,89937408.0,105546.1240234375,-0.0005648634072729,-0.0012037682342721,0.0055588627907128,0.0,0.0,8.0,6.0,1.0,0.0,0.0
2025-06-08 09:00:00+00:00,105231.4296875,105461.8046875,105219.0390625,105438.9140625,361394176,-0.0017312702461717,0.0017312702461717,0.0016658292794458,89235285.33333333,105559.529296875,-0.0017312702461717,-0.0029540625799666,0.0030666997705317,0.0,1.0,9.0,6.0,1.0,0.0,0.0
2025-06-08 10:00:00+00:00,105413.7734375,105493.0,105083.140625,105205.890625,223838208,0.0017327879184145,0.0017327879184145,0.0016006528185966,98561877.33333331,105568.06412760416,0.0017327879184145,-0.0022503224966807,0.0019469442650725,1.0,1.0,10.0,6.0,1.0,0.0,0.0
2025-06-08 11:00:00+00:00,105706.3203125,105710.1328125,105403.84375,105403.84375,0,0.0027752243891872,0.0027752243891872,0.0016816321791321,98561877.33333331,105591.912109375,0.0027752243891872,0.0020494364993879,0.0054440212740469,1.0,1.0,11.0,6.0,1.0,0.0,0.0
2025-06-08 12:00:00+00:00,105757.328125,105803.0078125,105595.6953125,105715.421875,565559296,0.000482542693277,0.000482542693277,0.0015329382060447,98781525.33333331,105602.572265625,0.000482542693277,0.0021777495531749,0.0024250251218325,1.0,0.0,12.0,6.0,1.0,0.0,0.0
2025-06-08 13:00:00+00:00,105734.328125,106079.9375,105704.2109375,105761.796875,0,-0.0002174790192582,0.0002174790192582,0.0014807951305143,98781525.33333331,105603.5830078125,-0.0002174790192582,0.0024728514098881,0.0002294749443292,0.0,0.0,13.0,6.0,1.0,0.0,0.0
2025-06-08 14:00:00+00:00,105884.3203125,105919.625,105643.5859375,105668.8984375,0,0.0014185760685279,0.0014185760685279,0.0014550856792345,98781525.33333331,105618.78125,0.0014185760685279,0.004462319414469,0.0034567790451178,1.0,0.0,14.0,6.0,1.0,0.0,0.0
2025-06-08 15:00:00+00:00,106040.9453125,106116.0,105877.5859375,105877.5859375,1260371968,0.0014792086263362,0.0014792086263362,0.0014725240684669,151297024.0,105636.48274739584,0.0014792086263362,0.0076927171606806,0.0040224539609916,1.0,1.0,15.0,6.0,1.0,0.0,0.0
2025-06-08 16:00:00+00:00,106242.3046875,106302.7890625,106030.953125,106038.8671875,116109312,0.001898883251244,0.001898883251244,0.0014358548171365,156134912.0,105671.4814453125,0.001898883251244,0.0078598006975931,0.0079691663617216,1.0,1.0,16.0,6.0,1.0,0.0,0.0
2025-06-08 17:00:00+00:00,106195.125,106385.453125,106195.125,106231.5234375,0,-0.0004440762805246,0.0004440762805246,0.0014443531133451,156134912.0,105702.66829427084,-0.0004440762805246,0.0046241765492824,0.0070982287398024,0.0,0.0,17.0,6.0,1.0,0.0,0.0
2025-06-08 18:00:00+00:00,106365.0703125,106372.0859375,106129.28125,106154.5546875,368418816,0.0016003118080984,0.0016003118080984,0.0014255271085112,164542634.66666666,105732.1064453125,0.0016003118080984,0.0057465728217118,0.0066867810854465,1.0,1.0,18.0,6.0,1.0,0.0,0.0
2025-06-08 19:00:00+00:00,106338.0859375,106390.3359375,106248.4609375,106361.890625,0,-0.0002536958319184,0.0002536958319184,0.0014191924879132,164542634.66666666,105755.712890625,-0.0002536958319184,0.005710139963118,0.0053564005437427,0.0,0.0,19.0,6.0,1.0,0.0,0.0
2025-06-08 20:00:00+00:00,106200.3359375,106372.8359375,106198.2109375,106347.7265625,0,-0.0012953966472648,0.0012953966472648,0.0014310766581979,164542634.66666666,105767.68782552084,-0.0012953966472648,0.0029845365590233,0.0027135347605669,0.0,0.0,20.0,6.0,1.0,0.0,0.0
2025-06-08 21:00:00+00:00,106381.9765625,106485.609375,106207.4296875,106207.4296875,1148321792,0.0017103582902684,0.0017103582902684,0.0014635733312371,212389376.0,105788.74772135416,0.0017103582902684,0.0032160336650619,0.0047738385148916,1.0,1.0,21.0,6.0,1.0,0.0,0.0
2025-06-08 22:00:00+00:00,105820.59375,106411.3828125,105774.109375,106411.3828125,265580544,-0.0052770481489425,0.0052770481489425,0.0018422004104688,223455232.0,105786.20930989584,-0.0052770481489425,-0.0039693316023255,-0.0005753778139686,0.0,1.0,22.0,6.0,1.0,0.0,0.0
2025-06-08 23:00:00+00:00,105739.796875,105802.484375,105631.6796875,105747.5234375,303894528,-0.0007635269481749,0.0007635269481749,0.0017790465165613,236117504.0,105790.9326171875,-0.0007635269481749,-0.004287655624493,0.0010732102462511,0.0,0.0,23.0,6.0,1.0,0.0,0.0
2025-06-09 00:00:00+00:00,105745.4453125,106003.3203125,105664.109375,105791.4609375,1150730240,5.341827454685699e-05,5.341827454685699e-05,0.001765181251411,284064597.3333333,105800.27115885416,5.341827454685699e-05,-0.005825455651743,0.0021239783518274,1.0,0.0,0.0,0.0,0.0,0.0,0.0
2025-06-09 01:00:00+00:00,105574.3125,105765.9921875,105525.1953125,105752.9765625,0,-0.0016183468894973,0.0016183468894973,0.001730211550393,240175786.66666663,105792.17838541669,-0.0016183468894973,-0.0071825012719234,-0.0018363358728555,0.0,0.0,1.0,0.0,0.0,0.0,0.0
2025-06-09 02:00:00+00:00,105664.2421875,105788.828125,105572.296875,105583.0390625,1286242304,0.0008518140954032,0.0008518140954032,0.0016814286162995,293769216.0,105797.314453125,0.0008518140954032,-0.0050479477797085,0.0011679409174976,1.0,0.0,2.0,0.0,0.0,0.0,0.0
2025-06-09 03:00:00+00:00,105691.328125,105732.546875,105411.84375,105647.75,0,0.0002563396749861,0.0002563396749861,0.0016819385053872,293769216.0,105803.48600260416,0.0002563396749861,-0.0064921564706427,0.0014033795843837,1.0,0.0,3.0,0.0,0.0,0.0,0.0
2025-06-09 04:00:00+00:00,105541.859375,105772.6953125,105535.90625,105714.2578125,633282560,-0.0014142006979345,0.0014142006979345,0.0016946921498911,320155989.3333333,105798.91666666669,-0.0014142006979345,-0.0026340276984129,-0.0010379789986167,0.0,0.0,4.0,0.0,0.0,0.0,1.0
2025-06-09 05:00:00+00:00,105494.1015625,105575.234375,105402.28125,105519.890625,1417805824,-0.0004525011477228,0.0004525011477228,0.0016677052446353,379231232.0,105799.08235677084,-0.0004525011477228,-0.0023235841164934,3.769606396808456e-05,0.0,0.0,5.0,0.0,0.0,0.0,1.0
2025-06-09 06:00:00+00:00,105736.3125,105747.03125,105417.0234375,105475.234375,0,0.0022959666361679,0.0022959666361679,0.0017313732426154,379231232.0,105807.7822265625,0.0022959666361679,-8.636601295697321e-05,0.0019786012563962,1.0,1.0,6.0,0.0,0.0,0.0,1.0
2025-06-09 07:00:00+00:00,105640.0078125,105750.296875,105578.8203125,105750.296875,1083232256,-0.0009108005114136,0.0009108005114136,0.0017392389331652,424365909.3333333,105814.7197265625,-0.0009108005114136,0.0006222660696937,0.0015785954544718,0.0,0.0,7.0,0.0,0.0,0.0,1.0
2025-06-09 08:00:00+00:00,106003.609375,106003.609375,105586.3984375,105638.8671875,0,0.0034418926127433,0.0034418926127433,0.0018637761424436,424365909.3333333,105839.28971354169,0.0034418926127433,0.0032117505456368,0.0055939446451536,1.0,1.0,8.0,0.0,0.0,0.0,1.0
2025-06-09 09:00:00+00:00,106713.3046875,106901.3984375,105892.7109375,105978.6015625,1928982528,0.006695010827314,0.006695010827314,0.0022342790787499,489682090.6666667,105901.03450520831,0.006695010827314,0.0096694457400641,0.0140820570850423,1.0,1.0,9.0,0.0,0.0,1.0,1.0
2025-06-09 10:00:00+00:00,107242.890625,107475.2578125,106639.828125,106677.328125,2283589632,0.0049626983163049,0.0049626983163049,0.0023977054052387,575505066.6666666,105977.24772135416,0.0049626983163049,0.0161171241446114,0.0173517855196074,1.0,1.0,10.0,0.0,0.0,1.0,1.0
2025-06-09 11:00:00+00:00,107774.4609375,107848.8515625,107228.8515625,107232.546875,1426690048,0.0049566951189217,0.0049566951189217,0.002517374663819,634950485.3333334,106063.42024739584,0.0049566951189217,0.021615989341821,0.0195649665874846,1.0,1.0,11.0,0.0,0.0,1.0,1.0
2025-06-09 12:00:00+00:00,107834.6484375,107961.0625,107617.6171875,107757.421875,505147392,0.0005584579080837,0.0005584579080837,0.0025169920735885,632433322.6666666,106149.97526041669,0.0005584579080837,0.019844988801742,0.0196423297499035,1.0,0.0,12.0,0.0,0.0,1.0,1.0
2025-06-09 13:00:00+00:00,107159.1875,107883.7109375,106962.0234375,107799.3125,0,-0.0062638581132064,0.0062638581132064,0.0028984091813013,632433322.6666666,106209.34440104169,-0.0062638581132064,0.0143807229756778,0.0134758446028571,0.0,1.0,13.0,0.0,0.0,1.0,1.0
2025-06-09 14:00:00+00:00,107630.5390625,107997.8359375,107218.4921875,107241.2109375,3133861888,0.0043986108283995,0.0043986108283995,0.0029987978002773,763010901.3333334,106282.103515625,0.0043986108283995,0.0153478706724461,0.0164917595433047,1.0,1.0,14.0,0.0,0.0,1.0,1.0
2025-06-09 15:00:00+00:00,107748.6796875,108021.890625,107640.0546875,107648.6640625,1607184384,0.0010976496636461,0.0010976496636461,0.002995419760789,777461418.6666666,106353.25911458331,0.0010976496636461,0.0097023984313109,0.0161044808679076,1.0,0.0,15.0,0.0,0.0,1.0,1.0
2025-06-09 16:00:00+00:00,107773.015625,108097.09375,107749.1875,107749.1875,0,0.0002258583359961,0.0002258583359961,0.0029850317957658,772623530.6666666,106417.03873697916,0.0002258583359961,0.0049432181183339,0.0144077346778423,1.0,0.0,16.0,0.0,0.0,1.0,1.0
2025-06-09 17:00:00+00:00,108397.203125,108429.796875,107764.484375,107764.484375,2169987072,0.0057916863175833,0.0057916863175833,0.0031566135613279,863039658.6666666,106508.7919921875,0.0057916863175833,0.0057781981193218,0.020736150788466,1.0,1.0,17.0,0.0,0.0,0.0,1.0
2025-06-09 18:00:00+00:00,108499.46875,108580.4921875,108390.765625,108402.1953125,0,0.0009434341666738,0.0009434341666738,0.0031527637067374,847688874.6666666,106597.72526041669,0.0009434341666738,0.0061651827323878,0.0200667233258922,1.0,0.0,18.0,0.0,0.0,0.0,1.0
2025-06-09 19:00:00+00:00,108602.9375,108806.828125,108442.0390625,108520.9921875,2122510336,0.0009536337015474,0.0009536337015474,0.0031442922445647,936126805.3333334,106692.09407552084,0.0009536337015474,0.0134729464984044,0.0212985925271511,1.0,0.0,19.0,0.0,0.0,0.0,1.0
2025-06-09 20:00:00+00:00,108753.6015625,108801.3828125,108549.59375,108641.0546875,506204160,0.0013872927009916,0.0013872927009916,0.0031109827909381,957218645.3333334,106798.48014322916,0.0013872927009916,0.0104344223282932,0.0240419731487726,1.0,0.0,20.0,0.0,0.0,0.0,1.0
2025-06-09 21:00:00+00:00,110035.6015625,110308.65625,108765.078125,108765.078125,4059193344,0.0117881153504901,0.0117881153504901,0.0038127153186323,1078504960.0,106950.71451822916,0.0117881153504901,0.0212245930217678,0.0343443985349667,1.0,1.0,21.0,0.0,0.0,0.0,0.0
2025-06-09 22:00:00+00:00,110192.8046875,110393.71875,109811.6484375,109998.421875,1260240896,0.0014286569325538,0.0014286569325538,0.0035367043456114,1119949141.3333333,107132.88997395831,0.0014286569325538,0.0224526431636629,0.041317202848335,1.0,0.0,22.0,0.0,0.0,0.0,0.0
2025-06-09 23:00:00+00:00,110295.875,110300.4765625,109934.1171875,110179.625,0,0.0009353633641715,0.0009353633641715,0.0035022047999078,1107286869.3333333,107322.7265625,0.0009353633641715,0.0175158751357313,0.0430876383315352,1.0,0.0,23.0,0.0,0.0,0.0,0.0
2025-06-10 00:00:00+00:00,109971.0234375,110324.0859375,109959.78125,110301.3984375,1619398656,-0.0029452739053024,0.0029452739053024,0.003617519575905,1126814720.0,107498.79231770831,-0.0029452739053024,0.0135627824214576,0.0399599066656017,0.0,0.0,0.0,1.0,0.0,0.0,0.0
2025-06-10 01:00:00+00:00,109815.7578125,109950.1953125,109697.3046875,109950.1953125,1238208512,-0.0014118776032692,0.0014118776032692,0.0036096704975797,1178406741.3333333,107675.51920572916,-0.0014118776032692,0.0111674724498129,0.0401749744995971,0.0,0.0,1.0,1.0,0.0,0.0,0.0
2025-06-10 02:00:00+00:00,109690.0234375,109818.3984375,109436.7890625,109818.3984375,0,-0.0011449574952137,0.0011449574952137,0.0036516063267548,1124813312.0,107843.26009114584,-0.0011449574952137,0.0086104907014215,0.0380997503664133,0.0,0.0,2.0,1.0,0.0,0.0,0.0
2025-06-10 03:00:00+00:00,109569.8359375,109691.0625,109444.7109375,109690.4453125,0,-0.0010957012883535,0.0010957012883535,0.0036829772877612,1124813312.0,108004.86458333331,-0.0010957012883535,-0.0042328629860349,0.0366965566741004,0.0,0.0,3.0,1.0,0.0,0.0,0.0
2025-06-10 04:00:00+00:00,109552.34375,109651.3125,109408.125,109593.71875,924565504,-0.0001596441881137,0.0001596441881137,0.0036484212117402,1136950101.3333333,108171.96809895831,-0.0001596441881137,-0.0058121847367104,0.0379989929943376,0.0,0.0,4.0,1.0,0.0,0.0,1.0
2025-06-10 05:00:00+00:00,109378.296875,109739.5859375,109241.9453125,109543.546875,137576448,-0.0015887097349297,0.0015887097349297,0.0036829002500853,1083607210.6666667,108333.8095703125,-0.0015887097349297,-0.0083192424467369,0.0368190757110604,0.0,0.0,5.0,1.0,0.0,0.0,1.0
2025-06-10 06:00:00+00:00,109547.21875,109635.3046875,109197.6640625,109347.3515625,0,0.0015443820193419,0.0015443820193419,0.0036791570717773,1083607210.6666667,108492.59733072916,0.0015443820193419,-0.0038537850631249,0.0360416034935964,1.0,0.0,6.0,1.0,0.0,0.0,1.0
2025-06-10 07:00:00+00:00,109268.703125,109521.421875,109131.2890625,109506.3515625,1776607232,-0.0025424253411271,0.0025424253411271,0.0037398843771273,1112497834.6666667,108643.79296875,-0.0025424253411271,-0.0049815682047565,0.0343496312395257,0.0,0.0,7.0,1.0,0.0,0.0,1.0
2025-06-10 08:00:00+00:00,109102.0703125,109425.0,109086.6796875,109265.1015625,0,-0.0015249820647122,0.0015249820647122,0.0037602090228888,1112497834.6666667,108772.8955078125,-0.0015249820647122,-0.005360133096653,0.0292297682670297,0.0,0.0,8.0,1.0,0.0,0.0,1.0
2025-06-10 09:00:00+00:00,109524.046875,109524.046875,109100.5703125,109100.5703125,303226880,0.0038677227782326,0.0038677227782326,0.0036225998483546,1044758016.0,108890.009765625,0.0038677227782326,-0.0004178984307882,0.0263391916849637,1.0,1.0,9.0,1.0,0.0,1.0,1.0
2025-06-10 10:00:00+00:00,109325.9453125,109542.109375,109307.78125,109537.921875,0,-0.0018087494769627,0.0018087494769627,0.0035712031410343,949608448.0,108976.8037109375,-0.0018087494769627,-0.0020665777631982,0.0194237088851314,0.0,0.0,10.0,1.0,0.0,1.0,1.0
2025-06-10 11:00:00+00:00,109551.453125,109853.6015625,109277.859375,109330.2109375,0,0.0020627108400974,0.0020627108400974,0.0034725246254679,890163029.3333334,109050.84505208331,0.0020627108400974,0.0015830951381323,0.0164880637958422,1.0,0.0,11.0,1.0,0.0,1.0,1.0
2025-06-10 12:00:00+00:00,109696.921875,109696.921875,109461.6875,109578.625,0,0.0013278577860031,0.0013278577860031,0.0034748333388315,869115221.3333334,109128.43977864584,0.0013278577860031,0.0013665625353906,0.0172697130698149,1.0,0.0,12.0,1.0,0.0,1.0,1.0
2025-06-10 13:00:00+00:00,109290.71875,109857.5546875,108930.375,109703.0234375,328900608,-0.0037029582786549,0.0037029582786549,0.0032852144388319,882819413.3333334,109217.25358072916,-0.0037029582786549,0.0002014815255455,0.0198912599071359,0.0,1.0,13.0,1.0,0.0,1.0,1.0
2025-06-10 14:00:00+00:00,108635.9609375,109329.375,108534.921875,109307.96875,838643712,-0.0059909736159549,0.0059909736159549,0.0034731499057985,787185322.6666666,109259.14615885416,-0.0059909736159549,-0.0042722321736419,0.0093414181863027,0.0,1.0,14.0,1.0,0.0,1.0,1.0
2025-06-10 15:00:00+00:00,109028.9765625,109189.7265625,108400.234375,108657.8359375,1153941504,0.0036177304605986,0.0036177304605986,0.0035329515388884,768300202.6666666,109312.49186197916,0.0036177304605986,-0.0045201974052787,0.0118822511673757,1.0,1.0,15.0,1.0,0.0,1.0,1.0
2025-06-10 16:00:00+00:00,108698.125,109223.703125,108698.125,109055.0390625,507117568,-0.0030345287365909,0.0030345287365909,0.0036058143258522,789430101.3333334,109351.0380859375,-0.0030345287365909,-0.0057426470057535,0.0085838683239498,0.0,0.0,16.0,1.0,0.0,1.0,1.0
2025-06-10 17:00:00+00:00,108736.859375,109047.9296875,108662.8515625,108726.578125,0,0.0003563481430797,0.0003563481430797,0.0034156650324277,699013973.3333334,109365.1904296875,0.0003563481430797,-0.0074357183475287,0.0031334410871128,1.0,0.0,17.0,1.0,0.0,0.0,1.0
2025-06-10 18:00:00+00:00,109378.1796875,109433.578125,108609.1875,108671.0078125,0,0.0058979109401007,0.0058979109401007,0.0036107398434639,699013973.3333334,109401.80338541669,0.0058979109401007,-0.0029056620919883,0.0080987579720293,1.0,1.0,18.0,1.0,0.0,0.0,1.0
2025-06-10 19:00:00+00:00,109439.390625,110336.6484375,109312.09375,109312.09375,2437554176,0.0005596265879985,0.0005596265879985,0.0036087349450601,712140800.0,109436.65559895831,0.0005596265879985,0.00136033394876,0.0077019383108307,1.0,0.0,19.0,1.0,0.0,0.0,1.0
2025-06-10 20:00:00+00:00,109977.2578125,109977.2578125,109306.703125,109473.953125,569237504,0.0049147494739167,0.0049147494739167,0.0037238385859992,714767189.3333334,109487.64127604169,0.0049147494739167,0.0123467115624049,0.0112516388645462,1.0,1.0,20.0,1.0,0.0,0.0,1.0
2025-06-10 21:00:00+00:00,109839.5390625,109986.2265625,109476.0703125,109974.796875,0,-0.0012522475349839,0.0012522475349839,0.0028498499885046,545634133.3333334,109479.47200520831,-0.0012522475349839,0.0074343768560951,-0.001781809679921,0.0,0.0,21.0,1.0,0.0,0.0,0.0
2025-06-10 22:00:00+00:00,109742.703125,110146.7890625,109649.4140625,109867.2734375,0,-0.0008816127446137,0.0008816127446137,0.0028359973922478,493124096.0,109460.7177734375,-0.0008816127446137,0.0096099001247722,-0.0040846728947181,0.0,0.0,22.0,1.0,0.0,0.0,0.0
2025-06-10 23:00:00+00:00,110272.2734375,110272.2734375,109619.359375,109725.0546875,0,0.004825562861312,0.004825562861312,0.0030076978204124,493124096.0,109459.734375,0.004825562861312,0.0141204562217933,-0.0002139840905202,1.0,1.0,23.0,1.0,0.0,0.0,0.0
2025-06-11 00:00:00+00:00,109818.015625,110259.0625,109818.015625,110250.765625,931225600,-0.0041194200349687,0.0041194200349687,0.0030665831131505,464450218.6666667,109453.35904947916,-0.0041194200349687,0.0040212402396586,-0.0013913466267498,0.0,1.0,0.0,2.0,0.0,0.0,0.0
2025-06-11 01:00:00+00:00,109612.796875,109829.8125,109580.390625,109829.8125,0,-0.001868716611132,0.001868716611132,0.0030767823000023,412858197.3333333,109444.90234375,-0.001868716611132,0.0015844957561412,-0.0018481950272248,0.0,0.0,1.0,2.0,0.0,0.0,0.0
2025-06-11 02:00:00+00:00,109691.453125,109814.9609375,109578.5078125,109621.6796875,0,0.0007175827297765,0.0007175827297765,0.0030720424813479,412858197.3333333,109444.9619140625,0.0007175827297765,-0.0025987617184206,1.3033888180524755e-05,1.0,0.0,2.0,2.0,0.0,0.0,0.0
2025-06-11 03:00:00+00:00,109733.734375,109841.515625,109652.9140625,109691.609375,0,0.0003854561936726,0.0003854561936726,0.0030638342153746,412858197.3333333,109451.791015625,0.0003854561936726,-0.0009632659459705,0.0014958353829559,1.0,0.0,3.0,2.0,0.0,0.0,0.0
2025-06-11 04:00:00+00:00,109582.7109375,109736.03125,109580.6875,109736.0,0,-0.00137627173959,0.00137627173959,0.0030777765379118,374334634.6666667,109453.05631510416,-0.00137627173959,-0.001457884514816,0.0002771934078316,0.0,0.0,4.0,2.0,0.0,0.0,1.0
2025-06-11 05:00:00+00:00,109527.5078125,109667.6484375,109488.453125,109597.8515625,432140288,-0.0005037576140225,0.0005037576140225,0.0030611032157702,386608128.0,109459.2734375,-0.0005037576140225,-0.0067538793006033,0.0013641731656375,0.0,0.0,5.0,2.0,0.0,0.0,1.0
2025-06-11 06:00:00+00:00,109611.7734375,109630.7578125,109375.0,109489.5,0,0.000769355814653,0.000769355814653,0.0030488407387908,386608128.0,109461.96321614584,0.000769355814653,-0.0018780360064442,0.0005892864121663,1.0,0.0,6.0,2.0,0.0,0.0,1.0
2025-06-11 07:00:00+00:00,109456.3515625,109707.9921875,109456.3515625,109609.3515625,0,-0.0014179304843436,0.0014179304843436,0.003016069871535,312582826.6666667,109469.78190104169,-0.0014179304843436,-0.0014272540885751,0.0017173118389199,0.0,0.0,7.0,2.0,0.0,0.0,1.0
2025-06-11 08:00:00+00:00,109597.2265625,109640.234375,109454.5234375,109454.5234375,0,0.001287042716014,0.001287042716014,0.0030057800292853,312582826.6666667,109490.41341145831,0.001287042716014,-0.0008590146252563,0.0045384679555733,1.0,0.0,8.0,2.0,0.0,0.0,1.0
2025-06-11 09:00:00+00:00,109253.6171875,109586.2265625,109245.8046875,109586.2265625,0,-0.003135201371214,0.003135201371214,0.0029732770879045,299948373.3333333,109479.1455078125,-0.003135201371214,-0.0043752925227101,-0.0024691352740886,0.0,1.0,9.0,2.0,0.0,1.0,1.0
2025-06-11 10:00:00+00:00,109359.2109375,109405.828125,109243.40625,109264.5859375,1064906752,0.0009665011806316,0.0009665011806316,0.0029578084394213,344319488.0,109480.53157552084,0.0009665011806316,-0.0020395553102119,0.0003042793264207,1.0,0.0,10.0,2.0,0.0,1.0,1.0
2025-06-11 11:00:00+00:00,109241.625,109378.828125,109196.6953125,109368.578125,0,-0.0010752266452178,0.0010752266452178,0.0029326899974176,344319488.0,109467.6220703125,-0.0010752266452178,-0.0026101462382345,-0.0028281516690288,0.0,0.0,11.0,2.0,0.0,1.0,1.0
2025-06-11 12:00:00+00:00,109624.5625,109823.9921875,109067.578125,109248.90625,1359851520,0.0035054174633524,0.0035054174633524,0.0030118501974415,400979968.0,109464.60709635416,0.0035054174633524,0.0001166759929058,-0.0006596299491653,1.0,1.0,12.0,2.0,0.0,1.0,1.0
2025-06-11 13:00:00+00:00,109640.390625,109867.40625,109333.0078125,109682.5234375,0,0.0001443848407605,0.0001443848407605,0.0029080762461533,387275776.0,109479.1767578125,0.0001443848407605,0.0016813922615985,0.0031994654166367,1.0,0.0,13.0,2.0,0.0,1.0,1.0
2025-06-11 14:00:00+00:00,109864.5390625,110350.59375,109646.921875,109673.5078125,508616704,0.0020443965606311,0.0020443965606311,0.0026201737484337,373524650.6666667,109530.36751302084,0.0020443965606311,0.002439044384463,0.0113091292643585,1.0,0.0,14.0,2.0,0.0,1.0,1.0
2025-06-11 15:00:00+00:00,109709.2734375,110037.5703125,109703.4609375,109878.6796875,0,-0.0014132460421253,0.0014132460421253,0.0025580708127214,325443754.6666667,109558.71321614584,-0.0014132460421253,0.0041706285039333,0.0062395969993356,0.0,0.0,15.0,2.0,0.0,1.0,1.0
2025-06-11 16:00:00+00:00,109439.1640625,109802.875,109418.234375,109744.3359375,20291584,-0.0024620468857072,0.0024620468857072,0.0025284897411729,305159338.6666667,109589.58984375,-0.0024620468857072,0.0007311055403069,0.0068174042790527,0.0,0.0,16.0,2.0,0.0,1.0,1.0
2025-06-11 17:00:00+00:00,109120.078125,109735.1328125,109099.484375,109442.59375,0,-0.0029156466995469,0.0029156466995469,0.0026113945135926,305159338.6666667,109605.55729166669,-0.0029156466995469,-0.0011126425023428,0.0035242764247807,0.0,1.0,17.0,2.0,0.0,0.0,1.0
2025-06-11 18:00:00+00:00,108862.140625,109037.6640625,108516.7578125,108989.15625,1899327488,-0.0023637950451659,0.0023637950451659,0.0023524285955539,384297984.0,109584.0556640625,-0.0023637950451659,-0.0069548453158022,-0.0047179342714822,0.0,1.0,18.0,2.0,0.0,0.0,1.0
2025-06-11 19:00:00+00:00,108727.84375,108959.0078125,108631.46875,108845.9609375,0,-0.0012336416887356,0.0012336416887356,0.0023559150823509,282733226.6666667,109554.40787760416,-0.0012336416887356,-0.0083230903301061,-0.0065017437591383,0.0,0.0,19.0,2.0,0.0,0.0,1.0
2025-06-11 20:00:00+00:00,108913.375,108995.546875,108520.3828125,108724.6171875,0,0.0017063821336014,0.0017063821336014,0.0021290851501491,259014997.3333333,109510.07942708331,0.0017063821336014,-0.0086576075466797,-0.009673661933941,1.0,0.0,20.0,2.0,0.0,0.0,1.0
2025-06-11 21:00:00+00:00,108516.9140625,109195.5,108454.7109375,108921.5546875,0,-0.0036401492240967,0.0036401492240967,0.0022241800487604,259014997.3333333,109454.97005208331,-0.0036401492240967,-0.0108683554055188,-0.0120414288997281,0.0,1.0,21.0,2.0,0.0,0.0,0.0
2025-06-11 22:00:00+00:00,108439.65625,108634.7109375,108160.1953125,108501.0,1349865472,-0.0007119425867151,0.0007119425867151,0.0022231913220291,315259392.0,109400.67643229169,-0.0007119425867151,-0.0091329993340335,-0.0118736539003945,0.0,0.0,22.0,2.0,0.0,0.0,0.0
2025-06-11 23:00:00+00:00,108683.1328125,108704.6328125,108374.859375,108374.859375,0,0.0022452723562558,0.0022452723562558,0.0020065281198904,315259392.0,109334.46223958331,0.0022452723562558,-0.0040042613605854,-0.0144110625043084,1.0,1.0,23.0,2.0,0.0,0.0,0.0
2025-06-12 00:00:00+00:00,108724.734375,108775.78125,108392.078125,108687.65625,0,0.0003827784627057,0.0003827784627057,0.0018692127021319,276458325.3333333,109288.90885416669,0.0003827784627057,-0.0012622041897313,-0.0099553906868365,1.0,0.0,0.0,3.0,0.0,0.0,0.0
2025-06-12 01:00:00+00:00,108487.7578125,108726.78125,108297.9453125,108726.78125,840458240,-0.002179601209074,0.002179601209074,0.0018807654721241,311477418.6666667,109242.0322265625,-0.002179601209074,-0.0022081366577271,-0.0102637565555686,0.0,1.0,1.0,3.0,0.0,0.0,0.0
2025-06-12 02:00:00+00:00,108452.0546875,108750.4453125,108442.6484375,108503.2109375,0,-0.0003290981924587,0.0003290981924587,0.0018651147670885,311477418.6666667,109190.390625,-0.0003290981924587,-0.004235662630967,-0.0112989517614251,0.0,0.0,2.0,3.0,0.0,0.0,0.0
2025-06-12 03:00:00+00:00,107871.3515625,108434.640625,107752.53125,108392.9140625,2030096384,-0.0053544686329205,0.0053544686329205,0.002103238334997,396064768.0,109112.79134114584,-0.0053544686329205,-0.0059489574097931,-0.0169718348063828,0.0,1.0,3.0,3.0,0.0,0.0,0.0
2025-06-12 04:00:00+00:00,107735.1796875,107885.2578125,107447.046875,107879.8828125,936202240,-0.0012623543974148,0.0012623543974148,0.0021017993898568,435073194.6666667,109035.81087239584,-0.0012623543974148,-0.0064964846520343,-0.0168596965177629,0.0,0.0,4.0,3.0,0.0,0.0,1.0
2025-06-12 05:00:00+00:00,107740.90625,107924.7421875,107619.890625,107736.7109375,945889280,5.315406273620482e-05,5.315406273620482e-05,0.002107197861249,456479402.6666667,108961.369140625,5.315406273620482e-05,-0.0086694829097863,-0.0163118982453109,1.0,0.0,5.0,3.0,0.0,0.0,1.0
2025-06-12 06:00:00+00:00,107927.96875,107996.578125,107681.4765625,107758.2265625,64741376,0.0017362254180963,0.0017362254180963,0.0021450720007024,459176960.0,108891.21061197916,0.0017362254180963,-0.0073282830220756,-0.0153615312907978,1.0,0.0,6.0,3.0,0.0,0.0,1.0
2025-06-12 07:00:00+00:00,107611.703125,107957.890625,107488.484375,107917.9296875,0,-0.0029303398244489,0.0029303398244489,0.0021905720748047,459176960.0,108814.35026041669,-0.0029303398244489,-0.0080751478799486,-0.0168528222544188,0.0,1.0,7.0,3.0,0.0,0.0,1.0
2025-06-12 08:00:00+00:00,107724.859375,107828.359375,107467.015625,107630.8828125,734081024,0.001051523642076,0.001051523642076,0.0021817670327526,489763669.3333333,108736.3349609375,0.001051523642076,-0.0067052239313988,-0.0170840745357022,1.0,0.0,8.0,3.0,0.0,0.0,1.0
2025-06-12 09:00:00+00:00,107529.9921875,107762.2265625,107521.4921875,107729.6328125,0,-0.0018089342481446,0.0018089342481446,0.0021340885576872,489763669.3333333,108664.51725260416,-0.0018089342481446,-0.0031645044773748,-0.0157763655279433,0.0,0.0,9.0,3.0,0.0,1.0,1.0
2025-06-12 10:00:00+00:00,107310.1796875,107530.046875,107247.734375,107521.5703125,0,-0.0020441971168072,0.0020441971168072,0.0021227686987123,445392554.6666667,108579.14095052084,-0.0020441971168072,-0.0039448581348522,-0.0187367047771681,0.0,0.0,10.0,3.0,0.0,1.0,1.0
2025-06-12 11:00:00+00:00,106926.75,107327.1328125,106926.75,107327.1328125,584732672,-0.0035730970595388,0.0035730970595388,0.0021975035839672,469756416.0,108482.68782552084,-0.0035730970595388,-0.0075566122314847,-0.0211904116219435,0.0,1.0,11.0,3.0,0.0,1.0,1.0
2025-06-12 12:00:00+00:00,106977.46875,107398.25,106894.0078125,106926.4140625,0,0.0004743317270936,0.0004743317270936,0.0020133053378196,413095936.0,108372.39225260416,0.0004743317270936,-0.0088067996739723,-0.0241469036649518,1.0,0.0,12.0,3.0,0.0,1.0,1.0
2025-06-12 13:00:00+00:00,106952.6640625,107188.28125,106642.8046875,107000.3125,0,-0.0002318683344243,0.0002318683344243,0.0020053258465124,413095936.0,108260.40364583331,-0.0002318683344243,-0.0061242322476252,-0.0245140184851471,0.0,0.0,13.0,3.0,0.0,1.0,1.0
2025-06-12 14:00:00+00:00,107591.7421875,107710.390625,107057.234375,107057.234375,0,0.0059753361975773,0.0059753361975773,0.0023909505842229,391903573.3333333,108165.70377604169,0.0059753361975773,-0.0012357146555801,-0.0206872653760195,1.0,1.0,14.0,3.0,0.0,1.0,1.0
2025-06-12 15:00:00+00:00,107038.265625,107791.2421875,106926.3828125,107607.859375,102367232,-0.0051442290202482,0.0051442290202482,0.0025443241250039,396168874.6666667,108054.41178385416,-0.0051442290202482,-0.0045729247486838,-0.024346235544269,0.0,1.0,15.0,3.0,0.0,1.0,1.0
2025-06-12 16:00:00+00:00,107686.2734375,107723.7265625,107027.0234375,107027.0234375,476368896,0.0060539827389416,0.0060539827389416,0.0029034422859061,415172096.0,107981.37467447916,0.0060539827389416,0.003504735068893,-0.0160170322938407,1.0,1.0,16.0,3.0,0.0,1.0,1.0
2025-06-12 17:00:00+00:00,108291.40625,108430.4921875,107729.328125,107734.0,1361305600,0.0056194052703588,0.0056194052703588,0.0031300960490312,471893162.6666667,107946.8466796875,0.0056194052703588,0.0127625336971337,-0.0075941283147793,1.0,1.0,17.0,3.0,0.0,0.0,1.0
2025-06-12 18:00:00+00:00,107499.3125,108408.765625,107323.3515625,108311.171875,0,-0.0073144654541781,0.0073144654541781,0.003420762546835,392754517.3333333,107890.06217447916,-0.0073144654541781,0.0048780715799092,-0.0125188437153239,0.0,1.0,18.0,3.0,0.0,0.0,1.0
2025-06-12 19:00:00+00:00,106767.78125,107858.171875,106716.9375,107571.671875,76668928,-0.0068049853807204,0.0068049853807204,0.0036525446399838,395949056.0,107808.39290364584,-0.0068049853807204,-0.0017286414893972,-0.0180272360087155,0.0,1.0,19.0,3.0,0.0,0.0,1.0
2025-06-12 20:00:00+00:00,106032.4375,106961.7890625,105856.2109375,106816.0,3259113472,-0.0068873188277479,0.0068873188277479,0.0038185939038038,531745450.6666667,107688.35384114584,-0.0068873188277479,-0.0144927915079449,-0.0264516410404139,0.0,1.0,20.0,3.0,0.0,0.0,1.0
2025-06-12 21:00:00+00:00,106039.7890625,106442.8984375,105947.5390625,106005.6328125,932663296,6.933314628354559e-05,6.933314628354559e-05,0.0037866433976265,570606421.3333334,107585.14029947916,6.933314628354559e-05,-0.0093282206757542,-0.0228270866472788,1.0,0.0,21.0,3.0,0.0,0.0,0.0
2025-06-12 22:00:00+00:00,105914.1875,106242.4921875,105792.265625,105943.6484375,0,-0.0011844757860275,0.0011844757860275,0.0037865541442136,514362026.6666667,107479.91243489584,-0.0011844757860275,-0.0164560057742967,-0.0232891622616149,0.0,0.0,22.0,3.0,0.0,0.0,0.0
2025-06-12 23:00:00+00:00,105938.03125,106135.796875,105862.7734375,105932.296875,170446848,0.0002251232867174,0.0002251232867174,0.0037339565658292,521463978.6666667,107365.533203125,0.0002251232867174,-0.0217318721909201,-0.0252578435260588,1.0,0.0,23.0,3.0,0.0,0.0,0.0
2025-06-13 00:00:00+00:00,103938.2109375,105729.953125,103347.8515625,105729.953125,6841090048,-0.018877265217254,0.018877265217254,0.0051946628685312,806509397.3333334,107166.0947265625,-0.018877265217254,-0.0331267380198361,-0.0440242366653287,0.0,1.0,0.0,4.0,0.0,0.0,0.0
2025-06-13 01:00:00+00:00,103822.375,103869.75,102850.0,103869.75,4050804736,-0.0011144692260448,0.0011144692260448,0.0051963738354405,940273834.6666666,106971.70377604169,-0.0011144692260448,-0.0275870324878555,-0.0430037720989976,0.0,0.0,1.0,4.0,0.0,0.0,0.0
2025-06-13 02:00:00+00:00,103693.359375,103968.109375,103170.875,103783.6640625,1455370240,-0.0012426572306788,0.0012426572306788,0.0051883420164918,1000914261.3333334,106773.4248046875,-0.0012426572306788,-0.0220600240846109,-0.043878332468776,0.0,0.0,2.0,4.0,0.0,0.0,0.0
2025-06-13 03:00:00+00:00,104419.1640625,104570.09375,103685.3984375,103718.7421875,0,0.0069995291103952,0.0069995291103952,0.005433104386595,916326912.0,106629.58365885416,0.0069995291103952,-0.0152831782704208,-0.0320028204893662,1.0,1.0,3.0,4.0,0.0,0.0,0.0
2025-06-13 04:00:00+00:00,104493.46875,104553.0546875,103863.8671875,104375.6171875,51273728,0.0007116000991496,0.0007116000991496,0.0054492498951369,879454890.6666666,106494.51236979169,0.0007116000991496,-0.0134138662962409,-0.0300896229709088,1.0,0.0,4.0,4.0,0.0,0.0,1.0
2025-06-13 05:00:00+00:00,104097.5234375,104490.2734375,104097.5234375,104478.2734375,1319014400,-0.0037891871830506,0.0037891871830506,0.0054654771615081,895001770.6666666,106342.70475260416,-0.0037891871830506,-0.0173734379503112,-0.0338161515371512,0.0,0.0,5.0,4.0,0.0,0.0,1.0
2025-06-13 06:00:00+00:00,104669.3046875,104669.3046875,103897.734375,104084.0234375,0,0.0054927459474412,0.0054927459474412,0.0056115724624342,892304213.3333334,106206.92708333331,0.0054927459474412,0.0070339266320411,-0.030192952765082,1.0,0.0,6.0,4.0,0.0,0.0,1.0
2025-06-13 07:00:00+00:00,104945.40625,104954.6015625,104442.34375,104726.9140625,1979658240,0.0026378465331773,0.0026378465331773,0.0056545153238498,974789973.3333334,106095.83138020831,0.0026378465331773,0.0108168518587636,-0.0247770158595378,1.0,0.0,7.0,4.0,0.0,0.0,1.0
2025-06-13 08:00:00+00:00,104830.21875,105424.1484375,104770.9375,104939.3671875,1285545984,-0.0010975944933273,0.0010975944933273,0.0056371181381191,997767680.0,105975.22135416669,-0.0010975944933273,0.0109636661581058,-0.0268706837195628,0.0,0.0,8.0,4.0,0.0,0.0,1.0
2025-06-13 09:00:00+00:00,104892.1953125,104937.140625,104570.390625,104781.9609375,716546048,0.0005912089399318,0.0005912089399318,0.0056456293198057,1027623765.3333334,105865.31315104169,0.0005912089399318,0.0045301191045434,-0.0245308013265775,1.0,0.0,9.0,4.0,0.0,1.0,1.0
2025-06-13 10:00:00+00:00,104925.75,104925.75,104496.8984375,104883.625,0,0.00031989689414,0.00031989689414,0.0056475874733371,1027623765.3333334,105765.9619140625,0.00031989689414,0.004136921237003,-0.0222199766549989,1.0,0.0,10.0,4.0,0.0,1.0,1.0
2025-06-13 11:00:00+00:00,105022.0546875,105079.5390625,104685.8671875,104921.78125,0,0.0009178365415543,0.0009178365415543,0.0056302490592297,1003259904.0,105686.599609375,0.0009178365415543,0.0088813952481308,-0.017813085242935,1.0,0.0,11.0,4.0,0.0,1.0,1.0
2025-06-13 12:00:00+00:00,104874.90625,105291.7734375,104874.90625,105064.984375,0,-0.0014011193928537,0.0014011193928537,0.0056257717466487,1003259904.0,105598.99283854169,-0.0014011193928537,0.0019642966303621,-0.0196542554667615,0.0,0.0,12.0,4.0,0.0,1.0,1.0
2025-06-13 13:00:00+00:00,104727.359375,105286.4921875,104727.359375,104882.3515625,32669696,-0.0014068844519229,0.0014068844519229,0.0056256210508647,1004621141.3333334,105506.27180989584,-0.0014068844519229,-0.0020777171940291,-0.0208064446735015,0.0,0.0,13.0,4.0,0.0,1.0,1.0
2025-06-13 14:00:00+00:00,104970.5859375,104970.5859375,104197.9765625,104738.671875,0,0.0023224739356701,0.0023224739356701,0.005480170321825,1004621141.3333334,105397.05696614584,0.0023224739356701,0.0013389954649885,-0.0243620578745914,1.0,0.0,14.0,4.0,0.0,1.0,1.0
2025-06-13 15:00:00+00:00,105454.7890625,105705.8671875,104920.296875,105006.53125,3553067008,0.0046127505212583,0.0046127505212583,0.0055220930463611,1148400298.6666667,105331.07877604169,0.0046127505212583,0.0053635425240543,-0.0147935558676518,1.0,0.0,15.0,4.0,0.0,1.0,1.0
2025-06-13 16:00:00+00:00,105813.7578125,105993.2265625,105388.40625,105478.0,0,0.0034040061451097,0.0034040061451097,0.005408456957994,1128551594.6666667,105253.05729166669,0.0034040061451097,0.0084632019547155,-0.0173886194147742,1.0,0.0,16.0,4.0,0.0,1.0,1.0
2025-06-13 17:00:00+00:00,105451.609375,105825.4296875,104938.7578125,105825.4296875,723443712,-0.0034225080460871,0.0034225080460871,0.0052608237372172,1101974016.0,105134.732421875,-0.0034225080460871,0.0040901379122524,-0.0262236586755931,0.0,0.0,17.0,4.0,0.0,0.0,1.0
2025-06-13 18:00:00+00:00,105100.703125,105494.375,104716.9765625,105425.3515625,0,-0.0033276519161706,0.0033276519161706,0.0051168140197582,1101974016.0,105034.79036458331,-0.0033276519161706,0.0021530114597838,-0.0223127880469002,0.0,0.0,18.0,4.0,0.0,0.0,1.0
2025-06-13 19:00:00+00:00,105108.0625,105424.453125,104958.1171875,105172.9609375,460849152,7.002212907414318e-05,7.002212907414318e-05,0.0049635942651854,1117981525.3333333,104965.63541666669,7.002212907414318e-05,0.0036351830817848,-0.0155451272899801,1.0,0.0,19.0,4.0,0.0,0.0,1.0
2025-06-13 20:00:00+00:00,105452.4296875,105530.7578125,105088.9140625,105099.28125,0,0.0032763156251691,0.0032763156251691,0.004839492202085,982185130.6666666,104941.46842447916,0.0032763156251691,0.0045902739867231,-0.0054700978886768,1.0,0.0,20.0,4.0,0.0,0.0,1.0
2025-06-13 21:00:00+00:00,105676.03125,105781.796875,105363.390625,105458.9140625,0,0.0021204021866791,0.0021204021866791,0.004862826164736,943324160.0,104926.31184895831,0.0021204021866791,0.0020979814142805,-0.0034303898160868,1.0,0.0,21.0,4.0,0.0,0.0,0.0
2025-06-13 22:00:00+00:00,105799.8515625,105887.9453125,105595.421875,105649.953125,0,0.0011716972243882,0.0011716972243882,0.0048644327626472,943324160.0,104921.5478515625,0.0011716972243882,-0.0001314219463279,-0.0010795148430893,1.0,0.0,22.0,4.0,0.0,0.0,0.0
2025-06-13 23:00:00+00:00,106087.9375,106157.7890625,105799.5390625,105799.5390625,737976320,0.0027229332862515,0.0027229332862515,0.0048968211070025,966971221.3333334,104927.7939453125,0.0027229332862515,0.0060343140211083,0.0014150371517311,1.0,0.0,23.0,4.0,0.0,0.0,0.0
2025-06-14 00:00:00+00:00,105807.640625,106200.0,105799.9140625,106109.46875,0,-0.0026421182427078,0.0026421182427078,0.0028656268645686,681925802.6666666,105005.68684895831,-0.0026421182427078,0.0067262870654558,0.0179859713827874,0.0,0.0,0.0,5.0,1.0,0.0,0.0
2025-06-14 01:00:00+00:00,105544.5859375,105825.9296875,105501.0,105825.9296875,0,-0.002486159656771,0.002486159656771,0.0029175745524391,513142272.0,105077.44563802084,-0.002486159656771,0.0041530918477352,0.0165880518289049,0.0,0.0,1.0,5.0,1.0,0.0,0.0
2025-06-14 02:00:00+00:00,105420.625,105631.53125,105384.2265625,105529.8671875,0,-0.0011744888323632,0.0011744888323632,0.0029156439844977,452501845.3333333,105149.4150390625,-0.0011744888323632,-0.0003016022257074,0.0166574372304157,0.0,0.0,2.0,5.0,1.0,0.0,0.0
2025-06-14 03:00:00+00:00,105298.625,105457.6171875,105266.6171875,105423.2421875,0,-0.0011572687982072,0.0011572687982072,0.0026076455884896,452501845.3333333,105186.05924479169,-0.0011572687982072,-0.0035713514742728,0.0084224092904401,0.0,0.0,3.0,5.0,1.0,0.0,0.0
2025-06-14 04:00:00+00:00,105410.1328125,105442.390625,105291.8984375,105291.8984375,0,0.0010589674129173,0.0010589674129173,0.0026106860414849,450365440.0,105224.25358072916,0.0010589674129173,-0.0036835472285117,0.00877245318263,1.0,0.0,4.0,5.0,1.0,0.0,0.0
2025-06-14 05:00:00+00:00,105354.5,105415.984375,105313.90625,105414.0703125,0,-0.0005277748069908,0.0005277748069908,0.0024657880178568,395406506.6666667,105276.62760416669,-0.0005277748069908,-0.0069134862764204,0.012074990076538,0.0,0.0,5.0,5.0,1.0,0.0,0.0
2025-06-14 06:00:00+00:00,105184.828125,105363.3984375,105184.828125,105348.125,0,-0.0016104853138688,0.0016104853138688,0.0022584292497899,395406506.6666667,105298.10774739584,-0.0016104853138688,-0.00588627150479,0.0049252590244976,0.0,0.0,6.0,5.0,1.0,0.0,0.0
2025-06-14 07:00:00+00:00,105136.234375,105198.6953125,104892.84375,105191.96875,0,-0.0004619844027529,0.0004619844027529,0.0022012923623319,312920746.6666667,105306.05891927084,-0.0004619844027529,-0.0038689958264823,0.0018183561512488,0.0,0.0,7.0,5.0,1.0,0.0,0.0
2025-06-14 08:00:00+00:00,105171.1953125,105171.1953125,104938.96875,105128.2421875,0,0.0003325298619247,0.0003325298619247,0.0021873978309003,259356330.66666663,105320.26627604169,0.0003325298619247,-0.0023660425794288,0.0032526552607237,1.0,0.0,8.0,5.0,1.0,0.0,0.0
2025-06-14 09:00:00+00:00,104919.8671875,105167.1796875,104912.7109375,105167.1796875,0,-0.0023897049401522,0.0023897049401522,0.0022444097477566,229500245.3333333,105321.41927083331,-0.0023897049401522,-0.0035969872588554,0.0002638125259706,0.0,1.0,9.0,5.0,1.0,0.0,0.0
2025-06-14 10:00:00+00:00,105056.8671875,105150.0390625,104893.0234375,104927.1796875,289067008,0.0013057584199489,0.0013057584199489,0.0022592358654132,241544704.0,105326.88248697916,0.0013057584199489,-0.0033513440840491,0.0012496187780406,1.0,0.0,10.0,5.0,1.0,0.0,0.0
2025-06-14 11:00:00+00:00,105146.5625,105146.5625,105002.4296875,105060.2109375,0,0.0008537786715065,0.0008537786715065,0.0022582091500337,241544704.0,105332.0703125,0.0008537786715065,-0.0019736935773981,0.0011855396742186,1.0,0.0,11.0,5.0,1.0,0.0,0.0
2025-06-14 12:00:00+00:00,105066.59375,105145.125,104854.96875,105142.6015625,8396800,-0.0007605455480297,0.0007605455480297,0.0022440308738438,241894570.66666663,105340.05729166669,-0.0007605455480297,-0.0011240630146724,0.0018277727900233,0.0,0.0,12.0,5.0,1.0,0.0,0.0
2025-06-14 13:00:00+00:00,105068.9296875,105169.5546875,104969.3984375,105092.328125,0,2.2232923107434743e-05,2.2232923107434743e-05,0.0022217522240538,240533333.3333333,105354.28938802084,2.2232923107434743e-05,-0.0006401664269232,0.0032615193826948,1.0,0.0,13.0,5.0,1.0,0.0,0.0
2025-06-14 14:00:00+00:00,104967.0,105118.234375,104934.1640625,105062.078125,0,-0.0009701220694182,0.0009701220694182,0.0021823085390952,240533333.3333333,105354.13997395831,-0.0009701220694182,-0.0019415516947702,-3.4161355468964594e-05,0.0,0.0,14.0,5.0,1.0,0.0,0.0
2025-06-14 15:00:00+00:00,104866.84375,105024.6796875,104736.84375,104965.9296875,0,-0.0009541689292825,0.0009541689292825,0.0019547941879179,92488874.66666669,105329.64225260416,-0.0009541689292825,-0.0005053708027026,-0.0055753306011692,0.0,0.0,15.0,5.0,1.0,0.0,0.0
2025-06-14 16:00:00+00:00,104494.4140625,104957.0703125,104438.7109375,104867.0703125,0,-0.0035514531970454,0.0035514531970454,0.001907457730363,92488874.66666669,105274.66959635416,-0.0035514531970454,-0.0053537968536236,-0.0124685464090392,0.0,1.0,16.0,5.0,1.0,0.0,0.0
2025-06-14 17:00:00+00:00,104657.3046875,104779.109375,104467.5703125,104496.6953125,119144448,0.0015588452881565,0.0015588452881565,0.0018480926254597,67309738.66666667,105241.57356770831,0.0015588452881565,-0.0046531032576552,-0.0075324093411921,1.0,0.0,17.0,5.0,1.0,0.0,0.0
2025-06-14 18:00:00+00:00,104915.703125,104993.15625,104447.9765625,104660.6640625,0,0.0024689957215271,0.0024689957215271,0.0018155209100523,67309738.66666667,105233.865234375,0.0024689957215271,-0.0014361427320945,-0.0017602165779991,1.0,1.0,18.0,5.0,1.0,0.0,0.0
2025-06-14 19:00:00+00:00,104736.453125,105075.875,104736.453125,104941.0546875,0,-0.0017085144993637,0.0017085144993637,0.0018455293200434,48107690.66666666,105218.38151041669,-0.0017085144993637,-0.0031643661307758,-0.0035354982877741,0.0,0.0,19.0,5.0,1.0,0.0,0.0
2025-06-14 20:00:00+00:00,104908.3203125,105030.7265625,104415.859375,104714.40625,842174464,0.0016409490905222,0.0016409490905222,0.0017409048192298,83198293.33333333,105195.71028645831,0.0016409490905222,-0.000559029861766,-0.0051597613882622,1.0,0.0,20.0,5.0,1.0,0.0,0.0
2025-06-14 21:00:00+00:00,105445.15625,105445.15625,104920.875,104943.15625,0,0.0051171912380341,0.0051171912380341,0.0020033193503581,83198293.33333333,105186.09049479169,0.0051171912380341,0.0055147316284132,-0.0021847432882279,1.0,1.0,21.0,5.0,1.0,0.0,0.0
2025-06-14 22:00:00+00:00,105417.4921875,105523.34375,105358.3515625,105388.8984375,895356928,-0.0002623549860784,0.0002623549860784,0.0019853819432251,120504832.0,105170.15885416669,-0.0002623549860784,0.0088337556919348,-0.0036139878209009,0.0,0.0,22.0,5.0,1.0,0.0,0.0
2025-06-14 23:00:00+00:00,105474.4609375,105532.2734375,105407.9921875,105454.5390625,0,0.0005404107877911,0.0005404107877911,0.0018960949982057,89755818.66666667,105144.59733072916,0.0005404107877911,0.0078079237033665,-0.0057827174036633,1.0,0.0,23.0,5.0,1.0,0.0,0.0
2025-06-15 00:00:00+00:00,105707.3828125,105707.3828125,105382.4453125,105473.734375,0,0.0022083248677422,0.0022083248677422,0.0018873938353328,89755818.66666667,105140.419921875,0.0022083248677422,0.0075458645743122,-0.0009475479455716,1.0,1.0,0.0,6.0,1.0,0.0,0.0
2025-06-15 01:00:00+00:00,105475.3046875,105710.328125,105463.3515625,105698.859375,0,-0.0021954769745047,0.0021954769745047,0.0018718678959858,89755818.66666667,105137.533203125,-0.0021954769745047,0.0070543878511735,-0.0006564169008254,0.0,1.0,1.0,6.0,1.0,0.0,0.0
2025-06-15 02:00:00+00:00,105538.1953125,105658.6171875,105478.140625,105478.140625,0,0.0005962592398887,0.0005962592398887,0.0018594746948541,89755818.66666667,105142.43196614584,0.0005962592398887,0.0060040519009716,0.0011152496250139,1.0,0.0,2.0,6.0,1.0,0.0,0.0
2025-06-15 03:00:00+00:00,105531.8359375,105610.0546875,105528.0703125,105536.8828125,0,-6.025662065922699e-05,6.025662065922699e-05,0.001841957209311,89755818.66666667,105152.14908854169,-6.025662065922699e-05,0.0008220357442925,0.0022147576713371,0.0,0.0,3.0,6.0,1.0,0.0,0.0
2025-06-15 04:00:00+00:00,105606.6875,105618.2890625,105526.4140625,105526.4140625,0,0.0007092794495144,0.0007092794495144,0.0018353618753915,89755818.66666667,105160.3388671875,0.0007092794495144,0.0017947240877584,0.0018646659695384,1.0,0.0,4.0,6.0,1.0,0.0,0.0
2025-06-15 05:00:00+00:00,106047.515625,106047.515625,105555.609375,105611.65625,304648192,0.0041742444104213,0.0041742444104213,0.002010365840299,102449493.33333331,105189.21451822916,0.0041742444104213,0.0054331132143881,0.0065779404296921,1.0,1.0,5.0,6.0,1.0,0.0,0.0
2025-06-15 06:00:00+00:00,105514.8984375,106114.59375,105499.875,106114.59375,1314969600,-0.0050224390864884,0.0050224390864884,0.0022552348418393,157239893.33333334,105202.96744791669,-0.0050224390864884,-0.0018209170436224,0.0031380030597925,0.0,1.0,6.0,6.0,1.0,0.0,0.0
2025-06-15 07:00:00+00:00,105487.625,105509.171875,105285.7734375,105509.171875,0,-0.0002584794934542,0.0002584794934542,0.0022532822853876,157239893.33333334,105217.60872395831,-0.0002584794934542,0.0001168075554416,0.0033422409228265,0.0,0.0,7.0,6.0,1.0,0.0,0.0
2025-06-15 08:00:00+00:00,105193.8515625,105512.1328125,105192.6640625,105473.9921875,847810560,-0.002784909011839,0.002784909011839,0.0023303267277661,192565333.3333333,105218.552734375,-0.002784909011839,-0.0032627405554964,0.0002154225777568,0.0,1.0,8.0,6.0,1.0,0.0,0.0
2025-06-15 09:00:00+00:00,104975.1953125,105216.734375,104922.46875,105216.734375,0,-0.0020786029482919,0.0020786029482919,0.0023172170883665,192565333.3333333,105220.85807291669,-0.0020786029482919,-0.0052746227719345,0.0005273369713776,0.0,0.0,9.0,6.0,1.0,0.0,0.0
2025-06-15 10:00:00+00:00,105144.46875,105199.359375,104964.6328125,104964.6328125,1024249856,0.0016125089074241,0.0016125089074241,0.0023254227300176,223197952.0,105224.50813802084,0.0016125089074241,-0.0043767943199619,0.000833848989078,1.0,0.0,10.0,6.0,1.0,0.0,0.0
2025-06-15 11:00:00+00:00,104985.6171875,105195.5390625,104953.4921875,105166.0546875,0,-0.0015107933340525,0.0015107933340525,0.0023393763282116,223197952.0,105217.80208333331,-0.0015107933340525,-0.0100134211654239,-0.0015306759315122,0.0,0.0,11.0,6.0,1.0,0.0,0.0
2025-06-15 12:00:00+00:00,105298.8828125,105307.984375,104998.0390625,105008.6953125,0,0.0029838908737425,0.0029838908737425,0.0024143681711023,222848085.3333333,105227.48079427084,0.0029838908737425,-0.0020472523615037,0.0022108745911446,1.0,1.0,12.0,6.0,1.0,0.0,0.0
2025-06-15 13:00:00+00:00,105562.2890625,105668.7734375,105303.8671875,105322.40625,485896192,0.0025015103955949,0.0025015103955949,0.0024636645661396,243093760.0,105248.03743489584,0.0025015103955949,0.0007077992560737,0.0046955781929765,1.0,1.0,13.0,6.0,1.0,0.0,0.0
2025-06-15 14:00:00+00:00,105730.765625,105822.71875,105361.2421875,105563.671875,497946624,0.0015959919398891,0.0015959919398891,0.0024664415821327,263841536.0,105279.86100260416,0.0015959919398891,0.005104044148255,0.0072762451532386,1.0,0.0,14.0,6.0,1.0,0.0,0.0
2025-06-15 15:00:00+00:00,105582.1953125,105830.3828125,105582.1953125,105683.28125,0,-0.0014051757936468,0.0014051757936468,0.0024781430562897,263841536.0,105309.66731770831,-0.0014051757936468,0.0057823183676202,0.0068215227703942,0.0,0.0,15.0,6.0,1.0,0.0,0.0
2025-06-15 16:00:00+00:00,105560.125,105679.796875,105379.2734375,105591.0234375,578224128,-0.0002090344156481,0.0002090344156481,0.0023433467781751,287934208.0,105354.07194010416,-0.0002090344156481,0.0039531917840422,0.0101987359521684,0.0,0.0,16.0,6.0,1.0,0.0,0.0
2025-06-15 17:00:00+00:00,105711.9296875,105787.3671875,105520.6328125,105593.5625,0,0.0014380874170052,0.0014380874170052,0.0023409359205035,282969856.0,105398.0146484375,0.0014380874170052,0.0069182095553417,0.0100769363700798,1.0,0.0,17.0,6.0,1.0,0.0,0.0
2025-06-15 18:00:00+00:00,105531.1875,105711.609375,105510.5625,105711.609375,0,-0.00170976150028,0.00170976150028,0.0023373481940472,282969856.0,105423.65983072916,-0.00170976150028,0.0022061457946676,0.0058664657116838,0.0,0.0,18.0,6.0,1.0,0.0,0.0
2025-06-15 19:00:00+00:00,105300.0078125,105576.9296875,105132.984375,105521.6015625,0,-0.0021906290735144,0.0021906290735144,0.0023568699439038,282969856.0,105447.14127604169,-0.0021906290735144,-0.0024846112407121,0.0053806928789865,0.0,0.0,19.0,6.0,1.0,0.0,0.0
2025-06-15 20:00:00+00:00,104704.671875,105288.46875,104645.3046875,105288.46875,1058914304,-0.0056537121873729,0.0056537121873729,0.0026219564977655,292000682.6666667,105438.65592447916,-0.0056537121873729,-0.0097047793415143,-0.0019412038710883,0.0,1.0,20.0,6.0,1.0,0.0,0.0
2025-06-15 21:00:00+00:00,104788.0078125,104826.1484375,104539.46875,104732.96875,0,0.0007959142224283,0.0007959142224283,0.0023876097467381,292000682.6666667,105411.27473958331,0.0007959142224283,-0.007521983206064,-0.0062321348923981,1.0,0.0,21.0,6.0,1.0,0.0,0.0
2025-06-15 22:00:00+00:00,105290.2265625,105366.09375,104787.453125,104805.75,477040640,0.004792712071582,0.004792712071582,0.002600649747351,274570837.3333333,105405.97200520831,0.004792712071582,-0.0025568218823158,-0.001207253391815,1.0,1.0,22.0,6.0,1.0,0.0,0.0
2025-06-15 23:00:00+00:00,105552.8671875,105615.3984375,105263.5390625,105280.515625,1361866752,0.0024944444852541,0.0024944444852541,0.0026499619543785,331315285.3333333,105409.23893229169,0.0024944444852541,-0.0015046788046553,0.0007433671554526,1.0,0.0,23.0,6.0,1.0,0.0,0.0
2025-06-16 00:00:00+00:00,105445.390625,105765.25,105401.0859375,105576.9609375,282230784,-0.0010182249460745,0.0010182249460745,0.0026165086142636,343074901.3333333,105398.32259114584,-0.0010182249460745,-0.0008130001853717,-0.0024784663145497,0.0,0.0,0.0,0.0,0.0,0.0,0.0
2025-06-16 01:00:00+00:00,105842.1484375,105890.0,105027.2890625,105450.9453125,0,0.0037626852169481,0.0037626852169481,0.0026906615850554,343074901.3333333,105413.60774739584,0.0037626852169481,0.0051485335686332,0.0034780060705856,1.0,1.0,1.0,0.0,0.0,0.0,0.0
2025-06-16 02:00:00+00:00,105829.6640625,105979.8046875,105717.2578125,105840.6796875,1676505088,-0.0001179527738647,0.0001179527738647,0.0026894392816027,412929280.0,105425.75227864584,-0.0001179527738647,0.0107444316223352,0.0027617371051016,0.0,0.0,2.0,0.0,0.0,0.0,0.0
2025-06-16 03:00:00+00:00,105940.2109375,105959.21875,105739.7265625,105816.2890625,300146688,0.0010445736172299,0.0010445736172299,0.0026956968179855,425435392.0,105442.76790364584,0.0010445736172299,0.0109955628420923,0.0038696853548709,1.0,0.0,3.0,0.0,0.0,0.0,0.0
2025-06-16 04:00:00+00:00,106349.4140625,106362.40625,105912.5078125,105924.421875,994217984,0.0038625855223322,0.0038625855223322,0.002798300793224,466861141.3333333,105473.71484375,0.0038625855223322,0.0100596943760138,0.0070329500913473,1.0,1.0,4.0,0.0,0.0,0.0,1.0
2025-06-16 05:00:00+00:00,106552.8125,106745.34375,106363.21875,106401.203125,0,0.001912548736568,0.001912548736568,0.0026983059264263,454167466.6666667,105494.76888020831,0.001912548736568,0.0094734073942657,0.0047648157717037,1.0,0.0,5.0,0.0,0.0,0.0,1.0
2025-06-16 06:00:00+00:00,106593.5546875,106782.0703125,106529.1953125,106580.2734375,0,0.0003823661388571,0.0003823661388571,0.0024582150519883,399377066.6666667,105539.712890625,0.0003823661388571,0.0108887079434629,0.0102227862223545,1.0,0.0,6.0,0.0,0.0,0.0,1.0
2025-06-16 07:00:00+00:00,107042.75,107227.0625,106599.6328125,106599.6328125,1999478784,0.0042140944995867,0.0042140944995867,0.0025709550593175,482688682.6666667,105604.509765625,0.0042140944995867,0.011343321920652,0.0147422505720458,1.0,1.0,7.0,0.0,0.0,0.0,1.0
2025-06-16 08:00:00+00:00,107164.796875,107228.8671875,106980.4921875,107077.4375,517959680,0.0011401694650035,0.0011401694650035,0.0024681871844983,468944896.0,105686.63248697916,0.0011401694650035,0.0126158655451416,0.018736316649923,1.0,0.0,8.0,0.0,0.0,0.0,1.0
2025-06-16 09:00:00+00:00,106939.0390625,107231.5546875,106939.0390625,107196.9375,301731840,-0.0021066415379233,0.0021066415379233,0.0024696036719402,481517056.0,105768.45930989584,-0.0021066415379233,0.0094282248087014,0.0187076932236596,0.0,0.0,9.0,0.0,0.0,1.0,1.0
2025-06-16 10:00:00+00:00,106818.2265625,107189.671875,106770.9921875,106963.390625,0,-0.0011297324256802,0.0011297324256802,0.002492525408273,438839978.6666667,105838.19921875,-0.0011297324256802,0.0044082283304776,0.0159186482408282,0.0,0.0,10.0,0.0,0.0,1.0,1.0
2025-06-16 11:00:00+00:00,106875.265625,106953.84375,106632.7265625,106838.7578125,1415024640,0.0005339824890897,0.0005339824890897,0.0024496311443122,497799338.6666667,105916.9345703125,0.0005339824890897,0.0030262281908326,0.0179991172898013,1.0,0.0,11.0,0.0,0.0,1.0,1.0
2025-06-16 12:00:00+00:00,106709.203125,106898.203125,106641.0859375,106878.2109375,90963968,-0.0015537973078136,0.0015537973078136,0.0024445409116568,501589504.0,105975.69791666669,-0.0015537973078136,0.0010849477516632,0.0133934973936169,0.0,0.0,12.0,0.0,0.0,1.0,1.0
2025-06-16 13:00:00+00:00,107096.0390625,107115.484375,106556.953125,106707.09375,0,0.0036251412827705,0.0036251412827705,0.0024936603723775,481343829.3333333,106039.60416666669,0.0036251412827705,0.0004978297222371,0.0145293363152811,1.0,1.0,13.0,0.0,0.0,1.0,1.0
2025-06-16 14:00:00+00:00,107539.734375,107791.8046875,106876.3984375,107183.7421875,1548369920,0.0041429665969352,0.0041429665969352,0.0025900379801127,525111466.6666667,106114.97786458331,0.0041429665969352,0.003498700234904,0.0171091993830438,1.0,1.0,14.0,0.0,0.0,1.0,1.0
2025-06-16 15:00:00+00:00,107417.15625,107738.171875,107388.0234375,107563.578125,901107712,-0.001139840317743,0.001139840317743,0.0025811664352588,562657621.3333334,106191.4345703125,-0.001139840317743,0.0044709321468707,0.0173794542921648,0.0,0.0,15.0,0.0,0.0,1.0,1.0
2025-06-16 16:00:00+00:00,107837.8984375,107890.390625,107397.6640625,107486.234375,1610162176,0.0039168993314324,0.0039168993314324,0.0026529072758715,605655040.0,106286.341796875,0.0039168993314324,0.0095458603631037,0.0215779721509423,1.0,1.0,16.0,0.0,0.0,1.0,1.0
2025-06-16 17:00:00+00:00,107713.234375,108032.625,107711.328125,107816.765625,0,-0.0011560320101402,0.0011560320101402,0.0026824274885245,605655040.0,106369.7294921875,-0.0011560320101402,0.0078406237879233,0.0189316824829151,0.0,0.0,17.0,0.0,0.0,0.0,1.0
2025-06-16 18:00:00+00:00,108269.6015625,108269.6015625,107770.46875,107770.46875,684240896,0.0051652630313099,0.0051652630313099,0.0027700676780302,634165077.3333334,106483.830078125,0.0051652630313099,0.014622904040171,0.0259488604968081,1.0,1.0,18.0,0.0,0.0,0.0,1.0
2025-06-16 19:00:00+00:00,108497.359375,108885.359375,108309.328125,108309.328125,1550200832,0.0021036173516213,0.0021036173516213,0.0026876480202904,698756778.6666666,106617.05305989584,0.0021036173516213,0.0130847071914788,0.0303642101166154,1.0,0.0,19.0,0.0,0.0,0.0,1.0
2025-06-16 20:00:00+00:00,108822.1484375,108858.9453125,108560.9140625,108668.0390625,418844672,0.0029935204356212,0.0029935204356212,0.0022688082936178,672087210.6666666,106788.61458333331,0.0029935204356212,0.011925025386692,0.039324668983401,1.0,1.0,20.0,0.0,0.0,0.0,1.0
2025-06-16 21:00:00+00:00,108562.6484375,108836.9296875,108430.8203125,108833.0703125,837881856,-0.0023846248555645,0.0023846248555645,0.002407151750023,706998954.6666666,106945.89127604169,-0.0023846248555645,0.0106639593477415,0.0360216851507861,0.0,0.0,21.0,0.0,0.0,0.0,0.0
2025-06-16 22:00:00+00:00,107787.71875,108914.875,107488.4609375,108567.9765625,0,-0.0071380875342786,0.0071380875342786,0.0028786927326694,687122261.3333334,107049.95345052084,-0.0071380875342786,-0.000465325161442,0.0237200761080849,0.0,1.0,22.0,0.0,0.0,0.0,0.0
2025-06-16 23:00:00+00:00,106821.125,108005.828125,106821.125,107765.640625,1083383808,-0.0089675684874813,0.0089675684874813,0.0035003921494311,675518805.3333334,107102.79752604169,-0.0089675684874813,-0.0082822633650954,0.0120153800298681,0.0,1.0,23.0,0.0,0.0,0.0,0.0
2025-06-17 00:00:00+00:00,107254.2265625,107283.6953125,106247.6796875,106798.671875,2145452032,0.0040544561059434,0.0040544561059434,0.0035571908678402,753153024.0,107178.16569010416,0.0040544561059434,-0.0093782094451863,0.0171542437917731,1.0,1.0,0.0,1.0,0.0,0.0,0.0
2025-06-17 01:00:00+00:00,107266.296875,107344.53125,107038.8046875,107281.5078125,1384894464,0.0001125392712888,0.0001125392712888,0.0034987734711256,810856960.0,107237.50520833331,0.0001125392712888,-0.0113464743021539,0.0134553999377757,1.0,0.0,1.0,1.0,0.0,0.0,0.0
2025-06-17 02:00:00+00:00,107522.4296875,107538.6796875,106625.0,107217.2578125,0,0.0023878218971098,0.0023878218971098,0.0035149218865862,741002581.3333334,107308.037109375,0.0023878218971098,-0.0119435130500705,0.0159951903844304,1.0,0.0,2.0,1.0,0.0,0.0,0.0
2025-06-17 03:00:00+00:00,107628.9765625,107723.609375,107413.1953125,107528.78125,1720299520,0.000990926965747,0.000990926965747,0.0035146886105117,800175616.0,107378.40234375,0.000990926965747,-0.008600304878685,0.0159407425193469,1.0,0.0,3.0,1.0,0.0,0.0,0.0
2025-06-17 04:00:00+00:00,107366.0625,107682.8046875,107359.9140625,107627.640625,0,-0.0024427814042004,0.0024427814042004,0.0035009213989088,758749866.6666666,107420.7626953125,-0.0024427814042004,-0.0039119136659527,0.0095595114130344,0.0,0.0,4.0,1.0,0.0,0.0,1.0
2025-06-17 05:00:00+00:00,107140.71875,107394.4375,107089.4765625,107358.2734375,0,-0.0020988359333751,0.0020988359333751,0.003521384353821,758749866.6666666,107445.2587890625,-0.0020988359333751,0.0029918590540962,0.0055175103895075,0.0,0.0,5.0,1.0,0.0,0.0,1.0
2025-06-17 06:00:00+00:00,106847.609375,107247.1015625,106802.265625,107150.25,864169984,-0.0027357421008528,0.0027357421008528,0.0035728650985296,794756949.3333334,107455.84440104169,-0.0027357421008528,-0.0037911530438667,0.0023833963342794,0.0,0.0,6.0,1.0,0.0,0.0,1.0
2025-06-17 07:00:00+00:00,106788.078125,106888.578125,106523.234375,106861.6015625,0,-0.0005571603365599,0.0005571603365599,0.0034654300509057,711445333.3333334,107445.23307291669,-0.0005571603365599,-0.0044582386446814,-0.002379160428894,0.0,0.0,7.0,1.0,0.0,0.0,1.0
2025-06-17 08:00:00+00:00,106596.390625,106832.8828125,106544.078125,106800.5859375,0,-0.0017950271543947,0.0017950271543947,0.0034717876472316,689863680.0,107421.54947916669,-0.0017950271543947,-0.0086125198732154,-0.0053040388875369,0.0,0.0,8.0,1.0,0.0,0.0,1.0
2025-06-17 09:00:00+00:00,106154.6171875,106660.0234375,106136.0078125,106586.9765625,0,-0.0041443564356145,0.0041443564356145,0.0035442019929043,677291520.0,107388.865234375,-0.0041443564356145,-0.0136985356740231,-0.0073352246464599,0.0,1.0,9.0,1.0,0.0,1.0,1.0
2025-06-17 10:00:00+00:00,105980.78125,106235.9765625,105807.9453125,106167.109375,699420672,-0.0016375730241949,0.0016375730241949,0.0035508765738137,706434048.0,107353.9716796875,-0.0016375730241949,-0.0129024127153773,-0.0078399102798247,0.0,0.0,10.0,1.0,0.0,1.0,1.0
2025-06-17 11:00:00+00:00,105674.625,105957.9609375,105529.75,105957.9609375,1314516992,-0.0028887902730005,0.0028887902730005,0.0035835935662093,702246229.3333334,107303.94498697916,-0.0028887902730005,-0.0136838147728032,-0.0112340364066346,0.0,0.0,11.0,1.0,0.0,1.0,1.0
2025-06-17 12:00:00+00:00,105537.6875,105825.8828125,105537.6875,105652.25,0,-0.0012958408889551,0.0012958408889551,0.0035805698592086,698456064.0,107255.1318359375,-0.0012958408889551,-0.0122597209489507,-0.0109785809535816,0.0,0.0,12.0,1.0,0.0,1.0,1.0
2025-06-17 13:00:00+00:00,105428.5859375,105738.109375,105271.421875,105531.9453125,1250447360,-0.0010337687425641,0.0010337687425641,0.003474541397385,750558037.3333334,107185.65462239584,-0.0010337687425641,-0.0127307487068796,-0.0155696993053766,0.0,0.0,13.0,1.0,0.0,1.0,1.0
2025-06-17 14:00:00+00:00,104966.6171875,105691.5234375,104939.1171875,105406.5703125,0,-0.0043818168089048,0.0043818168089048,0.0033983943172116,686042624.0,107078.44140625,-0.0043818168089048,-0.0152891990802338,-0.0239271298413973,0.0,1.0,14.0,1.0,0.0,1.0,1.0
2025-06-17 15:00:00+00:00,104269.546875,104926.0625,104190.3828125,104885.9453125,1413636096,-0.0066408762250081,0.0066408762250081,0.003588233151565,707397973.3333334,106947.291015625,-0.0066408762250081,-0.0177577797597858,-0.0293026690045148,0.0,1.0,15.0,1.0,0.0,1.0,1.0
2025-06-17 16:00:00+00:00,103595.9296875,104486.109375,103553.78125,104251.2578125,1452933120,-0.006460344440813,0.006460344440813,0.003565943994531,700846762.6666666,106770.54231770831,-0.006460344440813,-0.0225026795837098,-0.0393365302130636,0.0,1.0,16.0,1.0,0.0,1.0,1.0
2025-06-17 17:00:00+00:00,103907.2265625,104196.3125,103444.515625,103622.2734375,2589188096,0.0030049141499963,0.0030049141499963,0.0036907143398958,808729600.0,106611.95865885416,0.0030049141499963,-0.016724908534097,-0.0353346349182079,1.0,0.0,17.0,1.0,0.0,0.0,1.0
2025-06-17 18:00:00+00:00,104426.3515625,104426.3515625,103685.3828125,103858.7109375,0,0.00499604327027,0.00499604327027,0.0036775829549379,780219562.6666666,106451.8232421875,0.00499604327027,-0.0105302282419253,-0.0354970365138125,1.0,1.0,18.0,1.0,0.0,0.0,1.0
2025-06-17 19:00:00+00:00,104829.1796875,105354.71875,104431.515625,104431.515625,0,0.0038575332660062,0.0038575332660062,0.0037685723577166,715627861.3333334,106298.982421875,0.0038575332660062,-0.0056854243530813,-0.0338089305456886,1.0,1.0,19.0,1.0,0.0,0.0,1.0
2025-06-17 20:00:00+00:00,104427.140625,104817.3359375,104355.3046875,104737.2890625,759590912,-0.0038351827582596,0.0038351827582596,0.0036771253057838,729825621.3333334,106115.85709635416,-0.0038351827582596,-0.0051395060349171,-0.0403870707903197,0.0,1.0,20.0,1.0,0.0,0.0,1.0
2025-06-17 21:00:00+00:00,104612.7734375,104820.609375,104343.2890625,104396.28125,1110876160,0.001777629947435,0.001777629947435,0.0037415024042001,741200384.0,105951.27897135416,0.001777629947435,0.0032917239288616,-0.0363833699421395,1.0,0.0,21.0,1.0,0.0,0.0,0.0
2025-06-17 22:00:00+00:00,104273.34375,104740.7421875,104273.34375,104563.46875,0,-0.0032446294687215,0.0032446294687215,0.0035684626393495,741200384.0,105804.8466796875,-0.0032446294687215,0.0065390026861424,-0.0326045957810012,0.0,0.0,22.0,1.0,0.0,0.0,0.0
2025-06-17 23:00:00+00:00,104621.234375,104729.2109375,104244.734375,104244.734375,0,0.0033363332611073,0.0033363332611073,0.0033041475073879,696059392.0,105713.1845703125,0.0033363332611073,0.0068715895527298,-0.0205941533100311,1.0,1.0,23.0,1.0,0.0,0.0,0.0
2025-06-18 00:00:00+00:00,104842.8359375,104842.8359375,104405.7890625,104591.59375,0,0.0021181317905856,0.0021181317905856,0.0032009209475469,606665557.3333334,105612.7099609375,0.0021181317905856,0.0039883072497342,-0.0224829426520997,1.0,0.0,0.0,2.0,0.0,0.0,0.0
2025-06-18 01:00:00+00:00,104796.71875,105169.6328125,104750.984375,104850.296875,0,-0.0004398697067626,0.0004398697067626,0.003194988049414,548961621.3333334,105509.81087239584,-0.0004398697067626,-0.0003096555519824,-0.0230228710876246,0.0,0.0,1.0,2.0,0.0,0.0,0.0
2025-06-18 02:00:00+00:00,104952.953125,105097.1015625,104742.0390625,104798.3046875,390205440,0.0014908326984235,0.0014908326984235,0.0031591051970499,565220181.3333334,105402.74934895831,0.0014908326984235,0.0050352092076157,-0.0238971214654267,1.0,0.0,2.0,2.0,0.0,0.0,0.0
2025-06-18 03:00:00+00:00,105189.9921875,105276.4140625,104890.265625,104899.2890625,0,0.0022585268488604,0.0022585268488604,0.0032041574280865,493541034.6666667,105301.125,0.0022585268488604,0.0055176698889916,-0.022661038438693,1.0,0.0,3.0,2.0,0.0,0.0,0.0
2025-06-18 04:00:00+00:00,105455.4375,105510.4609375,105131.0859375,105199.2109375,655605760,0.0025234844777519,0.0025234844777519,0.0032633562957789,520857941.3333333,105221.515625,0.0025234844777519,0.0113364903002834,-0.0177954276752954,1.0,0.0,4.0,2.0,0.0,0.0,1.0
2025-06-18 05:00:00+00:00,105453.8203125,105581.8515625,105410.59375,105481.2265625,0,-1.5335268985117168e-05,1.5335268985117168e-05,0.003253411087183,520857941.3333333,105151.22819010416,-1.5335268985117168e-05,0.0079580970581527,-0.0157446996546306,0.0,0.0,5.0,2.0,0.0,0.0,1.0
2025-06-18 06:00:00+00:00,105024.25,105528.6875,104957.390625,105436.0234375,0,-0.0040735395951234,0.0040735395951234,0.0033016960617124,484850858.6666667,105075.2548828125,-0.0040735395951234,0.0017303429545547,-0.0170650460563942,0.0,1.0,6.0,2.0,0.0,0.0,1.0
2025-06-18 07:00:00+00:00,104975.828125,105024.9140625,104819.15625,105012.3515625,860450816,-0.0004610542327129,0.0004610542327129,0.0033019499069515,520702976.0,104999.74446614584,-0.0004610542327129,0.0017091124334462,-0.0169705273455589,0.0,0.0,7.0,2.0,0.0,0.0,1.0
2025-06-18 08:00:00+00:00,105003.40625,105322.6328125,104802.6640625,105012.296875,0,0.000262709287391,0.000262709287391,0.003299203002158,520702976.0,104933.3701171875,0.000262709287391,0.0004807213470201,-0.0149440742379732,1.0,0.0,8.0,2.0,0.0,0.0,1.0
2025-06-18 09:00:00+00:00,104724.359375,105158.4140625,104614.1171875,105015.2265625,0,-0.002657503075049,0.002657503075049,0.0032436764602095,520702976.0,104873.77604166669,-0.002657503075049,-0.0044265885263116,-0.0134733452994677,0.0,0.0,9.0,2.0,0.0,1.0,1.0
2025-06-18 10:00:00+00:00,104256.3828125,104792.5,104252.6015625,104712.265625,0,-0.0044686505154378,0.0044686505154378,0.0033347673201544,491560448.0,104801.92610677084,-0.0044686505154378,-0.0113702499930361,-0.0162708598404486,0.0,1.0,10.0,2.0,0.0,1.0,1.0
2025-06-18 11:00:00+00:00,104860.6875,104860.6875,104271.9140625,104297.84375,123801600,0.0057963327634991,0.0057963327634991,0.0035487978389906,441947306.6666667,104768.01204427084,0.0057963327634991,-0.0056245739674705,-0.0077022984467652,1.0,1.0,11.0,2.0,0.0,1.0,1.0
2025-06-18 12:00:00+00:00,104526.953125,104881.96875,104512.140625,104863.453125,0,-0.0031826453073751,0.0031826453073751,0.0035920815562045,441947306.6666667,104725.89811197916,-0.0031826453073751,-0.0047350671392559,-0.0095769994486566,0.0,0.0,12.0,2.0,0.0,1.0,1.0
2025-06-18 13:00:00+00:00,104493.953125,104533.6875,103944.0390625,104533.6875,320995328,-0.0003157080448,0.0003157080448,0.0035895166902021,403220138.6666667,104686.955078125,-0.0003157080448,-0.0045903424493703,-0.0088650796573717,0.0,0.0,13.0,2.0,0.0,1.0,1.0
2025-06-18 14:00:00+00:00,104659.5078125,105316.125,104418.546875,104460.3671875,522166272,0.0015843470607523,0.0015843470607523,0.0035048156651568,424977066.6666667,104674.15885416669,0.0015843470607523,-0.0032751169679317,-0.002925781388681,1.0,0.0,14.0,2.0,0.0,1.0,1.0
2025-06-18 15:00:00+00:00,104841.5234375,104965.140625,104213.9453125,104533.15625,0,0.0017391217368047,0.0017391217368047,0.0032334559750279,366075562.6666667,104697.9912109375,0.0017391217368047,0.0011187851919003,0.0054855571894418,1.0,0.0,15.0,2.0,0.0,1.0,1.0
2025-06-18 16:00:00+00:00,104517.1640625,104840.5546875,104404.6953125,104829.3515625,0,-0.0030938063885856,0.0030938063885856,0.0029946703265463,305536682.6666667,104736.3759765625,-0.0030938063885856,0.0025013456535223,0.0088925730748199,0.0,1.0,16.0,2.0,0.0,1.0,1.0
2025-06-18 17:00:00+00:00,104348.2890625,104479.3046875,103661.28125,104479.3046875,0,-0.001615763319975,0.001615763319975,0.0029665238885327,197653845.3333333,104754.75358072916,-0.001615763319975,-0.0048864684155346,0.0042447721356002,0.0,0.0,17.0,2.0,0.0,0.0,1.0
2025-06-18 18:00:00+00:00,103684.1953125,104654.65625,103670.21875,104654.65625,791846912,-0.0063642035338234,0.0063642035338234,0.0030693258905881,230647466.66666663,104723.83040364584,-0.0063642035338234,-0.0080625885219497,-0.0071069824703758,0.0,1.0,18.0,2.0,0.0,0.0,1.0
2025-06-18 19:00:00+00:00,103935.1484375,104390.59375,103661.5703125,103661.5703125,0,0.0024203604439774,0.0024203604439774,0.0029980278956003,230647466.66666663,104686.5791015625,0.0024203604439774,-0.0053477227225917,-0.0085284579414351,1.0,0.0,19.0,2.0,0.0,0.0,1.0
2025-06-18 20:00:00+00:00,104855.9921875,104995.65625,103716.2734375,103880.5703125,885850112,0.0088597915512069,0.0088597915512069,0.0034436467159299,235908266.66666663,104704.44791666669,0.0088597915512069,0.0018773676573369,0.0041067059763708,1.0,1.0,20.0,2.0,0.0,0.0,1.0
2025-06-18 21:00:00+00:00,104999.3203125,105152.0234375,104435.078125,104844.6875,1023238144,0.0013669044754609,0.0013669044754609,0.0034363563934898,232256682.66666663,104720.55403645831,0.0013669044754609,0.0015050990278109,0.0036950255910281,1.0,0.0,21.0,2.0,0.0,0.0,0.0
2025-06-18 22:00:00+00:00,104848.609375,105170.296875,104848.609375,105099.7421875,0,-0.0014353515532429,0.0014353515532429,0.003377780192001,232256682.66666663,104744.5234375,-0.0014353515532429,0.0031712046100083,0.0055169001425638,0.0,0.0,22.0,2.0,0.0,0.0,0.0
2025-06-18 23:00:00+00:00,104806.109375,104966.109375,104700.84375,104859.0625,0,-0.0004053463393872,0.0004053463393872,0.0033141499607769,232256682.66666663,104752.2265625,-0.0004053463393872,0.0043874251951154,0.00176708869002,0.0,0.0,23.0,2.0,0.0,0.0,0.0
2025-06-19 00:00:00+00:00,104990.3203125,105218.8515625,104753.828125,104908.7578125,1319571456,0.0017576354908939,0.0017576354908939,0.0033053105208534,287238826.6666667,104758.37174479169,0.0017576354908939,0.0125971465184582,0.0014067186725845,1.0,0.0,0.0,3.0,0.0,0.0,0.0
2025-06-19 01:00:00+00:00,104628.140625,105000.0546875,104538.8984375,104982.640625,0,-0.0034496483716021,0.0034496483716021,0.003381471193099,287238826.6666667,104751.34765625,-0.0034496483716021,0.0066675441168655,-0.0016086202603552,0.0,1.0,1.0,3.0,0.0,0.0,0.0
2025-06-19 02:00:00+00:00,104786.5390625,105021.6953125,104573.7578125,104609.625,0,0.0015139181156598,0.0015139181156598,0.0033819352508235,270980266.6666667,104744.41373697916,0.0015139181156598,-0.0006623667713315,-0.0015856062887701,1.0,0.0,2.0,3.0,0.0,0.0,0.0
2025-06-19 03:00:00+00:00,105133.328125,105133.328125,104780.53125,104780.53125,0,0.0033094810230649,0.0033094810230649,0.0034198610719929,270980266.6666667,104742.052734375,0.0033094810230649,0.0012762731425419,-0.0005386830184281,1.0,0.0,3.0,3.0,0.0,0.0,0.0
2025-06-19 04:00:00+00:00,105097.0546875,105117.875,104830.9296875,105117.875,241192960,-0.0003450232019371,0.0003450232019371,0.003377076680341,253713066.66666663,104727.1201171875,-0.0003450232019371,0.0023695623049364,-0.003398428957255,0.0,0.0,4.0,3.0,0.0,0.0,1.0
2025-06-19 05:00:00+00:00,104933.5546875,105209.46875,104933.5546875,105096.84375,630845440,-0.001555704871903,0.001555704871903,0.0033892917328279,279998293.3333333,104705.4423828125,-0.001555704871903,0.0012160103381377,-0.0049335872655751,0.0,0.0,5.0,3.0,0.0,0.0,1.0
2025-06-19 06:00:00+00:00,104742.1328125,104993.7734375,104671.0,104915.828125,0,-0.0018242198653239,0.0018242198653239,0.0033076547402502,279998293.3333333,104693.6875,-0.0018242198653239,-0.002363908398996,-0.0026862099705544,0.0,0.0,6.0,3.0,0.0,0.0,1.0
2025-06-19 07:00:00+00:00,104670.4140625,104866.4296875,104670.4140625,104731.8046875,0,-0.0006847172964138,0.0006847172964138,0.0033090109503955,244146176.0,104680.9619140625,-0.0006847172964138,0.000404035064061,-0.0029093751195401,0.0,0.0,7.0,3.0,0.0,0.0,1.0
2025-06-19 08:00:00+00:00,104768.2421875,105003.3203125,104663.71875,104663.71875,688009216,0.0009346301519508,0.0009346301519508,0.0033151924846098,272813226.6666667,104671.16341145831,0.0009346301519508,-0.0001746109296451,-0.0022395850848886,1.0,0.0,8.0,3.0,0.0,0.0,1.0
2025-06-19 09:00:00+00:00,105026.0703125,105051.78125,104745.2734375,104756.5,0,0.0024609377767221,0.0024609377767221,0.0033073453928703,272813226.6666667,104683.73470052084,0.0024609377767221,-0.0010202075251767,0.0028810005551775,1.0,0.0,9.0,3.0,0.0,1.0,1.0
2025-06-19 10:00:00+00:00,104944.0,105085.8515625,104890.3984375,105024.40625,0,-0.0007814280040736,0.0007814280040736,0.0031673535346356,272813226.6666667,104712.38541666669,-0.0007814280040736,-0.0014563175719347,0.006595444508531,0.0,0.0,10.0,3.0,0.0,1.0,1.0
2025-06-19 11:00:00+00:00,104807.671875,104936.828125,104780.2421875,104932.328125,189005824,-0.0012990559250648,0.0012990559250648,0.0029538990733244,275530069.3333333,104710.17643229169,-0.0012990559250648,-0.0011996430777065,-0.000505581512614,0.0,0.0,11.0,3.0,0.0,1.0,1.0
2025-06-19 12:00:00+00:00,104781.6484375,104949.125,104711.8671875,104817.125,0,-0.0002482970667551,0.0002482970667551,0.0028768926673201,275530069.3333333,104720.78873697916,-0.0002482970667551,0.0003772658044947,0.0024366472463366,0.0,0.0,12.0,3.0,0.0,1.0,1.0
2025-06-19 13:00:00+00:00,104343.1171875,104817.2421875,104312.4765625,104774.078125,296787968,-0.0041851913626036,0.0041851913626036,0.0030070026494614,274521429.3333333,104714.50390625,-0.0041851913626036,-0.0031269282531409,-0.001443489627764,0.0,1.0,13.0,3.0,0.0,1.0,1.0
2025-06-19 14:00:00+00:00,104169.7578125,104670.203125,104141.0,104356.15625,0,-0.0016614356526121,0.0016614356526121,0.0030030139036604,252764501.3333333,104694.09765625,-0.0016614356526121,-0.0057124598304217,-0.0046794601870037,0.0,0.0,14.0,3.0,0.0,1.0,1.0
2025-06-19 15:00:00+00:00,104158.4609375,104473.4921875,104150.7890625,104180.578125,417185792,-0.0001084467818417,0.0001084467818417,0.0029749312876554,270147242.6666667,104665.63671875,-0.0001084467818417,-0.0082608953416848,-0.0065151905237927,0.0,0.0,15.0,3.0,0.0,1.0,1.0
2025-06-19 16:00:00+00:00,103962.421875,104427.3984375,103962.421875,104121.296875,0,-0.0018821232642601,0.0018821232642601,0.0029349039682814,270147242.6666667,104642.5224609375,-0.0018821232642601,-0.0093533515493977,-0.0053076658984764,0.0,0.0,16.0,3.0,0.0,1.0,1.0
2025-06-19 17:00:00+00:00,104550.8515625,104837.4609375,103988.21875,104025.9296875,0,0.0056600228898813,0.0056600228898813,0.0031519492028342,270147242.6666667,104650.96256510416,0.0056600228898813,-0.0024503961199167,0.0019412153454541,1.0,1.0,17.0,3.0,0.0,0.0,1.0
2025-06-19 18:00:00+00:00,104368.09375,104688.046875,104329.390625,104539.953125,0,-0.0017480279669529,0.0017480279669529,0.002869439614137,237153621.3333333,104679.45833333331,-0.0017480279669529,-0.0039468236439005,0.0065959757457609,0.0,0.0,18.0,3.0,0.0,0.0,1.0
2025-06-19 19:00:00+00:00,104317.65625,104461.515625,104196.234375,104418.421875,0,-0.0004832655094842,0.0004832655094842,0.0028361998714976,237153621.3333333,104695.39615885416,-0.0004832655094842,-0.0002440116625445,0.0036802546419607,0.0,0.0,19.0,3.0,0.0,0.0,1.0
2025-06-19 20:00:00+00:00,104285.0546875,104504.7421875,104168.0078125,104276.546875,250544128,-0.0003125219993619,0.0003125219993619,0.0021466615315641,210682538.66666663,104671.60709635416,-0.0003125219993619,0.0011068171552008,-0.0054449677895286,0.0,0.0,20.0,3.0,0.0,0.0,1.0
2025-06-19 21:00:00+00:00,104322.03125,104423.9296875,104257.2421875,104289.5,0,0.0003545720200348,0.0003545720200348,0.0021238408152866,168047616.0,104643.38671875,0.0003545720200348,0.0015703987081583,-0.0064504137787201,1.0,0.0,21.0,3.0,0.0,0.0,0.0
2025-06-19 22:00:00+00:00,104641.8828125,104794.7578125,104483.1796875,104483.1796875,0,0.0030660020579305,0.0030660020579305,0.0022131000715946,168047616.0,104634.77311197916,0.0030660020579305,0.0065356397556508,-0.0019716671850231,1.0,1.0,22.0,3.0,0.0,0.0,0.0
2025-06-19 23:00:00+00:00,104678.21875,104860.4140625,104499.2578125,104635.5859375,441212928,0.0003472408611484,0.0003472408611484,0.0022136197695228,186431488.0,104629.4443359375,0.0003472408611484,0.0012182319473874,-0.001220259255521,1.0,0.0,23.0,3.0,0.0,0.0,0.0
2025-06-20 00:00:00+00:00,104723.1328125,104808.6328125,104594.0234375,104669.265625,0,0.0004290678904965,0.0004290678904965,0.0021828871338275,131449344.0,104618.3115234375,0.0004290678904965,0.0034017969452468,-0.002544877463034,1.0,0.0,0.0,4.0,0.0,0.0,0.0
2025-06-20 01:00:00+00:00,104797.375,104810.125,104449.0078125,104710.953125,0,0.0007089378010962,0.0007089378010962,0.0020677743052868,131449344.0,104625.36295572916,0.0007089378010962,0.0045986342796116,0.0016174843019198,1.0,0.0,1.0,4.0,0.0,0.0,0.0
2025-06-20 02:00:00+00:00,104633.9453125,104827.03125,104556.6484375,104812.703125,805900288,-0.0015594826444841,0.0015594826444841,0.0020695921791962,165028522.66666666,104619.0048828125,-0.0015594826444841,0.0033455477013986,-0.0014562342774675,0.0,0.0,2.0,4.0,0.0,0.0,0.0
2025-06-20 03:00:00+00:00,104643.5546875,104716.09375,104546.515625,104636.953125,0,9.183802609458168e-05,9.183802609458168e-05,0.001942216420715,165028522.66666666,104598.59765625,9.183802609458168e-05,0.0030820281550067,-0.0046585934853853,1.0,0.0,3.0,4.0,0.0,0.0,0.0
2025-06-20 04:00:00+00:00,104276.1640625,104634.0234375,104257.203125,104633.09375,0,-0.0035108767672996,0.0035108767672996,0.0020571186711826,154978816.0,104564.39388020831,-0.0035108767672996,-0.003494955749748,-0.0078107862055779,0.0,1.0,4.0,4.0,0.0,0.0,1.0
2025-06-20 05:00:00+00:00,104592.640625,104603.078125,104283.8125,104283.8125,0,0.0030349846999579,0.0030349846999579,0.0021490491660754,128693589.33333331,104550.18912760416,0.0030349846999579,-0.0008175351665505,-0.0032488565122497,1.0,1.0,5.0,4.0,0.0,0.0,1.0
2025-06-20 06:00:00+00:00,104742.0859375,104792.71875,104593.5859375,104593.5859375,940187648,0.0014288320058368,0.0014288320058368,0.0021403377174689,167868074.66666666,104550.18717447916,0.0014288320058368,0.0001809831743091,-4.475276447202248e-07,1.0,0.0,6.0,4.0,0.0,0.0,1.0
2025-06-20 07:00:00+00:00,105840.84375,105840.84375,104672.875,104738.6875,443092992,0.0104901272746815,0.0104901272746815,0.0030194021764179,186330282.66666663,104598.955078125,0.0104901272746815,0.0099570122820347,0.0111820488911138,1.0,1.0,7.0,4.0,0.0,0.0,1.0
2025-06-20 08:00:00+00:00,106013.640625,106521.8828125,105816.234375,105816.234375,608329728,0.0016326105204542,0.0016326105204542,0.0030274449119155,183010304.0,104650.8466796875,0.0016326105204542,0.0131859245905274,0.0118871750780276,1.0,0.0,8.0,4.0,0.0,0.0,1.0
2025-06-20 09:00:00+00:00,106009.828125,106107.734375,105838.71875,106013.4375,1992814592,-3.596235331160269e-05,3.596235331160269e-05,0.0029997922255266,266044245.3333333,104691.83658854169,-3.596235331160269e-05,0.0130564509355606,0.0093667963542087,0.0,0.0,9.0,4.0,0.0,1.0,1.0
2025-06-20 10:00:00+00:00,105975.8515625,106145.9765625,105872.9296875,105986.7890625,339599360,-0.0003205038919592,0.0003205038919592,0.002993416193404,280194218.6666667,104734.83040364584,-0.0003205038919592,0.0162998659883697,0.009832401685661,0.0,0.0,10.0,4.0,0.0,1.0,1.0
2025-06-20 11:00:00+00:00,106016.109375,106067.0,105842.890625,105990.25,322965504,0.0003798772258627,0.0003798772258627,0.0029712254409155,285775872.0,104785.18196614584,0.0003798772258627,0.0136096453965974,0.01153004811939,1.0,0.0,11.0,4.0,0.0,1.0,1.0
2025-06-20 12:00:00+00:00,105990.3828125,106113.859375,105942.71875,105997.6640625,109051904,-0.0002426665405066,0.0002426665405066,0.0029711654919715,290319701.3333333,104835.5458984375,-0.0002426665405066,0.0119178156881929,0.0115357449803912,0.0,0.0,12.0,4.0,0.0,1.0,1.0
2025-06-20 13:00:00+00:00,105732.8828125,106146.609375,105534.828125,105994.875,632135680,-0.0024294657040302,0.0024294657040302,0.0028711810702203,304292522.6666667,104893.45279947916,-0.0024294657040302,-0.0010200309604013,0.0133191882939691,0.0,0.0,13.0,4.0,0.0,1.0,1.0
2025-06-20 14:00:00+00:00,104069.0234375,105753.0234375,104069.0234375,105684.734375,889794560,-0.0157364419728399,0.0157364419728399,0.0043830686655131,341367296.0,104889.25553385416,-0.0157364419728399,-0.0183430846826462,-0.0009670213036427,0.0,1.0,14.0,4.0,0.0,1.0,1.0
2025-06-20 15:00:00+00:00,104257.9453125,104591.0078125,103979.390625,103979.390625,2511224832,0.0018153516652672,0.0018153516652672,0.0043991539082553,428618922.6666667,104893.40071614584,0.0018153516652672,-0.0165256641151638,0.0009551252399908,1.0,0.0,15.0,4.0,0.0,1.0,1.0
2025-06-20 16:00:00+00:00,103778.609375,104269.8515625,103663.8125,104228.015625,0,-0.0045975962413535,0.0045975962413535,0.0044850652015695,428618922.6666667,104885.74186197916,-0.0045975962413535,-0.0207334232761901,-0.0017680667368542,0.0,1.0,16.0,4.0,0.0,1.0,1.0
2025-06-20 17:00:00+00:00,103201.9140625,103742.6796875,102411.9921875,103688.1953125,3421261824,-0.0055569766830863,0.0055569766830863,0.0044469245741646,571171498.6666666,104829.5361328125,-0.0055569766830863,-0.0265449782027524,-0.0129022143754956,0.0,1.0,17.0,4.0,0.0,0.0,1.0
2025-06-20 18:00:00+00:00,103252.8984375,103428.4296875,103123.875,103296.171875,2423447552,0.0004940254787244,0.0004940254787244,0.0044438045829559,672148480.0,104783.06966145831,0.0004940254787244,-0.0258276675898292,-0.0106852130036149,1.0,0.0,18.0,4.0,0.0,0.0,1.0
2025-06-20 19:00:00+00:00,103485.4453125,103485.4453125,103066.40625,103179.015625,0,0.0022522067517627,0.0022522067517627,0.0044775460447185,672148480.0,104748.39420572916,0.0022522067517627,-0.0212558046297239,-0.0079776613798299,1.0,0.0,19.0,4.0,0.0,0.0,1.0
2025-06-20 20:00:00+00:00,103734.3984375,103818.4453125,103363.84375,103363.84375,801845248,0.0024056825020004,0.0024056825020004,0.0045120948005798,695119360.0,104725.4501953125,0.0024056825020004,-0.0032154140487439,-0.0052802988083967,1.0,0.0,20.0,4.0,0.0,0.0,1.0
2025-06-20 21:00:00+00:00,103564.109375,103723.703125,103419.390625,103723.703125,213164032,-0.0016415872175958,0.0016415872175958,0.0045196121649064,704001194.6666666,104693.8701171875,-0.0016415872175958,-0.0066549933956622,-0.0072652139334182,0.0,0.0,21.0,4.0,0.0,0.0,0.0
2025-06-20 22:00:00+00:00,103118.671875,103541.6328125,103020.3203125,103541.6328125,1092870144,-0.0043010798112219,0.0043010798112219,0.0045316518687424,749537450.6666666,104630.40299479169,-0.0043010798112219,-0.0063590898353179,-0.01455641753149,0.0,0.0,22.0,4.0,0.0,0.0,0.0
2025-06-20 23:00:00+00:00,103303.46875,103349.8984375,103052.9921875,103128.8203125,13791232,0.0017920796654946,0.0017920796654946,0.0045543357702177,731728213.3333334,104573.12174479169,0.0017920796654946,0.0009840387983355,-0.0131331046364409,1.0,0.0,23.0,4.0,0.0,0.0,0.0
2025-06-21 00:00:00+00:00,103266.765625,103361.625,103165.953125,103309.8359375,0,-0.0003552942165845,0.0003552942165845,0.0045498862194301,731728213.3333334,104512.43977864584,-0.0003552942165845,0.0001343031305642,-0.0139068336516204,0.0,0.0,0.0,5.0,1.0,0.0,0.0
2025-06-21 01:00:00+00:00,103514.109375,103529.2734375,103184.5390625,103263.2265625,0,0.0023951921850462,0.0023951921850462,0.0045834452925775,731728213.3333334,104458.97037760416,0.0023951921850462,0.0002769864149827,-0.0122452077163192,1.0,0.0,1.0,5.0,1.0,0.0,0.0
2025-06-21 02:00:00+00:00,103508.875,103566.4609375,103402.2734375,103538.234375,0,-5.056677810977295e-05,5.056677810977295e-05,0.004578671692589,698149034.6666666,104412.09244791669,-5.056677810977295e-05,-0.0021740468050805,-0.0107524408942036,0.0,0.0,2.0,5.0,1.0,0.0,0.0
2025-06-21 03:00:00+00:00,103554.390625,103704.5703125,103508.4921875,103508.4921875,0,0.0004397267867126,0.0004397267867126,0.0045809795685511,698149034.6666666,104366.71061197916,0.0004397267867126,-9.384283859192875e-05,-0.0104083243899024,1.0,0.0,3.0,5.0,1.0,0.0,0.0
2025-06-21 04:00:00+00:00,103417.359375,103545.921875,103369.8359375,103542.7734375,0,-0.0013232780297672,0.0013232780297672,0.0045384914466022,698149034.6666666,104330.92708333331,-0.0013232780297672,0.0028965413786754,-0.0082358676618106,0.0,0.0,4.0,5.0,1.0,0.0,0.0
2025-06-21 05:00:00+00:00,103439.5078125,103508.71875,103375.234375,103408.84375,0,0.0002141655678877,0.0002141655678877,0.0044836283359967,698149034.6666666,104282.8798828125,0.0002141655678877,0.0013168876529134,-0.011024989957318,1.0,0.0,5.0,5.0,1.0,0.0,0.0
2025-06-21 06:00:00+00:00,103624.296875,103624.296875,103375.5546875,103444.4765625,0,0.0017864456860618,0.0017864456860618,0.0044907398307429,658974549.3333334,104236.30533854169,0.0017864456860618,0.0034622102070895,-0.0106718235797498,1.0,0.0,6.0,5.0,1.0,0.0,0.0
2025-06-21 07:00:00+00:00,103471.6484375,103599.078125,103410.2265625,103599.078125,0,-0.0014730950375869,0.0014730950375869,0.0038421988215997,640512341.3333334,104137.5888671875,-0.0014730950375869,-0.0004101946851146,-0.0223845089339624,0.0,0.0,7.0,5.0,1.0,0.0,0.0
2025-06-21 08:00:00+00:00,103790.890625,103790.890625,103475.8046875,103475.8046875,0,0.003085310733141,0.003085310733141,0.0038954919938897,615165269.3333334,104044.97428385416,0.003085310733141,0.0027245550200405,-0.0209666415274095,1.0,0.0,8.0,5.0,1.0,0.0,0.0
2025-06-21 09:00:00+00:00,103872.875,103944.3203125,103723.5390625,103829.8515625,815575040,0.0007898995230344,0.0007898995230344,0.0039068586567882,566113621.3333334,103955.9345703125,0.0007898995230344,0.0030755274892526,-0.0201580661227017,1.0,0.0,9.0,5.0,1.0,0.0,0.0
2025-06-21 10:00:00+00:00,103852.0390625,104001.203125,103827.1796875,103866.1484375,0,-0.0002005907461404,0.0002005907461404,0.003907629547101,551963648.0,103867.4423828125,-0.0002005907461404,0.0042031597995439,-0.0200405325240294,0.0,0.0,10.0,5.0,1.0,0.0,0.0
2025-06-21 11:00:00+00:00,103895.7578125,103939.421875,103782.34375,103859.7890625,0,0.0004209715128817,0.0004209715128817,0.0039081943508726,538506752.0,103779.09440104169,0.0004209715128817,0.004410790515622,-0.020000277080532,1.0,0.0,11.0,5.0,1.0,0.0,0.0
2025-06-21 12:00:00+00:00,103826.7265625,103972.4140625,103826.59375,103897.203125,0,-0.0006644279944959,0.0006644279944959,0.0039063672827427,533962922.6666667,103688.94205729169,-0.0006644279944959,0.0019534963672098,-0.020413703513342,0.0,0.0,12.0,5.0,1.0,0.0,0.0
2025-06-21 13:00:00+00:00,103594.0703125,103893.625,103591.8203125,103825.8125,0,-0.0022408127242646,0.0022408127242646,0.00390324283636,507623936.0,103599.82486979169,-0.0022408127242646,0.0011831441447842,-0.0202284515763447,0.0,0.0,13.0,5.0,1.0,0.0,0.0
2025-06-21 14:00:00+00:00,103528.0390625,103773.078125,103429.140625,103592.6875,0,-0.0006374037606671,0.0006374037606671,0.0022761902978945,470549162.6666667,103577.28385416669,-0.0006374037606671,-0.0025325109064695,-0.0051983227778138,0.0,0.0,14.0,5.0,1.0,0.0,0.0
2025-06-21 15:00:00+00:00,103602.328125,103705.9921875,103428.7734375,103535.546875,0,0.0007175743225962,0.0007175743225962,0.0022444316592182,365914794.6666667,103549.96647135416,0.0007175743225962,-0.0026045960025656,-0.0062884146194792,1.0,0.0,15.0,5.0,1.0,0.0,0.0
2025-06-21 16:00:00+00:00,103571.5234375,103670.2421875,103511.7265625,103605.90625,0,-0.0002973358616307,0.0002973358616307,0.0020460078995727,365914794.6666667,103541.337890625,-0.0002973358616307,-0.0027011084956278,-0.0019954587823749,0.0,0.0,16.0,5.0,1.0,0.0,0.0
2025-06-21 17:00:00+00:00,103218.0546875,103592.8984375,103218.0546875,103527.4140625,0,-0.0034127985981909,0.0034127985981909,0.0018321445465697,223362218.66666663,103542.01041666669,-0.0034127985981909,-0.0065229143063092,0.0001563985042973,0.0,1.0,17.0,5.0,1.0,0.0,0.0
2025-06-21 18:00:00+00:00,102703.7578125,103423.875,102703.7578125,103210.4765625,0,-0.0049826251478685,0.0049826251478685,0.0020916717717973,122385237.33333331,103519.12955729169,-0.0049826251478685,-0.0108157965408262,-0.0053184039703485,0.0,1.0,18.0,5.0,1.0,0.0,0.0
2025-06-21 19:00:00+00:00,102276.6484375,102742.3828125,102276.6484375,102689.171875,1613066240,-0.0041586538223824,0.0041586538223824,0.0021701025394006,189596330.66666663,103468.76302083331,-0.0041586538223824,-0.0127171552486149,-0.0116808394779549,0.0,1.0,19.0,5.0,1.0,0.0,0.0
2025-06-21 20:00:00+00:00,102852.40625,102879.7109375,102264.1171875,102283.765625,19210240,0.005629416111067,0.005629416111067,0.0024399399480397,156986538.66666666,103432.01334635416,0.005629416111067,-0.0065260852868286,-0.0085024080804921,1.0,1.0,20.0,5.0,1.0,0.0,0.0
2025-06-21 21:00:00+00:00,101604.40625,102843.640625,101327.15625,102821.234375,1784842240,-0.0121338921032778,0.0121338921032778,0.0034228822622716,222473130.66666663,103350.35904947916,-0.0121338921032778,-0.0192845268167085,-0.0189226087765986,0.0,1.0,21.0,5.0,1.0,0.0,0.0
2025-06-21 22:00:00+00:00,101821.953125,102016.9609375,101485.5234375,101485.5234375,1617158144,0.0021411165423743,0.0021411165423743,0.0033879962112436,244318464.0,103296.3291015625,0.0021411165423743,-0.0168923875446881,-0.0125750140728332,1.0,0.0,22.0,5.0,1.0,0.0,0.0
2025-06-21 23:00:00+00:00,102282.40625,102282.40625,101053.640625,101819.828125,699318272,0.0045221399793298,0.0045221399793298,0.0035125964509589,272882090.6666667,103253.78483072916,0.0045221399793298,-0.0090647749595043,-0.0098841066263808,1.0,1.0,23.0,5.0,1.0,0.0,0.0
2025-06-22 00:00:00+00:00,102907.671875,103256.46875,101934.21875,102160.7734375,4120223744,0.0061131297935219,0.0061131297935219,0.0037564956090862,444558080.0,103238.82259114584,0.0061131297935219,0.0019854586321201,-0.0034773409220929,1.0,1.0,0.0,6.0,1.0,0.0,0.0
2025-06-22 01:00:00+00:00,102409.4609375,103011.25,102281.8125,102858.5,844529664,-0.0048413391190617,0.0048413391190617,0.0038339233179135,479746816.0,103192.79557291669,-0.0048413391190617,0.0012985613239091,-0.0106714770012481,0.0,1.0,1.0,6.0,1.0,0.0,0.0
2025-06-22 02:00:00+00:00,102459.1171875,102768.484375,101980.59375,102421.453125,842944512,0.0004848795174334,0.0004848795174334,0.0038378431716032,514869504.0,103149.0556640625,0.0004848795174334,-0.0038238197514217,-0.0101417179203232,1.0,0.0,2.0,6.0,1.0,0.0,0.0
2025-06-22 03:00:00+00:00,102403.3046875,102560.2734375,102190.0859375,102425.8125,1127161856,-0.0005447294641224,0.0005447294641224,0.0038335406033196,561834581.3333334,103101.09375,-0.0005447294641224,0.0078628325973806,-0.0111157617803807,0.0,0.0,3.0,6.0,1.0,0.0,0.0
2025-06-22 04:00:00+00:00,102675.6875,102751.9140625,102328.0078125,102406.953125,85196800,0.0026599025620435,0.0026599025620435,0.0038804131055043,565384448.0,103070.19075520831,0.0026599025620435,0.0083845806213511,-0.0071716381029478,1.0,0.0,4.0,6.0,1.0,0.0,0.0
2025-06-22 05:00:00+00:00,102880.3984375,102942.9921875,102623.9765625,102623.9765625,1099354112,0.0019937625204604,0.0019937625204604,0.003907427000745,611190869.3333334,103046.89453125,0.0019937625204604,0.005846481417717,-0.0054051820897433,1.0,0.0,5.0,6.0,1.0,0.0,0.0
2025-06-22 06:00:00+00:00,102751.3828125,102980.15625,102746.671875,102892.8671875,0,-0.0012540350441816,0.0012540350441816,0.0038888425892908,611190869.3333334,103010.52311197916,-0.0012540350441816,-0.0015187309133748,-0.0084238358070886,0.0,0.0,6.0,6.0,1.0,0.0,0.0
2025-06-22 07:00:00+00:00,102491.3203125,102782.515625,102312.390625,102768.9140625,275886080,-0.002530987835702,0.002530987835702,0.0039081309713851,622686122.6666666,102969.67610677084,-0.002530987835702,0.0007993341069332,-0.00947436461875,0.0,0.0,7.0,6.0,1.0,0.0,0.0
2025-06-22 08:00:00+00:00,102726.9296875,102726.9296875,102379.7109375,102473.1328125,1137258496,0.0022988227128075,0.0022988227128075,0.0038809324118731,670071893.3333334,102925.34440104169,0.0022988227128075,0.0026138474286276,-0.0102510049879437,1.0,0.0,8.0,6.0,1.0,0.0,0.0
2025-06-22 09:00:00+00:00,102205.046875,102819.9453125,102172.171875,102733.1328125,0,-0.0050802921306768,0.0050802921306768,0.0039848234683071,636089600.0,102855.8515625,-0.0050802921306768,-0.0019360489693669,-0.016056435570884,0.0,1.0,9.0,6.0,1.0,0.0,0.0
2025-06-22 10:00:00+00:00,102520.109375,102560.078125,102214.75,102223.2578125,1023811584,0.0030826510982899,0.0030826510982899,0.0040572175587507,678748416.0,102800.3544921875,0.0030826510982899,-0.0015152382106036,-0.0128252627442242,1.0,0.0,10.0,6.0,1.0,0.0,0.0
2025-06-22 11:00:00+00:00,102781.7578125,102781.7578125,102508.359375,102508.359375,747180032,0.0025521669757777,0.0025521669757777,0.0041020068903827,709880917.3333334,102753.93782552084,0.0025521669757777,-0.0009587892980402,-0.0107222857165201,1.0,0.0,11.0,6.0,1.0,0.0,0.0
2025-06-22 12:00:00+00:00,102766.828125,102842.265625,102627.9140625,102750.765625,328826880,-0.000145256199327,0.000145256199327,0.0041021462876135,723582037.3333334,102709.775390625,-0.000145256199327,0.0001503173200907,-0.0102083391491879,0.0,0.0,12.0,6.0,1.0,0.0,0.0
2025-06-22 13:00:00+00:00,100866.9765625,102825.6953125,100379.234375,102780.296875,3949682688,-0.0184870117835019,0.0184870117835019,0.0055134611699536,888152149.3333334,102596.146484375,-0.0184870117835019,-0.01584859815492,-0.0263248054813707,0.0,1.0,13.0,6.0,1.0,0.0,0.0
2025-06-22 14:00:00+00:00,99529.5078125,101148.5,99258.2578125,100893.703125,4766257152,-0.0132597287594048,0.0132597287594048,0.0060442578468991,1086746197.3333333,102429.541015625,-0.0132597287594048,-0.0311254496238396,-0.0386226889469633,0.0,1.0,14.0,6.0,1.0,0.0,0.0
2025-06-22 15:00:00+00:00,99182.046875,99803.28125,99182.046875,99655.4921875,2578022400,-0.0034910344192052,0.0034910344192052,0.0060344665326504,1194163797.3333333,102245.36263020831,-0.0034910344192052,-0.0295777957393554,-0.0426658486348566,0.0,0.0,15.0,6.0,1.0,0.0,0.0
2025-06-22 16:00:00+00:00,99408.8125,99549.6484375,98723.6328125,98947.078125,3787067392,0.0022863575833012,0.0022863575833012,0.0060852269949788,1351958272.0,102071.91634114584,0.0022863575833012,-0.0303481618773877,-0.0401916549968677,1.0,0.0,16.0,6.0,1.0,0.0,0.0
2025-06-22 17:00:00+00:00,99566.6796875,100305.4609375,99497.0625,99690.1640625,934981632,0.0015880602889206,0.0015880602889206,0.0061092393208245,1390915840.0,101919.77571614584,0.0015880602889206,-0.0312806298843917,-0.035375351832146,1.0,0.0,17.0,6.0,1.0,0.0,0.0
2025-06-22 18:00:00+00:00,99488.3359375,99774.0234375,99396.953125,99521.890625,909586432,-0.0007868470681746,0.0007868470681746,0.0060645659071812,1428815274.6666667,101785.7998046875,-0.0007868470681746,-0.0319022416797005,-0.0313077334606411,0.0,0.0,18.0,6.0,1.0,0.0,0.0
2025-06-22 19:00:00+00:00,98914.84375,99467.1953125,98914.84375,99461.4375,0,-0.0057644163217311,0.0057644163217311,0.0061061129350226,1361604181.3333333,101645.724609375,-0.0057644163217311,-0.0193535374909389,-0.0328697189325123,0.0,0.0,19.0,6.0,1.0,0.0,0.0
2025-06-22 20:00:00+00:00,99740.65625,99740.65625,98386.765625,98939.1171875,1399017472,0.0083487216750519,0.0083487216750519,0.0062648762682793,1419096149.3333333,101516.068359375,0.0083487216750519,0.0021214657054045,-0.0302545182310696,1.0,1.0,20.0,6.0,1.0,0.0,0.0
2025-06-22 21:00:00+00:00,99235.078125,99657.1328125,99119.125,99559.1171875,0,-0.0050689271958745,0.0050689271958745,0.0058862802983448,1344727722.6666667,101417.34635416669,-0.0050689271958745,0.000534685980688,-0.0233191473917993,0.0,0.0,21.0,6.0,1.0,0.0,0.0
2025-06-22 22:00:00+00:00,100956.484375,100956.484375,99187.0078125,99187.0078125,117817344,0.0173467515975718,0.0173467515975718,0.0069563180324242,1282255189.3333333,101381.28515625,0.0173467515975718,0.0155687593089395,-0.0084998246786478,1.0,1.0,22.0,6.0,1.0,0.0,0.0
2025-06-22 23:00:00+00:00,100952.453125,101028.953125,100735.1796875,101001.625,1304907776,-3.993057033391256e-05,3.993057033391256e-05,0.0068798073015959,1307488085.3333333,101325.87044270831,-3.993057033391256e-05,0.0139180440871322,-0.0130027555447738,0.0,0.0,23.0,6.0,1.0,0.0,0.0
2025-06-23 00:00:00+00:00,101042.84375,101539.4453125,100555.9140625,100891.1171875,0,0.0008953781924256,0.0008953781924256,0.0067420643555875,1135812096.0,101248.16927083331,0.0008953781924256,0.0156250257666041,-0.0181213712352289,1.0,0.0,0.0,0.0,0.0,0.0,0.0
2025-06-23 01:00:00+00:00,101130.34375,101130.34375,100631.640625,100960.8203125,0,0.0008659692933474,0.0008659692933474,0.0066915731356646,1100623360.0,101194.87272135416,0.0008659692933474,0.0223980538815742,-0.0124902247877336,1.0,0.0,1.0,0.0,0.0,0.0,0.0
2025-06-23 02:00:00+00:00,101353.34375,101408.890625,101019.125,101133.8203125,203980800,0.0022050750717437,0.0022050750717437,0.0067117863797813,1073999872.0,101148.798828125,0.0022050750717437,0.0161688077924593,-0.0107923381330373,1.0,0.0,2.0,0.0,0.0,0.0,0.0
2025-06-23 03:00:00+00:00,101157.53125,101364.8515625,101124.359375,101345.359375,0,-0.0019319786871856,0.0019319786871856,0.0067187836680342,1027034794.6666666,101096.8916015625,-0.0019319786871856,0.019372717403199,-0.0121653636208487,0.0,0.0,3.0,0.0,0.0,0.0,0.0
2025-06-23 04:00:00+00:00,101188.46875,101358.3828125,101045.375,101189.1953125,0,0.0003058348658544,0.0003058348658544,0.0066879394255739,1023484928.0,101034.92415364584,0.0003058348658544,0.0022978650300291,-0.014484624220315,1.0,0.0,4.0,0.0,0.0,0.0,1.0
2025-06-23 05:00:00+00:00,101841.09375,101841.09375,101214.203125,101214.203125,0,0.0064495985368886,0.0064495985368886,0.0068231576227997,977678506.6666666,100991.61979166669,0.0064495985368886,0.0088025659356656,-0.0101020670923176,1.0,0.0,5.0,0.0,0.0,0.0,1.0
2025-06-23 06:00:00+00:00,101976.609375,102005.5,101712.828125,101808.3046875,791060480,0.0013306575961631,0.0013306575961631,0.0068294971555821,1010639360.0,100959.33756510416,0.0013306575961631,0.0092412840963811,-0.0075402726103822,1.0,0.0,6.0,0.0,0.0,0.0,1.0
2025-06-23 07:00:00+00:00,101967.265625,102064.9609375,101833.125,101978.515625,890101760,-9.162640391036092e-05,9.162640391036092e-05,0.0068128727734392,1036231680.0,100937.501953125,-9.162640391036092e-05,0.0082756751729127,-0.0051131616404407,0.0,0.0,7.0,0.0,0.0,0.0,1.0
2025-06-23 08:00:00+00:00,101925.3984375,102063.7265625,101789.9453125,101962.71875,0,-0.0004105943926551,0.0004105943926551,0.0067922333057271,988845909.3333334,100904.10481770831,-0.0004105943926551,0.0056441619618494,-0.0078025426481478,0.0,0.0,8.0,0.0,0.0,0.0,1.0
2025-06-23 09:00:00+00:00,101610.2890625,101920.8671875,101447.4765625,101920.8671875,0,-0.0030915687339031,0.0030915687339031,0.0067433879967846,988845909.3333334,100879.3232421875,-0.0030915687339031,0.0044757696921355,-0.0058192606988127,0.0,0.0,9.0,0.0,0.0,1.0,1.0
2025-06-23 10:00:00+00:00,101536.203125,101596.765625,101240.2265625,101596.765625,82984960,-0.0007291184601829,0.0007291184601829,0.0067069778967757,949644800.0,100838.3271484375,-0.0007291184601829,0.0034365019976645,-0.0095972025000582,0.0,0.0,10.0,0.0,0.0,1.0,1.0
2025-06-23 11:00:00+00:00,101354.234375,101585.234375,101210.75,101509.109375,355401728,-0.0017921563383257,0.0017921563383257,0.006682978552697,933320704.0,100778.84700520831,-0.0017921563383257,-0.0047805788122734,-0.0138888793875676,0.0,0.0,11.0,0.0,0.0,1.0,1.0
2025-06-23 12:00:00+00:00,101638.3125,101638.3125,101186.1875,101342.171875,1159589888,0.0028028244379898,0.0028028244379898,0.0067179575197217,967935829.3333334,100731.82552083331,0.0028028244379898,-0.0033173967743521,-0.0109813219459039,1.0,0.0,12.0,0.0,0.0,1.0,1.0
2025-06-23 13:00:00+00:00,102433.796875,102433.796875,100888.125,101693.2109375,0,0.0078266192682017,0.0078266192682017,0.0057169299951623,803365717.3333334,100797.10970052084,0.0078266192682017,0.0045753041149081,0.0155335310514552,1.0,1.0,13.0,0.0,0.0,1.0,1.0
2025-06-23 14:00:00+00:00,101607.5546875,102520.3828125,101607.5546875,102420.890625,0,-0.0080661091622744,0.0080661091622744,0.0052461074969399,604771669.3333334,100883.69498697916,-0.0080661091622744,-0.0031183959530449,0.0208787014089806,0.0,1.0,14.0,0.0,0.0,1.0,1.0
2025-06-23 15:00:00+00:00,101502.34375,102071.578125,101383.53125,101694.5078125,0,-0.0010354637292825,0.0010354637292825,0.0051808037435316,497354069.3333333,100980.3740234375,-0.0010354637292825,-0.0010623462790624,0.0233943233489049,0.0,0.0,15.0,0.0,0.0,1.0,1.0
2025-06-23 16:00:00+00:00,100640.4921875,101473.6953125,99919.1640625,101473.6953125,0,-0.0084909523333051,0.0084909523333051,0.0055184293766153,339559594.6666667,101031.69401041669,-0.0084909523333051,-0.0088215918060015,0.0123900452739036,0.0,1.0,16.0,0.0,0.0,1.0,1.0
2025-06-23 17:00:00+00:00,102472.109375,102687.5,100595.03125,100737.8203125,3888246784,0.0181996048279213,0.0181996048279213,0.0065941122351898,462612309.3333333,101152.75358072916,0.0181996048279213,0.0110293862599166,0.0291807429615909,1.0,1.0,17.0,0.0,0.0,0.0,1.0
2025-06-23 18:00:00+00:00,103055.1640625,103303.03125,102540.71875,102551.890625,1407447040,0.0056898866536092,0.0056898866536092,0.006640780857894,483356501.3333333,101301.37141927084,0.0056898866536092,0.0139401326886452,0.0358517216253444,1.0,0.0,18.0,0.0,0.0,0.0,1.0
2025-06-23 19:00:00+00:00,103298.171875,103298.171875,102761.0703125,103049.59375,332828672,0.0023580362489417,0.0023580362489417,0.0064595104499437,497224362.6666667,101484.01009114584,0.0023580362489417,0.0084383770432212,0.0443141591172961,1.0,0.0,19.0,0.0,0.0,0.0,1.0
2025-06-23 20:00:00+00:00,103785.7734375,103966.1328125,103041.5,103236.296875,700530688,0.0047203309956931,0.0047203309956931,0.0063416494831856,468120746.6666667,101652.556640625,0.0047203309956931,0.0214375668885964,0.0405563522397618,1.0,0.0,20.0,0.0,0.0,0.0,1.0
2025-06-23 21:00:00+00:00,103789.1953125,104246.578125,103722.5625,103786.7265625,0,3.297055932294235e-05,3.297055932294235e-05,0.0061893688658888,468120746.6666667,101842.3115234375,3.297055932294235e-05,0.0225300370219283,0.0458922114392199,1.0,0.0,21.0,0.0,0.0,0.0,0.0
2025-06-23 22:00:00+00:00,105721.0,106052.0,103785.3046875,103812.9921875,2595319808,0.0186127725692786,0.0186127725692786,0.006330618554999,571350016.0,102040.8330078125,0.0186127725692786,0.050481746482665,0.0471937553540626,1.0,1.0,22.0,0.0,0.0,0.0,0.0
2025-06-23 23:00:00+00:00,105598.7578125,105722.609375,105228.984375,105678.8515625,2298023936,-0.0011562715780214,0.0011562715780214,0.0063498883309221,612729856.0,102234.42903645831,-0.0011562715780214,0.030512189673562,0.0460246833402544,0.0,0.0,23.0,0.0,0.0,0.0,0.0
2025-06-24 00:00:00+00:00,105202.1796875,105533.234375,105005.375,105407.609375,0,-0.0037555188452516,0.0037555188452516,0.0064518967847282,612729856.0,102407.73470052084,-0.0037555188452516,0.0208336539418625,0.0411640823153296,0.0,0.0,0.0,1.0,0.0,0.0,0.0
2025-06-24 01:00:00+00:00,105539.6875,105539.6875,105074.984375,105198.765625,0,0.0032081826964285,0.0032081826964285,0.0064564132438739,612729856.0,102591.45735677084,0.0032081826964285,0.0216994704195969,0.0436006008335159,1.0,0.0,1.0,1.0,0.0,0.0,0.0
2025-06-24 02:00:00+00:00,104840.8046875,105529.453125,104822.1875,105529.453125,1177288704,-0.0066219905426572,0.0066219905426572,0.0066798657723926,653284352.0,102736.76822916669,-0.0066219905426572,0.010165470806414,0.0344089381609573,0.0,0.0,2.0,1.0,0.0,0.0,0.0
2025-06-24 03:00:00+00:00,105031.109375,105161.1484375,104826.75,104845.5859375,644734976,0.001815177669298,0.001815177669298,0.0066415053187606,680148309.3333334,102898.16731770831,0.001815177669298,0.0119657355350015,0.0382925332116583,1.0,0.0,3.0,1.0,0.0,0.0,0.0
2025-06-24 04:00:00+00:00,104892.1640625,105020.640625,104817.8046875,105011.3046875,0,-0.0013228967429441,0.0013228967429441,0.0066634609057677,680148309.3333334,103052.48795572916,-0.0013228967429441,-0.0078398420134127,0.0366019503828098,0.0,0.0,4.0,1.0,0.0,0.0,1.0
2025-06-24 05:00:00+00:00,105455.7109375,105458.421875,104951.421875,104951.421875,1275543552,0.0053726308350756,0.0053726308350756,0.0066323747096403,733295957.3333334,103203.09700520831,0.0053726308350756,-0.0013546264933721,0.0354927176683037,1.0,0.0,5.0,1.0,0.0,0.0,1.0
2025-06-24 06:00:00+00:00,105785.640625,105880.46875,105349.609375,105476.7734375,0,0.0031286090109954,0.0031286090109954,0.0066408195888092,700335104.0,103361.806640625,0.0031286090109954,0.0055460917181864,0.0373520091847043,1.0,0.0,6.0,1.0,0.0,0.0,1.0
2025-06-24 07:00:00+00:00,105005.8203125,105831.125,105005.8203125,105785.640625,583507968,-0.0073717028879598,0.0073717028879598,0.0068809969336172,687560362.6666666,103488.4130859375,-0.0073717028879598,-0.0050584495761369,0.0297993151907667,0.0,1.0,7.0,1.0,0.0,0.0,1.0
2025-06-24 08:00:00+00:00,105080.71875,105197.8203125,104760.0,105034.796875,1063448576,0.0007132789142267,0.0007132789142267,0.0068730468613168,731870720.0,103619.884765625,0.0007132789142267,0.0022883653288918,0.0309571545549054,1.0,0.0,8.0,1.0,0.0,0.0,1.0
2025-06-24 09:00:00+00:00,105285.7578125,105637.75,105049.7890625,105081.671875,720756736,0.0019512529504848,0.0019512529504848,0.0068099501177637,761902250.6666666,103773.029296875,0.0019512529504848,0.0024245048825564,0.0361722103530208,1.0,0.0,9.0,1.0,0.0,1.0,1.0
2025-06-24 10:00:00+00:00,105358.796875,105413.3984375,105183.2109375,105281.90625,0,0.0006937221521459,0.0006937221521459,0.006795845165193,758444544.0,103932.30403645831,0.0006937221521459,0.0044486908690524,0.0376475939847193,1.0,0.0,10.0,1.0,0.0,1.0,1.0
2025-06-24 11:00:00+00:00,105248.359375,105447.25,105089.984375,105374.390625,0,-0.0010482038830703,0.0010482038830703,0.0067815573541509,743636138.6666666,104094.55924479169,-0.0010482038830703,-0.0019662430859044,0.0384209404176656,0.0,0.0,11.0,1.0,0.0,1.0,1.0
2025-06-24 12:00:00+00:00,105254.1640625,105353.234375,105043.671875,105268.2109375,0,5.515228488572888e-05,5.515228488572888e-05,0.0067834561190681,695319893.3333334,104245.2197265625,5.515228488572888e-05,-0.0050240898420612,0.0355756748962159,1.0,0.0,12.0,1.0,0.0,1.0,1.0
2025-06-24 13:00:00+00:00,105129.0,105353.859375,104927.65625,105264.7578125,0,-0.0011891601972695,0.0011891601972695,0.0066652935886714,695319893.3333334,104357.51985677084,-0.0011891601972695,0.0011730748555975,0.0263116589175052,0.0,0.0,13.0,1.0,0.0,1.0,1.0
2025-06-24 14:00:00+00:00,105553.9453125,105673.71875,105068.265625,105125.03125,0,0.0040421321661958,0.0040421321661958,0.0063937362790857,695319893.3333334,104521.95279947916,0.0040421321661958,0.0045034576098195,0.0388395394135538,1.0,0.0,14.0,1.0,0.0,1.0,1.0
2025-06-24 15:00:00+00:00,105276.109375,105771.65625,105261.03125,105565.0,0,-0.002632170087792,0.002632170087792,0.0064306435256611,695319893.3333334,104679.19303385416,-0.002632170087792,-9.16404811103222e-05,0.0371790983890458,0.0,0.0,15.0,1.0,0.0,1.0,1.0
2025-06-24 16:00:00+00:00,106071.421875,106071.421875,105272.234375,105285.0390625,0,0.0075545392465734,0.0075545392465734,0.0061710767134781,695319893.3333334,104905.48177083331,0.0075545392465734,0.0067637921192804,0.0539636638241176,1.0,1.0,16.0,1.0,0.0,1.0,1.0
2025-06-24 17:00:00+00:00,106089.734375,106295.125,105713.8046875,106279.9296875,0,0.0001726431085422,0.0001726431085422,0.0051535077879812,533309610.6666667,105056.21614583331,0.0001726431085422,0.0079941863701853,0.0353035086528881,1.0,0.0,17.0,1.0,0.0,0.0,1.0
2025-06-24 18:00:00+00:00,105636.109375,106131.921875,105621.828125,106108.890625,0,-0.0042758613985831,0.0042758613985831,0.0051991010401288,474665984.0,105163.75553385416,-0.0042758613985831,0.0036287905177148,0.025044308414615,0.0,0.0,18.0,1.0,0.0,0.0,1.0
2025-06-24 19:00:00+00:00,105605.2890625,105683.734375,105370.90625,105602.1796875,0,-0.0002917592543151,0.0002917592543151,0.0051981198750083,460798122.6666667,105259.88541666669,-0.0002917592543151,0.0045305202417982,0.0223345403468691,0.0,0.0,19.0,1.0,0.0,0.0,1.0
2025-06-24 20:00:00+00:00,106142.59375,106142.59375,105524.7890625,105697.1875,0,0.0050878577415001,0.0050878577415001,0.0052102875172371,431609344.0,105358.08626302084,0.0050878577415001,0.0055767544809175,0.0227085103713109,1.0,0.0,20.0,1.0,0.0,0.0,1.0
2025-06-24 21:00:00+00:00,106049.640625,106133.96875,105884.5859375,106124.2890625,0,-0.0008757382094782,0.0008757382094782,0.0052205251905666,431609344.0,105452.271484375,-0.0008757382094782,0.0073476428279148,0.0217791968199965,0.0,0.0,21.0,1.0,0.0,0.0,0.0
2025-06-24 22:00:00+00:00,106072.515625,106072.515625,105850.078125,106042.3984375,0,0.000215700872395,0.000215700872395,0.0036108046321591,323471018.6666667,105466.91796875,0.000215700872395,1.0311448462418936e-05,0.0033249366256467,1.0,0.0,22.0,1.0,0.0,0.0,0.0
2025-06-24 23:00:00+00:00,106048.78125,106073.3125,105842.8984375,106073.3125,0,-0.0002237561243848,0.0002237561243848,0.0036012025797409,227720021.3333333,105485.6689453125,-0.0002237561243848,-0.0003860234474265,0.0042616357126004,0.0,0.0,23.0,1.0,0.0,0.0,0.0
2025-06-25 00:00:00+00:00,106420.140625,106465.875,105885.8359375,106102.046875,0,0.0035017788099285,0.0035017788099285,0.0035605379781818,227720021.3333333,105536.41731770831,0.0035017788099285,0.007422000437528,0.0115773355753456,1.0,0.0,0.0,2.0,0.0,0.0,0.0
2025-06-25 01:00:00+00:00,106405.578125,106548.109375,106096.828125,106441.8984375,1173372928,-0.0001368396988997,0.0001368396988997,0.0035145106906491,276610560.0,105572.49609375,-0.0001368396988997,0.0075781153539229,0.0082044077020788,0.0,0.0,1.0,2.0,0.0,0.0,0.0
2025-06-25 02:00:00+00:00,106554.015625,106817.96875,106399.1953125,106428.3046875,183230464,0.0013950161506159,0.0013950161506159,0.0031893412455638,235191466.66666663,105643.8798828125,0.0013950161506159,0.0038761241878921,0.0163410700881836,1.0,0.0,2.0,2.0,0.0,0.0,0.0
2025-06-25 03:00:00+00:00,106313.6640625,106652.0,106280.6875,106523.703125,0,-0.0022556781280386,0.0022556781280386,0.0032343038771654,208327509.3333333,105697.31966145831,-0.0022556781280386,0.0024896212372242,0.0122111886195621,0.0,0.0,3.0,2.0,0.0,0.0,0.0
2025-06-25 04:00:00+00:00,106257.78125,106338.09375,106105.9609375,106297.46875,521506816,-0.0005256409229499,0.0005256409229499,0.0032187074679617,230056960.0,105754.22037760416,-0.0005256409229499,0.0017465940532133,0.0130192488610141,0.0,0.0,4.0,2.0,0.0,0.0,1.0
2025-06-25 05:00:00+00:00,106294.0,106417.203125,106118.640625,106254.2578125,0,0.0003408573901499,0.0003408573901499,0.0030499692678706,176909312.0,105789.14908854169,0.0003408573901499,0.0023123203030681,0.0079492049794895,1.0,0.0,5.0,2.0,0.0,0.0,1.0
2025-06-25 06:00:00+00:00,106459.53125,106486.34375,106183.0625,106272.9765625,0,0.0015572962726024,0.0015572962726024,0.0030038977571765,176909312.0,105817.22786458331,0.0015572962726024,0.0003701425761013,0.0063703412014952,1.0,0.0,6.0,2.0,0.0,0.0,1.0
2025-06-25 07:00:00+00:00,106673.75,106751.34375,106389.34375,106448.4921875,0,0.0020122082774998,0.0020122082774998,0.0025412133609102,152596480.0,105886.72493489584,0.0020122082774998,0.0025202802308443,0.0158841641590552,1.0,0.0,7.0,2.0,0.0,0.0,1.0
2025-06-25 08:00:00+00:00,106609.546875,106685.46875,106396.203125,106666.546875,0,-0.0006018643293218,0.0006018643293218,0.002554159853671,108286122.66666669,105950.42610677084,-0.0006018643293218,0.0005211558632893,0.0145490832493948,0.0,0.0,8.0,2.0,0.0,0.0,1.0
2025-06-25 09:00:00+00:00,106675.8359375,106969.0078125,106541.5546875,106627.6328125,271151104,0.0006217929298368,0.0006217929298368,0.002538062215459,89552554.66666667,106008.34602864584,0.0006217929298368,0.0034066352448081,0.0132029075335673,1.0,0.0,9.0,2.0,0.0,1.0,1.0
2025-06-25 10:00:00+00:00,107064.796875,107168.078125,106628.359375,106675.1875,1749659648,0.0036461953551307,0.0036461953551307,0.0026157092551035,162455040.0,106079.42936197916,0.0036461953551307,0.0075948849628364,0.0161922881676794,1.0,1.0,10.0,2.0,0.0,1.0,1.0
2025-06-25 11:00:00+00:00,107233.0859375,107243.6953125,106940.0703125,107126.203125,484741120,0.001571843102607,0.001571843102607,0.0025953558293988,182652586.66666663,106162.12630208331,0.001571843102607,0.0088347972369089,0.0188575534505808,1.0,0.0,11.0,2.0,0.0,1.0,1.0
2025-06-25 12:00:00+00:00,107250.1953125,107269.03125,107002.953125,107199.3984375,292409344,0.0001595531346545,0.0001595531346545,0.0025941719318401,194836309.3333333,106245.29427083331,0.0001595531346545,0.0074268978382336,0.0189639171787516,1.0,0.0,12.0,2.0,0.0,1.0,1.0
2025-06-25 13:00:00+00:00,108018.9765625,108148.6328125,107233.0703125,107233.0703125,876261376,0.0071681104893093,0.0071681104893093,0.0028643143014412,231347200.0,106365.7099609375,0.0071681104893093,0.0126106615966907,0.0274898131105594,1.0,1.0,13.0,2.0,0.0,1.0,1.0
2025-06-25 14:00:00+00:00,107698.0234375,108160.78125,107442.8125,107983.40625,2266906624,-0.0029712661165077,0.0029712661165077,0.002912136860309,325801642.6666667,106455.04654947916,-0.0029712661165077,0.0102099351737818,0.0203126289467656,0.0,1.0,14.0,2.0,0.0,1.0,1.0
2025-06-25 15:00:00+00:00,107046.5078125,107693.3359375,106817.453125,107693.3359375,1552142336,-0.0060494668723246,0.0060494668723246,0.0031622107351911,390474240.0,106528.81315104169,-0.0060494668723246,0.0034747501319527,0.0168167160432737,0.0,1.0,15.0,2.0,0.0,1.0,1.0
2025-06-25 16:00:00+00:00,107206.609375,107511.6015625,107049.7421875,107072.5390625,0,0.0014956262074465,0.0014956262074465,0.0028138456222021,390474240.0,106576.11263020831,0.0014956262074465,0.0013245483495902,0.0107021050527422,1.0,0.0,16.0,2.0,0.0,1.0,1.0
2025-06-25 17:00:00+00:00,107409.8828125,107554.421875,107007.5234375,107207.0390625,0,0.0018960905366287,0.0018960905366287,0.0028284811718912,390474240.0,106631.11881510416,0.0018960905366287,0.0016487157247628,0.0124436963225265,1.0,0.0,17.0,2.0,0.0,0.0,1.0
2025-06-25 18:00:00+00:00,107408.546875,107583.9765625,107267.28125,107440.1953125,50999296,-1.2437752141769565e-05,1.2437752141769565e-05,0.0026419627478172,392599210.6666667,106704.97037760416,-1.2437752141769565e-05,0.0014764687564308,0.016778708629906,0.0,0.0,18.0,2.0,0.0,0.0,1.0
2025-06-25 19:00:00+00:00,107737.515625,107922.1328125,107441.5546875,107441.5546875,1578885120,0.0030627800074685,0.0030627800074685,0.002675901693915,458386090.6666667,106793.81315104169,0.0030627800074685,-0.0026056619536396,0.0201905281584722,1.0,1.0,19.0,2.0,0.0,0.0,1.0
2025-06-25 20:00:00+00:00,107840.578125,107890.140625,107582.8984375,107706.7109375,0,0.0009566073563338,0.0009566073563338,0.0025188073382125,458386090.6666667,106864.5625,0.0009566073563338,0.001323651845688,0.0159972006996484,1.0,0.0,20.0,2.0,0.0,0.0,1.0
2025-06-25 21:00:00+00:00,107503.8203125,108031.2734375,107503.8203125,107845.84375,0,-0.0031227374551874,0.0031227374551874,0.0026183431690777,458386090.6666667,106925.1533203125,-0.0031227374551874,0.0042720917229828,0.0137122547415515,0.0,1.0,21.0,2.0,0.0,0.0,0.0
2025-06-25 22:00:00+00:00,107338.046875,107533.59375,107278.6328125,107533.59375,20873216,-0.0015420236882569,0.0015420236882569,0.0026530634765342,459255808.0,106977.8837890625,-0.0015420236882569,0.0012260204922649,0.0119308120726961,0.0,0.0,22.0,2.0,0.0,0.0,0.0
2025-06-25 23:00:00+00:00,107371.703125,107411.28125,107173.3125,107334.578125,0,0.0003135537768745,0.0003135537768745,0.002648974937887,459255808.0,107033.00553385416,0.0003135537768745,-0.0003554578638415,0.0124746542054201,1.0,0.0,23.0,2.0,0.0,0.0,0.0
2025-06-26 00:00:00+00:00,107359.140625,107612.09375,107329.53125,107372.0703125,0,-0.0001170000999739,0.0001170000999739,0.0025737985255714,459255808.0,107072.13053385416,-0.0001170000999739,-0.0004599843442393,0.0088235177522346,0.0,0.0,0.0,3.0,0.0,0.0,0.0
2025-06-26 01:00:00+00:00,107669.296875,107838.7578125,107179.3515625,107380.890625,0,0.0028889598798425,0.0028889598798425,0.0026215932908686,410365269.3333333,107124.78548177084,0.0028889598798425,-0.0006331940142136,0.0118764332873173,1.0,1.0,1.0,3.0,0.0,0.0,0.0
2025-06-26 02:00:00+00:00,107985.328125,107991.828125,107650.34375,107681.2734375,0,0.002935203063199,0.002935203063199,0.0026630966616947,402730666.6666667,107184.42350260416,0.002935203063199,0.0013422591246887,0.0134327410525501,1.0,1.0,2.0,3.0,0.0,0.0,0.0
2025-06-26 03:00:00+00:00,107899.0390625,108274.921875,107856.9140625,108005.2421875,1576587264,-0.0007990813566831,0.0007990813566831,0.0026122618229845,468421802.6666667,107250.48079427084,-0.0007990813566831,0.0036763228399805,0.0149122411872475,0.0,0.0,3.0,3.0,0.0,0.0,0.0
2025-06-26 04:00:00+00:00,107878.8203125,107937.328125,107756.046875,107929.109375,108871680,-0.0001873858208161,0.0001873858208161,0.0026067173934123,451228672.0,107318.02408854169,-0.0001873858208161,0.0050380405945875,0.0152557209780812,0.0,0.0,4.0,3.0,0.0,0.0,1.0
2025-06-26 05:00:00+00:00,107659.53125,107877.796875,107566.5625,107873.875,0,-0.0020327350805725,0.0020327350805725,0.0026627600953248,451228672.0,107374.92122395831,-0.0020327350805725,0.0026806702010204,0.0128467387623008,0.0,0.0,5.0,3.0,0.0,0.0,1.0
2025-06-26 06:00:00+00:00,107780.125,107849.3125,107625.8125,107671.4609375,121450496,0.0011201400247597,0.0011201400247597,0.0026569547355334,456289109.3333333,107429.94596354169,0.0011201400247597,0.0039212718409369,0.0124046549378358,1.0,0.0,6.0,3.0,0.0,0.0,1.0
2025-06-26 07:00:00+00:00,107866.8828125,108092.0859375,107808.6953125,107824.9140625,0,0.000804951863806,0.000804951863806,0.0026387859919417,456289109.3333333,107479.65983072916,0.000804951863806,0.0018351186757483,0.0111848773714244,1.0,0.0,7.0,3.0,0.0,0.0,1.0
2025-06-26 08:00:00+00:00,107843.625,108190.546875,107790.8203125,107855.8046875,1176891392,-0.0002156158766581,0.0002156158766581,0.0026331561940415,505326250.6666667,107531.07975260416,-0.0002156158766581,-0.0013122442415136,0.0115756811765361,0.0,0.0,8.0,3.0,0.0,0.0,1.0
2025-06-26 09:00:00+00:00,107389.296875,107831.625,107379.1171875,107821.015625,0,-0.0042128417419202,0.0042128417419202,0.0028016174665464,494028288.0,107560.80729166669,-0.0042128417419202,-0.0047242514106611,0.0066881213653484,0.0,1.0,9.0,3.0,0.0,1.0,1.0
2025-06-26 10:00:00+00:00,107425.2578125,107489.9609375,107316.4375,107382.875,393629696,0.0003348651918435,0.0003348651918435,0.0027087095756848,437527040.0,107575.82649739584,0.0003348651918435,-0.0042043702247218,0.0033667549747546,1.0,0.0,10.0,3.0,0.0,1.0,1.0
2025-06-26 11:00:00+00:00,107365.1328125,107449.0703125,107220.1328125,107420.421875,0,-0.0005596914657159,0.0005596914657159,0.0026947515729885,417329493.3333333,107581.32845052084,-0.0005596914657159,-0.0027345320389363,0.0012314004940319,0.0,0.0,11.0,3.0,0.0,1.0,1.0
2025-06-26 12:00:00+00:00,107192.1640625,107388.6640625,107162.703125,107372.484375,0,-0.0016110327949956,0.0016110327949956,0.0027159114648279,405145770.6666667,107578.91048177084,-0.0016110327949956,-0.0054551888625106,-0.0005410829307201,0.0,0.0,12.0,3.0,0.0,1.0,1.0
2025-06-26 13:00:00+00:00,106938.8828125,107289.4921875,106878.515625,107160.265625,0,-0.002362870945047,0.002362870945047,0.0022813599817247,368634880.0,107533.90657552084,-0.002362870945047,-0.0086031966049588,-0.0099991111226188,0.0,1.0,13.0,3.0,0.0,1.0,1.0
2025-06-26 14:00:00+00:00,107492.78125,107722.5703125,106947.9296875,106986.796875,0,0.0051795794282905,0.0051795794282905,0.0024822950355413,274180437.3333333,107525.35481770831,0.0051795794282905,-0.0032532636954664,-0.0019057191668806,1.0,1.0,14.0,3.0,0.0,1.0,1.0
2025-06-26 15:00:00+00:00,107252.609375,107506.3828125,106702.96875,107485.796875,0,-0.0022343070130581,0.0022343070130581,0.0021878581840682,209507840.0,107533.9423828125,-0.0022343070130581,-0.0012728223759496,0.0019253459707531,0.0,1.0,15.0,3.0,0.0,1.0,1.0
2025-06-26 16:00:00+00:00,107168.015625,107397.3046875,107081.859375,107333.4375,296452096,-0.0007887337239901,0.0007887337239901,0.0021733470990109,221860010.66666663,107532.33430989584,-0.0007887337239901,-0.0023946155004719,-0.0003599941293265,0.0,0.0,16.0,3.0,0.0,1.0,1.0
2025-06-26 17:00:00+00:00,107222.359375,107410.2890625,107199.15625,107199.15625,0,0.0005070892624359,0.0005070892624359,0.0021385210715463,221860010.66666663,107524.52083333331,0.0005070892624359,-0.0013297933301059,-0.0017458676295862,1.0,0.0,17.0,3.0,0.0,0.0,1.0
2025-06-26 18:00:00+00:00,107407.8828125,107594.1328125,107210.1328125,107210.1328125,313507840,0.0017302681882904,0.0017302681882904,0.0021699380707341,232797866.66666663,107524.4931640625,0.0017302681882904,0.0020124488752202,-6.18258527207427e-06,1.0,0.0,18.0,3.0,0.0,0.0,1.0
2025-06-26 19:00:00+00:00,107669.4765625,107669.4765625,107361.0859375,107412.2890625,0,0.0024355172371905,0.0024355172371905,0.0021349651560722,167010986.66666666,107521.658203125,0.0024355172371905,0.006831881265124,-0.0006315261875614,1.0,1.0,19.0,3.0,0.0,0.0,1.0
2025-06-26 20:00:00+00:00,107769.1171875,107931.59375,107498.9140625,107576.5234375,1316098048,0.0009254305693793,0.0009254305693793,0.0021343518667436,221848405.3333333,107518.6806640625,0.0009254305693793,0.0025707394886109,-0.000662653508934,1.0,0.0,20.0,3.0,0.0,0.0,1.0
2025-06-26 21:00:00+00:00,107027.6328125,107786.984375,106908.84375,107786.984375,0,-0.0068803048067095,0.0068803048067095,0.0024810864208443,221848405.3333333,107498.83951822916,-0.0068803048067095,-0.0020976325313764,-0.0044294937483689,0.0,1.0,21.0,3.0,0.0,0.0,0.0
2025-06-26 22:00:00+00:00,107030.1015625,107242.2890625,107015.4296875,107067.3671875,854245376,2.306647297634079e-05,2.306647297634079e-05,0.0024642972334566,256572245.3333333,107486.00846354169,2.306647297634079e-05,-0.0012868957374613,-0.0028689297175177,1.0,0.0,22.0,3.0,0.0,0.0,0.0
2025-06-26 23:00:00+00:00,106954.1015625,107087.15625,106931.3828125,107028.2734375,18309120,-0.0007100806118138,0.0007100806118138,0.0024653832652594,257335125.3333333,107468.6083984375,-0.0007100806118138,-0.0025018831339254,-0.0038893074278036,0.0,0.0,23.0,3.0,0.0,0.0,0.0
2025-06-27 00:00:00+00:00,106727.0,107215.3515625,106727.0,106981.390625,0,-0.0021233553382455,0.0021233553382455,0.0024976864355287,257335125.3333333,107442.26920572916,-0.0021233553382455,-0.0063392257129637,-0.0058880931918785,0.0,0.0,0.0,4.0,0.0,0.0,0.0
2025-06-27 01:00:00+00:00,107170.4453125,107207.8671875,106545.3828125,106743.609375,2849107968,0.0041549496612853,0.0041549496612853,0.0025787608513606,376047957.3333333,107421.48372395831,0.0041549496612853,-0.0046348442096337,-0.004633183061269,1.0,1.0,1.0,4.0,0.0,0.0,0.0
2025-06-27 02:00:00+00:00,107308.0078125,107318.21875,107126.0078125,107171.859375,0,0.001283586156602,0.001283586156602,0.0025129241161416,376047957.3333333,107393.26204427084,0.001283586156602,-0.0042786782246507,-0.0062723364762661,1.0,0.0,2.0,4.0,0.0,0.0,0.0
2025-06-27 03:00:00+00:00,107524.9140625,107542.796875,107231.75,107293.7421875,0,0.0020213426231805,0.0020213426231805,0.0025522159971316,310356821.3333333,107377.67350260416,0.0020213426231805,0.0046462884110609,-0.0034673617415933,1.0,0.0,3.0,4.0,0.0,0.0,0.0
2025-06-27 04:00:00+00:00,107567.5,107607.015625,107436.09375,107524.375,856809472,0.0003960564662739,0.0003960564662739,0.0025545384399859,341520896.0,107364.70182291669,0.0003960564662739,0.0050210027801027,-0.0028858334898191,1.0,0.0,4.0,4.0,0.0,0.0,1.0
2025-06-27 05:00:00+00:00,107335.3828125,107582.1875,107325.734375,107556.578125,127414272,-0.0021578747065795,0.0021578747065795,0.0025587423777429,346829824.0,107351.19563802084,-0.0021578747065795,0.0035649053606157,-0.0030108661419608,0.0,0.0,5.0,4.0,0.0,0.0,1.0
2025-06-27 06:00:00+00:00,107373.609375,107427.75,107271.6875,107324.3359375,0,0.0003561412974766,0.0003561412974766,0.0025473376553132,341769386.6666667,107334.25748697916,0.0003561412974766,0.0060585360311824,-0.0037717123170899,1.0,0.0,6.0,4.0,0.0,0.0,1.0
2025-06-27 07:00:00+00:00,106959.1484375,107745.96875,106939.234375,107356.578125,0,-0.0038599888735462,0.0038599888735462,0.0026469863190494,341769386.6666667,107296.43522135416,-0.0038599888735462,-0.0019715965011051,-0.0084153203590565,0.0,1.0,7.0,4.0,0.0,0.0,1.0
2025-06-27 08:00:00+00:00,107057.3359375,107093.40625,106760.4765625,106954.390625,495468544,0.0009179906668514,0.0009179906668514,0.0026595487621998,313376768.0,107263.67317708331,0.0009179906668514,-0.0023360034363698,-0.0072910110588363,1.0,0.0,8.0,4.0,0.0,0.0,1.0
2025-06-27 09:00:00+00:00,107140.4921875,107148.453125,106868.4921875,107050.421875,1805549568,0.0007767449962376,0.0007767449962376,0.0025324841199704,388608000.0,107253.30631510416,0.0007767449962376,-0.0035751888606629,-0.0023168480913847,1.0,0.0,9.0,4.0,0.0,1.0,1.0
2025-06-27 10:00:00+00:00,107042.109375,107203.25,107030.0234375,107143.171875,246525952,-0.0009182598520065,0.0009182598520065,0.0025361823196515,382478677.3333333,107237.341796875,-0.0009182598520065,-0.0048842877727938,-0.0035666513192711,0.0,0.0,10.0,4.0,0.0,1.0,1.0
2025-06-27 11:00:00+00:00,107021.6484375,107149.203125,106959.8203125,107042.03125,0,-0.0001911484893138,0.0001911484893138,0.0025346825051094,382478677.3333333,107223.02994791669,-0.0001911484893138,-0.0029229352593641,-0.0031992171573973,0.0,0.0,11.0,4.0,0.0,1.0,1.0
2025-06-27 12:00:00+00:00,106694.3671875,107217.40625,106679.3984375,107014.8046875,0,-0.0030580845537165,0.0030580845537165,0.0025880821981782,382478677.3333333,107202.28841145831,-0.0030580845537165,-0.0063259695883721,-0.0046439670227177,0.0,1.0,12.0,4.0,0.0,1.0,1.0
2025-06-27 13:00:00+00:00,106830.2421875,106994.2421875,106554.59375,106709.5625,0,0.0012734974074237,0.0012734974074237,0.0025616962333806,382478677.3333333,107197.76171875,0.0012734974074237,-0.0012051914388166,-0.0010159132220455,1.0,0.0,13.0,4.0,0.0,1.0,1.0
2025-06-27 14:00:00+00:00,106538.234375,107090.1015625,106474.46875,106845.3671875,791162880,-0.0027333815455317,0.0027333815455317,0.002362262757013,415443797.3333333,107157.98893229169,-0.0027333815455317,-0.0048488182332787,-0.0088801021231367,0.0,1.0,14.0,4.0,0.0,1.0,1.0
2025-06-27 15:00:00+00:00,107394.0078125,107439.484375,106562.2109375,106583.7265625,1757978624,0.0080325475874492,0.0080325475874492,0.0028821740912585,488692906.6666667,107163.88053385416,0.0080325475874492,0.002366198062226,0.0013183682739652,1.0,1.0,15.0,4.0,0.0,1.0,1.0
2025-06-27 16:00:00+00:00,107545.2421875,107637.90625,107205.0,107372.234375,818208768,0.0014082198632909,0.0014082198632909,0.0028889633453219,510432768.0,107179.59830729169,0.0014082198632909,0.0047003260253157,0.0035199547206321,1.0,0.0,16.0,4.0,0.0,1.0,1.0
2025-06-27 17:00:00+00:00,106878.515625,107537.2734375,106537.40625,107537.2734375,58273792,-0.0061994984523592,0.0061994984523592,0.0031642060956399,512860842.6666667,107165.271484375,-0.0061994984523592,-0.0013374192473178,-0.0032068287995551,0.0,1.0,17.0,4.0,0.0,0.0,1.0
2025-06-27 18:00:00+00:00,106675.1328125,107008.34375,106514.46875,106937.0703125,460931072,-0.0019029344794944,0.0019029344794944,0.0031582905148136,519003477.3333333,107134.740234375,-0.0019029344794944,-0.0001802754494639,-0.0068221249764242,0.0,0.0,18.0,4.0,0.0,0.0,1.0
2025-06-27 19:00:00+00:00,106976.109375,107037.515625,106669.7109375,106747.8359375,0,0.0028214313361016,0.0028214313361016,0.0031736642471889,519003477.3333333,107105.84993489584,0.0028214313361016,0.0013654109970469,-0.0064397748520446,1.0,0.0,19.0,4.0,0.0,0.0,1.0
2025-06-27 20:00:00+00:00,107134.328125,107158.671875,106854.5390625,106873.3203125,808292352,0.0014790101352946,0.0014790101352946,0.0031846797980625,497844906.6666667,107079.400390625,0.0014790101352946,0.0055951157206326,-0.0058902687436473,1.0,0.0,20.0,4.0,0.0,0.0,1.0
2025-06-27 21:00:00+00:00,107136.015625,107287.1875,107127.40625,107168.4140625,0,1.5751253865436965e-05,1.5751253865436965e-05,0.0028535101994868,497844906.6666667,107083.91634114584,1.5751253865436965e-05,-0.0024022959265141,0.0010126619607655,1.0,0.0,21.0,4.0,0.0,0.0,0.0
2025-06-27 22:00:00+00:00,107156.3125,107234.7421875,107110.0703125,107110.0703125,768507904,0.0001894495971461,0.0001894495971461,0.0028536539882075,494272512.0,107089.17513020831,0.0001894495971461,-0.0036164285800939,0.0011792097331262,1.0,0.0,22.0,4.0,0.0,0.0,0.0
2025-06-27 23:00:00+00:00,107090.296875,107182.0078125,107036.84375,107153.2265625,0,-0.0006160684654018,0.0006160684654018,0.0028526253079389,493509632.0,107094.84993489584,-0.0006160684654018,0.0019815137659946,0.0012733996219902,0.0,0.0,23.0,4.0,0.0,0.0,0.0
2025-06-28 00:00:00+00:00,107113.1328125,107198.578125,106930.1328125,107092.3203125,0,0.000213240024226,0.000213240024226,0.0028145984082116,493509632.0,107110.93880208331,0.000213240024226,0.004105924112322,0.0036179487149456,1.0,0.0,0.0,5.0,1.0,0.0,0.0
2025-06-28 01:00:00+00:00,107124.390625,107124.390625,106898.6640625,107114.0078125,0,0.0001051020748288,0.0001051020748288,0.0026826240490816,374796800.0,107109.01985677084,0.0001051020748288,0.0013861155623093,-0.0004297330982035,1.0,0.0,1.0,5.0,1.0,0.0,0.0
2025-06-28 02:00:00+00:00,107160.5,107235.984375,107079.2265625,107114.609375,0,0.0003370789302914,0.0003370789302914,0.0026696374272288,374796800.0,107102.87369791669,0.0003370789302914,0.0002442902798573,-0.001374620734342,1.0,0.0,2.0,5.0,1.0,0.0,0.0
2025-06-28 03:00:00+00:00,107341.84375,107353.9375,107149.078125,107159.1171875,0,0.0016922630073581,0.0016922630073581,0.0026593404866467,374796800.0,107095.24576822916,0.0016922630073581,0.0019211851756784,-0.0017025850622265,1.0,0.0,3.0,5.0,1.0,0.0,0.0
2025-06-28 04:00:00+00:00,107252.0859375,107347.5078125,107244.421875,107341.5546875,0,-0.0008361866105919,0.0008361866105919,0.0026618934096616,339096405.3333333,107082.103515625,-0.0008361866105919,0.0008937731736522,-0.002932243126409,0.0,0.0,4.0,5.0,1.0,0.0,0.0
2025-06-28 05:00:00+00:00,107348.6640625,107348.6640625,107244.8359375,107244.8359375,0,0.0009004778243313,0.0009004778243313,0.0026330911691222,333787477.3333333,107082.65690104169,0.0009004778243313,0.0024126106196304,0.000123735991357,1.0,0.0,5.0,5.0,1.0,0.0,0.0
2025-06-28 06:00:00+00:00,107458.4140625,107477.578125,107344.078125,107344.078125,0,0.0010223694999698,0.0010223694999698,0.0026404175044004,333787477.3333333,107086.1904296875,0.0010223694999698,0.003223519291555,0.0007898094140044,1.0,0.0,6.0,5.0,1.0,0.0,0.0
2025-06-28 07:00:00+00:00,107519.4921875,107528.4765625,107453.6171875,107467.1796875,0,0.0005683884834226,0.0005683884834226,0.0025077014736937,333787477.3333333,107109.5380859375,0.0005683884834226,0.0036882502686348,0.0052388576216781,1.0,0.0,7.0,5.0,1.0,0.0,0.0
2025-06-28 08:00:00+00:00,107434.625,107532.1171875,107402.9140625,107512.5,0,-0.0007893190878544,0.0007893190878544,0.002511276085406,313142954.6666667,107125.25846354169,-0.0007893190878544,0.0025580787696959,0.0035241775745313,0.0,0.0,8.0,5.0,1.0,0.0,0.0
2025-06-28 09:00:00+00:00,107358.7421875,107432.2890625,107331.0859375,107432.2890625,0,-0.000706316166692,0.000706316166692,0.0025134191782802,237911722.66666663,107134.35221354169,-0.000706316166692,0.0001574263764219,0.0020370449635236,0.0,0.0,9.0,5.0,1.0,0.0,0.0
2025-06-28 10:00:00+00:00,107314.84375,107396.4296875,107312.0625,107353.59375,0,-0.000408894856679,0.000408894856679,0.0025066959703131,227639808.0,107145.71614583331,-0.000408894856679,0.0005851430482812,0.0025479166712283,0.0,0.0,10.0,5.0,1.0,0.0,0.0
2025-06-28 11:00:00+00:00,107400.9296875,107400.9296875,107308.125,107317.5625,0,0.0008021810822418,0.0008021810822418,0.0025097226917048,227639808.0,107161.51953125,0.0008021810822418,0.0004868772746866,0.0035439675573816,1.0,0.0,11.0,5.0,1.0,0.0,0.0
2025-06-28 12:00:00+00:00,107376.953125,107402.171875,107333.109375,107393.96875,0,-0.000223243528429,0.000223243528429,0.0024171533947869,227639808.0,107189.96061197916,-0.000223243528429,-0.0007580694188602,0.0063975817608108,0.0,0.0,12.0,5.0,1.0,0.0,0.0
2025-06-28 13:00:00+00:00,107138.6640625,107376.0625,107138.6640625,107376.0625,0,-0.0022191825672553,0.0022191825672553,0.0024588005401276,227639808.0,107202.8115234375,-0.0022191825672553,-0.0035419449743668,0.0028870277618455,0.0,0.0,13.0,5.0,1.0,0.0,0.0
2025-06-28 14:00:00+00:00,107257.9765625,107295.9140625,107146.1953125,107155.53125,0,0.0011136269155866,0.0011136269155866,0.0023888939422217,194674688.0,107232.80078125,0.0011136269155866,-0.0016442412071526,0.0067557172476371,1.0,0.0,14.0,5.0,1.0,0.0,0.0
2025-06-28 15:00:00+00:00,107546.125,107546.125,107246.078125,107260.140625,0,0.002686498913506,0.002686498913506,0.0018152798624617,121425578.66666669,107239.13899739584,0.002686498913506,0.0017453894175916,0.0014164401776082,1.0,1.0,15.0,5.0,1.0,0.0,0.0
2025-06-28 16:00:00+00:00,107319.7421875,107525.1796875,107315.5078125,107484.96875,0,-0.0021049834431505,0.0021049834431505,0.0018433153060691,87333546.66666667,107229.7431640625,-0.0021049834431505,4.564547949592601e-05,-0.0020967919678571,0.0,1.0,16.0,5.0,1.0,0.0,0.0
2025-06-28 17:00:00+00:00,107499.109375,107552.6875,107322.7265625,107332.5234375,0,0.001671334498611,0.001671334498611,0.0013396785643963,84905472.0,107255.60123697916,0.001671334498611,0.000914141877409,0.0058065341417863,1.0,1.0,17.0,5.0,1.0,0.0,0.0
2025-06-28 18:00:00+00:00,107359.3359375,107503.578125,107298.4296875,107503.578125,143134720,-0.0013002287955001,0.0013002287955001,0.0013028634821395,71663957.33333333,107284.10970052084,-0.0013002287955001,-0.0001640686105098,0.0064138952252592,0.0,0.0,18.0,5.0,1.0,0.0,0.0
2025-06-28 19:00:00+00:00,107275.7421875,107356.7421875,107275.7421875,107355.15625,0,-0.0007786351253947,0.0007786351253947,0.0011991187397361,71663957.33333333,107296.59440104169,-0.0007786351253947,0.0012794459049818,0.0028009320422155,0.0,0.0,19.0,5.0,1.0,0.0,0.0
2025-06-28 20:00:00+00:00,107233.3671875,107268.953125,107210.671875,107262.3359375,0,-0.0003950100846278,0.0003950100846278,0.0011671782392843,37985109.333333336,107300.72102864584,-0.0003950100846278,-0.0002294409776195,0.0009244381724637,0.0,0.0,20.0,5.0,1.0,0.0,0.0
2025-06-28 21:00:00+00:00,107326.5390625,107326.5390625,107211.1796875,107219.1796875,0,0.0008688701795318,0.0008688701795318,0.0011793618744864,37985109.333333336,107308.65950520831,0.0008688701795318,-0.0020417838160138,0.0017783323039273,1.0,0.0,21.0,5.0,1.0,0.0,0.0
2025-06-28 22:00:00+00:00,107390.8671875,107413.7265625,107302.5703125,107350.8671875,37271552,0.0005993682975515,0.0005993682975515,0.0011840549241056,7516928.0,107318.4326171875,0.0005993682975515,0.0006627391992402,0.0021889021936996,1.0,0.0,22.0,5.0,1.0,0.0,0.0
2025-06-28 23:00:00+00:00,107332.0234375,107395.9921875,107324.7734375,107382.2890625,0,-0.0005479399835487,0.0005479399835487,0.0011823645837599,7516928.0,107328.50455729169,-0.0005479399835487,-0.0015543006678979,0.0022572218917475,0.0,0.0,23.0,5.0,1.0,0.0,0.0
2025-06-29 00:00:00+00:00,107501.03125,107507.2265625,107292.7265625,107321.96875,0,0.0015746261654929,0.0015746261654929,0.0012203492769833,7516928.0,107344.6669921875,0.0015746261654929,0.0013198229223632,0.0036213900883566,1.0,1.0,0.0,6.0,1.0,0.0,0.0
2025-06-29 01:00:00+00:00,107375.5859375,107504.0859375,107372.28125,107502.9453125,0,-0.0011669219452254,0.0011669219452254,0.0012497142520477,7516928.0,107355.13346354169,-0.0011669219452254,0.0009307206640014,0.002344893735539,0.0,0.0,1.0,6.0,1.0,0.0,0.0
2025-06-29 02:00:00+00:00,107344.3828125,107374.2265625,107232.7109375,107374.2265625,0,-0.0002905979485705,0.0002905979485705,0.0012510679834681,7516928.0,107362.79524739584,-0.0002905979485705,0.0010352712771379,0.0017159570224103,0.0,0.0,2.0,6.0,1.0,0.0,0.0
2025-06-29 03:00:00+00:00,107251.6796875,107336.578125,107241.015625,107331.2109375,8538112,-0.0008636048069876,0.0008636048069876,0.0012154409032866,7872682.666666667,107359.03841145831,-0.0008636048069876,-0.0006974917448554,-0.0008399712483977,0.0,0.0,3.0,6.0,1.0,0.0,0.0
2025-06-29 04:00:00+00:00,107295.484375,107295.484375,107253.4609375,107256.5078125,12795904,0.0004084289181076,0.0004084289181076,0.001206256815054,8405845.333333334,107360.8466796875,0.0004084289181076,-0.0008881836509753,0.0004046395659409,1.0,0.0,4.0,6.0,1.0,0.0,0.0
2025-06-29 05:00:00+00:00,107342.0703125,107348.0546875,107259.71875,107292.6953125,0,0.0004341835797785,0.0004341835797785,0.001195121288749,8405845.333333334,107360.57194010416,0.0004341835797785,9.360556782800344e-05,-6.142368009498522e-05,1.0,0.0,5.0,6.0,1.0,0.0,0.0
2025-06-29 06:00:00+00:00,107394.8125,107394.8125,107335.2578125,107337.6796875,0,0.0004913468442191,0.0004913468442191,0.0011801562924372,8405845.333333334,107357.921875,0.0004913468442191,-0.0009880719167519,-0.0005918714049046,1.0,0.0,6.0,6.0,1.0,0.0,0.0
2025-06-29 07:00:00+00:00,107377.0703125,107403.9453125,107358.71875,107392.71875,81074176,-0.0001652052560732,0.0001652052560732,0.0011736282298738,11783936.0,107351.98763020831,-0.0001652052560732,1.3824138765272664e-05,-0.0013246144685248,0.0,0.0,7.0,6.0,1.0,0.0,0.0
2025-06-29 08:00:00+00:00,107708.4453125,107737.7578125,107435.5859375,107440.3984375,79933440,0.0030860871789069,0.0030860871789069,0.0013249830712876,15114496.0,107363.39680989584,0.0030860871789069,0.003391537502581,0.0025487156724379,1.0,1.0,8.0,6.0,1.0,0.0,0.0
2025-06-29 09:00:00+00:00,107900.4609375,107993.7421875,107685.046875,107730.5390625,551581696,0.0017827350904833,0.0017827350904833,0.0013556206060922,38097066.66666666,107385.96842447916,0.0017827350904833,0.0060491476859882,0.0050458745972814,1.0,1.0,9.0,6.0,1.0,0.0,0.0
2025-06-29 10:00:00+00:00,108177.0078125,108288.640625,107903.734375,107903.734375,52527104,0.0025629814052434,0.0025629814052434,0.0014302489873228,40285696.0,107421.89192708331,0.0025629814052434,0.0082158484360725,0.0080339683903234,1.0,1.0,10.0,6.0,1.0,0.0,0.0
2025-06-29 11:00:00+00:00,108460.78125,108460.78125,108147.4296875,108184.1328125,707563520,0.0026232324524251,0.0026232324524251,0.0015026161128698,69767509.33333333,107466.05240885416,0.0026232324524251,0.0104219243605341,0.009868178660872,1.0,1.0,11.0,6.0,1.0,0.0,0.0
2025-06-29 12:00:00+00:00,108209.9609375,108499.40625,108118.34375,108499.40625,1641779200,-0.0023125438486549,0.0023125438486549,0.0015983875952674,138174976.0,107500.76106770831,-0.0023125438486549,0.0075902030882544,0.0077577896211142,0.0,1.0,12.0,6.0,1.0,0.0,0.0
2025-06-29 13:00:00+00:00,108080.4921875,108247.4296875,108076.5078125,108205.84375,192706560,-0.0011964587074824,0.0011964587074824,0.0015402331330833,146204416.0,107540.00390625,-0.0011964587074824,0.0065509505237275,0.0087907398626005,0.0,0.0,13.0,6.0,1.0,0.0,0.0
2025-06-29 14:00:00+00:00,107969.1484375,108237.109375,107857.03125,108081.8515625,177057792,-0.0010301928474459,0.0010301928474459,0.0015570558124582,153581824.0,107569.63606770831,-0.0010301928474459,0.0024204520290271,0.0066304800611785,0.0,0.0,14.0,6.0,1.0,0.0,0.0
2025-06-29 15:00:00+00:00,107790.5390625,108035.4765625,107709.203125,107956.96875,0,-0.001654263070375,0.001654263070375,0.0015165303549499,153581824.0,107579.81998697916,-0.001654263070375,-0.001018734063274,0.0022726440631868,0.0,1.0,15.0,6.0,1.0,0.0,0.0
2025-06-29 16:00:00+00:00,107570.9375,107793.9609375,107424.7265625,107788.1484375,1063325696,-0.002037299046929,0.002037299046929,0.0015123170649806,197887061.3333333,107590.28645833331,-0.002037299046929,-0.0056025797418105,0.002340625381499,0.0,1.0,16.0,6.0,1.0,0.0,0.0
2025-06-29 17:00:00+00:00,107537.4609375,107591.3828125,107362.265625,107573.59375,0,-0.000311204524921,0.000311204524921,0.0014763894778444,197887061.3333333,107591.88444010416,-0.000311204524921,-0.0085129417459364,0.0003567616766593,0.0,0.0,17.0,6.0,1.0,0.0,0.0
2025-06-29 18:00:00+00:00,107700.8984375,107733.265625,107499.6640625,107545.375,1126746112,0.0015198192199739,0.0015198192199739,0.0014793047131202,238870869.3333333,107606.1162109375,0.0015198192199739,-0.0047043959316649,0.0031814885684355,1.0,1.0,18.0,6.0,1.0,0.0,0.0
2025-06-29 19:00:00+00:00,107456.1953125,107663.3046875,107401.984375,107663.3046875,12337152,-0.0022720620584423,0.0022720620584423,0.0015491008699578,239384917.3333333,107613.63509114584,-0.0022720620584423,-0.0057762216137668,0.0016821428714479,0.0,1.0,19.0,6.0,1.0,0.0,0.0
2025-06-29 20:00:00+00:00,107439.0625,107498.0,107410.7109375,107438.9609375,78159872,-0.00015943996947,0.00015943996947,0.001546763095512,242641578.66666663,107622.20572916669,-0.00015943996947,-0.0049096056157824,0.0019182024951276,0.0,0.0,20.0,6.0,1.0,0.0,0.0
2025-06-29 21:00:00+00:00,107536.390625,107702.4921875,107333.9765625,107341.421875,381968384,0.0009058914210089,0.0009058914210089,0.0015476012180405,258556928.0,107630.94954427084,0.0009058914210089,-0.0023577991140079,0.0019552625504657,1.0,0.0,21.0,6.0,1.0,0.0,0.0
2025-06-29 22:00:00+00:00,108131.703125,108266.078125,107562.2890625,107562.2890625,898189312,0.0055359166933171,0.0055359166933171,0.0019058651591406,294428501.3333333,107661.81770833331,0.0055359166933171,0.0052129844550252,0.0068985003743988,1.0,1.0,22.0,6.0,1.0,0.0,0.0
2025-06-29 23:00:00+00:00,108388.9765625,108429.15625,108066.7890625,108167.328125,887472128,0.0023792600140828,0.0023792600140828,0.0019433231599728,331406506.6666667,107705.857421875,0.0023792600140828,0.0079183162553455,0.0098475095423451,1.0,1.0,23.0,6.0,1.0,0.0,0.0
2025-06-30 00:00:00+00:00,108726.0625,108785.421875,108295.53125,108380.78125,943947776,0.0031099651292088,0.0031099651292088,0.0020075319882431,370737664.0,107756.900390625,0.0031099651292088,0.0095186212684652,0.0113955302172974,1.0,1.0,0.0,0.0,0.0,0.0,0.0
2025-06-30 01:00:00+00:00,108560.8046875,108798.7890625,108497.6796875,108738.5859375,0,-0.001519946631931,0.001519946631931,0.002021325141774,370737664.0,107806.28450520831,-0.001519946631931,0.0102796248442225,0.0110380654936763,0.0,0.0,1.0,0.0,0.0,0.0,0.0
2025-06-30 02:00:00+00:00,108501.2265625,108665.296875,108498.96875,108544.25,1206587392,-0.0005487995890551,0.0005487995890551,0.0020261721778168,421012138.6666667,107854.486328125,-0.0005487995890551,0.0098862000261776,0.0107769379234372,0.0,0.0,2.0,0.0,0.0,0.0,0.0
2025-06-30 03:00:00+00:00,108551.078125,108582.4140625,108476.484375,108530.0,235593728,0.0004594562115045,0.0004594562115045,0.0020068212655301,430472789.3333333,107908.6279296875,0.0004594562115045,0.0094357593192653,0.0121154134022523,1.0,0.0,3.0,0.0,0.0,0.0,0.0
2025-06-30 04:00:00+00:00,108359.125,108568.1875,108359.125,108548.4765625,87187456,-0.0017683207602872,0.0017683207602872,0.0020598096365804,433572437.3333333,107952.9462890625,-0.0017683207602872,0.0021031933135937,0.0099131909529626,0.0,0.0,4.0,0.0,0.0,0.0,1.0
2025-06-30 05:00:00+00:00,108311.265625,108398.1875,108200.484375,108348.9375,242765824,-0.0004416736938398,0.0004416736938398,0.002067166154082,443687680.0,107993.32942708331,-0.0004416736938398,-0.0007169634769564,0.0090290350249293,0.0,0.0,5.0,0.0,0.0,0.0,1.0
2025-06-30 06:00:00+00:00,107625.296875,108311.6640625,107605.171875,108307.140625,0,-0.0063333093380608,0.0063333093380608,0.0024790653916241,443687680.0,108002.93294270831,-0.0063333093380608,-0.0101242112487979,0.0021461406713663,0.0,1.0,6.0,0.0,0.0,0.0,1.0
2025-06-30 07:00:00+00:00,107655.21875,107753.421875,107525.7109375,107622.1015625,1472544768,0.0002780189775899,0.0002780189775899,0.0024787147655605,501665621.3333333,108014.5224609375,0.0002780189775899,-0.008341739360783,0.0025903895188283,1.0,0.0,7.0,0.0,0.0,0.0,1.0
2025-06-30 08:00:00+00:00,107514.1796875,107745.203125,107514.1796875,107654.1484375,0,-0.0013100996323042,0.0013100996323042,0.0024107862386402,498335061.3333333,108006.42805989584,-0.0013100996323042,-0.0090971033809598,-0.0018036248173146,0.0,0.0,8.0,0.0,0.0,0.0,1.0
2025-06-30 09:00:00+00:00,107520.625,107697.390625,107520.625,107560.1171875,662908928,5.994848789936391e-05,5.994848789936391e-05,0.002378579173316,502973696.0,107990.6015625,5.994848789936391e-05,-0.0094927949385579,-0.0035202438821834,1.0,0.0,9.0,0.0,0.0,1.0,1.0
2025-06-30 10:00:00+00:00,107648.046875,107658.2265625,107460.7578125,107504.6875,0,0.0011850923950638,0.0011850923950638,0.0023264522051485,500785066.6666667,107968.5615234375,0.0011850923950638,-0.0065622357600247,-0.0048897723111073,1.0,0.0,10.0,0.0,0.0,1.0,1.0
2025-06-30 11:00:00+00:00,107674.0625,107969.7265625,107647.53125,107656.9375,0,0.0002416729866934,0.0002416729866934,0.0022502666676553,471303253.3333333,107935.78157552084,0.0002416729866934,-0.0058830733933638,-0.007253485923051,1.0,0.0,11.0,0.0,0.0,1.0,1.0
2025-06-30 12:00:00+00:00,107611.8046875,107818.375,107590.109375,107681.3671875,933748736,-0.0005782062184196,0.0005782062184196,0.0022103492805046,441801984.0,107910.8583984375,-0.0005782062184196,-0.0001253626042553,-0.0055277374173111,0.0,0.0,12.0,0.0,0.0,1.0,1.0
2025-06-30 13:00:00+00:00,107520.6640625,107862.25,107520.6640625,107631.59375,699559936,-0.0008469389140407,0.0008469389140407,0.0022048396196018,462920874.6666667,107887.5322265625,-0.0008469389140407,-0.0012498668347186,-0.0051797333049594,0.0,0.0,13.0,0.0,0.0,1.0,1.0
2025-06-30 14:00:00+00:00,106958.109375,107617.5390625,106958.109375,107533.171875,584552448,-0.0052320611335975,0.0052320611335975,0.0024279994508051,479899818.6666667,107845.40559895831,-0.0052320611335975,-0.0051720648766169,-0.0093641477878771,0.0,1.0,14.0,0.0,0.0,1.0,1.0
2025-06-30 15:00:00+00:00,107571.4296875,107737.421875,106767.9375,106823.1015625,1974738944,0.0057342104874877,0.0057342104874877,0.0027123631030604,562180608.0,107836.27604166669,0.0057342104874877,0.0004725110879888,-0.0020327328994333,1.0,1.0,15.0,0.0,0.0,1.0,1.0
2025-06-30 16:00:00+00:00,107705.7421875,107850.375,107336.765625,107581.75,0,0.0012485889644693,0.0012485889644693,0.0026921908739598,517875370.6666667,107841.89290364584,0.0012485889644693,0.0005359624644838,0.0012531701464439,1.0,0.0,16.0,0.0,0.0,1.0,1.0
2025-06-30 17:00:00+00:00,107540.609375,107831.359375,107540.609375,107649.78125,1514344448,-0.0015331848529721,0.0015331848529721,0.0027109209337313,580973056.0,107842.02408854169,-0.0015331848529721,-0.0012394175709679,2.9277588224241317e-05,0.0,0.0,17.0,0.0,0.0,0.0,1.0
2025-06-30 18:00:00+00:00,107285.1171875,107639.46875,107201.5546875,107505.8984375,182800384,-0.0023757740353608,0.0023757740353608,0.0027327975705583,541641984.0,107824.69986979169,-0.0023757740353608,-0.003035796128024,-0.0038605179346882,0.0,0.0,18.0,0.0,0.0,0.0,1.0
2025-06-30 19:00:00+00:00,107750.109375,107750.109375,107257.7265625,107278.4453125,448925696,0.00433417234086,0.00433417234086,0.0028411150927269,559833173.3333334,107836.9462890625,0.00433417234086,0.0021339648010973,0.0027351988561037,1.0,1.0,19.0,0.0,0.0,0.0,1.0
2025-06-30 20:00:00+00:00,107576.15625,107778.671875,107562.65625,107778.671875,1487716352,-0.0016144125143724,0.0016144125143724,0.0028627264424368,618564693.3333334,107842.65852864584,-0.0016144125143724,0.0057784012695389,0.0012760140195751,0.0,0.0,20.0,0.0,0.0,0.0,1.0
2025-06-30 21:00:00+00:00,107179.0546875,107610.7421875,107028.0234375,107600.2109375,0,-0.0036913529572218,0.0036913529572218,0.0029557544924939,602649344.0,107827.76953125,-0.0036913529572218,-0.0036475763233775,-0.0033229303626722,0.0,1.0,21.0,0.0,0.0,0.0,0.0
2025-06-30 22:00:00+00:00,107149.5234375,107339.375,107142.484375,107147.6875,0,-0.0002755319132651,0.0002755319132651,0.0026978116161619,565224789.3333334,107786.84537760416,-0.0002755319132651,-0.0051642441591619,-0.0090831796699308,0.0,0.0,22.0,0.0,0.0,0.0,0.0
2025-06-30 23:00:00+00:00,107110.71875,107244.984375,107098.2109375,107159.1640625,0,-0.0003621545505299,0.0003621545505299,0.0026333185266328,528246784.0,107733.58463541669,-0.0003621545505299,-0.0039974724664331,-0.0117932455221857,0.0,0.0,23.0,0.0,0.0,0.0,0.0
2025-07-01 00:00:00+00:00,107375.3515625,107455.09375,107098.8515625,107167.6953125,0,0.0024706473412587,0.0024706473412587,0.0025983103407862,488915626.6666667,107677.30501302084,0.0024706473412587,0.0008410707595378,-0.0124230649620002,1.0,0.0,0.0,1.0,0.0,0.0,0.0
2025-07-01 01:00:00+00:00,107255.734375,107547.9140625,107245.0625,107408.3984375,0,-0.0011140097402183,0.0011140097402183,0.0025928164945216,488915626.6666667,107622.92708333331,-0.0011140097402183,-0.0045881623960069,-0.0120215607857434,0.0,0.0,1.0,1.0,0.0,0.0,0.0
2025-07-01 02:00:00+00:00,107140.375,107436.859375,107140.375,107255.3125,223973376,-0.0010755543810522,0.0010755543810522,0.0025954705050598,447973376.0,107566.22493489584,-0.0010755543810522,-0.0040509092831618,-0.0125422689274034,0.0,0.0,2.0,1.0,0.0,0.0,0.0
2025-07-01 03:00:00+00:00,107240.25,107245.3203125,107115.140625,107126.34375,977993728,0.0009321882623614,0.0009321882623614,0.0026050231019956,478906709.3333333,107511.60709635416,0.0009321882623614,0.0005709633535995,-0.0120756803860625,1.0,0.0,3.0,1.0,0.0,0.0,0.0
2025-07-01 04:00:00+00:00,106943.1015625,107262.1953125,106943.1015625,107230.4609375,0,-0.0027708666988374,0.0027708666988374,0.0026340741912617,475273898.6666667,107452.60611979169,-0.0027708666988374,-0.0019264843032213,-0.0130678744175906,0.0,1.0,4.0,1.0,0.0,0.0,1.0
2025-07-01 05:00:00+00:00,106971.1171875,106981.9296875,106786.859375,106933.6953125,291733504,0.0002619675751935,0.0002619675751935,0.0026391806732506,477314218.6666667,107396.7666015625,0.0002619675751935,-0.0013033388640201,-0.0123731213901601,1.0,0.0,5.0,1.0,0.0,0.0,1.0
2025-07-01 06:00:00+00:00,106917.4140625,106972.984375,106800.15625,106972.984375,428630016,-0.0005020338799104,0.0005020338799104,0.002330658741513,495173802.6666667,107367.271484375,-0.0005020338799104,-0.0042648288767971,-0.0065772902194375,0.0,0.0,6.0,1.0,0.0,0.0,1.0
2025-07-01 07:00:00+00:00,107179.03125,107201.6875,106683.421875,106925.953125,0,0.0024469090446488,0.0024469090446488,0.0023941109164103,433817770.6666667,107347.43033854169,0.0024469090446488,-0.0007151424158994,-0.0044232644318509,1.0,1.0,7.0,1.0,0.0,0.0,1.0
2025-07-01 08:00:00+00:00,106739.7578125,107180.140625,106723.9609375,107180.140625,891584512,-0.0040985016600436,0.0040985016600436,0.0025158051343495,470967125.3333333,107315.16276041669,-0.0040985016600436,-0.0037391803743452,-0.0072029743169778,0.0,1.0,8.0,1.0,0.0,0.0,1.0
2025-07-01 09:00:00+00:00,106587.5703125,106814.4375,106530.2421875,106743.71875,378744832,-0.0014257808254289,0.0014257808254289,0.0025248739040046,459126954.6666667,107276.28548177084,-0.0014257808254289,-0.0060861447777303,-0.0086779135398441,0.0,0.0,9.0,1.0,0.0,1.0,1.0
2025-07-01 10:00:00+00:00,106475.359375,106641.1328125,106366.984375,106588.1328125,273752064,-0.0010527581890741,0.0010527581890741,0.0025065869438862,470533290.6666667,107227.42350260416,-0.0010527581890741,-0.0043737481021778,-0.0108937183167077,0.0,0.0,10.0,1.0,0.0,1.0,1.0
2025-07-01 11:00:00+00:00,106611.3984375,106644.5859375,106375.0390625,106505.0,162099200,0.0012776576975042,0.0012776576975042,0.0025279048439713,477287424.0,107183.14583333331,0.0012776576975042,-0.0033627651973521,-0.0098692669137472,1.0,0.0,11.0,1.0,0.0,1.0,1.0
2025-07-01 12:00:00+00:00,106463.1015625,106714.0859375,106421.203125,106620.203125,0,-0.001391003937416,0.001391003937416,0.0025356872584915,438381226.6666667,107135.283203125,-0.001391003937416,-0.0042491908730081,-0.0106745085108068,0.0,0.0,12.0,1.0,0.0,1.0,1.0
2025-07-01 13:00:00+00:00,106844.4609375,106896.453125,106349.078125,106460.5390625,470175744,0.0035820802644577,0.0035820802644577,0.0026630547342322,428823552.0,107107.10807291669,0.0035820802644577,-0.003121602319017,-0.0062890527220603,1.0,1.0,13.0,1.0,0.0,1.0,1.0
2025-07-01 14:00:00+00:00,105939.2265625,107172.6875,105788.6875,106845.484375,857780224,-0.0084724502052523,0.0084724502052523,0.0029883968563352,440208042.6666667,107064.65462239584,-0.0084724502052523,-0.0074998413562659,-0.0095259987153264,0.0,1.0,14.0,1.0,0.0,1.0,1.0
2025-07-01 15:00:00+00:00,106043.78125,106189.7109375,105696.8359375,105952.9453125,0,0.0009869308177203,0.0009869308177203,0.0027091672870629,357927253.3333333,107001.00260416669,0.0009869308177203,-0.0051018055942704,-0.0142012469476132,1.0,0.0,15.0,1.0,0.0,1.0,1.0
2025-07-01 16:00:00+00:00,106075.53125,106282.7265625,105926.5625,106027.3203125,1067520000,0.0002994046385911,0.0002994046385911,0.0026879708865358,402407253.3333333,106933.0771484375,0.0002994046385911,-0.003755123507889,-0.0151357848188079,1.0,0.0,16.0,1.0,0.0,1.0,1.0
2025-07-01 17:00:00+00:00,106288.03125,106315.8671875,105958.8203125,106114.359375,54042624,0.0020032895192312,0.0020032895192312,0.0027329667463628,341561344.0,106880.88639322916,0.0020032895192312,-0.0030331389723733,-0.0116474895602664,1.0,0.0,17.0,1.0,0.0,0.0,1.0
2025-07-01 18:00:00+00:00,105740.1484375,106274.4453125,105740.1484375,106274.4453125,0,-0.0051546990386088,0.0051546990386088,0.0028719163901193,333944661.3333333,106816.5126953125,-0.0051546990386088,-0.0067906449689104,-0.0144005878028719,0.0,1.0,18.0,1.0,0.0,0.0,1.0
2025-07-01 19:00:00+00:00,105486.3984375,105806.875,105447.2890625,105806.875,3286695936,-0.0023997507451011,0.0023997507451011,0.0026921959459782,452185088.0,106722.19140625,-0.0023997507451011,-0.0127106495562219,-0.0210088968877206,0.0,0.0,19.0,1.0,0.0,0.0,1.0
2025-07-01 20:00:00+00:00,106001.0078125,106001.0078125,105310.0859375,105441.390625,894304256,0.0048784429331418,0.0048784429331418,0.0029309191123198,427459584.0,106656.56022135416,0.0048784429331418,0.0005831763361379,-0.0146421706482936,1.0,1.0,20.0,1.0,0.0,0.0,1.0
2025-07-01 21:00:00+00:00,105812.6171875,106094.3828125,105756.921875,105960.734375,0,-0.001777253149642,0.001777253149642,0.0028688187944165,427459584.0,106599.62532552084,-0.001777253149642,-0.0021798926799396,-0.0127491094597176,0.0,0.0,21.0,1.0,0.0,0.0,0.0
2025-07-01 22:00:00+00:00,105705.90625,105908.5859375,105688.7421875,105797.34375,1254338560,-0.0010084897277505,0.0010084897277505,0.0028698872843558,479723690.6666667,106539.474609375,-0.0010084897277505,-0.0034845453578625,-0.0134729221482917,0.0,0.0,22.0,1.0,0.0,0.0,0.0
2025-07-01 23:00:00+00:00,105687.7421875,105689.2109375,105394.8203125,105657.8984375,0,-0.00017183583344,0.00017183583344,0.0028707236472854,479723690.6666667,106480.18391927084,-0.00017183583344,-0.0056477578466765,-0.0132850995596554,0.0,0.0,23.0,1.0,0.0,0.0,0.0
2025-07-02 00:00:00+00:00,105404.9921875,105795.265625,105400.5625,105695.15625,0,-0.0026753339048379,0.0026753339048379,0.0028268990368379,479723690.6666667,106398.08561197916,-0.0026753339048379,-0.0031696215198534,-0.0183502018510561,0.0,0.0,0.0,2.0,0.0,0.0,0.0
2025-07-02 01:00:00+00:00,105733.5859375,105785.921875,105159.734375,105409.7578125,1416867840,0.0031174401058298,0.0031174401058298,0.0029342682330559,538759850.6666666,106334.66276041669,0.0031174401058298,0.0023433115895643,-0.0141917674273535,1.0,1.0,1.0,2.0,0.0,0.0,0.0
2025-07-02 02:00:00+00:00,105934.4140625,105934.4140625,105573.65625,105739.21875,0,0.0018993787377901,0.0018993787377901,0.0029754671763458,529427626.6666667,106284.41438802084,0.0018993787377901,-0.0006282369514617,-0.0112558961782615,1.0,0.0,2.0,2.0,0.0,0.0,0.0
2025-07-02 03:00:00+00:00,106196.671875,106224.75,105895.546875,105927.515625,1378025472,0.0024756620860268,0.0024756620860268,0.0030233259228049,546095616.0,106240.93196614584,0.0024756620860268,0.003629573653012,-0.009731216823907,1.0,0.0,3.0,2.0,0.0,0.0,0.0
2025-07-02 04:00:00+00:00,106379.0078125,106380.546875,106163.4921875,106206.0390625,0,0.001716964705962,0.001716964705962,0.0030092582115221,546095616.0,106217.42805989584,0.001716964705962,0.0063676816781466,-0.0052747090907058,1.0,0.0,4.0,2.0,0.0,0.0,1.0
2025-07-02 05:00:00+00:00,106646.625,106660.0625,106335.625,106394.09375,0,0.002515695464764,0.002515695464764,0.0030595654007757,533940053.3333333,106203.90755208331,0.002515695464764,0.0090727911548991,-0.0030334560957349,1.0,0.0,5.0,2.0,0.0,0.0,1.0
2025-07-02 06:00:00+00:00,107023.671875,107036.09375,106653.46875,106653.46875,1806757888,0.0035354787364345,0.0035354787364345,0.0031475028772421,591362048.0,106208.3349609375,0.0035354787364345,0.0153567649302663,0.0009938307377868,1.0,1.0,6.0,2.0,0.0,0.0,1.0
2025-07-02 07:00:00+00:00,107175.7265625,107209.6640625,106908.53125,107047.25,285134848,0.0014207575280877,0.0014207575280877,0.003120324866515,603242666.6666666,106208.197265625,0.0014207575280877,0.013639380639681,-3.083333989362114e-05,1.0,0.0,7.0,2.0,0.0,0.0,1.0
2025-07-02 08:00:00+00:00,107768.8359375,107768.8359375,107138.453125,107138.453125,590266368,0.0055339897756991,0.0055339897756991,0.0031885245061059,590687744.0,106251.07552083331,0.0055339897756991,0.0173165811245976,0.009641001123571,1.0,1.0,8.0,2.0,0.0,0.0,1.0
2025-07-02 09:00:00+00:00,107663.046875,107775.84375,107582.34375,107768.96875,0,-0.0009816294439828,0.0009816294439828,0.0031787119904078,574906709.3333334,106295.88704427084,-0.0009816294439828,0.0138081069219007,0.0100900748496925,0.0,0.0,9.0,2.0,0.0,1.0,1.0
2025-07-02 10:00:00+00:00,107827.8125,107843.8671875,107665.28125,107666.5859375,657440768,0.0015303823343519,0.0015303823343519,0.0031702828774457,590893738.6666666,106352.2392578125,0.0015303823343519,0.0136192724231232,0.0127020292106903,1.0,0.0,10.0,2.0,0.0,1.0,1.0
2025-07-02 11:00:00+00:00,107506.9921875,107867.0078125,107434.0234375,107839.78125,0,-0.0029753020585482,0.0029753020585482,0.003244714298256,584139605.3333334,106389.5556640625,-0.0029753020585482,0.0080674581825725,0.0084005440611965,0.0,0.0,11.0,2.0,0.0,1.0,1.0
2025-07-02 12:00:00+00:00,107442.1328125,107512.1484375,107225.046875,107505.0859375,3218194432,-0.000603303782203,0.000603303782203,0.0032302509277985,718231040.0,106430.3486328125,-0.000603303782203,0.0039099848675416,0.0091959677637725,0.0,0.0,12.0,2.0,0.0,1.0,1.0
2025-07-02 13:00:00+00:00,107783.546875,107994.6796875,107349.9609375,107405.359375,0,0.0031776552974409,0.0031776552974409,0.0032138692576657,698640384.0,106469.47721354169,0.0031776552974409,0.0056712497502457,0.0087892805042024,1.0,0.0,13.0,2.0,0.0,1.0,1.0
2025-07-02 14:00:00+00:00,108195.6875,108195.6875,107795.9453125,107820.53125,0,0.0038237805022132,0.0038237805022132,0.0026785342591117,662899541.3333334,106563.49641927084,0.0038237805022132,0.003960807025396,0.0212995791145291,1.0,1.0,14.0,2.0,0.0,1.0,1.0
2025-07-02 15:00:00+00:00,108795.265625,108795.265625,108189.328125,108189.328125,636895232,0.0055416083473751,0.0055416083473751,0.0028426200748354,689436842.6666666,106678.1416015625,0.0055416083473751,0.0105163171846189,0.0259466829885415,1.0,1.0,15.0,2.0,0.0,1.0,1.0
2025-07-02 16:00:00+00:00,109483.1796875,109645.671875,108765.1875,108782.4765625,3991257088,0.0063230146877082,0.0063230146877082,0.0030311320349733,811259221.3333334,106820.126953125,0.0063230146877082,0.0153519500128966,0.0321247360003205,1.0,1.0,16.0,2.0,0.0,1.0,1.0
2025-07-02 17:00:00+00:00,109113.4921875,109751.59375,108944.296875,109602.0625,2370273280,-0.0033766602418308,0.0033766602418308,0.0031741744248814,907768832.0,106937.8544921875,-0.0033766602418308,0.0149432140860024,0.0265830583582289,0.0,1.0,17.0,2.0,0.0,0.0,1.0
2025-07-02 18:00:00+00:00,109567.359375,109572.546875,109103.6171875,109151.390625,982581248,0.0041595881352607,0.0041595881352607,0.0029369105293977,948709717.3333334,107097.32161458331,0.0041595881352607,0.0197801970871964,0.0361944918184236,1.0,1.0,18.0,2.0,0.0,0.0,1.0
2025-07-02 19:00:00+00:00,109681.96875,109681.96875,109391.3671875,109583.828125,0,0.0010460174969422,0.0010460174969422,0.0028205791015104,811764053.3333334,107272.13704427084,0.0010460174969422,0.0176132807839555,0.0397735667787146,1.0,0.0,19.0,2.0,0.0,0.0,1.0
2025-07-02 20:00:00+00:00,109219.171875,109749.2109375,109219.171875,109749.2109375,665661440,-0.004219443544589,0.004219443544589,0.0029723340912092,802237269.3333334,107406.22721354169,-0.004219443544589,0.0094595671846902,0.0303597496751395,0.0,1.0,20.0,2.0,0.0,0.0,1.0
2025-07-02 21:00:00+00:00,109495.5390625,109544.3046875,109208.0,109224.9921875,922542080,0.0025303907982043,0.0025303907982043,0.0029109357543145,840676522.6666666,107559.68229166669,0.0025303907982043,0.0064366168277369,0.034806074860372,1.0,0.0,21.0,2.0,0.0,0.0,0.0
2025-07-02 22:00:00+00:00,109186.3671875,109543.609375,109162.671875,109543.609375,1503158272,-0.0028236024741019,0.0028236024741019,0.0029993013423839,851044010.6666666,107704.70149739584,-0.0028236024741019,-0.0027110328805501,0.0329258890157804,0.0,0.0,22.0,2.0,0.0,0.0,0.0
2025-07-02 23:00:00+00:00,108859.609375,109207.421875,108775.125,109184.4375,454692864,-0.0029926612718863,0.0029926612718863,0.0031147834480673,869989546.6666666,107836.86263020831,-0.0029926612718863,-0.0023267774443854,0.0300116846272751,0.0,0.0,23.0,2.0,0.0,0.0,0.0
2025-07-03 00:00:00+00:00,108969.1796875,109103.1875,108804.40625,108851.234375,576319488,0.0010065286209373,0.0010065286209373,0.0030023282811004,894002858.6666666,107985.37044270831,0.0010065286209373,-0.005459469781075,0.0338142190994126,1.0,0.0,0.0,3.0,0.0,0.0,0.0
2025-07-03 01:00:00+00:00,109074.4765625,109146.6015625,108905.2109375,108977.109375,0,0.000966299602346,0.000966299602346,0.0029805746970902,834966698.6666666,108124.57421875,0.000966299602346,-0.0055386696138238,0.0315972507257515,1.0,0.0,1.0,3.0,0.0,0.0,0.0
2025-07-03 02:00:00+00:00,108779.421875,109049.7421875,108607.6796875,109049.7421875,0,-0.002705075438349,0.002705075438349,0.0030867016593497,834966698.6666666,108243.1162109375,-0.002705075438349,-0.0040263077667653,0.026856313292312,0.0,0.0,2.0,3.0,0.0,0.0,0.0
2025-07-03 03:00:00+00:00,108692.96875,108834.96875,108669.7890625,108767.15625,0,-0.0007947562462626,0.0007947562462626,0.0030959395394856,777548970.6666666,108347.12858072916,-0.0007947562462626,-0.0073297078526815,0.0235063569406233,0.0,0.0,3.0,3.0,0.0,0.0,0.0
2025-07-03 04:00:00+00:00,108824.2890625,109018.125,108646.5078125,108699.109375,865816576,0.0012081767018623,0.0012081767018623,0.0030923647466476,813624661.3333334,108449.01529947916,0.0012081767018623,-0.0033161477419449,0.0229865017570944,1.0,0.0,4.0,3.0,0.0,0.0,1.0
2025-07-03 05:00:00+00:00,109386.9921875,109398.8828125,108823.5078125,108823.5078125,0,0.0051707493781725,0.0051707493781725,0.003196477490979,813624661.3333334,108563.197265625,0.0051707493781725,0.0048446142286187,0.0256957703771685,1.0,1.0,5.0,3.0,0.0,0.0,1.0
2025-07-03 06:00:00+00:00,109517.40625,109593.03125,109311.3203125,109389.1484375,0,0.0011922264237456,0.0011922264237456,0.0031531528723595,738343082.6666666,108667.10286458331,0.0011922264237456,0.0050310240388355,0.0233007738504114,1.0,0.0,6.0,3.0,0.0,0.0,1.0
2025-07-03 07:00:00+00:00,109320.9453125,109517.1328125,109203.0546875,109517.1328125,699301888,-0.0017938786557045,0.0017938786557045,0.0032008650859415,755600042.6666666,108756.48697916669,-0.0017938786557045,0.0022596372475716,0.0200159011634879,0.0,0.0,7.0,3.0,0.0,0.0,1.0
2025-07-03 08:00:00+00:00,109419.515625,109582.1640625,109344.8984375,109344.8984375,0,0.0009016598989171,0.0009016598989171,0.0030405961312567,731005610.6666666,108825.26529947916,0.0009016598989171,0.0058843275590814,0.0153168555003906,1.0,0.0,8.0,3.0,0.0,0.0,1.0
2025-07-03 09:00:00+00:00,109988.8125,110293.7578125,109422.484375,109432.875,1763803136,0.0052028824268521,0.0052028824268521,0.0031571972285577,804497408.0,108922.17220052084,0.0052028824268521,0.0119220568257778,0.0216022645885201,1.0,1.0,9.0,3.0,0.0,1.0,1.0
2025-07-03 10:00:00+00:00,109873.1015625,110021.640625,109726.234375,109999.3828125,462237696,-0.001052024609321,0.001052024609321,0.0031785585946488,796363946.6666666,109007.392578125,-0.001052024609321,0.0096376692100201,0.0189681030810116,0.0,0.0,10.0,3.0,0.0,1.0,1.0
2025-07-03 11:00:00+00:00,109649.375,109881.7734375,109628.796875,109881.7734375,0,-0.0020362268773557,0.0020362268773557,0.003135708251493,796363946.6666666,109096.65852864584,-0.0020362268773557,0.0023986655748815,0.0199278462629066,0.0,0.0,11.0,3.0,0.0,1.0,1.0
2025-07-03 12:00:00+00:00,109182.3828125,109648.09375,108861.40625,109606.515625,159776768,-0.0042589589543944,0.0042589589543944,0.0032930573473378,668929877.3333334,109169.1689453125,-0.0042589589543944,-0.0030590884953505,0.0161970909776796,0.0,1.0,12.0,3.0,0.0,1.0,1.0
2025-07-03 13:00:00+00:00,110462.3203125,110530.453125,109202.71875,109231.0390625,1795825664,0.0117229306324817,0.0117229306324817,0.0039681890478979,743755946.6666666,109280.78450520831,0.0117229306324817,0.0104405884593965,0.0248532685661815,1.0,1.0,13.0,3.0,0.0,1.0,1.0
2025-07-03 14:00:00+00:00,109764.9609375,110498.8984375,109675.1953125,110304.4921875,1522659328,-0.0063130972898917,0.0063130972898917,0.0041912096280864,807200085.3333334,109346.1708984375,-0.0063130972898917,0.0031570722144658,0.0145040294466449,0.0,1.0,14.0,3.0,0.0,1.0,1.0
2025-07-03 15:00:00+00:00,109162.9609375,109841.5546875,109152.359375,109779.140625,0,-0.0054844459913102,0.0054844459913102,0.0042310851868577,780662784.0,109361.49153645831,-0.0054844459913102,-0.0075085051263736,0.0033796995704518,0.0,1.0,15.0,3.0,0.0,1.0,1.0
2025-07-03 16:00:00+00:00,109487.859375,109690.421875,109080.3671875,109196.5,0,0.00297626992443,0.00297626992443,0.0040708785401355,614360405.3333334,109361.6865234375,0.00297626992443,-0.003506246588305,4.274343797239233e-05,1.0,0.0,16.0,3.0,0.0,1.0,1.0
2025-07-03 17:00:00+00:00,109583.15625,109671.234375,109392.96875,109407.015625,0,0.0008703875986251,0.0008703875986251,0.004009114372632,515599018.6666667,109381.255859375,0.0008703875986251,-0.0006039136109986,0.0043043628526977,1.0,0.0,17.0,3.0,0.0,0.0,1.0
2025-07-03 18:00:00+00:00,109685.453125,109746.1875,109387.3359375,109593.4140625,0,0.000933509113085,0.000933509113085,0.0039232803339968,474658133.3333333,109386.17643229169,0.000933509113085,0.0046076143379645,0.0010778187105506,1.0,0.0,18.0,3.0,0.0,0.0,1.0
2025-07-03 19:00:00+00:00,109820.3515625,109924.796875,109687.578125,109687.578125,0,0.0012298662553389,0.0012298662553389,0.0039254839489241,474658133.3333333,109391.9423828125,0.0012298662553389,-0.0058116536768724,0.0012616733094517,1.0,0.0,19.0,3.0,0.0,0.0,1.0
2025-07-03 20:00:00+00:00,109946.921875,109950.5078125,109821.46875,109852.8359375,0,0.0011525214652765,0.0011525214652765,0.0038226745326199,446922240.0,109422.26529947916,0.0011525214652765,0.001657732448915,0.0066632074525605,1.0,0.0,20.0,3.0,0.0,0.0,1.0
2025-07-03 21:00:00+00:00,109842.90625,110031.03125,109765.109375,109977.6796875,0,-0.0009460530884007,0.0009460530884007,0.0037996377950752,408482986.6666667,109436.73893229169,-0.0009460530884007,0.0062287181170295,0.0031724323244046,0.0,0.0,21.0,3.0,0.0,0.0,0.0
2025-07-03 22:00:00+00:00,109749.5,109900.5234375,109719.3125,109841.28125,0,-0.0008503621507192,0.0008503621507192,0.0037538196954924,345851392.0,109460.20279947916,-0.0008503621507192,0.0023896770518079,0.0051575377678145,0.0,0.0,22.0,3.0,0.0,0.0,0.0
2025-07-03 23:00:00+00:00,109645.609375,109854.015625,109587.6171875,109738.953125,0,-0.000946615929913,0.000946615929913,0.0037005146016403,326905856.0,109492.95279947916,-0.000946615929913,0.000569915369635,0.0072203088410172,0.0,0.0,23.0,3.0,0.0,0.0,0.0
2025-07-04 00:00:00+00:00,109521.15625,109734.90625,109483.65625,109639.265625,0,-0.0011350488698034,0.0011350488698034,0.0037087082828868,302892544.0,109515.95182291669,-0.0011350488698034,-0.001497891199964,0.0050654374391267,0.0,0.0,0.0,4.0,0.0,0.0,0.0
2025-07-04 01:00:00+00:00,109550.421875,109733.6640625,109496.1796875,109514.0625,275783680,0.0002672143538478,0.0002672143538478,0.0037053121278087,314383530.6666667,109535.78287760416,0.0002672143538478,-0.0024579204460694,0.0043634893102355,1.0,0.0,1.0,4.0,0.0,0.0,0.0
2025-07-04 02:00:00+00:00,109255.9453125,109548.578125,109167.8125,109548.578125,322060288,-0.0026880459012381,0.0026880459012381,0.0037047356054606,327802709.3333333,109555.63802083331,-0.0026880459012381,-0.0062846376298335,0.004380639548237,0.0,0.0,2.0,4.0,0.0,0.0,0.0
2025-07-04 03:00:00+00:00,109299.890625,109395.671875,109217.5390625,109249.0546875,0,0.000402223534603,0.000402223534603,0.0036989729224241,327802709.3333333,109580.92643229169,0.000402223534603,-0.0049435657116,0.0055838191005339,1.0,0.0,3.0,4.0,0.0,0.0,0.0
2025-07-04 04:00:00+00:00,109029.203125,109362.890625,109014.6796875,109287.2109375,0,-0.0024765578304987,0.0024765578304987,0.003733289336428,291727018.6666667,109589.46451822916,-0.0024765578304987,-0.0065630993763069,0.0018829809435494,0.0,0.0,4.0,4.0,0.0,0.0,1.0
2025-07-04 05:00:00+00:00,109062.9453125,109246.328125,109024.9765625,109025.125,632836096,0.0003094784381878,0.0003094784381878,0.0035738340629467,318095189.3333333,109575.96256510416,0.0003094784381878,-0.0053140665259766,-0.0029623894808676,1.0,0.0,5.0,4.0,0.0,0.0,1.0
2025-07-04 06:00:00+00:00,109057.140625,109057.140625,108873.75,109056.609375,348659712,-5.322327838630514e-05,5.322327838630514e-05,0.0035630151490742,332622677.3333333,109556.78483072916,-5.322327838630514e-05,-0.004236767040158,-0.0042026709795275,0.0,0.0,6.0,4.0,0.0,0.0,1.0
2025-07-04 07:00:00+00:00,108754.359375,109153.4765625,108754.359375,109048.0390625,0,-0.0027763541962019,0.0027763541962019,0.0035880467645177,303485098.6666667,109533.17708333331,-0.0027763541962019,-0.0072666310761297,-0.0051827756874986,0.0,0.0,7.0,4.0,0.0,0.0,1.0
2025-07-04 08:00:00+00:00,108799.5390625,108911.40625,108636.359375,108760.7109375,368332800,0.000415428749336,0.000415428749336,0.0035828639620458,318832298.6666667,109507.3447265625,0.000415428749336,-0.0041774042473804,-0.0056660510600756,1.0,0.0,8.0,4.0,0.0,0.0,1.0
2025-07-04 09:00:00+00:00,109038.203125,109091.765625,108806.2421875,108806.2421875,0,0.0021936128089927,0.0021936128089927,0.0034340102419023,245340501.3333333,109467.73600260416,0.0021936128089927,-0.0023942155706068,-0.0086427824193483,1.0,0.0,9.0,4.0,0.0,1.0,1.0
2025-07-04 10:00:00+00:00,108948.875,109101.4296875,108921.7109375,109032.875,0,-0.0008192369503521,0.0008192369503521,0.0034322870930399,226080597.3333333,109429.2265625,-0.0008192369503521,-0.0007367578841047,-0.0084117636560415,0.0,0.0,10.0,4.0,0.0,1.0,1.0
2025-07-04 11:00:00+00:00,108921.5,109136.4140625,108900.7109375,108953.40625,0,-0.0002512646413282,0.0002512646413282,0.0034133627505982,226080597.3333333,109398.8984375,-0.0002512646413282,-0.0012969144753491,-0.0066382047321291,0.0,0.0,11.0,4.0,0.0,1.0,1.0
2025-07-04 12:00:00+00:00,108779.0546875,109003.8828125,108729.6796875,108946.5078125,0,-0.0013077795706082,0.0013077795706082,0.0033152323612776,219423232.0,109382.09309895831,-0.0013077795706082,-0.0025499104039066,-0.0036940769619641,0.0,0.0,12.0,4.0,0.0,1.0,1.0
2025-07-04 13:00:00+00:00,108082.890625,108877.03125,108082.890625,108777.6328125,0,-0.0063997987893895,0.0063997987893895,0.0024426881619255,144597162.66666666,109282.9501953125,-0.0063997987893895,-0.0061741777879881,-0.0215406455411089,0.0,1.0,13.0,4.0,0.0,1.0,1.0
2025-07-04 14:00:00+00:00,107858.15625,108124.9140625,107638.4609375,108020.1171875,0,-0.0020792779847064,0.0020792779847064,0.0021730686585969,81153024.0,109203.5,-0.0020792779847064,-0.0086524522126809,-0.0173717065192209,0.0,0.0,14.0,4.0,0.0,1.0,1.0
2025-07-04 15:00:00+00:00,107681.703125,107969.8125,107681.703125,107863.6171875,2148335616,-0.0016359738672985,0.0016359738672985,0.0019358409594187,170667008.0,109141.78092447916,-0.0016359738672985,-0.0124405938572275,-0.0135692344709125,0.0,0.0,15.0,4.0,0.0,1.0,1.0
2025-07-04 16:00:00+00:00,107652.265625,107758.140625,107396.2890625,107634.984375,629923840,-0.0002733751338036,0.0002733751338036,0.0017849804933464,196913834.66666663,109065.2978515625,-0.0002733751338036,-0.0119010808968885,-0.0167652720628413,0.0,0.0,16.0,4.0,0.0,1.0,1.0
2025-07-04 17:00:00+00:00,107918.890625,107932.2109375,107766.484375,107843.0546875,167186432,0.0024767244651289,0.0024767244651289,0.001874406404297,203879936.0,108995.95345052084,0.0024767244651289,-0.0092048803496095,-0.0151872393710141,1.0,1.0,17.0,4.0,0.0,0.0,1.0
2025-07-04 18:00:00+00:00,107569.9609375,107928.4921875,107569.9609375,107928.4921875,579727360,-0.0032332586582313,0.0032332586582313,0.0019152603720397,228035242.66666663,108907.80794270831,-0.0032332586582313,-0.0111151338230827,-0.0192868983737445,0.0,1.0,18.0,4.0,0.0,0.0,1.0
2025-07-04 19:00:00+00:00,107492.0078125,107658.203125,107315.2578125,107517.5390625,89960448,-0.000724673731594,0.000724673731594,0.0018656923239805,231783594.66666663,108810.79361979169,-0.000724673731594,-0.0054669412437358,-0.0212013867818927,0.0,0.0,19.0,4.0,0.0,0.0,1.0
2025-07-04 20:00:00+00:00,107743.6328125,107810.96875,107478.890625,107494.0859375,0,0.0023408717087034,0.0023408717087034,0.0019366974178952,231783594.66666663,108718.98990885416,0.0023408717087034,-0.0010617967289794,-0.0200395702301238,1.0,1.0,20.0,4.0,0.0,0.0,1.0
2025-07-04 21:00:00+00:00,107935.4296875,107957.4140625,107738.78125,107739.703125,0,0.0017801225928011,0.0017801225928011,0.0020088886917453,231783594.66666663,108639.51171875,0.0017801225928011,0.0023562643897401,-0.0173654961218763,1.0,0.0,21.0,4.0,0.0,0.0,0.0
2025-07-04 22:00:00+00:00,108283.5703125,108283.5703125,107935.4453125,107938.328125,832888832,0.0032254527174992,0.0032254527174992,0.0021643343731992,266487296.0,108578.43131510416,0.0032254527174992,0.0058642954129652,-0.0133570511710759,1.0,1.0,22.0,4.0,0.0,0.0,0.0
2025-07-04 23:00:00+00:00,108058.296875,108290.3203125,108013.6640625,108290.3203125,0,-0.0020804027503883,0.0020804027503883,0.0021854585795629,266487296.0,108512.29329427084,-0.0020804027503883,0.0012917687458853,-0.0144767538713859,0.0,0.0,23.0,4.0,0.0,0.0,0.0
2025-07-05 00:00:00+00:00,108235.875,108244.859375,108005.1484375,108019.6015625,1505509376,0.0016433548384111,0.0016433548384111,0.0022293155514138,329216853.3333333,108458.73990885416,0.0016433548384111,0.0061905206313768,-0.0117354609283537,1.0,0.0,0.0,5.0,1.0,0.0,0.0
2025-07-05 01:00:00+00:00,108013.578125,108227.59375,107947.796875,108227.59375,0,-0.0020538188008365,0.0020538188008365,0.0022453540536904,317725866.6666667,108394.70475260416,-0.0020538188008365,0.0048521776001224,-0.0140286429179942,0.0,0.0,1.0,5.0,1.0,0.0,0.0
2025-07-05 02:00:00+00:00,108114.1328125,108127.9375,107846.3515625,108005.921875,0,0.0009309448797598,0.0009309448797598,0.0022194249942538,304306688.0,108347.12923177084,0.0009309448797598,0.0034387182827291,-0.0104508042718785,1.0,0.0,2.0,5.0,1.0,0.0,0.0
2025-07-05 03:00:00+00:00,108207.59375,108306.7265625,108131.8671875,108131.8671875,698318848,0.0008644654964959,0.0008644654964959,0.0022289938630224,333403306.6666667,108301.61686197916,0.0008644654964959,0.0025215451801876,-0.0099935770178177,1.0,0.0,3.0,5.0,1.0,0.0,0.0
2025-07-05 04:00:00+00:00,108187.5625,108367.2578125,108100.796875,108200.8984375,0,-0.0001851187084548,0.0001851187084548,0.0021855478417928,333403306.6666667,108266.54850260416,-0.0001851187084548,-0.0008866332373685,-0.0077194054517216,0.0,0.0,4.0,5.0,1.0,0.0,0.0
2025-07-05 05:00:00+00:00,108178.6875,108188.796875,108072.328125,108171.1953125,0,-8.203345925272831e-05,8.203345925272831e-05,0.0021820992715196,307035136.0,108229.70442708331,-8.203345925272831e-05,0.0011141266194418,-0.0081077749181109,0.0,0.0,5.0,5.0,1.0,0.0,0.0
2025-07-05 06:00:00+00:00,108300.8125,108301.703125,108135.7890625,108173.1171875,0,0.0011289192245007,0.0011289192245007,0.0022020311274408,292507648.0,108198.19075520831,0.0011289192245007,0.0005999628126995,-0.0069351545498582,1.0,0.0,6.0,5.0,1.0,0.0,0.0
2025-07-05 07:00:00+00:00,108066.15625,108308.765625,108041.921875,108308.765625,0,-0.0021667081214187,0.0021667081214187,0.0021754291153833,292507648.0,108169.515625,-0.0021667081214187,0.0004867732919573,-0.0063280509301423,0.0,0.0,7.0,5.0,1.0,0.0,0.0
2025-07-05 08:00:00+00:00,108057.9296875,108161.625,107981.6328125,108064.390625,0,-7.612524388267428e-05,7.612524388267428e-05,0.0021710815440396,277160448.0,108138.615234375,-7.612524388267428e-05,-0.0005198499357846,-0.0068162915154813,0.0,0.0,8.0,5.0,1.0,0.0,0.0
2025-07-05 09:00:00+00:00,108120.421875,108132.0625,107942.359375,108057.3203125,0,0.0005783211623684,0.0005783211623684,0.002115298935557,277160448.0,108100.37434895831,0.0005783211623684,-0.0008055984980259,-0.0084170613940498,1.0,0.0,9.0,5.0,1.0,0.0,0.0
2025-07-05 10:00:00+00:00,108161.25,108223.484375,108103.984375,108134.140625,712302592,0.0003776171447722,0.0003776171447722,0.00211786177123,306839722.6666667,108067.556640625,0.0003776171447722,-0.0002432118756718,-0.0072293082420539,1.0,0.0,10.0,5.0,1.0,0.0,0.0
2025-07-05 11:00:00+00:00,108182.53125,108271.0,108150.4765625,108164.84375,0,0.0001967548451964,0.0001967548451964,0.0021202841999851,306839722.6666667,108036.76627604169,0.0001967548451964,3.5531490433449164e-05,-0.006784415840766,1.0,0.0,11.0,5.0,1.0,0.0,0.0
2025-07-05 12:00:00+00:00,108181.4765625,108197.15625,108017.234375,108179.2109375,0,-9.749147924509316e-06,9.749147924509316e-06,0.0021094938820979,306839722.6666667,108011.8671875,-9.749147924509316e-06,-0.0011018932798865,-0.0054935035675454,0.0,0.0,12.0,5.0,1.0,0.0,0.0
2025-07-05 13:00:00+00:00,108169.796875,108245.2734375,108147.765625,108175.3359375,0,-0.0001079638388301,0.0001079638388301,0.0016499675425555,306839722.6666667,108015.48828125,-0.0001079638388301,0.0009590479443002,0.0008040703713367,0.0,0.0,13.0,5.0,1.0,0.0,0.0
2025-07-05 14:00:00+00:00,108232.96875,108244.8671875,108157.2109375,108160.53125,0,0.0005840065972666,0.0005840065972666,0.0015900755027373,306839722.6666667,108031.10546875,0.0005840065972666,0.0016198631882566,0.0034750501309446,1.0,0.0,14.0,5.0,1.0,0.0,0.0
2025-07-05 15:00:00+00:00,108095.359375,108243.3359375,108085.3125,108220.4296875,0,-0.001271418280301,0.001271418280301,0.0015739744777719,217325738.66666663,108048.34114583331,-0.001271418280301,-0.0002318017222405,0.0038414720235231,0.0,0.0,15.0,5.0,1.0,0.0,0.0
2025-07-05 16:00:00+00:00,108131.8203125,108136.28125,107934.9296875,108088.6328125,0,0.0003373034486477,0.0003373034486477,0.0015715821168838,191078912.0,108068.32259114584,0.0003373034486477,-0.0002720908597118,0.0044546641421416,1.0,0.0,16.0,5.0,1.0,0.0,0.0
2025-07-05 17:00:00+00:00,108125.3828125,108181.3828125,108003.265625,108131.7109375,200714240,-5.953381697820781e-05,5.953381697820781e-05,0.0014942482133364,192475904.0,108076.92643229169,-5.953381697820781e-05,-0.0005282593856852,0.0019134016881021,0.0,0.0,17.0,5.0,1.0,0.0,0.0
2025-07-05 18:00:00+00:00,108029.109375,108140.78125,108001.6171875,108137.328125,0,-0.0008903870210286,0.0008903870210286,0.0013365393638443,168320597.33333334,108096.0576171875,-0.0008903870210286,-0.0014084406345846,0.0042683704028374,0.0,0.0,18.0,5.0,1.0,0.0,0.0
2025-07-05 19:00:00+00:00,108174.7734375,108206.4296875,107985.8046875,108035.3671875,0,0.0013483778894665,0.0013483778894665,0.0013426166081026,164572245.33333334,108124.50618489584,0.0013483778894665,4.600695058853965e-05,0.0063517803685551,1.0,1.0,19.0,5.0,1.0,0.0,0.0
2025-07-05 20:00:00+00:00,108133.921875,108187.359375,108035.984375,108171.015625,516923392,-0.000377644077282,0.000377644077282,0.001272698852898,186110720.0,108140.76822916669,-0.000377644077282,-0.0009151266582069,0.0036223863286584,0.0,0.0,20.0,5.0,1.0,0.0,0.0
2025-07-05 21:00:00+00:00,108120.9140625,108187.65625,108100.546875,108140.4921875,0,-0.0001202935422525,0.0001202935422525,0.0012251940787399,186110720.0,108148.49674479169,-0.0001202935422525,0.0002364087380601,0.0017184753471313,0.0,0.0,21.0,5.0,1.0,0.0,0.0
2025-07-05 22:00:00+00:00,108227.2578125,108235.0234375,108100.421875,108111.578125,0,0.0009835631794468,0.0009835631794468,0.0010468120768901,151407018.66666666,108146.150390625,0.0009835631794468,0.0008826032866569,-0.0005200465762025,1.0,0.0,22.0,5.0,1.0,0.0,0.0
2025-07-05 23:00:00+00:00,108235.8203125,108262.84375,108217.25,108232.9296875,556161024,7.911592858467209e-05,7.911592858467209e-05,0.0009504911616757,174580394.66666666,108153.54720052084,7.911592858467209e-05,0.0010213836670665,0.0016428487458519,1.0,0.0,23.0,5.0,1.0,0.0,0.0
