Datetime,Close,High,Low,Open,Volume,price_change,price_change_abs,volatility_24h,volume_ma_24h,price_ma_24h,momentum_1h,momentum_6h,momentum_24h,price_up,strong_move,hour,day_of_week,is_weekend,us_market_hours,extended_hours
,DX-Y.NYB,DX-Y.NYB,DX-Y.NYB,DX-Y.NYB,DX-Y.NYB,,,,,,,,,,,,,,,
2025-05-15 04:00:00+00:00,100.87300109863281,100.88400268554688,100.80999755859375,100.83699798583984,0,,,,,,,,,0.0,0.0,4.0,3.0,0.0,0.0,1.0
2025-05-15 05:00:00+00:00,100.86499786376953,100.9280014038086,100.81999969482422,100.87300109863281,0,-7.93397120747441e-05,7.93397120747441e-05,,,,-7.93397120747441e-05,,,0.0,0.0,5.0,3.0,0.0,0.0,1.0
2025-05-15 06:00:00+00:00,100.59700012207031,100.89299774169922,100.59600067138672,100.86499786376953,0,-0.0026569944715726,0.0026569944715726,,,,-0.0026569944715726,,,0.0,0.0,6.0,3.0,0.0,0.0,1.0
2025-05-15 07:00:00+00:00,100.83999633789062,100.87799835205078,100.58899688720703,100.59600067138672,0,0.002415541373256,0.002415541373256,,,,0.002415541373256,,,1.0,0.0,7.0,3.0,0.0,0.0,1.0
2025-05-15 08:00:00+00:00,100.71499633789062,100.87799835205078,100.6989974975586,100.84100341796875,0,-0.0012395875103085,0.0012395875103085,,,,-0.0012395875103085,,,0.0,0.0,8.0,3.0,0.0,0.0,1.0
2025-05-15 09:00:00+00:00,100.79399871826172,100.802001953125,100.71299743652344,100.71700286865234,0,0.0007844152633045,0.0007844152633045,,,,0.0007844152633045,,,1.0,0.0,9.0,3.0,0.0,1.0,1.0
2025-05-15 10:00:00+00:00,100.81300354003906,100.8219985961914,100.72799682617188,100.79199981689453,0,0.0001885511242634,0.0001885511242634,,,,0.0001885511242634,-0.0005947831227415,,1.0,0.0,10.0,3.0,0.0,1.0,1.0
2025-05-15 11:00:00+00:00,100.94000244140625,100.9469985961914,100.78800201416016,100.81199645996094,0,0.001259747224144,0.001259747224144,,,,0.001259747224144,0.0007436135351732,,1.0,0.0,11.0,3.0,0.0,1.0,1.0
2025-05-15 12:00:00+00:00,100.70099639892578,100.94000244140625,100.68000030517578,100.94000244140625,0,-0.0023678030186219,0.0023678030186219,,,,-0.0023678030186219,0.0010337910348148,,0.0,0.0,12.0,3.0,0.0,1.0,1.0
2025-05-15 13:00:00+00:00,100.7770004272461,100.81900024414062,100.60600280761719,100.7030029296875,0,0.0007547495162731,0.0007547495162731,,,,0.0007547495162731,-0.0006247115522837,,1.0,0.0,13.0,3.0,0.0,1.0,1.0
2025-05-15 14:00:00+00:00,100.88099670410156,100.9800033569336,100.677001953125,100.7760009765625,0,0.0010319445549538,0.0010319445549538,,,,0.0010319445549538,0.0016482189569269,,1.0,0.0,14.0,3.0,0.0,1.0,1.0
2025-05-15 15:00:00+00:00,100.83699798583984,100.95800018310547,100.79199981689453,100.88200378417969,0,-0.0004361447616419,0.0004361447616419,,,,-0.0004361447616419,0.0004266054341024,,0.0,0.0,15.0,3.0,0.0,1.0,1.0
2025-05-15 16:00:00+00:00,100.87200164794922,100.93800354003906,100.81300354003906,100.83599853515625,0,0.0003471311404399,0.0003471311404399,,,,0.0003471311404399,0.0005852231938185,,1.0,0.0,16.0,3.0,0.0,1.0,1.0
2025-05-15 17:00:00+00:00,100.93099975585938,100.93900299072266,100.80599975585938,100.87200164794922,0,0.0005848809079458,0.0005848809079458,,,,0.0005848809079458,-8.918848156458381e-05,,1.0,0.0,17.0,3.0,0.0,0.0,1.0
2025-05-15 18:00:00+00:00,100.87899780273438,100.93299865722656,100.86100006103516,100.93099975585938,0,-0.0005152228081638,0.0005152228081638,,,,-0.0005152228081638,0.0017676230640601,,0.0,0.0,18.0,3.0,0.0,0.0,1.0
2025-05-15 19:00:00+00:00,100.81400299072266,100.91100311279297,100.802001953125,100.87899780273438,0,-0.0006442848702642,0.0006442848702642,,,,-0.0006442848702642,0.0003671727013077,,0.0,0.0,19.0,3.0,0.0,0.0,1.0
2025-05-15 20:00:00+00:00,100.82099914550781,100.83200073242188,100.79100036621094,100.81500244140625,0,6.939665698824093e-05,6.939665698824093e-05,,,,6.939665698824093e-05,-0.000594735981542,,1.0,0.0,20.0,3.0,0.0,0.0,1.0
2025-05-15 21:00:00+00:00,100.78900146484375,100.83799743652344,100.78800201416016,100.81900024414062,0,-0.0003173711918672,0.0003173711918672,,,,-0.0003173711918672,-0.0004759812564316,,0.0,0.0,21.0,3.0,0.0,0.0,0.0
2025-05-15 22:00:00+00:00,100.80899810791016,100.8239974975586,100.78900146484375,100.78900146484375,0,0.0001984010435243,0.0001984010435243,,,,0.0001984010435243,-0.0006245889742423,,1.0,0.0,22.0,3.0,0.0,0.0,0.0
2025-05-15 23:00:00+00:00,100.77100372314453,100.79000091552734,100.76100158691406,100.77200317382812,0,-0.0003768947760491,0.0003768947760491,,,,-0.0003768947760491,-0.0015852020994724,,0.0,0.0,23.0,3.0,0.0,0.0,0.0
2025-05-16 00:00:00+00:00,100.63099670410156,100.78199768066406,100.60600280761719,100.77100372314453,0,-0.0013893581870795,0.0013893581870795,,,,-0.0013893581870795,-0.002458401689495,,0.0,0.0,0.0,4.0,0.0,0.0,0.0
2025-05-16 01:00:00+00:00,100.6500015258789,100.67900085449219,100.60900115966797,100.62999725341797,0,0.0001888565392353,0.0001888565392353,,,,0.0001888565392353,-0.0016267726702494,,1.0,0.0,1.0,4.0,0.0,0.0,0.0
2025-05-16 02:00:00+00:00,100.6780014038086,100.69499969482422,100.61199951171875,100.6500015258789,0,0.0002781905365643,0.0002781905365643,,,,0.0002781905365643,-0.0014183329158724,,1.0,0.0,2.0,4.0,0.0,0.0,0.0
2025-05-16 03:00:00+00:00,100.66000366210938,100.6969985961914,100.63400268554688,100.6780014038086,0,-0.0001787653851712,0.0001787653851712,,0.0,100.78908316294353,-0.0001787653851712,-0.0012798797573103,,0.0,0.0,3.0,4.0,0.0,0.0,0.0
2025-05-16 04:00:00+00:00,100.6520004272461,100.70700073242188,100.64399719238281,100.6709976196289,0,-7.950759559027798e-05,7.950759559027798e-05,0.001091872166228,0.0,100.77987480163574,-7.950759559027798e-05,-0.0015573776509116,-0.0021908803047371,0.0,0.0,4.0,4.0,0.0,0.0,1.0
2025-05-16 05:00:00+00:00,100.55799865722656,100.66899871826172,100.54399871826172,100.6520004272461,0,-0.0009339284824992,0.0009339284824992,0.0011053336331436,0.0,100.7670831680298,-0.0009339284824992,-0.0021137535406828,-0.0030436644331029,0.0,0.0,5.0,4.0,0.0,0.0,1.0
2025-05-16 06:00:00+00:00,100.5780029296875,100.625,100.53399658203125,100.55899810791016,0,0.0001989326829099,0.0001989326829099,0.0009660032237422,0.0,100.76629161834715,0.0001989326829099,-0.0005266148219706,-0.0001888445218024,1.0,0.0,6.0,4.0,0.0,0.0,1.0
2025-05-16 07:00:00+00:00,100.61900329589844,100.63700103759766,100.53700256347656,100.58100128173828,0,0.0004076474479175,0.0004076474479175,0.0008234676713651,0.0,100.75708357493085,0.0004076474479175,-0.0003079804223599,-0.0021915217177487,1.0,0.0,7.0,4.0,0.0,0.0,1.0
2025-05-16 08:00:00+00:00,100.71399688720703,100.72100067138672,100.61900329589844,100.61900329589844,0,0.0009440919527818,0.0009440919527818,0.0008116039367378,0.0,100.75704193115234,0.0009440919527818,0.0003575307703425,-9.923553789703554e-06,1.0,1.0,8.0,4.0,0.0,0.0,1.0
2025-05-16 09:00:00+00:00,100.78399658203125,100.7979965209961,100.66200256347656,100.71399688720703,0,0.0006950344240892,0.0006950344240892,0.0008080447970624,0.0,100.75662517547607,0.0006950344240892,0.0012317992788684,-9.923344998374883e-05,1.0,0.0,9.0,4.0,0.0,1.0,1.0
2025-05-16 10:00:00+00:00,100.76499938964844,100.83899688720703,100.75499725341797,100.78399658203125,0,-0.0001884941362426,0.0001884941362426,0.0008078072860664,0.0,100.75462500254314,-0.0001884941362426,0.0011226698120523,-0.0004761702231355,0.0,0.0,10.0,4.0,0.0,1.0,1.0
2025-05-16 11:00:00+00:00,100.81300354003906,100.83399963378906,100.69499969482422,100.76499938964844,0,0.0004763970692343,0.0004763970692343,0.000768752008823,0.0,100.74933338165285,0.0004763970692343,0.002535898548277,-0.0012581622577323,1.0,0.0,11.0,4.0,0.0,1.0,1.0
2025-05-16 12:00:00+00:00,100.7770004272461,100.84100341796875,100.7699966430664,100.81400299072266,0,-0.0003571276673516,0.0003571276673516,0.0005954512743362,0.0,100.75250021616618,-0.0003571276673516,0.001978538962418,0.0007547495162731,0.0,0.0,12.0,4.0,0.0,1.0,1.0
2025-05-16 13:00:00+00:00,100.74400329589844,100.83999633789062,100.70500183105469,100.7770004272461,0,-0.0003274272027126,0.0003274272027126,0.0005790586143193,0.0,100.75112533569336,-0.0003274272027126,0.0012423100597847,-0.0003274272027126,0.0,0.0,13.0,4.0,0.0,1.0,1.0
2025-05-16 14:00:00+00:00,101.09300231933594,101.12799835205078,100.7300033569336,100.74800109863281,0,0.0034642163505498,0.0034642163505498,0.0008960562521619,0.0,100.7599589029948,0.0034642163505498,0.0037631852954198,0.002101541639762,1.0,1.0,14.0,4.0,0.0,1.0,1.0
2025-05-16 15:00:00+00:00,101.1969985961914,101.1969985961914,101.06700134277344,101.09300231933594,0,0.00102871884769,0.00102871884769,0.0009086136206845,0.0,100.7749589284261,0.00102871884769,0.0040978928020978,0.0035701242355719,1.0,1.0,15.0,4.0,0.0,1.0,1.0
2025-05-16 16:00:00+00:00,101.1449966430664,101.25900268554688,101.12699890136719,101.19599914550781,0,-0.000513868532134,0.000513868532134,0.0009174013947402,0.0,100.78633371988931,-0.000513868532134,0.0037711234627071,0.0027063505299513,0.0,0.0,16.0,4.0,0.0,1.0,1.0
2025-05-16 17:00:00+00:00,101.13999938964844,101.17900085449219,101.11699676513672,101.14399719238281,0,-4.940682766152449e-05,4.940682766152449e-05,0.0009123393367001,0.0,100.79504203796388,-4.940682766152449e-05,0.0032435880107422,0.00207071795875,0.0,0.0,17.0,4.0,0.0,0.0,1.0
2025-05-16 18:00:00+00:00,101.09200286865234,101.15599822998047,101.06600189208984,101.13999938964844,0,-0.0004745552826354,0.0004745552826354,0.0009112100588305,0.0,100.80391724904378,-0.0004745552826354,0.0031257374209472,0.0021114907023014,0.0,0.0,18.0,4.0,0.0,0.0,1.0
2025-05-16 19:00:00+00:00,101.11399841308594,101.125,101.0459976196289,101.08999633789062,0,0.0002175794702787,0.0002175794702787,0.0008979709234802,0.0,100.81641705830891,0.0002175794702787,0.0036726267081206,0.0029757316787717,1.0,0.0,19.0,4.0,0.0,0.0,1.0
2025-05-16 20:00:00+00:00,100.98600006103516,101.1240005493164,100.96399688720703,101.11399841308594,0,-0.0012658816193565,0.0012658816193565,0.0009418095300699,0.0,100.82329209645587,-0.0012658816193565,-0.0010584536599553,0.0016365729057019,0.0,1.0,20.0,4.0,0.0,0.0,1.0
2025-05-18 22:00:00+00:00,100.7490005493164,100.90499877929688,100.71700286865234,100.90499877929688,0,-0.0023468551242301,0.0023468551242301,0.0010614755220369,0.0,100.82162539164226,-0.0023468551242301,-0.0044269894669767,-0.000396877783746,0.0,1.0,22.0,6.0,1.0,0.0,0.0
2025-05-18 23:00:00+00:00,100.76300048828125,100.8239974975586,100.72000122070312,100.7490005493164,0,0.0001389585890532,0.0001389585890532,0.0010610227559517,0.0,100.81970882415771,0.0001389585890532,-0.0037767182506633,-0.0004562848604017,1.0,0.0,23.0,6.0,1.0,0.0,0.0
2025-05-19 00:00:00+00:00,100.68099975585938,100.80899810791016,100.66799926757812,100.78199768066406,0,-0.0008137980411908,0.0008137980411908,0.0010711394261478,0.0,100.81595865885416,-0.0008137980411908,-0.0045382601993176,-0.0008931534266785,0.0,0.0,0.0,0.0,0.0,0.0,0.0
2025-05-19 01:00:00+00:00,100.85299682617188,100.86299896240234,100.66500091552734,100.68199920654297,0,0.0017083369327834,0.0017083369327834,0.0010875649818066,0.0,100.82520866394044,0.0017083369327834,-0.0023642428253302,0.0022060809227903,1.0,1.0,1.0,0.0,0.0,0.0,0.0
2025-05-19 02:00:00+00:00,100.81999969482422,100.88300323486328,100.76200103759766,100.85299682617188,0,-0.0003271804744139,0.0003271804744139,0.001090671550464,0.0,100.8322919209798,-0.0003271804744139,-0.0029075966026052,0.0016890031432499,0.0,0.0,2.0,0.0,0.0,0.0,0.0
2025-05-19 03:00:00+00:00,100.83100128173828,100.8479995727539,100.79100036621094,100.81900024414062,0,0.000109121076645,0.000109121076645,0.001089820054191,0.0,100.83866691589355,0.000109121076645,-0.001534854130307,0.0015196952243421,1.0,0.0,3.0,0.0,0.0,0.0,0.0
2025-05-19 04:00:00+00:00,100.82499694824219,100.86599731445312,100.78800201416016,100.8290023803711,0,-5.954848627676146e-05,5.954848627676146e-05,0.0010889375083554,0.0,100.8455416361491,-5.954848627676146e-05,0.0007543141719661,0.0016391146446472,0.0,0.0,4.0,0.0,0.0,0.0,1.0
2025-05-19 05:00:00+00:00,100.7969970703125,100.86799621582031,100.78199768066406,100.82499694824219,0,-0.0002777076992529,0.0002777076992529,0.0010908610976539,0.0,100.85158316294353,-0.0002777076992529,0.0003373915213571,0.0014405738827933,0.0,0.0,5.0,0.0,0.0,0.0,1.0
2025-05-19 06:00:00+00:00,100.6240005493164,100.822998046875,100.60600280761719,100.7979965209961,0,-0.001716286457179,0.001716286457179,0.0011327564099265,0.0,100.8543332417806,-0.001716286457179,-0.0005661366760479,0.0006563564606614,0.0,1.0,6.0,0.0,0.0,0.0,1.0
2025-05-19 07:00:00+00:00,100.39399719238281,100.64199829101562,100.34300231933594,100.6240005493164,0,-0.002285770349797,0.002285770349797,0.0012261463192624,0.0,100.84666633605956,-0.002285770349797,-0.0045511749599288,-0.0018294829082391,0.0,1.0,7.0,0.0,0.0,0.0,1.0
2025-05-19 08:00:00+00:00,100.29499816894531,100.4229965209961,100.28099822998047,100.39399719238281,0,-0.0009861050083281,0.0009861050083281,0.0012352366644553,0.0,100.83316612243652,-0.0009861050083281,-0.0052073152893081,-0.0032201186290853,0.0,0.0,8.0,0.0,0.0,0.0,1.0
2025-05-19 09:00:00+00:00,100.13500213623047,100.31099700927734,100.13300323486328,100.29399871826172,0,-0.0015952543560081,0.0015952543560081,0.0012476013734036,0.0,100.80904134114584,-0.0015952543560081,-0.0069026305070905,-0.0057489005388694,0.0,1.0,9.0,0.0,0.0,1.0,1.0
2025-05-19 10:00:00+00:00,100.13500213623047,100.1989974975586,100.06400299072266,100.12899780273438,0,0.0,0.0,0.0012329472003658,0.0,100.78199990590412,0.0,-0.0068434895402568,-0.0064394593170608,0.0,0.0,10.0,0.0,0.0,1.0,1.0
2025-05-19 11:00:00+00:00,100.177001953125,100.25800323486328,100.13200378417969,100.13700103759766,0,0.0004194319268839,0.0004194319268839,0.0012408797446654,0.0,100.75750001271564,0.0004194319268839,-0.006150928452313,-0.0058353340950234,1.0,0.0,11.0,0.0,0.0,1.0,1.0
2025-05-19 12:00:00+00:00,100.28700256347656,100.28800201416016,100.1709976196289,100.1760025024414,0,0.0010980625114238,0.0010980625114238,0.0012628455859379,0.0,100.73558330535889,0.0010980625114238,-0.0033490815709983,-0.0052175905695894,1.0,0.0,12.0,0.0,0.0,1.0,1.0
2025-05-19 13:00:00+00:00,100.32499694824219,100.3550033569336,100.23100280761719,100.28800201416016,0,0.0003788565197326,0.0003788565197326,0.0012682240675806,0.0,100.71674982706706,0.0003788565197326,-0.0006872945202929,-0.004485184884325,1.0,0.0,13.0,0.0,0.0,1.0,1.0
2025-05-19 14:00:00+00:00,100.27100372314453,100.4020004272461,100.25199890136719,100.32499694824219,0,-0.0005381831720913,0.0005381831720913,0.0012699706606139,0.0,100.69704151153564,-0.0005381831720913,-0.0002392387081991,-0.0046950642944438,0.0,0.0,14.0,0.0,0.0,1.0,1.0
2025-05-19 15:00:00+00:00,100.42400360107422,100.43099975585938,100.22599792480469,100.29399871826172,0,0.0015258636320438,0.0015258636320438,0.0010735717088431,0.0,100.6691665649414,0.0015258636320438,0.0028861183270418,-0.0066176560485211,1.0,1.0,15.0,0.0,0.0,1.0,1.0
2025-05-19 16:00:00+00:00,100.4219970703125,100.45600128173828,100.39299774169922,100.41999816894531,0,-1.9980589199497523e-05,1.9980589199497523e-05,0.0010389395761149,0.0,100.63687483469646,-1.9980589199497523e-05,0.0028660800714976,-0.0076583449769237,0.0,0.0,16.0,0.0,0.0,1.0,1.0
2025-05-19 17:00:00+00:00,100.46900177001953,100.50599670410156,100.39199829101562,100.4219970703125,0,0.0004680717480067,0.0004680717480067,0.0010502363094202,0.0,100.60870838165285,0.0004680717480067,0.0029148388472552,-0.0066834237528566,1.0,0.0,17.0,0.0,0.0,0.0,1.0
2025-05-19 18:00:00+00:00,100.4260025024414,100.51000213623047,100.41400146484375,100.47000122070312,0,-0.0004279854166019,0.0004279854166019,0.0010494832231838,0.0,100.57895851135254,-0.0004279854166019,0.0013860214724921,-0.0070594907209393,0.0,0.0,18.0,0.0,0.0,0.0,1.0
2025-05-19 19:00:00+00:00,100.37799835205078,100.43900299072266,100.36499786376953,100.427001953125,0,-0.0004780051898357,0.0004780051898357,0.0010495091765521,0.0,100.5492083231608,-0.0004780051898357,0.0005282970886701,-0.0070629178999377,0.0,0.0,19.0,0.0,0.0,0.0,1.0
2025-05-19 20:00:00+00:00,100.36599731445312,100.38400268554688,100.34500122070312,100.37699890136719,0,-0.000119558447017,0.000119558447017,0.0010445982409324,0.0,100.51804161071776,-0.000119558447017,0.0009473685091543,-0.007397601819453,0.0,0.0,20.0,0.0,0.0,0.0,1.0
2025-05-19 21:00:00+00:00,100.3550033569336,100.38200378417969,100.3489990234375,100.36499786376953,0,-0.0001095386666172,0.0001095386666172,0.0010250190099722,0.0,100.4917500813802,-0.0001095386666172,-0.000687089158631,-0.0062483582251023,0.0,0.0,21.0,0.0,0.0,0.0,0.0
2025-05-19 22:00:00+00:00,100.38200378417969,100.38600158691406,100.35299682617188,100.35600280761719,0,0.0002690491389858,0.0002690491389858,0.000928026392302,0.0,100.47645854949953,0.0002690491389858,-0.0003982522485069,-0.0036426839287311,1.0,0.0,22.0,0.0,0.0,0.0,0.0
2025-05-19 23:00:00+00:00,100.44000244140625,100.44599914550781,100.4280014038086,100.43399810791016,0,0.0005777794329675,0.0005777794329675,0.0009382669653877,0.0,100.4630002975464,0.0005777794329675,-0.0002886395614805,-0.0032055223178131,1.0,0.0,23.0,0.0,0.0,0.0,0.0
2025-05-20 00:00:00+00:00,100.49600219726562,100.58000183105469,100.44000244140625,100.44100189208984,0,0.0005575443498424,0.0005575443498424,0.0009367820164393,0.0,100.45529206593832,0.0005575443498424,0.0006970275932522,-0.001837462470996,1.0,0.0,0.0,1.0,0.0,0.0,0.0
2025-05-20 01:00:00+00:00,100.40399932861328,100.49600219726562,100.3010025024414,100.49600219726562,0,-0.0009154878466881,0.0009154878466881,0.0008702031581919,0.0,100.43658383687335,-0.0009154878466881,0.0002590306340968,-0.0044519995606325,0.0,1.0,1.0,1.0,0.0,0.0,0.0
2025-05-20 02:00:00+00:00,100.46499633789062,100.49600219726562,100.33899688720703,100.40399932861328,0,0.0006075157332896,0.0006075157332896,0.000884388582593,0.0,100.42179203033449,0.0006075157332896,0.0009863801096632,-0.0035211600675278,1.0,0.0,2.0,1.0,0.0,0.0,0.0
2025-05-20 03:00:00+00:00,100.33200073242188,100.48300170898438,100.3219985961914,100.46499633789062,0,-0.0013238004311616,0.0013238004311616,0.0009142395669141,0.0,100.40100034077962,-0.0013238004311616,-0.0002292125329307,-0.0049488802349796,0.0,1.0,3.0,1.0,0.0,0.0,0.0
2025-05-20 04:00:00+00:00,100.36100006103516,100.37100219726562,100.302001953125,100.34100341796875,0,0.0002890336921579,0.0002890336921579,0.0009194264162469,0.0,100.381667137146,0.0002890336921579,-0.0002092379346171,-0.0046020024919536,1.0,0.0,4.0,1.0,0.0,0.0,1.0
2025-05-20 05:00:00+00:00,100.23300170898438,100.36100006103516,100.21700286865234,100.36100006103516,0,-0.001275379400095,0.001275379400095,0.0009456602653551,0.0,100.358167330424,-0.001275379400095,-0.0020609391416794,-0.0055953587678282,0.0,1.0,5.0,1.0,0.0,0.0,1.0
2025-05-20 06:00:00+00:00,100.2249984741211,100.26699829101562,100.16999816894531,100.23300170898438,0,-7.984630537671844e-05,7.984630537671844e-05,0.0008915334042509,0.0,100.34154224395752,-7.984630537671844e-05,-0.0026966617300115,-0.0039652773992001,0.0,0.0,6.0,1.0,0.0,0.0,1.0
2025-05-20 07:00:00+00:00,100.0510025024414,100.24800109863281,100.05000305175781,100.22699737548828,0,-0.001736053622636,0.001736053622636,0.0008402704520569,0.0,100.32725079854328,-0.001736053622636,-0.0035157645963538,-0.0034164860403369,0.0,1.0,7.0,1.0,0.0,0.0,1.0
2025-05-20 08:00:00+00:00,100.20800018310547,100.26300048828125,100.0510025024414,100.0510025024414,0,0.0015691764873644,0.0015691764873644,0.0008891636001056,0.0,100.32362588246664,0.0015691764873644,-0.0025580666316933,-0.0008674209823833,1.0,1.0,8.0,1.0,0.0,0.0,1.0
2025-05-20 09:00:00+00:00,100.22799682617188,100.27100372314453,100.14099884033203,100.20800018310547,0,0.0001995513634627,0.0001995513634627,0.0008254976821424,0.0,100.3275006612142,0.0001995513634627,-0.0010365975510382,0.0009286931438308,1.0,0.0,9.0,1.0,0.0,1.0,1.0
2025-05-20 10:00:00+00:00,100.322998046875,100.3270034790039,100.21700286865234,100.22799682617188,0,0.000947851136523,0.000947851136523,0.0008459703357109,0.0,100.33533382415771,0.000947851136523,-0.0003786532033065,0.0018774245432058,1.0,1.0,10.0,1.0,0.0,1.0,1.0
2025-05-20 11:00:00+00:00,100.30400085449219,100.3219985961914,100.25800323486328,100.3219985961914,0,-0.0001893602937776,0.0001893602937776,0.0008444288972367,0.0,100.34062544504802,-0.0001893602937776,0.0007083410084229,0.0012677450801195,0.0,0.0,11.0,1.0,0.0,1.0,1.0
2025-05-20 12:00:00+00:00,100.40299987792969,100.47599792480469,100.29399871826172,100.30400085449219,0,0.0009869897770191,0.0009869897770191,0.0008387381915358,0.0,100.34545866648357,0.0009869897770191,0.0017760180246304,0.0011566535192804,1.0,1.0,12.0,1.0,0.0,1.0,1.0
2025-05-20 13:00:00+00:00,100.3270034790039,100.48100280761719,100.30500030517578,100.40399932861328,0,-0.0007569136282599,0.0007569136282599,0.000851236873024,0.0,100.34554227193196,-0.0007569136282599,0.0027586028091599,2.0000307229040004e-05,0.0,0.0,13.0,1.0,0.0,1.0,1.0
2025-05-20 14:00:00+00:00,100.16300201416016,100.32599639892578,100.1510009765625,100.32599639892578,0,-0.0016346692232074,0.0016346692232074,0.0009089146210994,0.0,100.34104220072427,-0.0016346692232074,-0.0004490476694783,-0.0010770981138532,0.0,1.0,14.0,1.0,0.0,1.0,1.0
2025-05-20 15:00:00+00:00,100.26000213623047,100.2959976196289,100.1520004272461,100.16300201416016,0,0.0009684226722417,0.0009684226722417,0.0008734715577961,0.0,100.3342088063558,0.0009684226722417,0.0003193250496076,-0.0016330902868125,1.0,1.0,15.0,1.0,0.0,1.0,1.0
2025-05-20 16:00:00+00:00,100.24299621582031,100.3280029296875,100.22699737548828,100.26300048828125,0,-0.0001696181931758,0.0001696181931758,0.0008736499208762,0.0,100.32675043741862,-0.0001696181931758,-0.0007974425865673,-0.0017824865040958,0.0,0.0,16.0,1.0,0.0,1.0,1.0
2025-05-20 17:00:00+00:00,100.11100006103516,100.25800323486328,100.08899688720703,100.24299621582031,0,-0.0013167618663449,0.0013167618663449,0.0009010397676456,0.0,100.31183369954428,-0.0013167618663449,-0.0019241584763604,-0.0035633051257328,0.0,1.0,17.0,1.0,0.0,0.0,1.0
2025-05-20 18:00:00+00:00,100.11799621582031,100.13099670410156,100.06199645996094,100.11100006103516,0,6.988397659490886e-05,6.988397659490886e-05,0.0009000521569102,0.0,100.2990001042684,6.988397659490886e-05,-0.0028385970783331,-0.0030669973806196,1.0,0.0,18.0,1.0,0.0,0.0,1.0
2025-05-20 19:00:00+00:00,100.0510025024414,100.12000274658203,100.03299713134766,100.11900329589844,0,-0.0006691475649841,0.0006691475649841,0.0009041241324401,0.0,100.28537527720134,-0.0006691475649841,-0.0027510138546125,-0.0032576446529898,0.0,0.0,19.0,1.0,0.0,0.0,1.0
2025-05-20 20:00:00+00:00,100.02300262451172,100.06900024414062,100.00900268554688,100.052001953125,0,-0.0002798560457103,0.0002798560457103,0.0009045927814243,0.0,100.27108383178712,-0.0002798560457103,-0.0013977155919173,-0.0034174391638512,0.0,0.0,20.0,1.0,0.0,0.0,1.0
2025-05-20 21:00:00+00:00,100.03299713134766,100.0510025024414,100.02400207519531,100.02400207519531,0,9.992208365772191e-05,9.992208365772191e-05,0.0009059314003893,0.0,100.25766690572102,9.992208365772191e-05,-0.0022641631762022,-0.0032086713648014,1.0,0.0,21.0,1.0,0.0,0.0,0.0
2025-05-20 22:00:00+00:00,100.01100158691406,100.03500366210938,100.00599670410156,100.03299713134766,0,-0.0002198828892902,0.0002198828892902,0.0009019741061246,0.0,100.24220848083496,-0.0002198828892902,-0.0023143225727887,-0.0036959034814972,0.0,0.0,22.0,1.0,0.0,0.0,0.0
2025-05-20 23:00:00+00:00,99.96299743652344,99.99299621582031,99.9540023803711,99.98699951171875,0,-0.0004799886975325,0.0004799886975325,0.0008904376168476,0.0,100.22233327229816,-0.0004799886975325,-0.0014783852366022,-0.004749153656792,0.0,0.0,23.0,1.0,0.0,0.0,0.0
2025-05-21 00:00:00+00:00,99.89099884033203,99.96800231933594,99.85800170898438,99.96399688720703,0,-0.0007202524737928,0.0007202524737928,0.0008814565213662,0.0,100.1971247990926,-0.0007202524737928,-0.0022672984285357,-0.0060201733771062,0.0,0.0,0.0,2.0,0.0,0.0,0.0
2025-05-21 01:00:00+00:00,99.87899780273438,99.96900177001953,99.84300231933594,99.89199829101562,0,-0.000120141331421,0.000120141331421,0.0008702758423325,0.0,100.17524973551431,-0.000120141331421,-0.0017191701772586,-0.0052288905759682,0.0,0.0,1.0,2.0,0.0,0.0,0.0
2025-05-21 02:00:00+00:00,99.68599700927734,99.88999938964844,99.66600036621094,99.87999725341797,0,-0.0019323461158292,0.0019323461158292,0.0009186043161309,0.0,100.14279143015544,-0.0019323461158292,-0.0033692811292568,-0.0077539377595088,0.0,1.0,2.0,2.0,0.0,0.0,0.0
2025-05-21 03:00:00+00:00,99.58899688720703,99.70899963378906,99.56099700927734,99.68599700927734,0,-0.0009730566476782,0.0009730566476782,0.0009046893529819,0.0,100.1118329366048,-0.0009730566476782,-0.0044385378512415,-0.0074054522962856,0.0,1.0,3.0,2.0,0.0,0.0,0.0
2025-05-21 04:00:00+00:00,99.625,99.65699768066406,99.56600189208984,99.5979995727539,0,0.0003615169739459,0.0003615169739459,0.0009068918182041,0.0,100.08116626739502,0.0003615169739459,-0.0038595912528543,-0.00733352657494,1.0,0.0,4.0,2.0,0.0,0.0,1.0
2025-05-21 05:00:00+00:00,99.59300231933594,99.63999938964844,99.56099700927734,99.625,0,-0.0003211812362766,0.0003211812362766,0.0008831633953407,0.0,100.05449962615968,-0.0003211812362766,-0.003701320755437,-0.0063851164659979,0.0,0.0,5.0,2.0,0.0,0.0,1.0
2025-05-21 06:00:00+00:00,99.58100128173828,99.66899871826172,99.4229965209961,99.59300231933594,0,-0.0001205008114845,0.0001205008114845,0.0008828287664139,0.0,100.02766640981038,-0.0001205008114845,-0.003103358282454,-0.0064255146139922,0.0,0.0,6.0,2.0,0.0,0.0,1.0
2025-05-21 07:00:00+00:00,99.69599914550781,99.73400115966797,99.5780029296875,99.58200073242188,0,0.0011548173074116,0.0011548173074116,0.0008709807089727,0.0,100.01287460327148,0.0011548173074116,-0.0018322035788543,-0.0035482238863616,1.0,1.0,7.0,2.0,0.0,0.0,1.0
2025-05-21 08:00:00+00:00,99.73100280761719,99.80400085449219,99.6240005493164,99.69499969482422,0,0.0003511039801937,0.0003511039801937,0.0007991085828688,0.0,99.99299971262614,0.0003511039801937,0.0004514756303801,-0.0047600727947537,1.0,0.0,8.0,2.0,0.0,0.0,1.0
2025-05-21 09:00:00+00:00,99.62899780273438,99.78099822998047,99.62899780273438,99.73100280761719,0,-0.0010228013557587,0.0010228013557587,0.0008114941884097,0.0,99.96804141998292,-0.0010228013557587,0.0004016599903364,-0.0059763643134199,0.0,1.0,9.0,2.0,0.0,1.0,1.0
2025-05-21 10:00:00+00:00,99.56999969482422,99.65299987792969,99.4000015258789,99.62899780273438,0,-0.0005921780727632,0.0005921780727632,0.0007726645983022,0.0,99.93666648864746,-0.0005921780727632,-0.000552073326733,-0.0075057401264957,0.0,0.0,10.0,2.0,0.0,1.0,1.0
2025-05-21 11:00:00+00:00,99.67900085449219,99.71299743652344,99.52999877929688,99.56999969482422,0,0.0010947188912528,0.0010947188912528,0.0008243686558792,0.0,99.9106248219808,0.0010947188912528,0.0008634997756218,-0.0062310575318592,1.0,1.0,11.0,2.0,0.0,1.0,1.0
2025-05-21 12:00:00+00:00,99.58399963378906,99.7239990234375,99.58399963378906,99.6780014038086,0,-0.0009530715585903,0.0009530715585903,0.0007912195393594,0.0,99.87649981180827,-0.0009530715585903,3.0109679679757303e-05,-0.0081571292206046,0.0,1.0,12.0,2.0,0.0,1.0,1.0
2025-05-21 13:00:00+00:00,99.55500030517578,99.65899658203125,99.54299926757812,99.58399963378906,0,-0.0002912046987459,0.0002912046987459,0.0007862689135938,0.0,99.84433301289876,-0.0002912046987459,-0.0014142878504707,-0.007694869248135,0.0,0.0,13.0,2.0,0.0,1.0,1.0
2025-05-21 14:00:00+00:00,99.51499938964844,99.60800170898438,99.44400024414062,99.55799865722656,0,-0.0004017971513708,0.0004017971513708,0.0007353722078292,0.0,99.81733290354413,-0.0004017971513708,-0.0021658602830397,-0.006469480861008,0.0,0.0,14.0,2.0,0.0,1.0,1.0
2025-05-21 15:00:00+00:00,99.48400115966797,99.55699920654297,99.45500183105469,99.51499938964844,0,-0.0003114930429642,0.0003114930429642,0.0006864265717459,0.0,99.78499952952068,-0.0003114930429642,-0.00145536587002,-0.007739885896951,0.0,0.0,15.0,2.0,0.0,1.0,1.0
2025-05-21 16:00:00+00:00,99.48699951171875,99.51000213623047,99.41799926757812,99.48400115966797,0,3.0139037592302745e-05,3.0139037592302745e-05,0.0006895770613518,0.0,99.75349966684978,3.0139037592302745e-05,-0.0008335862544929,-0.0075416411384384,1.0,0.0,16.0,2.0,0.0,1.0,1.0
2025-05-21 17:00:00+00:00,99.44400024414062,99.52200317382812,99.33599853515625,99.48699951171875,0,-0.0004322099147543,0.0004322099147543,0.0006565639276517,0.0,99.7257080078125,-0.0004322099147543,-0.0023575738955751,-0.0066626026759085,0.0,0.0,17.0,2.0,0.0,0.0,1.0
2025-05-21 18:00:00+00:00,99.55899810791016,99.56999969482422,99.44599914550781,99.44599914550781,0,0.0011564082648245,0.0011564082648245,0.0007163525278835,0.0,99.70241641998292,0.0011564082648245,-0.000251059667927,-0.0055833928867807,1.0,1.0,18.0,2.0,0.0,0.0,1.0
2025-05-21 19:00:00+00:00,99.6729965209961,99.67400360107422,99.51399993896484,99.55899810791016,0,0.0011450337513678,0.0011450337513678,0.0007625583795913,0.0,99.68666617075604,0.0011450337513678,0.001185236456819,-0.0037781328721427,1.0,1.0,19.0,2.0,0.0,0.0,1.0
2025-05-21 20:00:00+00:00,99.60600280761719,99.70099639892578,99.59200286865234,99.6729965209961,0,-0.0006721350387494,0.0006721350387494,0.0007694694232302,0.0,99.66929117838542,-0.0006721350387494,0.0009144693616731,-0.0041690391805169,0.0,0.0,20.0,2.0,0.0,0.0,1.0
2025-05-21 21:00:00+00:00,99.60900115966797,99.63800048828125,99.59100341796875,99.6050033569336,0,3.0102122023478728e-05,3.0102122023478728e-05,0.0007685210592881,0.0,99.65162467956544,3.0102122023478728e-05,0.0012564834399793,-0.004238561113219,1.0,0.0,21.0,2.0,0.0,0.0,0.0
2025-05-21 22:00:00+00:00,99.68699645996094,99.68699645996094,99.6050033569336,99.60900115966797,0,0.0007830145808604,0.0007830145808604,0.0007929474926104,0.0,99.63812446594238,0.0007830145808604,0.0020102822401295,-0.0032396948516864,1.0,0.0,22.0,2.0,0.0,0.0,0.0
2025-05-21 23:00:00+00:00,99.59700012207031,99.64299774169922,99.59300231933594,99.64299774169922,0,-0.0009027891408762,0.0009027891408762,0.0008055442202884,0.0,99.62287457784016,-0.0009027891408762,0.0015385531309486,-0.0036613279297225,0.0,1.0,23.0,2.0,0.0,0.0,0.0
2025-05-22 00:00:00+00:00,99.59200286865234,99.60099792480469,99.48799896240234,99.5979995727539,0,-5.017473831381292e-05,5.017473831381292e-05,0.0007965733768263,0.0,99.61041641235352,-5.017473831381292e-05,0.0003315095709019,-0.0029932223638849,0.0,0.0,0.0,3.0,0.0,0.0,0.0
2025-05-22 01:00:00+00:00,99.51799774169922,99.66400146484375,99.48500061035156,99.59200286865234,0,-0.0007430830269647,0.0007430830269647,0.0008065091638852,0.0,99.59537474314372,-0.0007430830269647,-0.0015550729355691,-0.0036143740824087,0.0,0.0,1.0,3.0,0.0,0.0,0.0
2025-05-22 02:00:00+00:00,99.48899841308594,99.58699798583984,99.44000244140625,99.51899719238281,0,-0.0002913978302553,0.0002913978302553,0.0007130263641624,0.0,99.5871664683024,-0.0002913978302553,-0.0011746721204869,-0.0019761912615777,0.0,0.0,2.0,3.0,0.0,0.0,0.0
2025-05-22 03:00:00+00:00,99.53099822998047,99.55899810791016,99.47200012207031,99.48799896240234,0,0.0004221553896859,0.0004221553896859,0.000693852633265,0.0,99.58474985758464,0.0004221553896859,-0.0007830911742852,-0.0005823801729045,1.0,0.0,3.0,3.0,0.0,0.0,0.0
2025-05-22 04:00:00+00:00,99.53199768066406,99.59700012207031,99.52400207519531,99.54000091552734,0,1.0041602127586202e-05,1.0041602127586202e-05,0.0006890536252338,0.0,99.58087476094563,1.0041602127586202e-05,-0.0015548545427299,-0.0009335239080143,1.0,0.0,4.0,3.0,0.0,0.0,1.0
2025-05-22 05:00:00+00:00,99.53700256347656,99.60199737548828,99.52799987792969,99.53199768066406,0,5.028415915608875e-05,5.028415915608875e-05,0.0006865998750747,0.0,99.57854143778484,5.028415915608875e-05,-0.0006024032703817,-0.000562286049775,1.0,0.0,5.0,3.0,0.0,0.0,1.0
2025-05-22 06:00:00+00:00,99.61299896240234,99.6449966430664,99.4749984741211,99.53700256347656,0,0.0007634989699163,0.0007634989699163,0.0007046284593778,0.0,99.57987467447916,0.0007634989699163,0.0002108210814646,0.000321323146506,1.0,1.0,6.0,3.0,0.0,0.0,1.0
2025-05-22 07:00:00+00:00,99.58300018310547,99.75900268554688,99.58000183105469,99.61299896240234,0,-0.0003011532592066,0.0003011532592066,0.0006635859553172,0.0,99.57516638437907,-0.0003011532592066,0.0006531727213299,-0.0011334352769505,0.0,0.0,7.0,3.0,0.0,0.0,1.0
2025-05-22 08:00:00+00:00,99.75,99.75,99.4729995727539,99.58000183105469,0,0.0016769912192589,0.0016769912192589,0.0007479968739863,0.0,99.57595793406168,0.0016769912192589,0.002623421595123,0.0001904843213043,1.0,1.0,8.0,3.0,0.0,0.0,1.0
2025-05-22 09:00:00+00:00,99.81800079345703,99.8479995727539,99.74299621582031,99.75199890136719,0,0.0006817122151081,0.0006817122151081,0.000726458602484,0.0,99.58383305867513,0.0006817122151081,0.0028835495331154,0.0018970680714551,1.0,0.0,9.0,3.0,0.0,1.0,1.0
2025-05-22 10:00:00+00:00,99.85299682617188,99.86699676513672,99.78399658203125,99.81800079345703,0,0.000350598413479,0.000350598413479,0.0007139569555247,0.0,99.59562460581462,0.000350598413479,0.0032250849273385,0.0028421927509794,1.0,0.0,10.0,3.0,0.0,1.0,1.0
2025-05-22 11:00:00+00:00,99.697998046875,99.86000061035156,99.68699645996094,99.85399627685547,0,-0.0015522696786627,0.0015522696786627,0.0007595898350473,0.0,99.59641615549724,-0.0015522696786627,0.0016174435561866,0.0001905836958633,0.0,1.0,11.0,3.0,0.0,1.0,1.0
2025-05-22 12:00:00+00:00,99.81900024414062,99.89299774169922,99.65399932861328,99.697998046875,0,0.001213687332104,0.001213687332104,0.000769074270046,0.0,99.6062078475952,0.001213687332104,0.0020680160609964,0.0023598229757366,1.0,1.0,12.0,3.0,0.0,1.0,1.0
2025-05-22 13:00:00+00:00,99.91899871826172,99.9229965209961,99.70800018310547,99.81800079345703,0,0.0010017979931327,0.0010017979931327,0.0007856969092174,0.0,99.62137444814046,0.0010017979931327,0.0033740551553824,0.0036562544520128,1.0,1.0,13.0,3.0,0.0,1.0,1.0
2025-05-22 14:00:00+00:00,99.92400360107422,99.94000244140625,99.81099700927734,99.91699981689453,0,5.008940118189642e-05,5.008940118189642e-05,0.0007772079393086,0.0,99.6384162902832,5.008940118189642e-05,0.0017443970032502,0.0041099755206182,1.0,0.0,14.0,3.0,0.0,1.0,1.0
2025-05-22 15:00:00+00:00,99.90899658203125,100.03800201416016,99.85600280761719,99.92400360107422,0,-0.0001501843251084,0.0001501843251084,0.0007735410005328,0.0,99.65612443288168,-0.0001501843251084,0.000911617021488,0.0042719976821317,0.0,0.0,15.0,3.0,0.0,1.0,1.0
2025-05-22 16:00:00+00:00,100.0009994506836,100.00499725341797,99.86100006103516,99.91100311279297,0,0.0009208667067015,0.0009208667067015,0.0007873863565955,0.0,99.6775410970052,0.0009208667067015,0.0014822051337064,0.0051665035782317,1.0,1.0,16.0,3.0,0.0,1.0,1.0
2025-05-22 17:00:00+00:00,100.0260009765625,100.11799621582031,99.99299621582031,100.0009994506836,0,0.0002500127600348,0.0002500127600348,0.0007752244944632,0.0,99.70179112752278,0.0002500127600348,0.0032899650555999,0.005852547473885,1.0,0.0,17.0,3.0,0.0,0.0,1.0
2025-05-22 18:00:00+00:00,99.95999908447266,100.03199768066406,99.93699645996094,100.0260009765625,0,-0.0006598473541424,0.0006598473541424,0.0007708670991257,0.0,99.71849950154622,-0.0006598473541424,0.0014125451065145,0.0040277723177553,0.0,0.0,18.0,3.0,0.0,0.0,1.0
2025-05-22 19:00:00+00:00,99.94599914550781,99.96099853515625,99.88899993896484,99.95999908447266,0,-0.0001400554130959,0.0001400554130959,0.0007442057704213,0.0,99.72987461090088,-0.0001400554130959,0.0002702231566813,0.002738982814209,0.0,0.0,19.0,3.0,0.0,0.0,1.0
2025-05-22 20:00:00+00:00,99.93299865722656,99.95700073242188,99.90299987792969,99.94599914550781,0,-0.0001300751244912,0.0001300751244912,0.000727336786655,0.0,99.74349943796794,-0.0001300751244912,9.001897270111137e-05,0.0032828930023518,0.0,0.0,20.0,3.0,0.0,0.0,1.0
2025-05-22 21:00:00+00:00,99.93199920654297,99.94100189208984,99.9280014038086,99.93199920654297,0,-1.0001207779497534e-05,1.0001207779497534e-05,0.0007276386363029,0.0,99.75695768992108,-1.0001207779497534e-05,0.000230235767535,0.0032426592287302,0.0,0.0,21.0,3.0,0.0,0.0,0.0
2025-05-22 22:00:00+00:00,99.89700317382812,99.93399810791016,99.89600372314453,99.93199920654297,0,-0.0003501984648832,0.0003501984648832,0.0007205032182603,0.0,99.76570796966551,-0.0003501984648832,-0.0010399523747435,0.0021066610623736,0.0,0.0,22.0,3.0,0.0,0.0,0.0
2025-05-22 23:00:00+00:00,99.90899658203125,99.91300201416016,99.88300323486328,99.88300323486328,0,0.0001200577376907,0.0001200577376907,0.0006889113011938,0.0,99.7787078221639,0.0001200577376907,-0.0011697398015408,0.00313258892917,1.0,0.0,23.0,3.0,0.0,0.0,0.0
2025-05-23 00:00:00+00:00,99.80899810791016,99.94000244140625,99.77999877929688,99.90899658203125,0,-0.0010008955904085,0.0010008955904085,0.000726086309329,0.0,99.78774929046632,-0.0010008955904085,-0.0015106140250651,0.0021788420054569,0.0,1.0,0.0,4.0,0.0,0.0,0.0
2025-05-23 01:00:00+00:00,99.66600036621094,99.82599639892578,99.63999938964844,99.80799865722656,0,-0.0014327139277022,0.0014327139277022,0.0007726787208708,0.0,99.79391606648764,-0.0014327139277022,-0.002801500627246,0.0014871945564647,0.0,1.0,1.0,4.0,0.0,0.0,0.0
2025-05-23 02:00:00+00:00,99.65699768066406,99.70700073242188,99.63600158691406,99.66699981689453,0,-9.032855250334926e-05,9.032855250334926e-05,0.000769762553703,0.0,99.80091603597003,-9.032855250334926e-05,-0.0027618602490774,0.0016886215587434,0.0,0.0,2.0,4.0,0.0,0.0,0.0
2025-05-23 03:00:00+00:00,99.6520004272461,99.66600036621094,99.6259994506836,99.65499877929688,0,-5.014453108431738e-05,5.014453108431738e-05,0.0007664137712796,0.0,99.80595779418944,-5.014453108431738e-05,-0.0028018931025102,0.0012157237385084,0.0,0.0,3.0,4.0,0.0,0.0,0.0
2025-05-23 04:00:00+00:00,99.61799621582031,99.677001953125,99.59100341796875,99.65699768066406,0,-0.0003412295917792,0.0003412295917792,0.0007705709765613,0.0,99.80954106648764,-0.0003412295917792,-0.0027929462260476,0.0008640290274506,0.0,0.0,4.0,4.0,0.0,0.0,1.0
2025-05-23 05:00:00+00:00,99.5780029296875,99.68900299072266,99.55999755859375,99.61900329589844,0,-0.000401466478468,0.000401466478468,0.0007757141390808,0.0,99.81124941507976,-0.000401466478468,-0.0033129514224675,0.0004119107985474,0.0,0.0,5.0,4.0,0.0,0.0,1.0
2025-05-23 06:00:00+00:00,99.6449966430664,99.67900085449219,99.55500030517578,99.5790023803711,0,0.0006727762297684,0.0006727762297684,0.0007721332917149,0.0,99.8125826517741,0.0006727762297684,-0.0016431531019521,0.0003212199311068,1.0,0.0,6.0,4.0,0.0,0.0,1.0
2025-05-23 07:00:00+00:00,99.43699645996094,99.66300201416016,99.4010009765625,99.64600372314453,0,-0.0020874122144891,0.0020874122144891,0.0008820638835807,0.0,99.80649916330974,-0.0020874122144891,-0.0022977134168979,-0.0014661510787591,0.0,1.0,7.0,4.0,0.0,0.0,1.0
2025-05-23 08:00:00+00:00,99.41600036621094,99.49099731445312,99.39800262451172,99.43699645996094,0,-0.0002111497178864,0.0002111497178864,0.0008007914045457,0.0,99.79258251190186,-0.0002111497178864,-0.0024182678593767,-0.0033483672560307,0.0,0.0,8.0,4.0,0.0,0.0,1.0
2025-05-23 09:00:00+00:00,99.35700225830078,99.44000244140625,99.31999969482422,99.41500091552734,0,-0.0005934468062769,0.0005934468062769,0.0007861086845663,0.0,99.77337423960368,-0.0005934468062769,-0.0029602834632576,-0.0046183907861483,0.0,0.0,9.0,4.0,0.0,1.0,1.0
2025-05-23 10:00:00+00:00,99.37100219726562,99.39199829101562,99.30500030517578,99.35700225830078,0,0.0001409054082412,0.0001409054082412,0.0007809576685345,0.0,99.75329113006592,0.0001409054082412,-0.0024794116318057,-0.00482704219429,1.0,0.0,10.0,4.0,0.0,1.0,1.0
2025-05-23 11:00:00+00:00,99.43599700927734,99.56700134277344,99.13500213623047,99.37200164794922,0,0.0006540621567114,0.0006540621567114,0.0007439986876358,0.0,99.74237442016602,0.0006540621567114,-0.0014260772081403,-0.0026279468267202,1.0,0.0,11.0,4.0,0.0,1.0,1.0
2025-05-23 12:00:00+00:00,99.33999633789062,99.58699798583984,99.22899627685547,99.43800354003906,0,-0.0009654518914087,0.0009654518914087,0.0007075928514349,0.0,99.72241592407228,-0.0009654518914087,-0.0030608692403122,-0.0047987247425683,0.0,1.0,12.0,4.0,0.0,1.0,1.0
2025-05-23 13:00:00+00:00,99.48400115966797,99.50399780273438,99.30799865722656,99.33999633789062,0,0.001449615734709,0.001449615734709,0.0007455527300906,0.0,99.70429102579752,0.001449615734709,0.0004727083618818,-0.0043535019783405,1.0,1.0,13.0,4.0,0.0,1.0,1.0
2025-05-23 14:00:00+00:00,99.26000213623047,99.50900268554688,99.25599670410156,99.48300170898438,0,-0.0022516085081659,0.0022516085081659,0.0008545391893929,0.0,99.6766242980957,-0.0022516085081659,-0.001569146107325,-0.006645064658284,0.0,1.0,14.0,4.0,0.0,1.0,1.0
2025-05-23 15:00:00+00:00,99.23200225830078,99.35700225830078,99.16300201416016,99.26000213623047,0,-0.000282086211234,0.000282086211234,0.0008541094007469,0.0,99.6484162012736,-0.000282086211234,-0.0012580894869899,-0.0067761097287631,0.0,0.0,15.0,4.0,0.0,1.0,1.0
2025-05-23 16:00:00+00:00,99.15599822998047,99.28800201416016,99.14299774169922,99.22799682617188,0,-0.0007659225510987,0.0007659225510987,0.0008194441344307,0.0,99.61320781707764,-0.0007659225510987,-0.0021636489773781,-0.0084499277541705,0.0,0.0,16.0,4.0,0.0,1.0,1.0
2025-05-23 17:00:00+00:00,99.11799621582031,99.197998046875,99.06500244140625,99.15299987792969,0,-0.000383254819058,0.000383254819058,0.0008093093770911,0.0,99.57537428538004,-0.000383254819058,-0.0031980450040377,-0.0090776873200694,0.0,0.0,17.0,4.0,0.0,0.0,1.0
2025-05-23 18:00:00+00:00,99.11199951171875,99.13700103759766,99.0469970703125,99.11900329589844,0,-6.05006591185564e-05,6.05006591185564e-05,0.0008095320825345,0.0,99.54004096984865,-6.05006591185564e-05,-0.0022951161121083,-0.0084833891608712,0.0,0.0,18.0,4.0,0.0,0.0,1.0
2025-05-23 19:00:00+00:00,99.09600067138672,99.1510009765625,99.07099914550781,99.11299896240234,0,-0.0001614218299584,0.0001614218299584,0.0008092975916415,0.0,99.50462436676024,-0.0001614218299584,-0.003900129505834,-0.0085045772856161,0.0,0.0,19.0,4.0,0.0,0.0,1.0
2025-05-23 20:00:00+00:00,99.10199737548828,99.125,99.06900024414062,99.09600067138672,0,6.051408796459157e-05,6.051408796459157e-05,0.0008125342995874,0.0,99.46999931335448,6.051408796459157e-05,-0.0015918270939117,-0.0083155843705705,1.0,0.0,20.0,4.0,0.0,0.0,1.0
2025-05-25 22:00:00+00:00,99.06900024414062,99.16200256347656,99.04000091552734,99.08899688720703,0,-0.0003329613148222,0.0003329613148222,0.0008093690685074,0.0,99.4340410232544,-0.0003329613148222,-0.0016426355454952,-0.0086358620787588,0.0,0.0,22.0,6.0,1.0,0.0,0.0
2025-05-25 23:00:00+00:00,99.0780029296875,99.11000061035156,99.02200317382812,99.06900024414062,0,9.087288177633825e-05,9.087288177633825e-05,0.0008146158529318,0.0,99.39991601308186,9.087288177633825e-05,-0.000786591852084,-0.0081984465811802,1.0,0.0,23.0,6.0,1.0,0.0,0.0
2025-05-26 00:00:00+00:00,98.90299987792969,99.08399963378906,98.89800262451172,99.08399963378906,0,-0.0017663158984139,0.0017663158984139,0.0008578866922516,0.0,99.35799948374432,-0.0017663158984139,-0.002169094877811,-0.0100691302937426,0.0,1.0,0.0,0.0,0.0,0.0,0.0
2025-05-26 01:00:00+00:00,98.74800109863281,98.96499633789062,98.73100280761719,98.90299987792969,0,-0.001567179756814,0.001567179756814,0.0008819722275983,0.0,99.3137912750244,-0.001567179756814,-0.003672596808451,-0.0106302741174721,0.0,1.0,1.0,0.0,0.0,0.0,0.0
2025-05-26 02:00:00+00:00,98.77100372314453,98.78399658203125,98.69400024414062,98.74800109863281,0,0.0002329426849738,0.0002329426849738,0.0008662506918869,0.0,99.27649974822998,0.0002329426849738,-0.00327961719989,-0.0089799594623828,1.0,0.0,2.0,0.0,0.0,0.0,0.0
2025-05-26 03:00:00+00:00,98.7770004272461,98.81800079345703,98.74800109863281,98.7699966430664,0,6.071320403266967e-05,6.071320403266967e-05,0.0008689564428498,0.0,99.23983319600424,6.071320403266967e-05,-0.0032794187488552,-0.0088302605326099,1.0,0.0,3.0,0.0,0.0,0.0,0.0
2025-05-26 04:00:00+00:00,98.7979965209961,98.84600067138672,98.77100372314453,98.77200317382812,0,0.0002125605521445,0.0002125605521445,0.0008747844241977,0.0,99.20424969991048,0.0002125605521445,-0.0027355047742148,-0.0085698621461541,1.0,0.0,4.0,0.0,0.0,0.0,1.0
2025-05-26 05:00:00+00:00,98.74600219726562,98.875,98.73300170898438,98.7979965209961,0,-0.000526269009103,0.000526269009103,0.0008754436678872,0.0,99.16791661580405,-0.000526269009103,-0.003350902547536,-0.0087533784223639,0.0,0.0,5.0,0.0,0.0,0.0,1.0
2025-05-26 06:00:00+00:00,98.81500244140625,98.81800079345703,98.73899841308594,98.74500274658203,0,0.0006987649383798,0.0006987649383798,0.0009019070415157,0.0,99.13612492879231,0.0006987649383798,-0.0008897347566003,-0.0076623397319989,1.0,0.0,6.0,0.0,0.0,0.0,1.0
2025-05-26 07:00:00+00:00,98.9489974975586,98.95099639892578,98.79100036621094,98.81400299072266,0,0.0013560193578074,0.0013560193578074,0.0009443905761659,0.0,99.10712496439616,0.0013560193578074,0.0020354477730137,-0.0069847876858375,1.0,1.0,7.0,0.0,0.0,0.0,1.0
2025-05-26 08:00:00+00:00,98.98999786376953,98.99700164794922,98.90499877929688,98.9489974975586,0,0.0004143585811664,0.0004143585811664,0.0008729176691546,0.0,99.08850002288818,0.0004143585811664,0.0022171905961272,-0.0044952946298151,1.0,0.0,8.0,0.0,0.0,0.0,1.0
2025-05-26 09:00:00+00:00,99.02200317382812,99.04299926757812,98.98300170898438,98.98999786376953,0,0.0003233186256115,0.0003233186256115,0.0008790797418542,0.0,99.07208347320557,0.0003233186256115,0.0024803622859805,-0.0039631165097315,1.0,0.0,9.0,0.0,0.0,1.0,1.0
2025-05-26 10:00:00+00:00,98.99299621582031,99.04000091552734,98.98300170898438,99.02200317382812,0,-0.0002929344698964,0.0002929344698964,0.0008748428311884,0.0,99.05691655476888,-0.0002929344698964,0.0019737211450718,-0.0036636174019638,0.0,0.0,10.0,0.0,0.0,1.0,1.0
2025-05-26 11:00:00+00:00,99.04499816894531,99.06700134277344,98.96900177001953,98.99199676513672,0,0.0005253094169574,0.0005253094169574,0.0008839209039345,0.0,99.04333305358888,0.0005253094169574,0.0030279298910995,-0.0032806756610258,1.0,0.0,11.0,0.0,0.0,1.0,1.0
2025-05-26 12:00:00+00:00,99.06800079345703,99.10700225830078,99.01100158691406,99.04499816894531,0,0.0002322441813011,0.0002322441813011,0.000871625461008,0.0,99.02799987792967,0.0002322441813011,0.0025603232889743,-0.0037008349781616,1.0,0.0,12.0,0.0,0.0,1.0,1.0
2025-05-26 13:00:00+00:00,99.00800323486328,99.08399963378906,99.00299835205078,99.06800079345703,0,-0.0006056199591514,0.0006056199591514,0.0008600809698335,0.0,99.0141668319702,-0.0006056199591514,0.0005963247612099,-0.0033419882752775,0.0,0.0,13.0,0.0,0.0,1.0,1.0
2025-05-26 14:00:00+00:00,98.99199676513672,99.04499816894531,98.98899841308594,99.01100158691406,0,-0.0001616684429903,0.0001616684429903,0.0007907690053884,0.0,98.99366664886476,-0.0001616684429903,2.019296302990803e-05,-0.0049455629930043,0.0,0.0,14.0,0.0,0.0,1.0,1.0
2025-05-26 15:00:00+00:00,99.01200103759766,99.03700256347656,98.98699951171875,98.99199676513672,0,0.0002020796944666,0.0002020796944666,0.0006631502148245,0.0,98.98333326975504,0.0002020796944666,-0.0001010092293619,-0.002498499831709,1.0,0.0,15.0,0.0,0.0,1.0,1.0
2025-05-26 16:00:00+00:00,98.99299621582031,99.0469970703125,98.99199676513672,99.01200103759766,0,-0.0001919446287135,0.0001919446287135,0.0006623526266797,0.0,98.97337468465167,-0.0001919446287135,0.0,-0.002408558096594,0.0,0.0,16.0,0.0,0.0,1.0,1.0
2025-05-26 17:00:00+00:00,99.01499938964844,99.03399658203125,98.98600006103516,98.99199676513672,0,0.0002222700056493,0.0002222700056493,0.0006497687895903,0.0,98.9674997329712,0.0002222700056493,-0.0003028803054315,-0.0014219900242948,1.0,0.0,17.0,0.0,0.0,0.0,1.0
2025-05-26 18:00:00+00:00,99.01200103759766,99.0199966430664,98.99700164794922,99.01699829101562,0,-3.028179638708828e-05,3.028179638708828e-05,0.0006460967145182,0.0,98.96308326721191,-3.028179638708828e-05,-0.0005652658316597,-0.0010693837877014,0.0,0.0,18.0,0.0,0.0,0.0,1.0
2025-05-26 19:00:00+00:00,98.98899841308594,99.01399993896484,98.98699951171875,99.01200103759766,0,-0.0002323215799161,0.0002323215799161,0.0006472340517316,0.0,98.95795822143556,-0.0002323215799161,-0.0001919523791653,-0.0012410313507827,0.0,0.0,19.0,0.0,0.0,0.0,1.0
2025-05-26 20:00:00+00:00,98.98699951171875,99.0,98.97799682617188,98.98799896240234,0,-2.019316690982098e-05,2.019316690982098e-05,0.0006468334756095,0.0,98.9534165064494,-2.019316690982098e-05,-5.0481388205847466e-05,-0.0010999551841595,0.0,0.0,20.0,0.0,0.0,0.0,1.0
2025-05-26 21:00:00+00:00,98.98200225830078,99.01200103759766,98.9800033569336,98.98699951171875,0,-5.0483936705036925e-05,5.0483936705036925e-05,0.0006464380534161,0.0,98.9484167098999,-5.0483936705036925e-05,-0.0003029812445208,-0.0012108244068265,0.0,0.0,21.0,0.0,0.0,0.0,0.0
2025-05-26 22:00:00+00:00,98.93099975585938,98.98699951171875,98.93099975585938,98.98300170898438,0,-0.0005152704661228,0.0005152704661228,0.0006509595646191,0.0,98.94266668955484,-0.0005152704661228,-0.0006262711740311,-0.0013929734623461,0.0,0.0,22.0,0.0,0.0,0.0,0.0
2025-05-26 23:00:00+00:00,98.95500183105469,98.96600341796875,98.94000244140625,98.95500183105469,0,0.000242614299406,0.000242614299406,0.0006532001830081,0.0,98.93754164377847,0.000242614299406,-0.000605944139409,-0.0012414571852048,1.0,0.0,23.0,0.0,0.0,0.0,0.0
2025-05-27 00:00:00+00:00,98.83399963378906,98.95500183105469,98.81600189208984,98.95500183105469,0,-0.0012228002124865,0.0012228002124865,0.0005982772818747,0.0,98.93466663360596,-0.0012228002124865,-0.0017977760467743,-0.0006976557255673,0.0,1.0,0.0,1.0,0.0,0.0,0.0
2025-05-27 01:00:00+00:00,98.87699890136719,98.90599822998047,98.77799987792969,98.83399963378906,0,0.0004350655415894,0.0004350655415894,0.0005071003775937,0.0,98.94004154205322,0.0004350655415894,-0.0011314339321969,0.0013063333059828,1.0,0.0,1.0,1.0,0.0,0.0,0.0
2025-05-27 02:00:00+00:00,98.91000366210938,98.91899871826172,98.81300354003906,98.87699890136719,0,0.0003337961417611,0.0003337961417611,0.0005090573126105,0.0,98.94583320617676,0.0003337961417611,-0.0007778379988198,0.0014072949927133,1.0,0.0,2.0,1.0,0.0,0.0,0.0
2025-05-27 03:00:00+00:00,98.90799713134766,98.9280014038086,98.85700225830078,98.91000366210938,0,-2.0286428949800595e-05,2.0286428949800595e-05,0.0005093119817705,0.0,98.95129140218098,-2.0286428949800595e-05,-0.0007476624564535,0.0013261862937217,0.0,0.0,3.0,1.0,0.0,0.0,0.0
2025-05-27 04:00:00+00:00,99.0530014038086,99.05599975585938,98.875,98.91000366210938,0,0.001466052055107,0.001466052055107,0.0005848104240588,0.0,98.96191660563152,0.001466052055107,0.0012331993839169,0.0025810734204343,1.0,1.0,4.0,1.0,0.0,0.0,1.0
2025-05-27 05:00:00+00:00,99.08999633789062,99.1760025024414,99.04900360107422,99.0530014038086,0,0.0003734862503683,0.0003734862503683,0.0005710894185298,0.0,98.97624969482422,0.0003734862503683,0.0013642009432368,0.0034836259997421,1.0,0.0,5.0,1.0,0.0,0.0,1.0
2025-05-27 06:00:00+00:00,99.19599914550781,99.19599914550781,98.96099853515625,99.08999633789062,0,0.0010697629582681,0.0010697629582681,0.0005913889005864,0.0,98.99212455749512,0.0010697629582681,0.0036627022387039,0.0038556564761254,1.0,1.0,6.0,1.0,0.0,0.0,1.0
2025-05-27 07:00:00+00:00,99.39800262451172,99.41799926757812,99.14600372314453,99.1969985961914,0,0.0020364075239325,0.0020364075239325,0.0006631440440067,0.0,99.01083310445148,0.0020364075239325,0.0052692105235137,0.0045377430626742,1.0,1.0,7.0,1.0,0.0,0.0,1.0
2025-05-27 08:00:00+00:00,99.35600280761719,99.40399932861328,99.28600311279297,99.39900207519531,0,-0.0004225418598519,0.0004225418598519,0.0006727064756475,0.0,99.02608331044516,-0.0004225418598519,0.0045091409260422,0.003697393188667,0.0,0.0,8.0,1.0,0.0,0.0,1.0
2025-05-27 09:00:00+00:00,99.36000061035156,99.39099884033203,99.29299926757812,99.35700225830078,0,4.0237153482447496e-05,4.0237153482447496e-05,0.0006720901107111,0.0,99.04016653696696,4.0237153482447496e-05,0.0045699386512059,0.0034133568872576,1.0,0.0,9.0,1.0,0.0,1.0,1.0
2025-05-27 10:00:00+00:00,99.41799926757812,99.44300079345703,99.35299682617188,99.36100006103516,0,0.0005837223920117,0.0005837223920117,0.000671234511995,0.0,99.05787499745686,0.0005837223920117,0.0036848743460236,0.0042932638469821,1.0,0.0,10.0,1.0,0.0,1.0,1.0
2025-05-27 11:00:00+00:00,99.37300109863281,99.4209976196289,99.3479995727539,99.41899871826172,0,-0.0004526159174075,0.0004526159174075,0.0006789193797052,0.0,99.07154178619383,-0.0004526159174075,0.0028560376546706,0.0033116556691537,0.0,0.0,11.0,1.0,0.0,1.0,1.0
2025-05-27 12:00:00+00:00,99.26799774169922,99.38200378417969,99.26100158691406,99.37200164794922,0,-0.0010566588084561,0.0010566588084561,0.0007208238633914,0.0,99.0798749923706,-0.0010566588084561,0.0007258215735677,0.0020187845383006,0.0,1.0,12.0,1.0,0.0,1.0,1.0
2025-05-27 13:00:00+00:00,99.36000061035156,99.37100219726562,99.20500183105469,99.26599884033203,0,0.0009268129784558,0.0009268129784558,0.0007249150715064,0.0,99.09454154968262,0.0009268129784558,-0.0003823217082511,0.0035552416369137,1.0,1.0,13.0,1.0,0.0,1.0,1.0
2025-05-27 14:00:00+00:00,99.48699951171875,99.52100372314453,99.33899688720703,99.35800170898438,0,0.0012781692893222,0.0012781692893222,0.0007570297111928,0.0,99.11516666412354,0.0012781692893222,0.0013184578726985,0.0050004319819556,1.0,1.0,14.0,1.0,0.0,1.0,1.0
2025-05-27 15:00:00+00:00,99.60399627685547,99.61499786376953,99.47799682617188,99.48699951171875,0,0.0011760005398788,0.0011760005398788,0.0007823704256598,0.0,99.13983313242596,0.0011760005398788,0.0024556729569755,0.0059790250985132,1.0,1.0,15.0,1.0,0.0,1.0,1.0
2025-05-27 16:00:00+00:00,99.55799865722656,99.61399841308594,99.52400207519531,99.60399627685547,0,-0.0004618049611287,0.0004618049611287,0.0007908718309981,0.0,99.16337490081789,-0.0004618049611287,0.0014081895700961,0.0057074991464491,0.0,0.0,16.0,1.0,0.0,1.0,1.0
2025-05-27 17:00:00+00:00,99.55000305175781,99.56800079345703,99.51899719238281,99.55799865722656,0,-8.031103052075217e-05,8.031103052075217e-05,0.0007935318732786,0.0,99.18566672007243,-8.031103052075217e-05,0.0017811875576678,0.0054032587527876,0.0,0.0,17.0,1.0,0.0,0.0,1.0
2025-05-27 18:00:00+00:00,99.52100372314453,99.5780029296875,99.51200103759766,99.55000305175781,0,-0.0002913041458995,0.0002913041458995,0.0007989510134009,0.0,99.20687516530354,-0.0002913041458995,0.0025487164766195,0.0051408180848055,0.0,0.0,18.0,1.0,0.0,0.0,1.0
2025-05-27 19:00:00+00:00,99.59400177001953,99.5979995727539,99.51200103759766,99.52200317382812,0,0.0007334938771124,0.0007334938771124,0.0007998169450481,0.0,99.23208363850912,0.0007334938771124,0.0023550841206776,0.0061118242090791,1.0,0.0,19.0,1.0,0.0,0.0,1.0
2025-05-27 20:00:00+00:00,99.5989990234375,99.61499786376953,99.56999969482422,99.59300231933594,0,5.017624886183292e-05,5.017624886183292e-05,0.0007988956746532,0.0,99.25758361816406,5.017624886183292e-05,0.0011257703244489,0.0061826251400447,1.0,0.0,20.0,1.0,0.0,0.0,1.0
2025-05-27 21:00:00+00:00,99.56600189208984,99.6050033569336,99.56099700927734,99.5979995727539,0,-0.0003312998290263,0.0003312998290263,0.0008056253445493,0.0,99.2819169362386,-0.0003312998290263,-0.0003814544213669,0.0059000588032667,0.0,0.0,21.0,1.0,0.0,0.0,0.0
2025-05-27 22:00:00+00:00,99.55899810791016,99.58000183105469,99.55899810791016,99.56600189208984,0,-7.03431296485979e-05,7.03431296485979e-05,0.0007923689848635,0.0,99.30808353424072,-7.03431296485979e-05,1.0038878815121777e-05,0.0063478419666287,0.0,0.0,22.0,1.0,0.0,0.0,0.0
2025-05-27 23:00:00+00:00,99.52799987792969,99.5459976196289,99.5250015258789,99.5270004272461,0,-0.0003113553829345,0.0003113553829345,0.0008010400816191,0.0,99.33195845286052,-0.0003113553829345,-0.0002210263501115,0.0057904909936061,0.0,0.0,23.0,1.0,0.0,0.0,0.0
2025-05-28 00:00:00+00:00,99.53299713134766,99.53399658203125,99.44100189208984,99.52799987792969,0,5.020952319045868e-05,5.020952319045868e-05,0.0007397030438808,0.0,99.36108334859212,5.020952319045868e-05,0.0001205113267999,0.007072439647779,1.0,0.0,0.0,2.0,0.0,0.0,0.0
2025-05-28 01:00:00+00:00,99.68099975585938,99.70500183105469,99.51699829101562,99.53199768066406,0,0.0014869704397266,0.0014869704397266,0.0007785707994301,0.0,99.39458338419595,0.0014869704397266,0.0008735263599581,0.0081313233959923,1.0,1.0,1.0,2.0,0.0,0.0,0.0
2025-05-28 02:00:00+00:00,99.78800201416016,99.81400299072266,99.61699676513672,99.68099975585938,0,0.0010734468811794,0.0010734468811794,0.0007929131367099,0.0,99.43116664886476,0.0010734468811794,0.0018976394599927,0.0088767396577007,1.0,1.0,2.0,2.0,0.0,0.0,0.0
2025-05-28 03:00:00+00:00,99.73100280761719,99.83000183105469,99.70800018310547,99.78800201416016,0,-0.0005712030042938,0.0005712030042938,0.0008123960968295,0.0,99.46545855204263,-0.0005712030042938,0.0016572013778977,0.008320921463778,0.0,0.0,3.0,2.0,0.0,0.0,0.0
2025-05-28 04:00:00+00:00,99.77899932861328,99.802001953125,99.72200012207031,99.74500274658203,0,0.0004812597852714,0.0004812597852714,0.0007774647619943,0.0,99.49570846557616,0.0004812597852714,0.0022097572784398,0.0073293884538139,1.0,0.0,4.0,2.0,0.0,0.0,1.0
2025-05-28 05:00:00+00:00,99.70500183105469,99.87300109863281,99.70500183105469,99.77899932861328,0,-0.0007416139473888,0.0007416139473888,0.0008059674439519,0.0,99.521333694458,-0.0007416139473888,0.0017784136458292,0.0062065346240092,0.0,0.0,5.0,2.0,0.0,0.0,1.0
2025-05-28 06:00:00+00:00,99.78199768066406,99.78600311279297,99.69400024414062,99.70500183105469,0,0.0007722365798643,0.0007722365798643,0.0007951565997043,0.0,99.54575030008952,0.0007722365798643,0.0025016884499902,0.0059074815537334,1.0,0.0,6.0,2.0,0.0,0.0,1.0
2025-05-28 07:00:00+00:00,99.59500122070312,99.7979965209961,99.5479965209961,99.78299713134766,0,-0.0018740500722324,0.0018740500722324,0.0008127322901674,0.0,99.55395857493085,-0.0018740500722324,-0.0008627374862498,0.0019819170505426,0.0,1.0,7.0,2.0,0.0,0.0,1.0
2025-05-28 08:00:00+00:00,99.54499816894531,99.64399719238281,99.53299713134766,99.59500122070312,0,-0.0005020638701234,0.0005020638701234,0.000815040985129,0.0,99.56183338165285,-0.0005020638701234,-0.0024352010292816,0.0019022037520377,0.0,0.0,8.0,2.0,0.0,0.0,1.0
2025-05-28 09:00:00+00:00,99.55799865722656,99.5790023803711,99.49700164794922,99.54499816894531,0,0.0001305991111595,0.0001305991111595,0.0008150604154384,0.0,99.57008330027264,0.0001305991111595,-0.001734707819236,0.0019927339538923,1.0,0.0,9.0,2.0,0.0,1.0,1.0
2025-05-28 10:00:00+00:00,99.61599731445312,99.62899780273438,99.48500061035156,99.55799865722656,0,0.0005825615019265,0.0005825615019265,0.0008150294582349,0.0,99.5783332188924,0.0005825615019265,-0.0016336304759213,0.0019915714290537,1.0,0.0,10.0,2.0,0.0,1.0,1.0
2025-05-28 11:00:00+00:00,99.68699645996094,99.69599914550781,99.59400177001953,99.61599731445312,0,0.000712728351087,0.000712728351087,0.0008164305237401,0.0,99.59141635894775,0.000712728351087,-0.0001805864376218,0.003159765307042,1.0,0.0,11.0,2.0,0.0,1.0,1.0
2025-05-28 12:00:00+00:00,99.75199890136719,99.7699966430664,99.65699768066406,99.68699645996094,0,0.0006520654018535,0.0006520654018535,0.0007820684867639,0.0,99.61158307393391,0.0006520654018535,-0.0003006432021223,0.0048757018442879,1.0,0.0,12.0,2.0,0.0,1.0,1.0
2025-05-28 13:00:00+00:00,99.80999755859375,99.88700103759766,99.73999786376953,99.75199890136719,0,0.0005814285213863,0.0005814285213863,0.00077127309733,0.0,99.63033294677734,0.0005814285213863,0.0021587061123096,0.0045289547652771,1.0,0.0,13.0,2.0,0.0,1.0,1.0
2025-05-28 14:00:00+00:00,99.81099700927734,99.81800079345703,99.64800262451172,99.80899810791016,0,1.0013532792729762e-05,1.0013532792729762e-05,0.0007360148429068,0.0,99.64383284250896,1.0013532792729762e-05,0.002672146719824,0.0032566817689625,1.0,0.0,14.0,2.0,0.0,1.0,1.0
2025-05-28 15:00:00+00:00,99.94999694824219,99.95700073242188,99.77400207519531,99.81099700927734,0,0.0013926315048422,0.0013926315048422,0.0007505125192544,0.0,99.65824953715008,0.0013926315048422,0.0039373862100748,0.0034737629444605,1.0,1.0,15.0,2.0,0.0,1.0,1.0
2025-05-28 16:00:00+00:00,99.87000274658203,99.94999694824219,99.85700225830078,99.9489974975586,0,-0.000800342212132,0.000800342212132,0.000765441512994,0.0,99.67124970753989,-0.000800342212132,0.0025498457976291,0.0031338927415534,0.0,1.0,16.0,2.0,0.0,1.0,1.0
2025-05-28 17:00:00+00:00,99.87799835205078,99.89299774169922,99.82099914550781,99.87000274658203,0,8.006013065853246e-05,8.006013065853246e-05,0.0007642186976659,0.0,99.68491617838542,8.006013065853246e-05,0.0019160161191791,0.0032947794097246,1.0,0.0,17.0,2.0,0.0,0.0,1.0
2025-05-28 18:00:00+00:00,99.875,99.94599914550781,99.84200286865234,99.87799835205078,0,-3.0020145580178514e-05,3.0020145580178514e-05,0.0007596944722097,0.0,99.6996660232544,-3.0020145580178514e-05,0.0012330690110222,0.0035570006693284,0.0,0.0,18.0,2.0,0.0,0.0,1.0
2025-05-28 19:00:00+00:00,99.90899658203125,99.9219970703125,99.86000061035156,99.8759994506836,0,0.0003403913094492,0.0003403913094492,0.0007507120275292,0.0,99.7127908070882,0.0003403913094492,0.00099187482075,0.0031627889874241,1.0,0.0,19.0,2.0,0.0,0.0,1.0
2025-05-28 20:00:00+00:00,99.89199829101562,99.91100311279297,99.86499786376953,99.91000366210938,0,-0.0001701377413161,0.0001701377413161,0.0007530974236557,0.0,99.72499910990398,-0.0001701377413161,0.0008115466648503,0.0029417892795204,0.0,0.0,20.0,2.0,0.0,0.0,1.0
2025-05-28 21:00:00+00:00,99.86799621582031,99.89099884033203,99.86199951171875,99.89099884033203,0,-0.0002402802587389,0.0002402802587389,0.000750937969019,0.0,99.73758220672607,-0.0002402802587389,-0.0008204175580349,0.0030331068637039,0.0,0.0,21.0,2.0,0.0,0.0,0.0
2025-05-28 22:00:00+00:00,99.875,99.87899780273438,99.86699676513672,99.86799621582031,0,7.013041660064445e-05,7.013041660064445e-05,0.0007498839831086,0.0,99.7507489522298,7.013041660064445e-05,5.003758166144401e-05,0.0031740163932478,1.0,0.0,22.0,2.0,0.0,0.0,0.0
2025-05-28 23:00:00+00:00,100.39700317382812,100.54000091552734,100.2760009765625,100.53700256347656,0,0.0052265649444618,0.0052265649444618,0.0012753538469044,0.0,99.78695742289226,0.0052265649444618,0.0051963878966412,0.0087312444434155,1.0,1.0,23.0,2.0,0.0,0.0,0.0
2025-05-29 00:00:00+00:00,100.39600372314453,100.44300079345703,100.25599670410156,100.39600372314453,0,-9.954985228599613e-06,9.954985228599613e-06,0.0012760544773509,0.0,99.8229160308838,-9.954985228599613e-06,0.0052165579288563,0.0086705576710206,0.0,0.0,0.0,3.0,0.0,0.0,0.0
2025-05-29 01:00:00+00:00,100.25,100.48100280761719,100.24600219726562,100.39600372314453,0,-0.0014542782354879,0.0014542782354879,0.0013041009339069,0.0,99.84662437438963,-0.0014542782354879,0.0034131402539787,0.0057082116505073,0.0,1.0,1.0,3.0,0.0,0.0,0.0
2025-05-29 02:00:00+00:00,100.29900360107422,100.33399963378906,100.2030029296875,100.25,0,0.0004888139758025,0.0004888139758025,0.0012932319772577,0.0,99.86791610717772,0.0004888139758025,0.0040744535800842,0.0051208720146691,1.0,0.0,2.0,3.0,0.0,0.0,0.0
2025-05-29 03:00:00+00:00,100.27799987792969,100.32099914550781,100.22100067138672,100.2979965209961,0,-0.0002094110847608,0.0002094110847608,0.0012857726508718,0.0,99.8907076517741,-0.0002094110847608,0.0041054559783428,0.0054847244579268,0.0,0.0,3.0,3.0,0.0,0.0,0.0
2025-05-29 04:00:00+00:00,100.26499938964844,100.31400299072266,100.22200012207031,100.2750015258789,0,-0.0001296444713404,0.0001296444713404,0.0012866025598497,0.0,99.91095765431722,-0.0001296444713404,0.0039048749902221,0.0048707650337778,0.0,0.0,4.0,3.0,0.0,0.0,1.0
2025-05-29 05:00:00+00:00,100.31900024414062,100.41000366210938,100.24800109863281,100.26499938964844,0,0.0005385813077436,0.0005385813077436,0.001272182435046,0.0,99.93654092152912,0.0005385813077436,-0.0007769448013547,0.0061581505622589,1.0,0.0,5.0,3.0,0.0,0.0,1.0
2025-05-29 06:00:00+00:00,100.09600067138672,100.33899688720703,100.0780029296875,100.31900024414062,0,-0.0022229046562586,0.0022229046562586,0.0013630630333732,0.0,99.9496243794759,-0.0022229046562586,-0.0029881971456265,0.0031468902008513,0.0,1.0,6.0,3.0,0.0,0.0,1.0
2025-05-29 07:00:00+00:00,100.00299835205078,100.0989990234375,99.98300170898438,100.09600067138672,0,-0.000929131221149,0.000929131221149,0.0013154194981298,0.0,99.96662425994872,-0.000929131221149,-0.0024638568373986,0.0040965623409505,0.0,0.0,7.0,3.0,0.0,0.0,1.0
2025-05-29 08:00:00+00:00,100.0510025024414,100.11199951171875,99.97799682617188,100.00700378417969,0,0.0004800271110034,0.0004800271110034,0.0013088243889716,0.0,99.9877077738444,0.0004800271110034,-0.0024726177701546,0.0050831718599995,1.0,0.0,8.0,3.0,0.0,0.0,1.0
2025-05-29 09:00:00+00:00,99.99600219726562,100.0530014038086,99.93499755859375,100.0510025024414,0,-0.0005497226794347,0.0005497226794347,0.0013180014709869,0.0,100.00595792134602,-0.0005497226794347,-0.0028121590080311,0.0043994811662204,0.0,0.0,9.0,3.0,0.0,1.0,1.0
2025-05-29 10:00:00+00:00,99.91899871826172,100.00399780273438,99.8759994506836,99.99600219726562,0,-0.0007700655757416,0.0007700655757416,0.0013290801098926,0.0,100.01858297983806,-0.0007700655757416,-0.00345086195076,0.0030416942255984,0.0,0.0,10.0,3.0,0.0,1.0,1.0
2025-05-29 11:00:00+00:00,100.03199768066406,100.0479965209961,99.88500213623047,99.91899871826172,0,0.0011309056721131,0.0011309056721131,0.001339785358774,0.0,100.03295803070068,0.0011309056721131,-0.0028608993588263,0.0034608447736881,1.0,0.0,11.0,3.0,0.0,1.0,1.0
2025-05-29 12:00:00+00:00,99.46399688720703,100.02899932861328,99.45800018310547,100.02899932861328,0,-0.0056781910451322,0.0056781910451322,0.0017847917784661,0.0,100.02095794677734,-0.0056781910451322,-0.0063139763820788,-0.0028871803806651,0.0,1.0,12.0,3.0,0.0,1.0,1.0
2025-05-29 13:00:00+00:00,99.47000122070312,99.53299713134766,99.38999938964844,99.46299743652344,0,6.036690344246587e-05,6.036690344246587e-05,0.0017790618211139,0.0,100.00679143269856,6.036690344246587e-05,-0.0053298115069639,-0.0034064356898819,1.0,0.0,13.0,3.0,0.0,1.0,1.0
2025-05-29 14:00:00+00:00,99.47699737548828,99.53800201416016,99.33899688720703,99.46900177001953,0,7.033431888303632e-05,7.033431888303632e-05,0.001779326514246,0.0,99.9928747812907,7.033431888303632e-05,-0.0057371251921151,-0.0033463209846307,1.0,0.0,14.0,3.0,0.0,1.0,1.0
2025-05-29 15:00:00+00:00,99.33799743652344,99.48400115966797,99.32599639892578,99.47699737548828,0,-0.0013973073437286,0.0013973073437286,0.0017660568027044,0.0,99.96737480163574,-0.0013973073437286,-0.0065803106752619,-0.0061230568324646,0.0,0.0,15.0,3.0,0.0,1.0,1.0
2025-05-29 16:00:00+00:00,99.32099914550781,99.35099792480469,99.26000213623047,99.33599853515625,0,-0.0001711157004798,0.0001711157004798,0.0017622659425156,0.0,99.944499651591,-0.0001711157004798,-0.0059848435275063,-0.0054971821966132,0.0,0.0,16.0,3.0,0.0,1.0,1.0
2025-05-29 17:00:00+00:00,99.2760009765625,99.39399719238281,99.21900177001953,99.32099914550781,0,-0.0004530579568514,0.0004530579568514,0.0017615716714276,0.0,99.9194164276123,-0.0004530579568514,-0.0075575488006843,-0.006027327193386,0.0,0.0,17.0,3.0,0.0,0.0,1.0
2025-05-29 18:00:00+00:00,99.27799987792969,99.28299713134766,99.21700286865234,99.2760009765625,0,2.0134789350034765e-05,2.0134789350034765e-05,0.0017618741781447,0.0,99.89454142252605,2.0134789350034765e-05,-0.0018699933151516,-0.0059774730620306,1.0,0.0,18.0,3.0,0.0,0.0,1.0
2025-05-29 19:00:00+00:00,99.34300231933594,99.3479995727539,99.26599884033203,99.27799987792969,0,0.0006547517222967,0.0006547517222967,0.0017676001307616,0.0,99.87095832824708,0.0006547517222967,-0.0012767558038468,-0.0056650980598188,1.0,0.0,19.0,3.0,0.0,0.0,1.0
2025-05-29 20:00:00+00:00,99.35299682617188,99.38999938964844,99.33200073242188,99.34400177001953,0,0.0001006060477597,0.0001006060477597,0.001768896840708,0.0,99.8484999338786,0.0001006060477597,-0.0012465248508491,-0.0053958422502818,1.0,0.0,20.0,3.0,0.0,0.0,1.0
2025-05-29 21:00:00+00:00,99.33300018310547,99.35299682617188,99.31800079345703,99.35299682617188,0,-0.0002012686451863,0.0002012686451863,0.0017688990683152,0.0,99.82620843251546,-0.0002012686451863,-5.030555826501804e-05,-0.0053570318118597,0.0,0.0,21.0,3.0,0.0,0.0,0.0
2025-05-29 22:00:00+00:00,99.33300018310547,99.33399963378906,99.3239974975586,99.33300018310547,0,0.0,0.0,0.0017684528851107,0.0,99.80362510681152,0.0,0.0001208308182649,-0.0054267816460028,0.0,0.0,22.0,3.0,0.0,0.0,0.0
2025-05-29 23:00:00+00:00,99.2509994506836,99.25299835205078,99.23500061035156,99.24600219726562,0,-0.000825513497737,0.000825513497737,0.001335846708984,0.0,99.7558749516805,-0.000825513497737,-0.0002518385675588,-0.0114147204290583,0.0,0.0,23.0,3.0,0.0,0.0,0.0
2025-05-30 00:00:00+00:00,99.27799987792969,99.35299682617188,99.18299865722656,99.2509994506836,0,0.0002720418675432,0.0002720418675432,0.0013413656197786,0.0,99.70929145812988,0.0002720418675432,0.0,-0.0111359397162649,1.0,0.0,0.0,4.0,0.0,0.0,0.0
2025-05-30 01:00:00+00:00,99.41200256347656,99.427001953125,99.12899780273438,99.2770004272461,0,0.0013497722124906,0.0013497722124906,0.0013732482971533,0.0,99.67437489827472,0.0013497722124906,0.0006945657220911,-0.0083590766735505,1.0,0.0,1.0,4.0,0.0,0.0,0.0
2025-05-30 02:00:00+00:00,99.45800018310547,99.46399688720703,99.38300323486328,99.41300201416016,0,0.0004626968418579,0.0004626968418579,0.0013725658666416,0.0,99.6393330891927,0.0004626968418579,0.0010568715618846,-0.0083849628388505,1.0,0.0,2.0,4.0,0.0,0.0,0.0
2025-05-30 03:00:00+00:00,99.45500183105469,99.47599792480469,99.4010009765625,99.45800018310547,0,-3.014691674130265e-05,3.014691674130265e-05,0.0013738506818753,0.0,99.60504150390624,-3.014691674130265e-05,0.0012282086287973,-0.0082071645612881,0.0,0.0,3.0,4.0,0.0,0.0,0.0
2025-05-30 04:00:00+00:00,99.45600128173828,99.45899963378906,99.40299987792969,99.447998046875,0,1.0049275201762242e-05,1.0049275201762242e-05,0.0013750866598777,0.0,99.57133324941,1.0049275201762242e-05,0.0012382702466056,-0.0080685993400971,1.0,0.0,4.0,4.0,0.0,0.0,1.0
2025-05-30 05:00:00+00:00,99.41600036621094,99.48999786376953,99.38500213623047,99.45600128173828,0,-0.0004021971023551,0.0004021971023551,0.0013624044990634,0.0,99.53370825449626,-0.0004021971023551,0.0016624609972752,-0.009001284659258,0.0,0.0,5.0,4.0,0.0,0.0,1.0
2025-05-30 06:00:00+00:00,99.45899963378906,99.552001953125,99.40699768066406,99.41600036621094,0,0.0004325185827203,0.0004325185827203,0.0013127978787767,0.0,99.50716654459636,0.0004325185827203,0.001823160781663,-0.0063639009883014,1.0,0.0,6.0,4.0,0.0,0.0,1.0
2025-05-30 07:00:00+00:00,99.52200317382812,99.61699676513672,99.4530029296875,99.45899963378906,0,0.000633462434481,0.000633462434481,0.0013171768987044,0.0,99.48712507883708,0.000633462434481,0.0011065123678735,-0.0048098075672626,1.0,0.0,7.0,4.0,0.0,0.0,1.0
2025-05-30 08:00:00+00:00,99.61100006103516,99.61399841308594,99.4749984741211,99.52300262451172,0,0.0008942433267906,0.0008942433267906,0.0013291347125323,0.0,99.46879164377847,0.0008942433267906,0.0015383365606387,-0.0043977814354785,1.0,0.0,8.0,4.0,0.0,0.0,1.0
2025-05-30 09:00:00+00:00,99.59600067138672,99.63200378417969,99.55400085449219,99.61000061035156,0,-0.0001505796512357,0.0001505796512357,0.0013268388413516,0.0,99.45212491353352,-0.0001505796512357,0.0014177149236953,-0.0040001751779017,0.0,0.0,9.0,4.0,0.0,1.0,1.0
2025-05-30 10:00:00+00:00,99.572998046875,99.5979995727539,99.50900268554688,99.59700012207031,0,-0.0002309593192162,0.0002309593192162,0.0013207195788887,0.0,99.4377082188924,-0.0002309593192162,0.0011763670731672,-0.0034628116356762,0.0,0.0,10.0,4.0,0.0,1.0,1.0
2025-05-30 11:00:00+00:00,99.49600219726562,99.60299682617188,99.49099731445312,99.572998046875,0,-0.0007732603328176,0.0007732603328176,0.001297817722821,0.0,99.4153750737508,-0.0007732603328176,0.0008047178599017,-0.0053582403213571,0.0,0.0,11.0,4.0,0.0,1.0,1.0
2025-05-30 12:00:00+00:00,99.40699768066406,99.51100158691406,99.32099914550781,99.49600219726562,0,-0.0008945536969927,0.0008945536969927,0.000607141023789,0.0,99.41300010681152,-0.0008945536969927,-0.0005228481416108,-0.0005730637047253,0.0,1.0,12.0,4.0,0.0,1.0,1.0
2025-05-30 13:00:00+00:00,99.64299774169922,99.66799926757812,99.40299987792969,99.40499877929688,0,0.0023740789536093,0.0023740789536093,0.0007801205092673,0.0,99.42020829518636,0.0023740789536093,0.0012157569583859,0.0017391828578774,1.0,1.0,13.0,4.0,0.0,1.0,1.0
2025-05-30 14:00:00+00:00,99.43099975585938,99.66300201416016,99.4020004272461,99.64299774169922,0,-0.0021275753504466,0.0021275753504466,0.0009001795430498,0.0,99.41829172770184,-0.0021275753504466,-0.0018070324067169,-0.000462394531826,0.0,1.0,14.0,4.0,0.0,1.0,1.0
2025-05-30 15:00:00+00:00,99.46099853515625,99.4739990234375,99.37000274658203,99.42900085449219,0,0.0003017044922664,0.0003017044922664,0.000852614342696,0.0,99.4234167734782,0.0003017044922664,-0.00135549756336,0.0012382079547295,1.0,0.0,15.0,4.0,0.0,1.0,1.0
2025-05-30 16:00:00+00:00,99.41799926757812,99.4729995727539,99.39700317382812,99.45999908447266,0,-0.0004323229025589,0.0004323229025589,0.0008572396547615,0.0,99.42745844523112,-0.0004323229025589,-0.0015566346533415,0.0009766325641589,0.0,0.0,16.0,4.0,0.0,1.0,1.0
2025-05-30 17:00:00+00:00,99.35700225830078,99.41799926757812,99.28500366210938,99.41799926757812,0,-0.0006135409053361,0.0006135409053361,0.0008618746445759,0.0,99.43083349863689,-0.0006135409053361,-0.0013970404427833,0.0008159200707269,0.0,0.0,17.0,4.0,0.0,0.0,1.0
2025-05-30 18:00:00+00:00,99.3290023803711,99.36100006103516,99.29000091552734,99.35600280761719,0,-0.0002818108164827,0.0002818108164827,0.000864291418089,0.0,99.43295860290527,-0.0002818108164827,-0.0007846057331247,0.0005137341858632,0.0,0.0,18.0,4.0,0.0,0.0,1.0
2025-05-30 19:00:00+00:00,99.3499984741211,99.40799713134766,99.31600189208984,99.33000183105469,0,0.0002113792874873,0.0002113792874873,0.0008548601876074,0.0,99.43325010935466,0.0002113792874873,-0.0029404902925307,7.042423343173176e-05,1.0,0.0,19.0,4.0,0.0,0.0,1.0
2025-05-30 20:00:00+00:00,99.44100189208984,99.44999694824219,99.3479995727539,99.3489990234375,0,0.0009159881164211,0.0009159881164211,0.0008748647423061,0.0,99.43691698710124,0.0009159881164211,0.0001005937409361,0.0008857816948586,1.0,1.0,20.0,4.0,0.0,0.0,1.0
2025-06-01 22:00:00+00:00,99.36199951171875,99.41999816894531,99.35099792480469,99.40799713134766,0,-0.0007944648471746,0.0007944648471746,0.000890142592347,0.0,99.43812529246011,-0.0007944648471746,-0.0009953552135564,0.0002919405289261,0.0,0.0,22.0,6.0,1.0,0.0,0.0
2025-06-01 23:00:00+00:00,99.36399841308594,99.38099670410156,99.31400299072266,99.36199951171875,0,2.011736254314833e-05,2.011736254314833e-05,0.0008901397402851,0.0,99.43941688537598,2.011736254314833e-05,-0.0005431697971194,0.0003120637645428,1.0,0.0,23.0,6.0,1.0,0.0,0.0
2025-06-02 00:00:00+00:00,99.2239990234375,99.37000274658203,99.19000244140625,99.36900329589844,0,-0.0014089548718281,0.0014089548718281,0.0009214622705893,0.0,99.43829186757404,-0.0014089548718281,-0.0013386397721371,-0.0002720418675432,0.0,1.0,0.0,0.0,0.0,0.0,0.0
2025-06-02 01:00:00+00:00,99.20700073242188,99.23200225830078,99.11199951171875,99.2239990234375,0,-0.0001713122952402,0.0001713122952402,0.0009199856325749,0.0,99.43533356984456,-0.0001713122952402,-0.0012282580618501,-0.0007151548741424,0.0,0.0,1.0,0.0,0.0,0.0,0.0
2025-06-02 02:00:00+00:00,99.24700164794922,99.26899719238281,99.18399810791016,99.20700073242188,0,0.0004032065805037,0.0004032065805037,0.0008776026211,0.0,99.4284585316976,0.0004032065805037,-0.001036706872207,-0.0016597685518102,1.0,0.0,2.0,0.0,0.0,0.0,0.0
2025-06-02 03:00:00+00:00,99.28099822998047,99.33799743652344,99.23999786376953,99.24800109863281,0,0.0003425451798719,0.0003425451798719,0.0008747767513666,0.0,99.42108345031738,0.0003425451798719,-0.001609031074355,-0.0017796653139932,1.0,0.0,3.0,0.0,0.0,0.0,0.0
2025-06-02 04:00:00+00:00,99.24600219726562,99.29499816894531,99.24299621582031,99.27899932861328,0,-0.0003524947707896,0.0003524947707896,0.0008765494163401,0.0,99.41237513224284,-0.0003524947707896,-0.0011674212981135,-0.0021014491975385,0.0,0.0,4.0,0.0,0.0,0.0,1.0
2025-06-02 05:00:00+00:00,99.13999938964844,99.26000213623047,99.13099670410156,99.25,0,-0.0010680813863563,0.0010680813863563,0.000898691306914,0.0,99.39920838673908,-0.0010680813863563,-0.0022543277949249,-0.003177303410728,0.0,1.0,5.0,0.0,0.0,0.0,1.0
2025-06-02 06:00:00+00:00,98.96399688720703,99.1500015258789,98.9260025024414,99.13899993896484,0,-0.0017752925511898,0.0017752925511898,0.0009583534093507,0.0,99.38037490844728,-0.0017752925511898,-0.0026203553453741,-0.0045465868405376,0.0,1.0,6.0,0.0,0.0,0.0,1.0
2025-06-02 07:00:00+00:00,98.76499938964844,98.98200225830078,98.67900085449219,98.96399688720703,0,-0.0020108069986846,0.0020108069986846,0.0010173724285905,0.0,99.35145823160808,-0.0020108069986846,-0.0044553442752048,-0.0069777521058521,0.0,1.0,7.0,0.0,0.0,0.0,1.0
2025-06-02 08:00:00+00:00,98.80699920654297,98.84400177001953,98.73699951171875,98.76699829101562,0,0.0004252500091539,0.0004252500091539,0.0010100055612671,0.0,99.32166639963786,0.0004252500091539,-0.0044334079025081,-0.0071843807849838,1.0,0.0,8.0,0.0,0.0,0.0,1.0
2025-06-02 09:00:00+00:00,98.78800201416016,98.80999755859375,98.68199920654297,98.80599975585938,0,-0.0001922656546131,0.0001922656546131,0.0009779967760622,0.0,99.2873748143514,-0.0001922656546131,-0.0049656653801798,-0.0082621201109387,0.0,0.0,9.0,0.0,0.0,1.0,1.0
2025-06-02 10:00:00+00:00,98.83999633789062,98.84600067138672,98.74600219726562,98.78800201416016,0,0.0005263222524027,0.0005263222524027,0.000993490216636,0.0,99.25587463378906,0.0005263222524027,-0.0040909039194143,-0.0075907097513935,1.0,0.0,10.0,0.0,0.0,1.0,1.0
2025-06-02 11:00:00+00:00,98.83399963378906,98.87000274658203,98.7490005493164,98.83899688720703,0,-6.067082480520902e-05,6.067082480520902e-05,0.0009947384476985,0.0,99.22508303324382,-6.067082480520902e-05,-0.0030865418372326,-0.0074216748273266,0.0,0.0,11.0,0.0,0.0,1.0,1.0
2025-06-02 12:00:00+00:00,98.80899810791016,98.85199737548828,98.72799682617188,98.83399963378906,0,-0.0002529648296288,0.0002529648296288,0.0009898579316342,0.0,99.196457862854,-0.0002529648296288,-0.0015662138168645,-0.0069048411411886,0.0,0.0,12.0,0.0,0.0,1.0,1.0
2025-06-02 13:00:00+00:00,98.78600311279297,98.93499755859375,98.78399658203125,98.80999755859375,0,-0.0002327216706728,0.0002327216706728,0.0009814137405178,0.0,99.1705830891927,-0.0002327216706728,0.0002126636285559,-0.0062469904771289,0.0,0.0,13.0,0.0,0.0,1.0,1.0
2025-06-02 14:00:00+00:00,98.70700073242188,98.81800079345703,98.61199951171875,98.78700256347656,0,-0.0007997325317523,0.0007997325317523,0.0008097858053444,0.0,99.13158321380617,-0.0007997325317523,-0.0010120586084398,-0.0093935051181789,0.0,0.0,14.0,0.0,0.0,1.0,1.0
2025-06-02 15:00:00+00:00,98.74800109863281,98.79100036621094,98.68399810791016,98.70700073242188,0,0.0004153744507149,0.0004153744507149,0.0007359363942142,0.0,99.10312493642172,0.0004153744507149,-0.0004049167379821,-0.0068690716064766,1.0,0.0,15.0,0.0,0.0,1.0,1.0
2025-06-02 16:00:00+00:00,98.85700225830078,98.90299987792969,98.74299621582031,98.74800109863281,0,0.001103831555629,0.001103831555629,0.0007806831365757,0.0,99.07795842488606,0.001103831555629,0.0001720550489705,-0.0060726946818453,1.0,1.0,16.0,0.0,0.0,1.0,1.0
2025-06-02 17:00:00+00:00,98.83999633789062,98.88500213623047,98.81400299072266,98.85700225830078,0,-0.000172025451123,0.000172025451123,0.0007798981682625,0.0,99.05387496948242,-0.000172025451123,6.067450597746493e-05,-0.0058138660398087,0.0,0.0,17.0,0.0,0.0,0.0,1.0
2025-06-02 18:00:00+00:00,98.70600128173828,98.87300109863281,98.70099639892578,98.84300231933594,0,-0.0013556764580835,0.0013556764580835,0.0008093984652546,0.0,99.02674992879231,-0.0013556764580835,-0.0010423830637306,-0.0065521398770674,0.0,1.0,18.0,0.0,0.0,0.0,1.0
2025-06-02 19:00:00+00:00,98.66100311279297,98.75800323486328,98.66000366210938,98.70600128173828,0,-0.0004558807809149,0.0004558807809149,0.0008102551398616,0.0,98.99891662597656,-0.0004558807809149,-0.0012653614485979,-0.0067251180578667,0.0,0.0,19.0,0.0,0.0,0.0,1.0
2025-06-02 20:00:00+00:00,98.68599700927734,98.70099639892578,98.65499877929688,98.66200256347656,0,0.0002533310598493,0.0002533310598493,0.0008114075444571,0.0,98.97124989827472,0.0002533310598493,-0.0002127885863077,-0.0066834572223642,1.0,0.0,20.0,0.0,0.0,0.0,1.0
2025-06-02 21:00:00+00:00,98.6989974975586,98.71600341796875,98.68599700927734,98.68699645996094,0,0.0001317358964314,0.0001317358964314,0.000776216597889,0.0,98.9403330485026,0.0001317358964314,-0.0004962490433124,-0.0074617550146613,1.0,0.0,21.0,0.0,0.0,0.0,0.0
2025-06-02 22:00:00+00:00,98.70899963378906,98.71399688720703,98.69400024414062,98.6989974975586,0,0.0001013397955811,0.0001013397955811,0.0007735279632454,0.0,98.91312472025554,0.0001013397955811,-0.0014971385044126,-0.0065719277101773,1.0,0.0,22.0,0.0,0.0,0.0,0.0
2025-06-02 23:00:00+00:00,98.58799743652344,98.60299682617188,98.58300018310547,98.58499908447266,0,-0.0012258476705725,0.0012258476705725,0.0007944303625781,0.0,98.8807913462321,-0.0012258476705725,-0.0025495640500199,-0.0078096794508654,0.0,1.0,23.0,0.0,0.0,0.0,0.0
2025-06-03 00:00:00+00:00,98.68900299072266,98.72100067138672,98.58399963378906,98.58799743652344,0,0.0010245218163016,0.0010245218163016,0.000805462514774,0.0,98.85849984486896,0.0010245218163016,-0.0001722113224615,-0.005391800753651,1.0,1.0,0.0,1.0,0.0,0.0,0.0
2025-06-03 01:00:00+00:00,98.8290023803711,98.83699798583984,98.68699645996094,98.68699645996094,0,0.0014185915898006,0.0014185915898006,0.0008726439039005,0.0,98.84274991353352,0.0014185915898006,0.0017027930213324,-0.0038101983656406,1.0,1.0,1.0,1.0,0.0,0.0,0.0
2025-06-03 02:00:00+00:00,98.85299682617188,98.89800262451172,98.80799865722656,98.8290023803711,0,0.0002427874937807,0.0002427874937807,0.0008687586332377,0.0,98.82633304595949,0.0002427874937807,0.0016922341766363,-0.0039699418142118,1.0,0.0,2.0,1.0,0.0,0.0,0.0
2025-06-03 03:00:00+00:00,98.90399932861328,98.92900085449219,98.83699798583984,98.85299682617188,0,0.00051594290592,0.00051594290592,0.0008738722395205,0.0,98.81062475840253,0.00051594290592,0.00207704066153,-0.0037972916075429,1.0,0.0,3.0,1.0,0.0,0.0,0.0
2025-06-03 04:00:00+00:00,98.83899688720703,98.91799926757812,98.83799743652344,98.89800262451172,0,-0.0006572276333364,0.0006572276333364,0.000879017620625,0.0,98.79366620381673,-0.0006572276333364,0.001316974682149,-0.0041009743571294,0.0,0.0,4.0,1.0,0.0,0.0,1.0
2025-06-03 05:00:00+00:00,98.85700225830078,98.93900299072266,98.8290023803711,98.83899688720703,0,0.0001821686951588,0.0001821686951588,0.0008603815856848,0.0,98.78187465667725,0.0001821686951588,0.0027285757777009,-0.0028545202046592,1.0,0.0,5.0,1.0,0.0,0.0,1.0
2025-06-03 06:00:00+00:00,98.80500030517578,98.90899658203125,98.78199768066406,98.85700225830078,0,-0.0005260320658836,0.0005260320658836,0.0007907786032714,0.0,98.7752497990926,-0.0005260320658836,0.0011753823722793,-0.0016066103535861,0.0,0.0,6.0,1.0,0.0,0.0,1.0
2025-06-03 07:00:00+00:00,98.89099884033203,98.89600372314453,98.76499938964844,98.80500030517578,0,0.0008703864671892,0.0008703864671892,0.0006958031367306,0.0,98.78049977620442,0.0008703864671892,0.0006273103893361,0.0012757500274616,1.0,1.0,7.0,1.0,0.0,0.0,1.0
2025-06-03 08:00:00+00:00,98.91500091552734,98.95899963378906,98.875,98.88999938964844,0,0.0002427124356794,0.0002427124356794,0.0006925513136156,0.0,98.78499984741212,0.0002427124356794,0.0006272353023804,0.0010930572717688,1.0,0.0,8.0,1.0,0.0,0.0,1.0
2025-06-03 09:00:00+00:00,98.91200256347656,98.98799896240234,98.86399841308594,98.91600036621094,0,-3.031240987749761e-05,3.031240987749761e-05,0.0006909184046668,0.0,98.79016653696696,-3.031240987749761e-05,8.091922386976869e-05,0.0012552187187533,0.0,0.0,9.0,1.0,0.0,1.0,1.0
2025-06-03 10:00:00+00:00,99.03399658203125,99.04000091552734,98.90899658203125,98.91100311279297,0,0.0012333591009483,0.0012333591009483,0.0007261741240977,0.0,98.79824988047282,0.0012333591009483,0.001972902406595,0.0019627706528582,1.0,1.0,10.0,1.0,0.0,1.0,1.0
2025-06-03 11:00:00+00:00,99.08300018310547,99.11799621582031,99.0260009765625,99.03399658203125,0,0.0004948159497293,0.0004948159497293,0.0007302714087998,0.0,98.808624903361,0.0004948159497293,0.0022861094271722,0.0025193814905704,1.0,0.0,11.0,1.0,0.0,1.0,1.0
2025-06-03 12:00:00+00:00,99.16300201416016,99.1969985961914,99.05400085449219,99.08300018310547,0,0.0008074223722216,0.0008074223722216,0.0007396827801669,0.0,98.8233750661214,0.0008074223722216,0.0036233157014182,0.0035827091968221,1.0,1.0,12.0,1.0,0.0,1.0,1.0
2025-06-03 13:00:00+00:00,99.14600372314453,99.19300079345703,99.06900024414062,99.16200256347656,0,-0.0001714176726235,0.0001714176726235,0.0007384110008193,0.0,98.83837509155272,-0.0001714176726235,0.0025786460426415,0.0036442471504847,0.0,0.0,13.0,1.0,0.0,1.0,1.0
2025-06-03 14:00:00+00:00,99.11199951171875,99.3280029296875,99.0979995727539,99.14600372314453,0,-0.0003429710744644,0.0003429710744644,0.000718434982642,0.0,98.85525004069012,-0.0003429710744644,0.0019915947466819,0.0041030400710355,0.0,0.0,14.0,1.0,0.0,1.0,1.0
2025-06-03 15:00:00+00:00,99.25599670410156,99.27100372314453,99.10399627685547,99.11199951171875,0,0.0014528734471328,0.0014528734471328,0.0007635819150325,0.0,98.8764165242513,0.0014528734471328,0.0034777795586966,0.0051443634282919,1.0,1.0,15.0,1.0,0.0,1.0,1.0
2025-06-03 16:00:00+00:00,99.25700378417969,99.30899810791016,99.17900085449219,99.25599670410156,0,1.014628950968266e-05,1.014628950968266e-05,0.0007404598135431,0.0,98.89308325449626,1.014628950968266e-05,0.0022518247252973,0.0040462639645268,1.0,0.0,16.0,1.0,0.0,1.0,1.0
2025-06-03 17:00:00+00:00,99.1989974975586,99.25700378417969,99.18499755859375,99.25599670410156,0,-0.0005844049730456,0.0005844049730456,0.0007533780475855,0.0,98.9080416361491,-0.0005844049730456,0.0011707085396965,0.0036321446071356,0.0,0.0,17.0,1.0,0.0,0.0,1.0
2025-06-03 18:00:00+00:00,99.22699737548828,99.26399993896484,99.1989974975586,99.1989974975586,0,0.0002822596864486,0.0002822596864486,0.0006817029109166,0.0,98.929749806722,0.0002822596864486,0.0006453552235035,0.005278261574622,1.0,0.0,18.0,1.0,0.0,0.0,1.0
2025-06-03 19:00:00+00:00,99.29000091552734,99.3010025024414,99.22000122070312,99.22799682617188,0,0.0006349435305459,0.0006349435305459,0.0006709888766333,0.0,98.9559580485026,0.0006349435305459,0.0014523751535655,0.006375343680778,1.0,0.0,19.0,1.0,0.0,0.0,1.0
2025-06-03 20:00:00+00:00,99.27300262451172,99.29299926757812,99.24199676513672,99.29000091552734,0,-0.0001711984173521,0.0001711984173521,0.0006768810498028,0.0,98.98041661580405,-0.0001711984173521,0.0016244563078755,0.0059482158869934,0.0,0.0,20.0,1.0,0.0,0.0,1.0
2025-06-03 21:00:00+00:00,99.23300170898438,99.2699966430664,99.22200012207031,99.2699966430664,0,-0.0004029385076488,0.0004029385076488,0.0006895325664312,0.0,99.0026667912801,-0.0004029385076488,-0.0002316736104694,0.0054104319695749,0.0,0.0,21.0,1.0,0.0,0.0,0.0
2025-06-03 22:00:00+00:00,99.25,99.26200103759766,99.23300170898438,99.23300170898438,0,0.0001712967533267,0.0001712967533267,0.0006891344842863,0.0,99.02520847320557,0.0001712967533267,-7.056211564593351e-05,0.0054807602976227,1.0,0.0,22.0,1.0,0.0,0.0,0.0
2025-06-03 23:00:00+00:00,99.16400146484375,99.18499755859375,99.15299987792969,99.177001953125,0,-0.0008664839814231,0.0008664839814231,0.0006594362091322,0.0,99.04920864105225,-0.0008664839814231,-0.0003527861530627,0.0058425370562089,0.0,1.0,23.0,1.0,0.0,0.0,0.0
2025-06-04 00:00:00+00:00,99.18900299072266,99.20999908447266,99.13600158691406,99.16400146484375,0,0.0002521230034042,0.0002521230034042,0.0006381389506164,0.0,99.07004197438556,0.0002521230034042,-0.0003829037033323,0.0050664206228427,1.0,0.0,0.0,2.0,0.0,0.0,0.0
2025-06-04 01:00:00+00:00,99.13800048828125,99.28299713134766,99.08100128173828,99.18900299072266,0,-0.0005141951315528,0.0005141951315528,0.0005998999044194,0.0,99.08291689554852,-0.0005141951315528,-0.0015308734600114,0.0031265934135495,0.0,0.0,1.0,2.0,0.0,0.0,0.0
2025-06-04 02:00:00+00:00,99.2239990234375,99.24400329589844,99.11799621582031,99.13800048828125,0,0.0008674628773295,0.0008674628773295,0.0006182652330645,0.0,99.09837532043456,0.0008674628773295,-0.000493624648985,0.0037530698024057,1.0,1.0,2.0,2.0,0.0,0.0,0.0
2025-06-04 03:00:00+00:00,99.28800201416016,99.30799865722656,99.18099975585938,99.2239990234375,0,0.0006450353881377,0.0006450353881377,0.0006220800868431,0.0,99.11437543233237,0.0006450353881377,0.0005542541717833,0.0038825799578741,1.0,1.0,3.0,2.0,0.0,0.0,0.0
2025-06-04 04:00:00+00:00,99.31999969482422,99.33100128173828,99.21099853515625,99.29199981689453,0,0.0003222713723205,0.0003222713723205,0.000597671866568,0.0,99.13441721598308,0.0003222713723205,0.000705286597725,0.0048665286249929,1.0,0.0,4.0,2.0,0.0,0.0,1.0
2025-06-04 05:00:00+00:00,99.33899688720703,99.39199829101562,99.28500366210938,99.31999969482422,0,0.0001912725779418,0.0001912725779418,0.0005976613093222,0.0,99.15450032552084,0.0001912725779418,0.0017647071495527,0.0048756751458725,1.0,0.0,5.0,2.0,0.0,0.0,1.0
2025-06-04 06:00:00+00:00,99.21199798583984,99.38400268554688,99.21099853515625,99.33899688720703,0,-0.0012784395388186,0.0012784395388186,0.0006545805511441,0.0,99.17145856221516,-0.0012784395388186,0.0002318300862378,0.0041192012489952,0.0,1.0,6.0,2.0,0.0,0.0,1.0
2025-06-04 07:00:00+00:00,99.16899871826172,99.21499633789062,99.06900024414062,99.21199798583984,0,-0.0004334079390706,0.0004334079390706,0.0006481272744569,0.0,99.18304189046223,-0.0004334079390706,0.0003126775790089,0.0028111747397612,0.0,0.0,7.0,2.0,0.0,0.0,1.0
2025-06-04 08:00:00+00:00,99.06300354003906,99.2020034790039,99.03500366210938,99.16899871826172,0,-0.0010688338048444,0.0010688338048444,0.0006909594177456,0.0,99.18920866648357,-0.0010688338048444,-0.0016225458052785,0.0014962606595749,0.0,1.0,8.0,2.0,0.0,0.0,1.0
2025-06-04 09:00:00+00:00,99.19000244140625,99.2040023803711,99.06199645996094,99.06300354003906,0,0.0012820013206631,0.0012820013206631,0.0007338851705605,0.0,99.20079199473064,0.0012820013206631,-0.000987023313652,0.0028105777936431,1.0,1.0,9.0,2.0,0.0,1.0,1.0
2025-06-04 10:00:00+00:00,99.21900177001953,99.26100158691406,99.17400360107422,99.19000244140625,0,0.0002923614063867,0.0002923614063867,0.0006958105010058,0.0,99.20850054423016,0.0002923614063867,-0.0010168941312426,0.0018680977681744,1.0,0.0,10.0,2.0,0.0,1.0,1.0
2025-06-04 11:00:00+00:00,99.23699951171875,99.24700164794922,99.17500305175781,99.21900177001953,0,0.0001813941017159,0.0001813941017159,0.0006905688721707,0.0,99.21491718292236,0.0001813941017159,-0.0010267606749048,0.0015542457165071,1.0,0.0,11.0,2.0,0.0,1.0,1.0
2025-06-04 12:00:00+00:00,98.96499633789062,99.23899841308594,98.96099853515625,99.23699951171875,0,-0.0027409451632604,0.0027409451632604,0.0008788692698818,0.0,99.20666694641112,-0.0027409451632604,-0.0024896348522733,-0.0019967696847383,0.0,1.0,12.0,2.0,0.0,1.0,1.0
2025-06-04 13:00:00+00:00,99.04900360107422,99.09300231933594,98.93699645996094,98.96499633789062,0,0.0008488583468115,0.0008488583468115,0.000898850443569,0.0,99.2026252746582,0.0008488583468115,-0.00121000634007,-0.0009783563474849,1.0,0.0,13.0,2.0,0.0,1.0,1.0
2025-06-04 14:00:00+00:00,98.74500274658203,99.04900360107422,98.7229995727539,99.04900360107422,0,-0.0030691964930467,0.0030691964930467,0.0010905689949702,0.0,99.18733374277753,-0.0030691964930467,-0.0032100863298426,-0.0037028489682858,0.0,1.0,14.0,2.0,0.0,1.0,1.0
2025-06-04 15:00:00+00:00,98.78299713134766,98.84500122070312,98.73899841308594,98.74400329589844,0,0.0003847727349113,0.0003847727349113,0.0010428964364523,0.0,99.1676254272461,0.0003847727349113,-0.0041032896465449,-0.0047654508388444,1.0,0.0,15.0,2.0,0.0,1.0,1.0
2025-06-04 16:00:00+00:00,98.6760025024414,98.79900360107422,98.6729965209961,98.78299713134766,0,-0.0010831279877445,0.0010831279877445,0.0010571661054127,0.0,99.143417040507,-0.0010831279877445,-0.0054727346364232,-0.0058535041315732,0.0,1.0,16.0,2.0,0.0,1.0,1.0
2025-06-04 17:00:00+00:00,98.75499725341797,98.75800323486328,98.677001953125,98.677001953125,0,0.0008005467284166,0.0008005467284166,0.0010754213531139,0.0,99.12491703033449,0.0008005467284166,-0.0048570821434787,-0.0044758541451142,1.0,0.0,17.0,2.0,0.0,0.0,1.0
2025-06-04 18:00:00+00:00,98.78700256347656,98.79399871826172,98.72799682617188,98.75499725341797,0,0.0003240880051513,0.0003240880051513,0.0010762473693692,0.0,99.10658391316731,0.0003240880051513,-0.0017985528318148,-0.0044342247941527,1.0,0.0,18.0,2.0,0.0,0.0,1.0
2025-06-04 19:00:00+00:00,98.86399841308594,98.86499786376953,98.7760009765625,98.78600311279297,0,0.0007794127528051,0.0007794127528051,0.0010814220069647,0.0,99.08883380889893,0.0007794127528051,-0.0018678147307105,-0.004290487446,1.0,0.0,19.0,2.0,0.0,0.0,1.0
2025-06-04 20:00:00+00:00,98.81099700927734,98.8759994506836,98.78600311279297,98.86399841308594,0,-0.000536104190194,0.000536104190194,0.0010838761807591,0.0,99.06958357493085,-0.000536104190194,0.0006683301520045,-0.004653889809114,0.0,0.0,20.0,2.0,0.0,0.0,1.0
2025-06-04 21:00:00+00:00,98.81400299072266,98.8219985961914,98.80699920654297,98.81300354003906,0,3.042152732279924e-05,3.042152732279924e-05,0.00108385002642,0.0,99.05212529500324,3.042152732279924e-05,0.0003138785041496,-0.0042223727091366,1.0,0.0,21.0,2.0,0.0,0.0,0.0
2025-06-04 22:00:00+00:00,98.81900024414062,98.8219985961914,98.80500030517578,98.81400299072266,0,5.0572320386965686e-05,5.0572320386965686e-05,0.0010824486973324,0.0,99.03416697184244,5.0572320386965686e-05,0.0014491643162752,-0.0043425668096662,1.0,0.0,22.0,2.0,0.0,0.0,0.0
2025-06-04 23:00:00+00:00,98.7979965209961,98.82099914550781,98.78700256347656,98.7959976196289,0,-0.0002125474159082,0.0002125474159082,0.0010726229279934,0.0,99.0189167658488,-0.0002125474159082,0.0004354135868971,-0.0036909053531629,0.0,0.0,23.0,2.0,0.0,0.0,0.0
2025-06-05 00:00:00+00:00,98.73400115966797,98.83899688720703,98.73300170898438,98.79900360107422,0,-0.0006477394641755,0.0006477394641755,0.0010735545682571,0.0,98.99995835622153,-0.0006477394641755,-0.0005365220366366,-0.0045872205318693,0.0,0.0,0.0,3.0,0.0,0.0,0.0
2025-06-05 01:00:00+00:00,98.84400177001953,98.86699676513672,98.68900299072266,98.73400115966797,0,0.0011141107324685,0.0011141107324685,0.0011032824568195,0.0,98.98770840962727,0.0011141107324685,-0.0002022641546708,-0.0029655502109553,1.0,1.0,1.0,3.0,0.0,0.0,0.0
2025-06-05 02:00:00+00:00,98.83200073242188,98.89199829101562,98.81600189208984,98.84400177001953,0,-0.0001214139187279,0.0001214139187279,0.0010829563244074,0.0,98.97137514750165,-0.0001214139187279,0.0002125646312682,-0.0039506399144729,0.0,0.0,2.0,3.0,0.0,0.0,0.0
2025-06-05 03:00:00+00:00,98.88899993896484,98.9000015258789,98.77899932861328,98.83200073242188,0,0.000576728247132,0.000576728247132,0.0010808243174056,0.0,98.95475006103516,0.000576728247132,0.0007589708540522,-0.0040186333403949,1.0,0.0,3.0,3.0,0.0,0.0,0.0
2025-06-05 04:00:00+00:00,98.88999938964844,98.91000366210938,98.85700225830078,98.89199829101562,0,1.0106793315811656e-05,1.0106793315811656e-05,0.0010765476053691,0.0,98.93683338165285,1.0106793315811656e-05,0.0007184766627106,-0.0043294432792692,1.0,0.0,4.0,3.0,0.0,0.0,1.0
2025-06-05 05:00:00+00:00,98.93000030517578,98.94100189208984,98.86699676513672,98.88999938964844,0,0.0004044990977269,0.0004044990977269,0.0010806188124878,0.0,98.91979185740152,0.0004044990977269,0.0013360977836391,-0.0041171805116538,1.0,0.0,5.0,3.0,0.0,0.0,1.0
2025-06-05 06:00:00+00:00,98.91999816894531,98.93900299072266,98.8489990234375,98.92900085449219,0,-0.0001011031658709,0.0001011031658709,0.0010545848740719,0.0,98.90762519836426,-0.0001011031658709,0.0018838192222814,-0.0029431905699168,0.0,0.0,6.0,3.0,0.0,0.0,1.0
2025-06-05 07:00:00+00:00,98.9020004272461,98.93199920654297,98.79199981689453,98.91999816894531,0,-0.0001819423982244,0.0001819423982244,0.0010526065672183,0.0,98.89650026957194,-0.0001819423982244,0.0005867696186714,-0.00269235642657,0.0,0.0,7.0,3.0,0.0,0.0,1.0
2025-06-05 08:00:00+00:00,98.88899993896484,98.90799713134766,98.83899688720703,98.9020004272461,0,-0.0001314481833035,0.0001314481833035,0.0010327549536658,0.0,98.88925011952718,-0.0001314481833035,0.000576728247132,-0.001756494300154,0.0,0.0,8.0,3.0,0.0,0.0,1.0
2025-06-05 09:00:00+00:00,98.83599853515625,98.90799713134766,98.81600189208984,98.88899993896484,0,-0.0005359686501158,0.0005359686501158,0.0009950521509996,0.0,98.87449995676675,-0.0005359686501158,-0.0005359686501158,-0.0035689474497101,0.0,0.0,9.0,3.0,0.0,1.0,1.0
2025-06-05 10:00:00+00:00,98.78800201416016,98.84100341796875,98.7229995727539,98.83699798583984,0,-0.0004856178083638,0.0004856178083638,0.0009927356712835,0.0,98.85654163360596,-0.0004856178083638,-0.0010314225514997,-0.0043439235244312,0.0,0.0,10.0,3.0,0.0,1.0,1.0
2025-06-05 11:00:00+00:00,98.7979965209961,98.85800170898438,98.76100158691406,98.78900146484375,0,0.0001011712620173,0.0001011712620173,0.0009915971599612,0.0,98.83824984232584,0.0001011712620173,-0.0013343150083138,-0.0044237833961395,1.0,0.0,11.0,3.0,0.0,1.0,1.0
2025-06-05 12:00:00+00:00,98.77799987792969,98.86299896240234,98.60399627685547,98.7969970703125,0,-0.0002023992770152,0.0002023992770152,0.0008290957704476,0.0,98.8304583231608,-0.0002023992770152,-0.0014354861872631,-0.001889521213364,0.0,0.0,12.0,3.0,0.0,1.0,1.0
2025-06-05 13:00:00+00:00,98.44499969482422,98.85900115966797,98.35099792480469,98.77899932861328,0,-0.0033711978731801,0.0033711978731801,0.0010436196137507,0.0,98.80529149373372,-0.0033711978731801,-0.0046207430633119,-0.0060980311188455,0.0,1.0,13.0,3.0,0.0,1.0,1.0
2025-06-05 14:00:00+00:00,98.62899780273438,98.6449966430664,98.43599700927734,98.44599914550781,0,0.0018690447303626,0.0018690447303626,0.0009468298170088,0.0,98.80045795440674,0.0018690447303626,-0.002629232132906,-0.0011747930591016,1.0,1.0,14.0,3.0,0.0,1.0,1.0
2025-06-05 15:00:00+00:00,98.78900146484375,98.82099914550781,98.62100219726562,98.62799835205078,0,0.0016222780893444,0.0016222780893444,0.0010034565534771,0.0,98.80070813496908,0.0016222780893444,-0.0004755055952188,6.07830666254916e-05,1.0,1.0,15.0,3.0,0.0,1.0,1.0
2025-06-05 16:00:00+00:00,98.7030029296875,98.84700012207031,98.6989974975586,98.78900146484375,0,-0.0008705274259387,0.0008705274259387,0.0009943484336073,0.0,98.801833152771,-0.0008705274259387,-0.0008604191069728,0.0002736270882621,0.0,0.0,16.0,3.0,0.0,1.0,1.0
2025-06-05 17:00:00+00:00,98.73100280761719,98.81300354003906,98.69499969482422,98.7030029296875,0,0.0002836780756267,0.0002836780756267,0.0009820454194276,0.0,98.80083338419595,0.0002836780756267,-0.000678087772404,-0.0002429694341361,1.0,0.0,17.0,3.0,0.0,0.0,1.0
2025-06-05 18:00:00+00:00,98.74099731445312,98.82599639892578,98.72599792480469,98.73100280761719,0,0.00010122967003,0.00010122967003,0.0009798034858918,0.0,98.79891649882,0.00010122967003,-0.0003746032873949,-0.0004657014367236,1.0,0.0,18.0,3.0,0.0,0.0,1.0
2025-06-05 19:00:00+00:00,98.77899932861328,98.81600189208984,98.7040023803711,98.74099731445312,0,0.0003848656099667,0.0003848656099667,0.0009690771334103,0.0,98.7953748703003,0.0003848656099667,0.0033927536677784,-0.0008597577059092,1.0,0.0,19.0,3.0,0.0,0.0,1.0
2025-06-05 20:00:00+00:00,98.73999786376953,98.802001953125,98.72599792480469,98.77899932861328,0,-0.0003948355936872,0.0003948355936872,0.0009663286757043,0.0,98.7924165725708,-0.0003948355936872,0.0011254302842778,-0.0007185348560053,0.0,0.0,20.0,3.0,0.0,0.0,1.0
2025-06-05 21:00:00+00:00,98.73999786376953,98.74199676513672,98.70899963378906,98.73999786376953,0,0.0,0.0,0.0009662666057699,0.0,98.78933302561444,0.0,-0.0004960430852382,-0.0007489335996242,0.0,0.0,21.0,3.0,0.0,0.0,0.0
2025-06-05 22:00:00+00:00,98.71199798583984,98.73999786376953,98.71199798583984,98.73999786376953,0,-0.0002835717899074,0.0002835717899074,0.0009674501936438,0.0,98.78487459818524,-0.0002835717899074,9.113254800108272e-05,-0.0010828105732341,0.0,0.0,22.0,3.0,0.0,0.0,0.0
2025-06-05 23:00:00+00:00,98.67900085449219,98.70500183105469,98.677001953125,98.6989974975586,0,-0.0003342768054638,0.0003342768054638,0.0009686867791446,0.0,98.77991644541424,-0.0003342768054638,-0.0005267033823846,-0.0012044340036654,0.0,0.0,23.0,3.0,0.0,0.0,0.0
2025-06-06 00:00:00+00:00,98.71800231933594,99.19000244140625,98.65499877929688,98.67900085449219,0,0.000395235708773,0.000395235708773,0.0009640780329642,0.0,98.77924982706706,0.000395235708773,-0.000232881941064,-0.0001620398256336,1.0,0.0,0.0,4.0,0.0,0.0,0.0
2025-06-06 01:00:00+00:00,98.75700378417969,98.76699829101562,98.69000244140625,98.71800231933594,0,0.0003950795592235,0.0003950795592235,0.000938581320411,0.0,98.7756249109904,0.0003950795592235,-0.000222674299022,-0.0008801544280072,1.0,0.0,1.0,4.0,0.0,0.0,0.0
2025-06-06 02:00:00+00:00,98.80500030517578,98.83599853515625,98.7490005493164,98.75599670410156,0,0.0004860062492477,0.0004860062492477,0.0009443573273809,0.0,98.77449989318848,0.0004860062492477,0.0006583192506843,-0.0002731951902824,1.0,0.0,2.0,4.0,0.0,0.0,0.0
2025-06-06 03:00:00+00:00,98.7760009765625,98.81400299072266,98.75399780273438,98.80500030517578,0,-0.0002935006176176,0.0002935006176176,0.0009374932005792,0.0,98.76979160308838,-0.0002935006176176,0.0003646254159599,-0.0011426848534425,0.0,0.0,3.0,4.0,0.0,0.0,0.0
2025-06-06 04:00:00+00:00,98.78600311279297,98.80599975585938,98.76599884033203,98.77799987792969,0,0.0001012607934274,0.0001012607934274,0.0009379200821779,0.0,98.76545842488606,0.0001012607934274,0.0007497075174562,-0.0010516359338389,1.0,0.0,4.0,4.0,0.0,0.0,1.0
2025-06-06 05:00:00+00:00,98.8219985961914,98.86199951171875,98.78399658203125,98.78600311279297,0,0.0003643783761282,0.0003643783761282,0.0009371224436667,0.0,98.7609583536784,0.0003643783761282,0.0014491202835553,-0.0010916982578713,1.0,0.0,5.0,4.0,0.0,0.0,1.0
2025-06-06 06:00:00+00:00,98.85900115966797,98.91100311279297,98.8010025024414,98.82099914550781,0,0.0003744365020157,0.0003744365020157,0.0009409063060427,0.0,98.75841681162515,0.0003744365020157,0.0014282991654948,-0.0006166297048769,1.0,0.0,6.0,4.0,0.0,0.0,1.0
2025-06-06 07:00:00+00:00,98.88999938964844,98.93399810791016,98.85099792480469,98.85800170898438,0,0.0003135600159505,0.0003135600159505,0.0009427536643896,0.0,98.75791676839192,0.0003135600159505,0.0013466954278948,-0.0001213427185073,1.0,0.0,7.0,4.0,0.0,0.0,1.0
2025-06-06 08:00:00+00:00,98.99199676513672,99.00499725341797,98.88099670410156,98.88999938964844,0,0.0010314225514997,0.0010314225514997,0.0009655595429631,0.0,98.76220830281576,0.0010314225514997,0.001892580936019,0.00104153976919,1.0,1.0,8.0,4.0,0.0,0.0,1.0
2025-06-06 09:00:00+00:00,98.97699737548828,99.03099822998047,98.9489974975586,98.99199676513672,0,-0.0001515212354391,0.0001515212354391,0.0009586871235791,0.0,98.76808325449626,-0.0001515212354391,0.002034870787829,0.001426593978123,0.0,0.0,9.0,4.0,0.0,1.0,1.0
2025-06-06 10:00:00+00:00,98.94100189208984,98.97899627685547,98.9209976196289,98.97699737548828,0,-0.000363675241247,0.000363675241247,0.000955989903146,0.0,98.77445824941,-0.000363675241247,0.0015690358392159,0.0015487698385452,0.0,0.0,10.0,4.0,0.0,1.0,1.0
2025-06-06 11:00:00+00:00,98.97799682617188,98.98300170898438,98.90399932861328,98.94100189208984,0,0.0003739090303773,0.0003739090303773,0.0009580583454113,0.0,98.78195826212566,0.0003739090303773,0.0015785779704569,0.0018219023817707,1.0,0.0,11.0,4.0,0.0,1.0,1.0
2025-06-06 12:00:00+00:00,99.14800262451172,99.20600128173828,98.93299865722656,98.97799682617188,0,0.0017176120328885,0.0017176120328885,0.0010123975993412,0.0,98.79737504323325,0.0017176120328885,0.002923370269309,0.0037458011605751,1.0,1.0,12.0,4.0,0.0,1.0,1.0
2025-06-06 13:00:00+00:00,99.2040023803711,99.35700225830078,99.11499786376953,99.14900207519531,0,0.0005648097226069,0.0005648097226069,0.0006805387470099,0.0,98.82900015513104,0.0005648097226069,0.0031752754844847,0.0077099160739473,1.0,0.0,13.0,4.0,0.0,1.0,1.0
2025-06-06 14:00:00+00:00,99.24099731445312,99.30000305175781,99.03099822998047,99.20899963378906,0,0.0003729177572915,0.0003729177572915,0.0005957426101124,0.0,98.85450013478597,0.0003729177572915,0.0025153604074394,0.0062050667182362,1.0,0.0,14.0,4.0,0.0,1.0,1.0
2025-06-06 15:00:00+00:00,99.18699645996094,99.28299713134766,99.1449966430664,99.23999786376953,0,-0.000544138571291,0.000544138571291,0.000541708485689,0.0,98.87108325958252,-0.000544138571291,0.0021216958489453,0.0040287379082257,0.0,1.0,15.0,4.0,0.0,1.0,1.0
2025-06-06 16:00:00+00:00,99.2699966430664,99.2760009765625,99.15499877929688,99.18599700927734,0,0.0008368050860272,0.0008368050860272,0.0005106558898836,0.0,98.89470799763996,0.0008368050860272,0.00332516090079,0.0057444423832049,1.0,1.0,16.0,4.0,0.0,1.0,1.0
2025-06-06 17:00:00+00:00,99.21099853515625,99.28099822998047,99.18599700927734,99.2699966430664,0,-0.0005943196323687,0.0005943196323687,0.0005380191921596,0.0,98.91470781962076,-0.0005943196323687,0.0023540758194326,0.004861651496383,0.0,1.0,17.0,4.0,0.0,0.0,1.0
2025-06-06 18:00:00+00:00,99.19000244140625,99.21900177001953,99.16699981689453,99.21099853515625,0,-0.0002116307068773,0.0002116307068773,0.0005443261731642,0.0,98.93341636657716,-0.0002116307068773,0.0004236072919552,0.0045473019228599,0.0,0.0,18.0,4.0,0.0,0.0,1.0
2025-06-06 19:00:00+00:00,99.18299865722656,99.21600341796875,99.1510009765625,99.18900299072266,0,-7.060977928519119e-05,7.060977928519119e-05,0.0005451471963821,0.0,98.95024967193604,-7.060977928519119e-05,-0.0002117225378064,0.0040899313756892,0.0,0.0,19.0,4.0,0.0,0.0,1.0
2025-06-06 20:00:00+00:00,99.2020034790039,99.23100280761719,99.18000030517578,99.18299865722656,0,0.0001916137043105,0.0001916137043105,0.0005316954781742,0.0,98.96949990590412,0.0001916137043105,-0.000392920632646,0.0046790118009907,1.0,0.0,20.0,4.0,0.0,0.0,1.0
2025-06-08 22:00:00+00:00,99.10700225830078,99.19599914550781,99.1050033569336,99.19599914550781,0,-0.0009576542546666,0.0009576542546666,0.0005806226775635,0.0,98.98479175567628,-0.0009576542546666,-0.0008064988810548,0.0037168766707651,0.0,1.0,22.0,6.0,1.0,0.0,0.0
2025-06-08 23:00:00+00:00,99.11399841308594,99.13500213623047,99.0739974975586,99.10700225830078,0,7.05919322119275e-05,7.05919322119275e-05,0.0005734543623707,0.0,99.0015417734782,7.05919322119275e-05,-0.0015714539665129,0.004072457608484,1.0,0.0,23.0,6.0,1.0,0.0,0.0
2025-06-09 00:00:00+00:00,99.21399688720703,99.21900177001953,99.08799743652344,99.11900329589844,0,0.0010089238222872,0.0010089238222872,0.0005875216804607,0.0,99.02383327484132,0.0010089238222872,3.022197231206114e-05,0.0054215793439551,1.0,1.0,0.0,0.0,0.0,0.0,0.0
2025-06-09 01:00:00+00:00,99.0270004272461,99.21199798583984,99.01300048828125,99.21199798583984,0,-0.0018847790213867,0.0018847790213867,0.0007267243854757,0.0,99.03670819600424,-0.0018847790213867,-0.0016433310832555,0.0031301090039341,0.0,1.0,1.0,0.0,0.0,0.0,0.0
2025-06-09 02:00:00+00:00,99.01399993896484,99.03299713134766,98.9469985961914,99.0270004272461,0,-0.000131282258628,0.000131282258628,0.0007263342507007,0.0,99.04741636912028,-0.000131282258628,-0.0017039081349594,0.00260230813955,0.0,0.0,2.0,0.0,0.0,0.0,0.0
2025-06-09 03:00:00+00:00,99.04299926757812,99.0459976196289,98.9749984741211,99.01399993896484,0,0.0002928810938973,0.0002928810938973,0.0007230329494275,0.0,99.05733299255373,0.0002928810938973,-0.001602832663147,0.0024087744716081,1.0,0.0,3.0,0.0,0.0,0.0,0.0
2025-06-09 04:00:00+00:00,98.99800109863281,99.0530014038086,98.99299621582031,99.04499816894531,0,-0.0004543296273141,0.0004543296273141,0.0007275744302497,0.0,99.06658299763996,-0.0004543296273141,-0.0010998330812578,0.0022475107300909,0.0,0.0,4.0,0.0,0.0,0.0,1.0
2025-06-09 05:00:00+00:00,98.97699737548828,99.05000305175781,98.96099853515625,98.99600219726562,0,-0.0002121631034105,0.0002121631034105,0.0007302426300006,0.0,99.07454109191896,-0.0002121631034105,-0.0013822571966742,0.0019334142153442,0.0,0.0,5.0,0.0,0.0,0.0,1.0
2025-06-09 06:00:00+00:00,98.90699768066406,99.00299835205078,98.89600372314453,98.97699737548828,0,-0.0007072319496485,0.0007072319496485,0.0007447628718389,0.0,99.07808272043864,-0.0007072319496485,-0.0030943134655887,0.0008601231070015,0.0,0.0,6.0,0.0,0.0,0.0,1.0
2025-06-09 07:00:00+00:00,98.93599700927734,98.96600341796875,98.89399719238281,98.90699768066406,0,0.0002931979464881,0.0002931979464881,0.0007433414857538,0.0,99.08129088083903,0.0002931979464881,-0.0009189758103963,0.0007788451097641,1.0,0.0,7.0,0.0,0.0,0.0,1.0
2025-06-09 08:00:00+00:00,98.89299774169922,98.95500183105469,98.83000183105469,98.93499755859375,0,-0.0004346170138063,0.0004346170138063,0.0007467316303245,0.0,99.08141581217448,-0.0004346170138063,-0.0012220715993719,3.032007350878274e-05,0.0,0.0,8.0,0.0,0.0,0.0,1.0
2025-06-09 09:00:00+00:00,98.9000015258789,98.90299987792969,98.81700134277344,98.89199829101562,0,7.082184117801482e-05,7.082184117801482e-05,0.0007141630108906,0.0,99.0775826772054,7.082184117801482e-05,-0.0014437945413273,-0.000929319967917,1.0,0.0,9.0,0.0,0.0,1.0,1.0
2025-06-09 10:00:00+00:00,98.95500183105469,98.9729995727539,98.8740005493164,98.9000015258789,0,0.0005561203673125,0.0005561203673125,0.0007238360823196,0.0,99.07666619618732,0.0005561203673125,-0.0004343448059651,-0.0002222288513172,1.0,0.0,10.0,0.0,0.0,1.0,1.0
2025-06-09 11:00:00+00:00,98.99700164794922,99.05899810791016,98.93699645996094,98.9540023803711,0,0.0004244334911562,0.0004244334911562,0.0007249226242841,0.0,99.07899951934814,0.0004244334911562,0.0002021103184717,0.0005659913967765,1.0,0.0,11.0,0.0,0.0,1.0,1.0
2025-06-09 12:00:00+00:00,99.13200378417969,99.1729965209961,98.99500274658203,98.99700164794922,0,0.0013636992432413,0.0013636992432413,0.0007723108145004,0.0,99.0854164759318,0.0013636992432413,0.002274926029421,0.0015559716598254,1.0,1.0,12.0,0.0,0.0,1.0,1.0
2025-06-09 13:00:00+00:00,99.14099884033203,99.22699737548828,99.11100006103516,99.13200378417969,0,9.073816536520064e-05,9.073816536520064e-05,0.0006877232299039,0.0,99.085124651591,9.073816536520064e-05,0.0020720651456664,-7.063969010256965e-05,1.0,0.0,13.0,0.0,0.0,1.0,1.0
2025-06-09 14:00:00+00:00,99.0719985961914,99.18699645996094,99.05400085449219,99.13899993896484,0,-0.0006959809256285,0.0006959809256285,0.0006906345678333,0.0,99.07962449391682,-0.0006959809256285,0.0018100457927237,-0.0013306296219134,0.0,1.0,14.0,0.0,0.0,1.0,1.0
2025-06-09 15:00:00+00:00,98.94000244140625,99.07599639892578,98.92900085449219,99.072998046875,0,-0.0013323255476369,0.0013323255476369,0.0007311957222596,0.0,99.0670830408732,-0.0013323255476369,0.0004044581891828,-0.0030329690469871,0.0,1.0,15.0,0.0,0.0,1.0,1.0
2025-06-09 16:00:00+00:00,98.94400024414062,99.00199890136719,98.93599700927734,98.94000244140625,0,4.0406333492226665e-05,4.0406333492226665e-05,0.0007263922676322,0.0,99.05695819854736,4.0406333492226665e-05,-0.000111177673796,-0.0024498797674391,1.0,0.0,16.0,0.0,0.0,1.0,1.0
2025-06-09 17:00:00+00:00,98.9729995727539,98.98300170898438,98.93399810791016,98.94400024414062,0,0.0002930882978424,0.0002930882978424,0.0007039742143005,0.0,99.04458332061768,0.0002930882978424,-0.000242452547004,-0.0029918110240335,1.0,0.0,17.0,0.0,0.0,0.0,1.0
2025-06-09 18:00:00+00:00,98.93900299072266,98.99099731445312,98.90899658203125,98.97200012207031,0,-0.0003434935000252,0.0003434935000252,0.0006985385226315,0.0,99.03325017293294,-0.0003434935000252,-0.0019469070137754,-0.0027415866027918,0.0,0.0,18.0,0.0,0.0,0.0,1.0
2025-06-09 19:00:00+00:00,98.9739990234375,98.97899627685547,98.92500305175781,98.93900299072266,0,0.0003537132137678,0.0003537132137678,0.0007046141386206,0.0,99.02425003051758,0.0003537132137678,-0.0016844677665945,-0.0021776732800903,1.0,0.0,19.0,0.0,0.0,0.0,1.0
2025-06-09 20:00:00+00:00,99.01200103759766,99.0250015258789,98.95899963378906,98.9749984741211,0,0.000383959570545,0.000383959570545,0.0007112529129421,0.0,99.0171251296997,0.000383959570545,-0.0006055955208725,-0.0017240618043811,1.0,0.0,20.0,0.0,0.0,0.0,1.0
2025-06-09 21:00:00+00:00,99.0009994506836,99.01200103759766,98.98999786376953,99.01200103759766,0,-0.0001111136710577,0.0001111136710577,0.0007090620145475,0.0,99.00874996185304,-0.0001111136710577,0.0006165050310511,-0.0020262093634314,0.0,0.0,21.0,0.0,0.0,0.0,0.0
2025-06-09 22:00:00+00:00,99.00299835205078,99.01100158691406,99.0009994506836,99.0009994506836,0,2.019071906622649e-05,2.019071906622649e-05,0.0006843578351066,0.0,99.00441646575928,2.019071906622649e-05,0.0005962777709065,-0.0010494102725349,1.0,0.0,22.0,0.0,0.0,0.0,0.0
2025-06-09 23:00:00+00:00,98.97100067138672,98.98699951171875,98.95099639892578,98.98200225830078,0,-0.0003231991070642,0.0003231991070642,0.0006862210670206,0.0,98.9984582265218,-0.0003231991070642,-2.0196431105623525e-05,-0.0014427602961111,0.0,0.0,23.0,0.0,0.0,0.0,0.0
2025-06-10 00:00:00+00:00,98.97699737548828,98.9990005493164,98.8949966430664,98.97100067138672,0,6.05905170290022e-05,6.05905170290022e-05,0.0006482514196974,0.0,98.98858324686688,6.05905170290022e-05,0.0003840182700161,-0.0023887709310631,1.0,0.0,0.0,1.0,0.0,0.0,0.0
2025-06-10 01:00:00+00:00,99.20600128173828,99.2239990234375,98.93900299072266,98.97599792480469,0,0.0023137083597437,0.0023137083597437,0.0007091546372012,0.0,98.99604161580405,0.0023137083597437,0.0023440727927528,0.0018075964506638,1.0,1.0,1.0,1.0,0.0,0.0,0.0
2025-06-10 02:00:00+00:00,99.17400360107422,99.302001953125,99.16400146484375,99.20500183105469,0,-0.0003225377522594,0.0003225377522594,0.000712645254068,0.0,99.0027084350586,-0.0003225377522594,0.0016361911867133,0.0016159700871392,0.0,0.0,2.0,1.0,0.0,0.0,0.0
2025-06-10 03:00:00+00:00,99.13899993896484,99.2300033569336,99.12799835205078,99.17500305175781,0,-0.0003529519918362,0.0003529519918362,0.0007159514487551,0.0,99.00670846303304,-0.0003529519918362,0.001393930253704,0.0009692827569505,0.0,0.0,3.0,1.0,0.0,0.0,0.0
2025-06-10 04:00:00+00:00,99.177001953125,99.2249984741211,99.12799835205078,99.13500213623047,0,0.0003833205316126,0.0003833205316126,0.0007111757762318,0.0,99.0141668319702,0.0003833205316126,0.0017575589019585,0.0018081259470466,1.0,0.0,4.0,1.0,0.0,0.0,1.0
2025-06-10 05:00:00+00:00,99.11299896240234,99.18599700927734,99.04900360107422,99.177001953125,0,-0.0006453410514758,0.0006453410514758,0.0007241723745842,0.0,99.0198335647583,-0.0006453410514758,0.0014347464414055,0.0013740726686031,0.0,0.0,5.0,1.0,0.0,0.0,1.0
2025-06-10 06:00:00+00:00,99.21700286865234,99.23899841308594,99.05699920654297,99.11299896240234,0,0.0010493467793206,0.0010493467793206,0.0007322474883181,0.0,99.03275044759114,0.0010493467793206,0.002424861326653,0.0031343099604457,1.0,1.0,6.0,1.0,0.0,0.0,1.0
2025-06-10 07:00:00+00:00,99.26799774169922,99.38999938964844,99.19999694824219,99.21700286865234,0,0.0005139731252956,0.0005139731252956,0.0007357565612085,0.0,99.04658381144206,0.0005139731252956,0.0006249265080735,0.0033557122024123,1.0,0.0,7.0,1.0,0.0,0.0,1.0
2025-06-10 08:00:00+00:00,99.13700103759766,99.25700378417969,99.12200164794922,99.25700378417969,0,-0.0013196267385429,0.0013196267385429,0.0007862459917578,0.0,99.05675061543782,-0.0013196267385429,-0.0003731074891905,0.0024673465409124,0.0,1.0,8.0,1.0,0.0,0.0,1.0
2025-06-10 09:00:00+00:00,99.08300018310547,99.1780014038086,99.0790023803711,99.13600158691406,0,-0.0005447093812299,0.0005447093812299,0.0007973021162428,0.0,99.06437555948894,-0.0005447093812299,-0.000564861012254,0.0018503402871907,0.0,0.0,9.0,1.0,0.0,1.0,1.0
2025-06-10 10:00:00+00:00,99.02999877929688,99.11599731445312,99.0250015258789,99.08300018310547,0,-0.0005349192465977,0.0005349192465977,0.0007999158559574,0.0,99.06750043233237,-0.0005349192465977,-0.0014822304660672,0.0007578894129094,0.0,0.0,10.0,1.0,0.0,1.0,1.0
2025-06-10 11:00:00+00:00,98.99299621582031,99.05599975585938,98.9540023803711,99.02899932861328,0,-0.0003736500447609,0.0003736500447609,0.0007994756696614,0.0,99.06733353932698,-0.0003736500447609,-0.0012107669815092,-4.046013578418162e-05,0.0,0.0,11.0,1.0,0.0,1.0,1.0
2025-06-10 12:00:00+00:00,98.97699737548828,99.01699829101562,98.91699981689453,98.99199676513672,0,-0.0001616158813614,0.0001616158813614,0.0007450125420867,0.0,99.06087493896484,-0.0001616158813614,-0.0024189955977786,-0.0015636363916224,0.0,0.0,12.0,1.0,0.0,1.0,1.0
2025-06-10 13:00:00+00:00,98.8740005493164,98.99400329589844,98.86199951171875,98.97799682617188,0,-0.0010406137678751,0.0010406137678751,0.0007701041490958,0.0,99.04975001017252,-0.0010406137678751,-0.0039690252784992,-0.0026931168148268,0.0,1.0,13.0,1.0,0.0,1.0,1.0
2025-06-10 14:00:00+00:00,99.02899932861328,99.03500366210938,98.86399841308594,98.8740005493164,0,0.0015676394040469,0.0015676394040469,0.0008316401020337,0.0,99.04795837402344,0.0015676394040469,-0.00108941876246,-0.0004340203911035,1.0,1.0,14.0,1.0,0.0,1.0,1.0
2025-06-10 15:00:00+00:00,99.06199645996094,99.09600067138672,99.01399993896484,99.01799774169922,0,0.0003332067532881,0.0003332067532881,0.0007853794932916,0.0,99.05304145812988,0.0003332067532881,-0.0002119810977232,0.0012330100621023,1.0,0.0,15.0,1.0,0.0,1.0,1.0
2025-06-10 16:00:00+00:00,99.07099914550781,99.11699676513672,99.03199768066406,99.06300354003906,0,9.087930658169265e-05,9.087930658169265e-05,0.0007854156791448,0.0,99.0583330790202,9.087930658169265e-05,0.0004140196578443,0.0012835432270155,1.0,0.0,16.0,1.0,0.0,1.0,1.0
2025-06-10 17:00:00+00:00,99.072998046875,99.11299896240234,99.03600311279297,99.07099914550781,0,2.017645309360105e-05,2.017645309360105e-05,0.000783773664167,0.0,99.06249968210857,2.017645309360105e-05,0.0008081564768509,0.0010103611545853,1.0,0.0,17.0,1.0,0.0,0.0,1.0
2025-06-10 18:00:00+00:00,99.0979995727539,99.12699890136719,99.06300354003906,99.072998046875,0,0.0002523545907744,0.0002523545907744,0.0007804495292124,0.0,99.0691245396932,0.0002523545907744,0.0012225284709999,0.0016070162142847,1.0,0.0,18.0,1.0,0.0,0.0,1.0
2025-06-10 19:00:00+00:00,99.0479965209961,99.11100006103516,98.97599792480469,99.09700012207031,0,-0.0005045818480029,0.0005045818480029,0.0007863919377453,0.0,99.07220776875812,-0.0005045818480029,0.0017597747710522,0.0007476458290935,0.0,0.0,19.0,1.0,0.0,0.0,1.0
2025-06-10 20:00:00+00:00,99.0469970703125,99.08699798583984,99.01599884033203,99.0479965209961,0,-1.0090569407705807e-05,1.0090569407705807e-05,0.000782817234476,0.0,99.07366593678792,-1.0090569407705807e-05,0.0001817421343368,0.0003534524335242,0.0,0.0,20.0,1.0,0.0,0.0,1.0
2025-06-10 21:00:00+00:00,99.0479965209961,99.05699920654297,99.02799987792969,99.0469970703125,0,1.009067122836882e-05,1.009067122836882e-05,0.0007823589707796,0.0,99.07562414805096,1.009067122836882e-05,-0.0001413250233706,0.0004747130894966,1.0,0.0,21.0,1.0,0.0,0.0,0.0
2025-06-10 22:00:00+00:00,99.04499816894531,99.05500030517578,99.04100036621094,99.0479965209961,0,-3.0271708223228444e-05,3.0271708223228444e-05,0.0007824264338915,0.0,99.07737414042155,-3.0271708223228444e-05,-0.0002624479089416,0.0004242277263681,0.0,0.0,22.0,1.0,0.0,0.0,0.0
2025-06-10 23:00:00+00:00,98.96499633789062,98.9749984741211,98.947998046875,98.95899963378906,0,-0.0008077321675368,0.0008077321675368,0.0007977140506262,0.0,99.0771239598592,-0.0008077321675368,-0.0010901225471472,-6.066760420087025e-05,0.0,1.0,23.0,1.0,0.0,0.0,0.0
2025-06-11 00:00:00+00:00,99.0770034790039,99.08000183105469,98.93900299072266,98.96499633789062,0,0.0011317854317991,0.0011317854317991,0.000830668049386,0.0,99.08129088083903,0.0011317854317991,-0.0002118720240622,0.001010397427356,1.0,1.0,0.0,2.0,0.0,0.0,0.0
2025-06-11 01:00:00+00:00,99.16999816894531,99.18599700927734,99.03500366210938,99.07599639892578,0,0.0009386102392681,0.0009386102392681,0.0007051305044185,0.0,99.07979075113931,0.0009386102392681,0.0012317427129719,-0.0003629126497168,1.0,1.0,1.0,2.0,0.0,0.0,0.0
2025-06-11 02:00:00+00:00,99.12699890136719,99.19400024414062,99.10600280761719,99.1709976196289,0,-0.0004335914931133,0.0004335914931133,0.0007075972360475,0.0,99.07783222198486,-0.0004335914931133,0.0008077158664174,-0.0004739619053406,0.0,0.0,2.0,2.0,0.0,0.0,0.0
2025-06-11 03:00:00+00:00,99.12699890136719,99.16100311279297,99.11199951171875,99.12699890136719,0,0.0,0.0,0.0007040246752948,0.0,99.07733217875165,0.0,0.0007976171466965,-0.0001210526392746,0.0,0.0,3.0,2.0,0.0,0.0,0.0
2025-06-11 04:00:00+00:00,99.13099670410156,99.15599822998047,99.10399627685547,99.12200164794922,0,4.033010964410444e-05,4.033010964410444e-05,0.0006992685594651,0.0,99.07541529337566,4.033010964410444e-05,0.0008682774167914,-0.0004638701323638,1.0,0.0,4.0,2.0,0.0,0.0,1.0
2025-06-11 05:00:00+00:00,99.08100128173828,99.12899780273438,99.0790023803711,99.12000274658203,0,-0.0005043369281609,0.0005043369281609,0.0006943532474924,0.0,99.07408205668132,-0.0005043369281609,0.0011721815605549,-0.0003228404043772,0.0,0.0,5.0,2.0,0.0,0.0,1.0
2025-06-11 06:00:00+00:00,99.19100189208984,99.20500183105469,99.0739974975586,99.08200073242188,0,0.0011102089091608,0.0011102089091608,0.0006985014485727,0.0,99.07299868265788,0.0011102089091608,0.0011506041672939,-0.000262061701228,1.0,1.0,6.0,2.0,0.0,0.0,1.0
2025-06-11 07:00:00+00:00,99.11599731445312,99.22100067138672,99.08599853515625,99.18900299072266,0,-0.0007561631217145,0.0007561631217145,0.0007051070362455,0.0,99.06666533152264,-0.0007561631217145,-0.0005445281384415,-0.0015312127846237,0.0,1.0,7.0,2.0,0.0,0.0,1.0
2025-06-11 08:00:00+00:00,99.0459976196289,99.12799835205078,98.99299621582031,99.11699676513672,0,-0.0007062401299574,0.0007062401299574,0.0006677269722706,0.0,99.0628735224406,-0.0007062401299574,-0.00081714651544,-0.0009179561315783,0.0,1.0,8.0,2.0,0.0,0.0,1.0
2025-06-11 09:00:00+00:00,99.02799987792969,99.0510025024414,98.947998046875,99.0459976196289,0,-0.0001817109437206,0.0001817109437206,0.0006598158362968,0.0,99.06058184305827,-0.0001817109437206,-0.0009987089746962,-0.0005550932558979,0.0,0.0,9.0,2.0,0.0,1.0,1.0
2025-06-11 10:00:00+00:00,99.01499938964844,99.04499816894531,98.98400115966797,99.02799987792969,0,-0.0001312809336477,0.0001312809336477,0.0006512871932074,0.0,99.05995686848958,-0.0001312809336477,-0.0011701417145978,-0.0001514630903093,0.0,0.0,10.0,2.0,0.0,1.0,1.0
2025-06-11 11:00:00+00:00,99.0530014038086,99.10299682617188,99.00299835205078,99.01399993896484,0,0.0003838005796537,0.0003838005796537,0.0006510547165757,0.0,99.06245708465576,0.0003838005796537,-0.000282595831365,0.0006061558926599,1.0,0.0,11.0,2.0,0.0,1.0,1.0
2025-06-11 12:00:00+00:00,98.81300354003906,99.09400177001953,98.58000183105469,99.0530014038086,0,-0.0024229236910362,0.0024229236910362,0.0008208041824268,0.0,99.05562400817873,-0.0024229236910362,-0.0038108129249667,-0.0016568883659612,0.0,1.0,12.0,2.0,0.0,1.0,1.0
2025-06-11 13:00:00+00:00,98.7959976196289,98.89900207519531,98.73300170898438,98.81300354003906,0,-0.0001721020493347,0.0001721020493347,0.0007948287845944,0.0,99.0523738861084,-0.0001721020493347,-0.0032285373047198,-0.0007889124466911,0.0,0.0,13.0,2.0,0.0,1.0,1.0
2025-06-11 14:00:00+00:00,98.67500305175781,98.80799865722656,98.65899658203125,98.79499816894531,0,-0.0012246909873507,0.0012246909873507,0.0007537112775026,0.0,99.03762404123944,-0.0012246909873507,-0.0037456795507865,-0.0035746728660842,0.0,1.0,14.0,2.0,0.0,1.0,1.0
2025-06-11 15:00:00+00:00,98.60199737548828,98.73100280761719,98.59600067138672,98.69599914550781,0,-0.0007398598835739,0.0007398598835739,0.0007556921474663,0.0,99.01845741271973,-0.0007398598835739,-0.0043018389038104,-0.0046435474845146,0.0,0.0,15.0,2.0,0.0,1.0,1.0
2025-06-11 16:00:00+00:00,98.61499786376953,98.66200256347656,98.57099914550781,98.60199737548828,0,0.0001318481230327,0.0001318481230327,0.0007564087226063,0.0,98.99945735931396,0.0001318481230327,-0.0040398073862001,-0.0046027726142999,1.0,0.0,16.0,2.0,0.0,1.0,1.0
2025-06-11 17:00:00+00:00,98.55999755859375,98.62799835205078,98.5459976196289,98.61799621582031,0,-0.0005577275908048,0.0005577275908048,0.0007585583091176,0.0,98.97808233896892,-0.0005577275908048,-0.0049771722030412,-0.0051780050911403,0.0,0.0,17.0,2.0,0.0,0.0,1.0
2025-06-11 18:00:00+00:00,98.63099670410156,98.64900207519531,98.5250015258789,98.55999755859375,0,0.0007203647247009,0.0007203647247009,0.000776915683183,0.0,98.9586238861084,0.0007203647247009,-0.0018419320273342,-0.0047125357793876,1.0,0.0,18.0,2.0,0.0,0.0,1.0
2025-06-11 19:00:00+00:00,98.68099975585938,98.6989974975586,98.63200378417969,98.63200378417969,0,0.0005069709668232,0.0005069709668232,0.0007868511235818,0.0,98.9433323542277,0.0005069709668232,-0.0011639931428425,-0.0037052416810765,1.0,0.0,19.0,2.0,0.0,0.0,1.0
2025-06-11 20:00:00+00:00,98.64299774169922,98.68900299072266,98.62899780273438,98.68000030517578,0,-0.0003850996063494,0.0003850996063494,0.0007875847245448,0.0,98.92649904886882,-0.0003850996063494,-0.0003243507379655,-0.0040788649889756,0.0,0.0,20.0,2.0,0.0,0.0,1.0
2025-06-11 21:00:00+00:00,98.63099670410156,98.64600372314453,98.62899780273438,98.64299774169922,0,-0.0001216613228754,0.0001216613228754,0.0007867336664157,0.0,98.9091240564982,-0.0001216613228754,0.000294104880075,-0.0042100782604536,0.0,0.0,21.0,2.0,0.0,0.0,0.0
2025-06-11 22:00:00+00:00,98.58399963378906,98.63099670410156,98.58200073242188,98.63099670410156,0,-0.0004764939206027,0.0004764939206027,0.0007884237455321,0.0,98.88991578420004,-0.0004764939206027,-0.0003143358581551,-0.004654435293844,0.0,0.0,22.0,2.0,0.0,0.0,0.0
2025-06-11 23:00:00+00:00,98.4540023803711,98.48200225830078,98.4520034790039,98.45999908447266,0,-0.0013186445457769,0.0013186445457769,0.0008122509178734,0.0,98.8686243693034,-0.0013186445457769,-0.0010754381173725,-0.0051633807550992,0.0,1.0,23.0,2.0,0.0,0.0,0.0
2025-06-12 00:00:00+00:00,98.36299896240234,98.51899719238281,98.3270034790039,98.4530029296875,0,-0.0009243242099713,0.0009243242099713,0.0007713898013279,0.0,98.83887418111163,-0.0009243242099713,-0.0027171756410738,-0.0072065614777385,0.0,1.0,0.0,3.0,0.0,0.0,0.0
2025-06-12 01:00:00+00:00,98.36799621582031,98.41000366210938,98.28500366210938,98.36299896240234,0,5.080419945180381e-05,5.080419945180381e-05,0.0007295087415202,0.0,98.80545743306476,5.080419945180381e-05,-0.0031718724051584,-0.0080871429659473,1.0,0.0,1.0,3.0,0.0,0.0,0.0
2025-06-12 02:00:00+00:00,98.41600036621094,98.45899963378906,98.36699676513672,98.36799621582031,0,0.000488005776648,0.000488005776648,0.0007482736041591,0.0,98.77583249409992,0.000488005776648,-0.0023012011058572,-0.0071726022479879,1.0,0.0,2.0,3.0,0.0,0.0,0.0
2025-06-12 03:00:00+00:00,98.34100341796875,98.4229965209961,98.3280029296875,98.41500091552734,0,-0.0007620401963412,0.0007620401963412,0.0007511692098888,0.0,98.74308268229169,-0.0007620401963412,-0.002940184078265,-0.0079291766331038,0.0,1.0,3.0,3.0,0.0,0.0,0.0
2025-06-12 04:00:00+00:00,98.375,98.40799713134766,98.34600067138672,98.34600067138672,0,0.0003457009878855,0.0003457009878855,0.0007602702627638,0.0,98.71158281962076,0.0003457009878855,-0.0021200157689426,-0.0076262393119899,1.0,0.0,4.0,3.0,0.0,0.0,1.0
2025-06-12 05:00:00+00:00,98.26899719238281,98.40499877929688,98.24700164794922,98.3740005493164,0,-0.0010775380698062,0.0010775380698062,0.0007752136242214,0.0,98.67774931589764,-0.0010775380698062,-0.0018791027638828,-0.0081953561111733,0.0,1.0,5.0,3.0,0.0,0.0,1.0
2025-06-12 06:00:00+00:00,98.32499694824219,98.40499877929688,98.26599884033203,98.27100372314453,0,0.0005698618838019,0.0005698618838019,0.0007381478371739,0.0,98.64166577657063,0.0005698618838019,-0.0003863446068239,-0.0087306804783541,1.0,0.0,6.0,3.0,0.0,0.0,1.0
2025-06-12 07:00:00+00:00,98.3479995727539,98.49500274658203,98.3239974975586,98.32499694824219,0,0.0002339448281276,0.0002339448281276,0.0007429905956198,0.0,98.6096658706665,0.0002339448281276,-0.0002032840337881,-0.0077484741364473,1.0,0.0,7.0,3.0,0.0,0.0,1.0
2025-06-12 08:00:00+00:00,98.20800018310547,98.36299896240234,98.19400024414062,98.34700012207031,0,-0.0014235102926,0.0014235102926,0.0007728682078874,0.0,98.57474931081136,-0.0014235102926,-0.002113479335997,-0.0084606895448884,0.0,1.0,8.0,3.0,0.0,0.0,1.0
2025-06-12 09:00:00+00:00,98.02999877929688,98.23799896240234,97.93499755859375,98.20800018310547,0,-0.0018124939259196,0.0018124939259196,0.0008268914334231,0.0,98.53316593170166,-0.0018124939259196,-0.0031625123586551,-0.0100779688559097,0.0,1.0,9.0,3.0,0.0,1.0,1.0
2025-06-12 10:00:00+00:00,97.88300323486328,98.06500244140625,97.80000305175781,98.03099822998047,0,-0.0014994955244724,0.0014994955244724,0.0008527635826459,0.0,98.48599942525227,-0.0014994955244724,-0.0050012377650492,-0.0114325724563252,0.0,1.0,10.0,3.0,0.0,1.0,1.0
2025-06-12 11:00:00+00:00,97.89800262451172,97.947998046875,97.78900146484375,97.88500213623047,0,0.0001532379386894,0.0001532379386894,0.0008438777944287,0.0,98.43787447611491,0.0001532379386894,-0.0037752961612581,-0.0116604117283463,1.0,0.0,11.0,3.0,0.0,1.0,1.0
2025-06-12 12:00:00+00:00,97.72100067138672,97.91500091552734,97.60199737548828,97.89800262451172,0,-0.0018080241514619,0.0018080241514619,0.0007902136277238,0.0,98.39237435658772,-0.0018080241514619,-0.0061428557905107,-0.0110512061118541,0.0,1.0,12.0,3.0,0.0,1.0,1.0
2025-06-12 13:00:00+00:00,97.89299774169922,97.92900085449219,97.66899871826172,97.72100067138672,0,0.0017600829824786,0.0017600829824786,0.0009103876465818,0.0,98.354749361674,0.0017600829824786,-0.0046264472386964,-0.0091400451403537,1.0,1.0,13.0,3.0,0.0,1.0,1.0
2025-06-12 14:00:00+00:00,97.93800354003906,97.94000244140625,97.8499984741211,97.89299774169922,0,0.0004597448170766,0.0004597448170766,0.0009075314158928,0.0,98.32404104868571,0.0004597448170766,-0.0027492326751691,-0.0074689585905781,1.0,0.0,14.0,3.0,0.0,1.0,1.0
2025-06-12 15:00:00+00:00,97.96199798583984,98.02799987792969,97.9209976196289,97.93800354003906,0,0.0002449962724733,0.0002449962724733,0.0009096042143689,0.0,98.29737440745036,0.0002449962724733,-0.0006936733071896,-0.0064907345356427,1.0,0.0,15.0,3.0,0.0,1.0,1.0
2025-06-12 16:00:00+00:00,97.94999694824219,98.01200103759766,97.93399810791016,97.96199798583984,0,-0.0001225070725833,0.0001225070725833,0.0009061830382113,0.0,98.26966603597003,-0.0001225070725833,0.0006844264189376,-0.0067434054650186,0.0,0.0,16.0,3.0,0.0,1.0,1.0
2025-06-12 17:00:00+00:00,97.94000244140625,98.03800201416016,97.9280014038086,97.94999694824219,0,-0.0001020368264147,0.0001020368264147,0.0009049166255789,0.0,98.24383290608723,-0.0001020368264147,0.0004290160755946,-0.0062905350298828,0.0,0.0,17.0,3.0,0.0,0.0,1.0
2025-06-12 18:00:00+00:00,97.9209976196289,97.97699737548828,97.90399932861328,97.94000244140625,0,-0.0001940455513946,0.0001940455513946,0.0008806597341064,0.0,98.21424961090088,-0.0001940455513946,0.0020466117504744,-0.0071985390820158,0.0,0.0,18.0,3.0,0.0,0.0,1.0
2025-06-12 19:00:00+00:00,97.92900085449219,97.94599914550781,97.90399932861328,97.9219970703125,0,8.173154949231431e-05,8.173154949231431e-05,0.0008678905520974,0.0,98.18291632334392,8.173154949231431e-05,0.0003677802664494,-0.0076205034730866,1.0,0.0,19.0,3.0,0.0,0.0,1.0
2025-06-12 20:00:00+00:00,97.86699676513672,97.93900299072266,97.85299682617188,97.93000030517578,0,-0.0006331534970687,0.0006331534970687,0.0008701942939308,0.0,98.15058294932048,-0.0006331534970687,-0.0007250175859804,-0.0078667619022942,0.0,0.0,20.0,3.0,0.0,0.0,1.0
2025-06-12 21:00:00+00:00,97.8479995727539,97.87300109863281,97.84300231933594,97.86699676513672,0,-0.0001941123464572,0.0001941123464572,0.0008695704163699,0.0,98.11795806884766,-0.0001941123464572,-0.0011637003677937,-0.007938651717134,0.0,0.0,21.0,3.0,0.0,0.0,0.0
2025-06-12 22:00:00+00:00,97.83599853515625,97.8489990234375,97.83100128173828,97.8479995727539,0,-0.0001226498002009,0.0001226498002009,0.0008700079367552,0.0,98.08679135640462,-0.0001226498002009,-0.0011638429467861,-0.0075874492961476,0.0,0.0,22.0,3.0,0.0,0.0,0.0
2025-06-12 23:00:00+00:00,97.677001953125,97.81199645996094,97.677001953125,97.81199645996094,0,-0.001625133738213,0.001625133738213,0.0008874258067658,0.0,98.0544163386027,-0.001625133738213,-0.0026853224599273,-0.0078920146307938,0.0,1.0,23.0,3.0,0.0,0.0,0.0
2025-06-13 00:00:00+00:00,98.01300048828125,98.18000030517578,97.62100219726562,97.677001953125,0,0.0034398940225202,0.0034398940225202,0.001164246015467,0.0,98.03983306884766,0.0034398940225202,0.0009395622071757,-0.0035582330532121,1.0,1.0,0.0,4.0,0.0,0.0,0.0
2025-06-13 01:00:00+00:00,98.08200073242188,98.1500015258789,97.9990005493164,98.00900268554688,0,0.0007039907338504,0.0007039907338504,0.0011766605707265,0.0,98.02791659037273,0.0007039907338504,0.0015623551409149,-0.0029074037735907,1.0,0.0,1.0,4.0,0.0,0.0,0.0
2025-06-13 02:00:00+00:00,98.08799743652344,98.13800048828125,98.01699829101562,98.08200073242188,0,6.113970001409008e-05,6.113970001409008e-05,0.0011702691522603,0.0,98.01424980163574,6.113970001409008e-05,0.0022581736304536,-0.0033328211720349,1.0,0.0,2.0,4.0,0.0,0.0,0.0
2025-06-13 03:00:00+00:00,98.19999694824219,98.25800323486328,98.08599853515625,98.08799743652344,0,0.0011418268763334,0.0011418268763334,0.0011905121472481,0.0,98.0083745320638,0.0011418268763334,0.0035973895943224,-0.001433852257204,1.0,0.0,3.0,4.0,0.0,0.0,0.0
2025-06-13 04:00:00+00:00,98.3010025024414,98.3550033569336,98.16699981689453,98.19100189208984,0,0.0010285698303276,0.0010285698303276,0.001208629868352,0.0,98.00529130299886,0.0010285698303276,0.0047528923325503,-0.0007521981962753,1.0,0.0,4.0,4.0,0.0,0.0,1.0
2025-06-13 05:00:00+00:00,98.25199890136719,98.39399719238281,98.20800018310547,98.3010025024414,0,-0.0004985056085567,0.0004985056085567,0.0011924951878005,0.0,98.0045830408732,-0.0004985056085567,0.0058867178224626,-0.00017297714947,0.0,0.0,5.0,4.0,0.0,0.0,1.0
2025-06-13 06:00:00+00:00,98.20700073242188,98.31300354003906,98.14199829101562,98.25499725341797,0,-0.0004579873127109,0.0004579873127109,0.0011893476909878,0.0,97.99966653188068,-0.0004579873127109,0.0019793317536873,-0.0012000632543363,0.0,0.0,6.0,4.0,0.0,0.0,1.0
2025-06-13 07:00:00+00:00,98.21900177001953,98.2229995727539,98.08300018310547,98.20600128173828,0,0.0001222014470267,0.0001222014470267,0.001188408785648,0.0,97.99429162343344,0.0001222014470267,0.0013968010091005,-0.0013116464320044,1.0,0.0,7.0,4.0,0.0,0.0,1.0
2025-06-13 08:00:00+00:00,98.25299835205078,98.28399658203125,98.13800048828125,98.22000122070312,0,0.0003461303965484,0.0003461303965484,0.0011541485071914,0.0,97.99616654713948,0.0003461303965484,0.0016821723334103,0.0004581924981814,1.0,0.0,8.0,4.0,0.0,0.0,1.0
2025-06-13 09:00:00+00:00,98.34500122070312,98.37200164794922,98.22000122070312,98.25399780273438,0,0.0009363873896517,0.0009363873896517,0.0010995205966392,0.0,98.00929164886476,0.0009363873896517,0.001476621965043,0.0032133269950909,1.0,0.0,9.0,4.0,0.0,1.0,1.0
2025-06-13 10:00:00+00:00,98.48600006103516,98.58599853515625,98.28500366210938,98.34500122070312,0,0.0014337163921083,0.0014337163921083,0.0010727185708708,0.0,98.0344165166219,0.0014337163921083,0.0018819498670845,0.0061603833785628,1.0,1.0,10.0,4.0,0.0,1.0,1.0
2025-06-13 11:00:00+00:00,98.4209976196289,98.58000183105469,98.41799926757812,98.48600006103516,0,-0.0006600170721317,0.0006600170721317,0.001088845152404,0.0,98.0562079747518,-0.0006600170721317,0.0017200537409052,0.0053422437751169,0.0,0.0,11.0,4.0,0.0,1.0,1.0
2025-06-13 12:00:00+00:00,98.4010009765625,98.44200134277344,98.35299682617188,98.4209976196289,0,-0.0002031745618317,0.0002031745618317,0.0010047492303257,0.0,98.08454132080078,-0.0002031745618317,0.0019754217387129,0.0069585892541406,0.0,0.0,12.0,4.0,0.0,1.0,1.0
2025-06-13 13:00:00+00:00,98.34400177001953,98.51799774169922,98.31600189208984,98.4010009765625,0,-0.0005792543366154,0.0005792543366154,0.0009687038576388,0.0,98.10333315531412,-0.0005792543366154,0.0012726661618154,0.0046071122421884,0.0,0.0,13.0,4.0,0.0,1.0,1.0
2025-06-13 14:00:00+00:00,98.18199920654297,98.35099792480469,98.18099975585938,98.34500122070312,0,-0.0016473049760107,0.0016473049760107,0.0010364913828119,0.0,98.11349964141846,-0.0016473049760107,-0.0007226155608341,0.0024913277551563,0.0,1.0,14.0,4.0,0.0,1.0,1.0
2025-06-13 15:00:00+00:00,98.08399963378906,98.22000122070312,98.00399780273438,98.18099975585938,0,-0.000998141956223,0.000998141956223,0.001059945929069,0.0,98.11858304341634,-0.000998141956223,-0.0026539385192373,0.0012453977099042,0.0,0.0,15.0,4.0,0.0,1.0,1.0
2025-06-13 16:00:00+00:00,98.08899688720703,98.10199737548828,98.01200103759766,98.08399963378906,0,5.094871168198623e-05,5.094871168198623e-05,0.0010592926289173,0.0,98.12437470753989,5.094871168198623e-05,-0.0040310620147238,0.0014190907942375,1.0,0.0,16.0,4.0,0.0,1.0,1.0
2025-06-13 17:00:00+00:00,98.14099884033203,98.2249984741211,98.08699798583984,98.08999633789062,0,0.0005301507281678,0.0005301507281678,0.0010629517236746,0.0,98.13274955749512,0.0005301507281678,-0.0028449089733777,0.0020522400849032,1.0,0.0,17.0,4.0,0.0,0.0,1.0
2025-06-13 18:00:00+00:00,98.18399810791016,98.23200225830078,98.125,98.14099884033203,0,0.0004381376599609,0.0004381376599609,0.0010635439386492,0.0,98.14370791117352,0.0004381376599609,-0.0022052912724336,0.0026858436359367,1.0,0.0,18.0,4.0,0.0,0.0,1.0
2025-06-13 19:00:00+00:00,98.125,98.20700073242188,98.11199951171875,98.18499755859375,0,-0.0006008933130356,0.0006008933130356,0.001073478634568,0.0,98.15187454223631,-0.0006008933130356,-0.0022268950426856,0.0020014412870303,0.0,0.0,19.0,4.0,0.0,0.0,1.0
2025-06-13 20:00:00+00:00,98.13800048828125,98.21399688720703,98.12200164794922,98.1240005493164,0,0.0001324890525478,0.0001324890525478,0.0010625649809314,0.0,98.163166364034,0.0001324890525478,-0.0004481342671497,0.0027691022724942,1.0,0.0,20.0,4.0,0.0,0.0,1.0
2025-06-15 22:00:00+00:00,98.2300033569336,98.34100341796875,98.18599700927734,98.26100158691406,0,0.0009374846460554,0.0009374846460554,0.0010732692806456,0.0,98.17908318837485,0.0009374846460554,0.0014885580083363,0.003904053080775,1.0,0.0,22.0,6.0,1.0,0.0,0.0
2025-06-15 23:00:00+00:00,98.27200317382812,98.34400177001953,98.2239990234375,98.2300033569336,0,0.0004275660741037,0.0004275660741037,0.0010727805528606,0.0,98.1972500483195,0.0004275660741037,0.0018657167717959,0.0044564847826968,1.0,0.0,23.0,6.0,1.0,0.0,0.0
2025-06-16 00:00:00+00:00,98.27200317382812,98.31400299072266,98.2030029296875,98.26599884033203,0,0.0,0.0,0.0010024880976407,0.0,98.2220417658488,0.0,0.0013348583674925,0.0060915180524139,0.0,0.0,0.0,0.0,0.0,0.0,0.0
2025-06-16 01:00:00+00:00,98.29100036621094,98.29399871826172,98.19599914550781,98.27200317382812,0,0.0001933123551904,0.0001933123551904,0.000737984864079,0.0,98.23362509409588,0.0001933123551904,0.0010898136189481,0.002836357182667,1.0,0.0,1.0,0.0,0.0,0.0,0.0
2025-06-16 02:00:00+00:00,98.31600189208984,98.33100128173828,98.26300048828125,98.29100036621094,0,0.0002543623097308,0.0002543623097308,0.0007281106554436,0.0,98.24337514241536,0.0002543623097308,0.0019465160977309,0.0023857706604737,1.0,0.0,2.0,0.0,0.0,0.0,0.0
2025-06-16 03:00:00+00:00,98.35299682617188,98.36499786376953,98.27899932861328,98.31500244140625,0,0.0003762859897682,0.0003762859897682,0.0007302265464831,0.0,98.25441678365073,0.0003762859897682,0.002190755230603,0.0027016495042619,1.0,0.0,3.0,0.0,0.0,0.0,0.0
2025-06-16 04:00:00+00:00,98.27999877929688,98.35299682617188,98.26899719238281,98.35299682617188,0,-0.0007422046021029,0.0007422046021029,0.000715908952868,0.0,98.257750193278,-0.0007422046021029,0.000508962848974,0.000814682622616,0.0,1.0,4.0,0.0,0.0,0.0,1.0
2025-06-16 05:00:00+00:00,98.0989990234375,98.27899932861328,98.06300354003906,98.27899932861328,0,-0.0018416743804182,0.0018416743804182,0.0007794878718928,0.0,98.24933338165285,-0.0018416743804182,-0.001760462235461,-0.002054948310409,0.0,1.0,5.0,0.0,0.0,0.0,1.0
2025-06-16 06:00:00+00:00,98.02100372314453,98.22699737548828,97.9990005493164,98.0999984741211,0,-0.0007950672389056,0.0007950672389056,0.0007886181688842,0.0,98.23970858256024,-0.0007950672389056,-0.0025541297885178,-0.0023510481293571,0.0,1.0,6.0,0.0,0.0,0.0,1.0
2025-06-16 07:00:00+00:00,97.98600006103516,98.0739974975586,97.93599700927734,98.02100372314453,0,-0.0003571036898197,0.0003571036898197,0.0007868816308482,0.0,98.23050022125244,-0.0003571036898197,-0.0031030338895668,-0.0022503555728055,0.0,0.0,7.0,0.0,0.0,0.0,1.0
2025-06-16 08:00:00+00:00,97.99500274658203,98.0260009765625,97.94599914550781,97.98799896240234,0,9.187726349946246e-05,9.187726349946246e-05,0.0007865443745076,0.0,98.2211669286092,9.187726349946246e-05,-0.0032649735478476,-0.0022806078192689,1.0,0.0,8.0,0.0,0.0,0.0,1.0
2025-06-16 09:00:00+00:00,97.93399810791016,98.01000213623047,97.93199920654297,97.99500274658203,0,-0.0006225280571666,0.0006225280571666,0.0007877848737389,0.0,98.20787525177002,-0.0006225280571666,-0.0042601520216232,-0.0032467227411993,0.0,0.0,9.0,0.0,0.0,1.0,1.0
2025-06-16 10:00:00+00:00,97.98100280761719,98.01000213623047,97.9209976196289,97.93399810791016,0,0.0004799630426119,0.0004799630426119,0.0007659994023884,0.0,98.19270865122478,0.0004799630426119,-0.0030422870919151,-0.003701239601076,1.0,0.0,10.0,0.0,0.0,1.0,1.0
2025-06-16 11:00:00+00:00,98.00299835205078,98.0270004272461,97.92400360107422,97.9800033569336,0,0.0002244878476778,0.0002244878476778,0.0006933328253318,0.0,98.17258358001708,0.0002244878476778,-0.0009786101014525,-0.0049042676998257,1.0,0.0,11.0,0.0,0.0,1.0,1.0
2025-06-16 12:00:00+00:00,97.93499755859375,98.02999877929688,97.93199920654297,98.00299835205078,0,-0.0006938644184411,0.0006938644184411,0.0006943331760832,0.0,98.15233357747395,-0.0006938644184411,-0.0008774258708236,-0.0049379712946359,0.0,0.0,12.0,0.0,0.0,1.0,1.0
2025-06-16 13:00:00+00:00,97.77799987792969,97.93499755859375,97.75900268554688,97.93499755859375,0,-0.0016030804572199,0.0016030804572199,0.0007506061314311,0.0,98.12637519836426,-0.0016030804572199,-0.0021227540972782,-0.0063312475731949,0.0,1.0,13.0,0.0,0.0,1.0,1.0
2025-06-16 14:00:00+00:00,97.8759994506836,97.88899993896484,97.68499755859375,97.77799987792969,0,0.0010022660810842,0.0010022660810842,0.0007901378165723,0.0,98.10687510172528,0.0010022660810842,-0.0012143812700957,-0.0047588293227112,1.0,1.0,14.0,0.0,0.0,1.0,1.0
2025-06-16 15:00:00+00:00,97.94599914550781,97.95700073242188,97.8550033569336,97.87699890136719,0,0.0007151875354232,0.0007151875354232,0.0007478157027519,0.0,98.0970417658488,0.0007151875354232,0.0001225420980406,-0.0024036998934875,1.0,0.0,15.0,0.0,0.0,1.0,1.0
2025-06-16 16:00:00+00:00,97.91899871826172,97.95999908447266,97.90799713134766,97.94599914550781,0,-0.0002756664639868,0.0002756664639868,0.0007242598850947,0.0,98.09016672770184,-0.0002756664639868,-0.0006328174603112,-0.0016822408970209,0.0,0.0,16.0,0.0,0.0,1.0,1.0
2025-06-16 17:00:00+00:00,97.98100280761719,98.01100158691406,97.91100311279297,97.91899871826172,0,0.0006332181718264,0.0006332181718264,0.0007381041274363,0.0,98.08566697438556,0.0006332181718264,-0.0002244374641945,-0.0011009805688402,1.0,0.0,17.0,0.0,0.0,0.0,1.0
2025-06-16 18:00:00+00:00,97.99800109863281,98.01899719238281,97.9749984741211,97.98100280761719,0,0.0001734855791279,0.0001734855791279,0.0007295480963443,0.0,98.07970873514812,0.0001734855791279,0.0006433199735504,-0.0014570642584539,1.0,0.0,18.0,0.0,0.0,0.0,1.0
2025-06-16 19:00:00+00:00,98.19400024414062,98.19599914550781,97.99800109863281,97.99800109863281,0,0.0020000320752515,0.0020000320752515,0.0008376216571229,0.0,98.0801254908244,0.0020000320752515,0.004254539535788,0.0001018713479101,1.0,1.0,19.0,0.0,0.0,0.0,1.0
2025-06-16 20:00:00+00:00,98.14299774169922,98.1969985961914,98.12200164794922,98.19400024414062,0,-0.0005194054862271,0.0005194054862271,0.0008352223605439,0.0,98.08087539672852,-0.0005194054862271,0.0027279240315718,0.0001834164759155,0.0,0.0,20.0,0.0,0.0,0.0,1.0
2025-06-16 21:00:00+00:00,98.12899780273438,98.14299774169922,98.10700225830078,98.14299774169922,0,-0.0001426483731594,0.0001426483731594,0.0008353272464127,0.0,98.08050028483072,-0.0001426483731594,0.0018683627593067,-9.1734959975609e-05,0.0,0.0,21.0,0.0,0.0,0.0,0.0
2025-06-16 22:00:00+00:00,98.13999938964844,98.15399932861328,98.12799835205078,98.12799835205078,0,0.0001121135154786,0.0001121135154786,0.0008115550328396,0.0,98.07675011952718,0.0001121135154786,0.0022569743796359,-0.0009162573980386,1.0,0.0,22.0,0.0,0.0,0.0,0.0
2025-06-16 23:00:00+00:00,98.18199920654297,98.21399688720703,98.16699981689453,98.19400024414062,0,0.000427958193965,0.000427958193965,0.0008115648145256,0.0,98.07299995422365,0.000427958193965,0.0020513813205242,-0.0009158658048921,1.0,0.0,23.0,0.0,0.0,0.0,0.0
2025-06-17 00:00:00+00:00,98.24400329589844,98.2770004272461,98.17900085449219,98.18199920654297,0,0.0006315219679426,0.0006315219679426,0.0008230031287311,0.0,98.07183329264323,0.0006315219679426,0.0025102777047261,-0.0002849222263248,1.0,0.0,0.0,1.0,0.0,0.0,0.0
2025-06-17 01:00:00+00:00,98.1989974975586,98.24400329589844,98.15599822998047,98.24400329589844,0,-0.0004581022436992,0.0004581022436992,0.0008266865884396,0.0,98.06799983978271,-0.0004581022436992,5.089163702010069e-05,-0.0009360253564371,0.0,0.0,1.0,1.0,0.0,0.0,0.0
2025-06-17 02:00:00+00:00,98.18000030517578,98.26399993896484,98.1709976196289,98.1989974975586,0,-0.0001934560725356,0.0001934560725356,0.0008248362811398,0.0,98.06233310699464,-0.0001934560725356,0.000377027035326,-0.0013833107967849,0.0,0.0,2.0,1.0,0.0,0.0,0.0
2025-06-17 03:00:00+00:00,98.13899993896484,98.2020034790039,98.12300109863281,98.17900085449219,0,-0.0004176040546292,0.0004176040546292,0.0008226057253851,0.0,98.05341657002766,-0.0004176040546292,0.0001019284457646,-0.0021758044402576,0.0,0.0,3.0,1.0,0.0,0.0,0.0
2025-06-17 04:00:00+00:00,98.12799835205078,98.13899993896484,98.0739974975586,98.12999725341797,0,-0.0001121020890869,0.0001121020890869,0.0008108706925496,0.0,98.0470832188924,-0.0001121020890869,-0.0001222848754054,-0.0015466059130447,0.0,0.0,4.0,1.0,0.0,0.0,1.0
2025-06-17 05:00:00+00:00,98.15799713134766,98.19400024414062,98.0979995727539,98.12799835205078,0,0.0003057107023547,0.0003057107023547,0.000719538904426,0.0,98.04954147338869,0.0003057107023547,-0.0002444651299554,0.0006014139644388,1.0,0.0,5.0,1.0,0.0,0.0,1.0
2025-06-17 06:00:00+00:00,98.15499877929688,98.2030029296875,98.06900024414062,98.15799713134766,0,-3.054618205755588e-05,3.054618205755588e-05,0.0006982492505921,0.0,98.05512460072836,-3.054618205755588e-05,-0.0009059536828267,0.0013670035100925,0.0,0.0,6.0,1.0,0.0,0.0,1.0
2025-06-17 07:00:00+00:00,98.13800048828125,98.23899841308594,98.09100341796875,98.15799713134766,0,-0.0001731780472418,0.0001731780472418,0.0006945042015314,0.0,98.0614579518636,-0.0001731780472418,-0.0006211571485631,0.0015512463734759,0.0,0.0,7.0,1.0,0.0,0.0,1.0
2025-06-17 08:00:00+00:00,98.21800231933594,98.22200012207031,98.12999725341797,98.13800048828125,0,0.0008151972799184,0.0008151972799184,0.0007112226671571,0.0,98.07074960072836,0.0008151972799184,0.0003870647182933,0.0022756218838075,1.0,1.0,8.0,1.0,0.0,0.0,1.0
2025-06-17 09:00:00+00:00,98.19300079345703,98.23799896240234,98.16400146484375,98.21800231933594,0,-0.0002545513580862,0.0002545513580862,0.0006989431857626,0.0,98.0815413792928,-0.0002545513580862,0.0005502486730635,0.0026446656988463,0.0,0.0,9.0,1.0,0.0,1.0,1.0
2025-06-17 10:00:00+00:00,98.09600067138672,98.197998046875,98.09400177001953,98.19100189208984,0,-0.0009878516929566,0.0009878516929566,0.0007287714629609,0.0,98.08633295694987,-0.0009878516929566,-0.0003260810492563,0.0011736751051152,0.0,1.0,10.0,1.0,0.0,1.0,1.0
2025-06-17 11:00:00+00:00,98.12300109863281,98.1520004272461,98.03700256347656,98.09600067138672,0,0.0002752449341594,0.0002752449341594,0.0007293758700402,0.0,98.0913330713908,0.0002752449341594,-0.0003565275753132,0.0012244803587635,1.0,0.0,11.0,1.0,0.0,1.0,1.0
2025-06-17 12:00:00+00:00,98.24299621582031,98.25199890136719,98.02200317382812,98.12300109863281,0,0.0012229050869212,0.0012229050869212,0.0007489199927568,0.0,98.10416634877522,0.0012229050869212,0.0008965150793929,0.0031449294420238,1.0,1.0,12.0,1.0,0.0,1.0,1.0
2025-06-17 13:00:00+00:00,98.2030029296875,98.24099731445312,98.10800170898438,98.24099731445312,0,-0.0004070853666245,0.0004070853666245,0.0006634200994997,0.0,98.12187480926514,-0.0004070853666245,0.0006623575076201,0.0043466122470126,0.0,0.0,13.0,1.0,0.0,1.0,1.0
2025-06-17 14:00:00+00:00,98.43499755859375,98.53600311279297,98.19000244140625,98.2040023803711,0,0.002362398521279,0.002362398521279,0.0007838033481968,0.0,98.14516639709473,0.002362398521279,0.0022093224677111,0.0057112888864221,1.0,1.0,14.0,1.0,0.0,1.0,1.0
2025-06-17 15:00:00+00:00,98.3740005493164,98.48100280761719,98.36499786376953,98.43499755859375,0,-0.0006196679107045,0.0006196679107045,0.000795711707724,0.0,98.16299978892008,-0.0006196679107045,0.0018433060849225,0.0043697691334259,0.0,0.0,15.0,1.0,0.0,1.0,1.0
2025-06-17 16:00:00+00:00,98.61599731445312,98.64099884033203,98.3290023803711,98.37300109863281,0,0.0024599666963365,0.0024599666963365,0.0009143894421414,0.0,98.19204139709473,0.0024599666963365,0.0053008954443347,0.0071181140056062,1.0,1.0,16.0,1.0,0.0,1.0,1.0
2025-06-17 17:00:00+00:00,98.73899841308594,98.79100036621094,98.5739974975586,98.61599731445312,0,0.0012472732820478,0.0012472732820478,0.0009326447154057,0.0,98.2236245473226,0.0012472732820478,0.0062778075227634,0.0077361486793214,1.0,1.0,17.0,1.0,0.0,0.0,1.0
2025-06-17 18:00:00+00:00,98.81999969482422,98.84100341796875,98.71700286865234,98.73899841308594,0,0.0008203575389675,0.0008203575389675,0.0009375136057698,0.0,98.25787448883057,0.0008203575389675,0.005873227621604,0.0083879118653051,1.0,0.0,18.0,1.0,0.0,0.0,1.0
2025-06-17 19:00:00+00:00,98.78099822998047,98.83399963378906,98.74500274658203,98.82099914550781,0,-0.0003946717766059,0.0003946717766059,0.0008797561576498,0.0,98.28233273824056,-0.0003946717766059,0.0058857192046031,0.0059779414666922,0.0,0.0,19.0,1.0,0.0,0.0,1.0
2025-06-17 20:00:00+00:00,98.83000183105469,98.87000274658203,98.7770004272461,98.77999877929688,0,0.0004960832746407,0.0004960832746407,0.0008655104801793,0.0,98.31095790863036,0.0004960832746407,0.0040128438284952,0.007000031639176,1.0,0.0,20.0,1.0,0.0,0.0,1.0
2025-06-17 21:00:00+00:00,98.81400299072266,98.83100128173828,98.7760009765625,98.8290023803711,0,-0.0001618824247254,0.0001618824247254,0.0008659383247786,0.0,98.3394997914632,-0.0001618824247254,0.0044727513260545,0.0069806601853341,0.0,0.0,21.0,1.0,0.0,0.0,0.0
2025-06-17 22:00:00+00:00,98.81999969482422,98.82499694824219,98.81400299072266,98.81800079345703,0,6.068678446435882e-05,6.068678446435882e-05,0.0008664617655369,0.0,98.3678331375122,6.068678446435882e-05,0.0020686540310554,0.0069288802670148,1.0,0.0,22.0,1.0,0.0,0.0,0.0
2025-06-17 23:00:00+00:00,98.83300018310547,98.86499786376953,98.8270034790039,98.86499786376953,0,0.0001315572588687,0.0001315572588687,0.00086649412585,0.0,98.39495817820232,0.0001315572588687,0.0009520227218253,0.006630553276808,1.0,0.0,23.0,1.0,0.0,0.0,0.0
2025-06-18 00:00:00+00:00,98.76699829101562,98.83999633789062,98.7249984741211,98.83799743652344,0,-0.0006678122890892,0.0006678122890892,0.0008837196892475,0.0,98.4167496363322,-0.0006678122890892,-0.0005363428857748,0.0053234291923345,0.0,0.0,0.0,2.0,0.0,0.0,0.0
2025-06-18 01:00:00+00:00,98.72100067138672,98.78199768066406,98.7020034790039,98.76699829101562,0,-0.0004657185135198,0.0004657185135198,0.0008839757209663,0.0,98.43849976857504,-0.0004657185135198,-0.0006073795534446,0.0053157688686291,0.0,0.0,1.0,2.0,0.0,0.0,0.0
2025-06-18 02:00:00+00:00,98.70999908447266,98.75299835205078,98.69100189208984,98.72100067138672,0,-0.0001114412013577,0.0001114412013577,0.0008824598575375,0.0,98.46058305104572,-0.0001114412013577,-0.0012142339811667,0.0053982356656088,0.0,0.0,2.0,2.0,0.0,0.0,0.0
2025-06-18 03:00:00+00:00,98.68800354003906,98.71800231933594,98.65399932861328,98.70999908447266,0,-0.0002228299527666,0.0002228299527666,0.0008771756666563,0.0,98.4834582010905,-0.0002228299527666,-0.0012751173605973,0.0055941430156782,0.0,0.0,3.0,2.0,0.0,0.0,0.0
2025-06-18 04:00:00+00:00,98.64099884033203,98.71199798583984,98.62100219726562,98.68900299072266,0,-0.0004762959835129,0.0004762959835129,0.0008865029767281,0.0,98.50483322143556,-0.0004762959835129,-0.0018113828682956,0.0052278707086306,0.0,0.0,4.0,2.0,0.0,0.0,1.0
2025-06-18 05:00:00+00:00,98.64600372314453,98.67400360107422,98.61799621582031,98.64099884033203,0,5.07383630674596e-05,5.07383630674596e-05,0.0008869295948155,0.0,98.52516682942708,5.07383630674596e-05,-0.0018920447584763,0.0049716437382463,1.0,0.0,5.0,2.0,0.0,0.0,1.0
2025-06-18 06:00:00+00:00,98.58799743652344,98.66999816894531,98.55999755859375,98.64600372314453,0,-0.0005880246987388,0.0005880246987388,0.0009006167445549,0.0,98.54320844014484,-0.0005880246987388,-0.0018123549119591,0.004411376522964,0.0,0.0,6.0,2.0,0.0,0.0,1.0
2025-06-18 07:00:00+00:00,98.5989990234375,98.61399841308594,98.50900268554688,98.58799743652344,0,0.0001115915446112,0.0001115915446112,0.0008975798162137,0.0,98.56241671244304,0.0001115915446112,-0.0012358226427964,0.0046974518826812,1.0,0.0,7.0,2.0,0.0,0.0,1.0
2025-06-18 08:00:00+00:00,98.6719970703125,98.71099853515625,98.5770034790039,98.5989990234375,0,0.0007403528189737,0.0007403528189737,0.0008954612989679,0.0,98.5813331604004,0.0007403528189737,-0.0003849864705969,0.0046223170931587,1.0,0.0,8.0,2.0,0.0,0.0,1.0
2025-06-18 09:00:00+00:00,98.65899658203125,98.6989974975586,98.61399841308594,98.6709976196289,0,-0.0001317545875957,0.0001317545875957,0.0008931433465537,0.0,98.600749651591,-0.0001317545875957,-0.0002939258771816,0.0047457128798253,0.0,0.0,9.0,2.0,0.0,1.0,1.0
2025-06-18 10:00:00+00:00,98.71800231933594,98.72899627685547,98.61399841308594,98.65899658203125,0,0.0005980776142966,0.0005980776142966,0.0008596580807713,0.0,98.6266663869222,0.0005980776142966,0.0007806437476221,0.0063407442066152,1.0,0.0,10.0,2.0,0.0,1.0,1.0
2025-06-18 11:00:00+00:00,98.63600158691406,98.73300170898438,98.62999725341797,98.71800231933594,0,-0.0008306563189621,0.0008306563189621,0.0008881812112593,0.0,98.64804140726726,-0.0008306563189621,-0.0001013942364916,0.0052281369560394,0.0,0.0,11.0,2.0,0.0,1.0,1.0
2025-06-18 12:00:00+00:00,98.6449966430664,98.68000030517578,98.56300354003906,98.63600158691406,0,9.119445240712842e-05,9.119445240712842e-05,0.0008621523716338,0.0,98.66479142506915,9.119445240712842e-05,0.000578155637857,0.0040918990943943,1.0,0.0,12.0,2.0,0.0,1.0,1.0
2025-06-18 13:00:00+00:00,98.76000213623047,98.76000213623047,98.62100219726562,98.6449966430664,0,0.0011658522690227,0.0011658522690227,0.0008760094672209,0.0,98.6879997253418,0.0011658522690227,0.0016329081875841,0.0056719162339848,1.0,1.0,13.0,2.0,0.0,1.0,1.0
2025-06-18 14:00:00+00:00,98.66100311279297,98.78700256347656,98.53600311279297,98.76100158691406,0,-0.0010024202237353,0.0010024202237353,0.0007854873519471,0.0,98.69741662343344,-0.0010024202237353,-0.0001114192257778,0.0022959878072297,0.0,1.0,14.0,2.0,0.0,1.0,1.0
2025-06-18 15:00:00+00:00,98.55699920654297,98.6729965209961,98.50800323486328,98.6729965209961,0,-0.0010541541538058,0.0010541541538058,0.0008073968449772,0.0,98.70504156748454,-0.0010541541538058,-0.0010338375517885,0.0018602339663398,0.0,1.0,15.0,2.0,0.0,1.0,1.0
2025-06-18 16:00:00+00:00,98.66999816894531,98.67900085449219,98.51699829101562,98.55799865722656,0,0.0011465341204792,0.0011465341204792,0.0006720809237542,0.0,98.70729160308838,0.0011465341204792,-0.0004862755451162,0.000547587166005,1.0,1.0,16.0,2.0,0.0,1.0,1.0
2025-06-18 17:00:00+00:00,98.70600128173828,98.78800201416016,98.62899780273438,98.66999816894531,0,0.0003648840930483,0.0003648840930483,0.0006246591443626,0.0,98.70591672261556,0.0003648840930483,0.0007096769303096,-0.0003341853966313,1.0,0.0,17.0,2.0,0.0,0.0,1.0
2025-06-18 18:00:00+00:00,98.90499877929688,98.91300201416016,98.48300170898438,98.70600128173828,0,0.0020160628024084,0.0020160628024084,0.0007324582401489,0.0,98.70945835113524,0.0020160628024084,0.0026357356691009,0.0008601405053141,1.0,1.0,18.0,2.0,0.0,0.0,1.0
2025-06-18 19:00:00+00:00,98.92400360107422,99.01000213623047,98.82599639892578,98.90399932861328,0,0.0001921522876691,0.0001921522876691,0.0007272296477797,0.0,98.71541690826416,0.0001921522876691,0.0016606061289623,0.0014477012143652,1.0,0.0,19.0,2.0,0.0,0.0,1.0
2025-06-18 20:00:00+00:00,98.8759994506836,98.94599914550781,98.85399627685547,98.92500305175781,0,-0.0004852629154012,0.0004852629154012,0.0007292613700156,0.0,98.7173334757487,-0.0004852629154012,0.0021791420227588,0.0004654216207293,0.0,0.0,20.0,2.0,0.0,0.0,1.0
2025-06-18 21:00:00+00:00,98.8550033569336,98.8949966430664,98.8550033569336,98.875,0,-0.0002123477271193,0.0002123477271193,0.0007298800214967,0.0,98.71904182434082,-0.0002123477271193,0.0030236731311807,0.0004149246561218,0.0,0.0,21.0,2.0,0.0,0.0,0.0
2025-06-18 22:00:00+00:00,98.8499984741211,98.87100219726562,98.8499984741211,98.8550033569336,0,-5.062852301396248e-05,5.062852301396248e-05,0.0007299476012741,0.0,98.7202917734782,-5.062852301396248e-05,0.0018242658205747,0.0003035699189386,0.0,0.0,22.0,2.0,0.0,0.0,0.0
2025-06-18 23:00:00+00:00,98.89399719238281,98.91000366210938,98.87000274658203,98.87899780273438,0,0.0004451059073433,0.0004451059073433,0.0007349523862111,0.0,98.72283331553142,0.0004451059073433,0.0019046046664166,0.0006171724946559,1.0,0.0,23.0,2.0,0.0,0.0,0.0
2025-06-19 00:00:00+00:00,98.86499786376953,98.90499877929688,98.8499984741211,98.89399719238281,0,-0.0002932364899445,0.0002932364899445,0.000723466310171,0.0,98.72691663106282,-0.0002932364899445,-0.0004044377536124,0.000992229939652,0.0,0.0,0.0,3.0,0.0,0.0,0.0
2025-06-19 01:00:00+00:00,99.0719985961914,99.07499694824219,98.85700225830078,98.86399841308594,0,0.002093771677486,0.002093771677486,0.0008267140943309,0.0,98.74154154459636,0.002093771677486,0.0014960473669667,0.0035554534741097,1.0,1.0,1.0,3.0,0.0,0.0,0.0
2025-06-19 02:00:00+00:00,99.06400299072266,99.0979995727539,99.03500366210938,99.0719985961914,0,-8.07049982037844e-05,8.07049982037844e-05,0.000826318073478,0.0,98.75629170735677,-8.07049982037844e-05,0.0019014072280789,0.0035863023962452,0.0,0.0,2.0,3.0,0.0,0.0,0.0
2025-06-19 03:00:00+00:00,98.97599792480469,99.0739974975586,98.96299743652344,99.06400299072266,0,-0.0008883657358991,0.0008883657358991,0.000850179415088,0.0,98.76829147338869,-0.0008883657358991,0.0012239599793872,0.0029182309342066,0.0,1.0,3.0,3.0,0.0,0.0,0.0
2025-06-19 04:00:00+00:00,98.95500183105469,98.9990005493164,98.95500183105469,98.9800033569336,0,-0.0002121331857239,0.0002121331857239,0.0008437859047835,0.0,98.78137493133544,-0.0002121331857239,0.0010622494542686,0.003183290867025,0.0,0.0,4.0,3.0,0.0,0.0,1.0
2025-06-19 05:00:00+00:00,99.05599975585938,99.10700225830078,98.9540023803711,98.9540023803711,0,0.0010206449692873,0.0010206449692873,0.0008627005420687,0.0,98.79845809936523,0.0010206449692873,0.0016381435484038,0.0041562356024631,1.0,1.0,5.0,3.0,0.0,0.0,1.0
2025-06-19 06:00:00+00:00,99.00700378417969,99.15699768066406,99.00299835205078,99.05599975585938,0,-0.0004946290159146,0.0004946290159146,0.0008593215814646,0.0,98.81591669718424,-0.0004946290159146,0.0014363619428368,0.0042500746394207,0.0,0.0,6.0,3.0,0.0,0.0,1.0
2025-06-19 07:00:00+00:00,99.04299926757812,99.05400085449219,98.94100189208984,99.00700378417969,0,0.0003635650208837,0.0003635650208837,0.0008600256468985,0.0,98.83441670735677,0.0003635650208837,-0.0002927096356608,0.004503090787312,1.0,0.0,7.0,3.0,0.0,0.0,1.0
2025-06-19 08:00:00+00:00,98.89900207519531,99.07599639892578,98.88800048828125,99.04299926757812,0,-0.0014538856198587,0.0014538856198587,0.0009136656114092,0.0,98.84387524922688,-0.0014538856198587,-0.0016655991131591,0.0023006021122795,0.0,1.0,8.0,3.0,0.0,0.0,1.0
2025-06-19 09:00:00+00:00,98.93800354003906,98.96900177001953,98.87999725341797,98.9000015258789,0,0.0003943565053781,0.0003943565053781,0.0009142709673166,0.0,98.85550053914388,0.0003943565053781,-0.0003838747328871,0.0028279930637225,1.0,0.0,9.0,3.0,0.0,1.0,1.0
2025-06-19 10:00:00+00:00,98.9729995727539,98.98799896240234,98.89900207519531,98.93800354003906,0,0.0003537167869036,0.0003537167869036,0.0009100439143609,0.0,98.86612542470296,0.0003537167869036,0.0001818780391711,0.0025830876580452,1.0,0.0,10.0,3.0,0.0,1.0,1.0
2025-06-19 11:00:00+00:00,98.90499877929688,99.02899932861328,98.86499786376953,98.9729995727539,0,-0.0006870640856655,0.0006870640856655,0.0009040575520671,0.0,98.87733364105225,-0.0006870640856655,-0.0015244001063505,0.002727170485979,0.0,0.0,11.0,3.0,0.0,1.0,1.0
2025-06-19 12:00:00+00:00,98.93099975585938,98.99600219726562,98.87100219726562,98.90599822998047,0,0.0002628883967787,0.0002628883967787,0.0009045494555942,0.0,98.88925043741862,0.0002628883967787,-0.0007676631492251,0.002899316970204,1.0,0.0,12.0,3.0,0.0,1.0,1.0
2025-06-19 13:00:00+00:00,98.95099639892578,98.97699737548828,98.8740005493164,98.93099975585938,0,0.0002021271706114,0.0002021271706114,0.0008771259059837,0.0,98.8972085316976,0.0002021271706114,-0.0009289184428248,0.0019339232337385,1.0,0.0,13.0,3.0,0.0,1.0,1.0
2025-06-19 14:00:00+00:00,99.02100372314453,99.06400299072266,98.90299987792969,98.9489974975586,0,0.000707494889051,0.000707494889051,0.0008544601263176,0.0,98.9122085571289,0.000707494889051,0.001233598371968,0.003648864282679,1.0,0.0,14.0,3.0,0.0,1.0,1.0
2025-06-19 15:00:00+00:00,99.05899810791016,99.06300354003906,98.99600219726562,99.02100372314453,0,0.0003837002589051,0.0003837002589051,0.0008157348347278,0.0,98.9331251780192,0.0003837002589051,0.0012229331858524,0.0050934880871846,1.0,0.0,15.0,3.0,0.0,1.0,1.0
2025-06-19 16:00:00+00:00,99.08699798583984,99.10099792480469,99.05699920654297,99.05899810791016,0,0.0002826586020907,0.0002826586020907,0.0007914030935203,0.0,98.95050017038982,0.0002826586020907,0.0011518132579395,0.004226206796726,1.0,0.0,16.0,3.0,0.0,1.0,1.0
2025-06-19 17:00:00+00:00,98.90899658203125,99.09400177001953,98.88200378417969,99.08699798583984,0,-0.001796415346381,0.001796415346381,0.000886262344948,0.0,98.95895830790202,-0.001796415346381,4.042063377696081e-05,0.0020565649267216,0.0,1.0,17.0,3.0,0.0,0.0,1.0
2025-06-19 18:00:00+00:00,98.86299896240234,98.92500305175781,98.84300231933594,98.91000366210938,0,-0.000465049906666,0.000465049906666,0.0007909138919977,0.0,98.95720831553142,-0.000465049906666,-0.0006873557694235,-0.000424648070501,0.0,0.0,18.0,3.0,0.0,0.0,1.0
2025-06-19 19:00:00+00:00,98.76599884033203,98.86799621582031,98.75199890136719,98.86299896240234,0,-0.0009811569858122,0.0009811569858122,0.0008133422874816,0.0,98.95062478383382,-0.0009811569858122,-0.0018695876274749,-0.0015972337854356,0.0,1.0,19.0,3.0,0.0,0.0,1.0
2025-06-19 20:00:00+00:00,98.78299713134766,98.81099700927734,98.76100158691406,98.76599884033203,0,0.0001721067089404,0.0001721067089404,0.0008096798515096,0.0,98.94674968719482,0.0001721067089404,-0.0024035970435355,-0.0009405954918546,1.0,0.0,20.0,3.0,0.0,0.0,1.0
2025-06-19 21:00:00+00:00,98.79199981689453,98.81199645996094,98.7770004272461,98.78399658203125,0,9.113598299625993e-05,9.113598299625993e-05,0.0008092228760702,0.0,98.9441245396932,9.113598299625993e-05,-0.0026953461686011,-0.0006373328400139,1.0,0.0,21.0,3.0,0.0,0.0,0.0
2025-06-19 22:00:00+00:00,98.78399658203125,98.80000305175781,98.78299713134766,98.79399871826172,0,-8.101096119239592e-05,8.101096119239592e-05,0.0008092864341753,0.0,98.94137446085612,-8.101096119239592e-05,-0.0030579330282253,-0.0006676974517821,0.0,0.0,22.0,3.0,0.0,0.0,0.0
2025-06-19 23:00:00+00:00,98.66999816894531,98.69100189208984,98.66500091552734,98.6709976196289,0,-0.0011540170172328,0.0011540170172328,0.0008341308460944,0.0,98.93204116821288,-0.0011540170172328,-0.0024163465543574,-0.0022650416587141,0.0,1.0,23.0,3.0,0.0,0.0,0.0
2025-06-20 00:00:00+00:00,98.5979995727539,98.67500305175781,98.58200073242188,98.6709976196289,0,-0.0007296908637631,0.0007296908637631,0.0008433667338548,0.0,98.92091623942058,-0.0007296908637631,-0.0026804708781817,-0.0027006351771081,0.0,0.0,0.0,4.0,0.0,0.0,0.0
2025-06-20 01:00:00+00:00,98.6709976196289,98.6709976196289,98.59600067138672,98.5979995727539,0,0.0007403603236506,0.0007403603236506,0.0007266068121625,0.0,98.90420786539714,0.0007403603236506,-0.0009618818400926,-0.0040475712839602,1.0,1.0,1.0,4.0,0.0,0.0,0.0
2025-06-20 02:00:00+00:00,98.63099670410156,98.68900299072266,98.60700225830078,98.6709976196289,0,-0.0004053968895859,0.0004053968895859,0.0007279182883134,0.0,98.88616593678792,-0.0004053968895859,-0.0015387306688415,-0.0043709750620681,0.0,0.0,2.0,4.0,0.0,0.0,0.0
2025-06-20 03:00:00+00:00,98.55500030517578,98.64900207519531,98.54900360107422,98.63200378417969,0,-0.0007705123284292,0.0007705123284292,0.0007233307857871,0.0,98.8686243693034,-0.0007705123284292,-0.0023989747363958,-0.0042535324569169,0.0,1.0,3.0,4.0,0.0,0.0,0.0
2025-06-20 04:00:00+00:00,98.58300018310547,98.5999984741211,98.53800201416016,98.55799865722656,0,0.0002841040824208,0.0002841040824208,0.0007293604201287,0.0,98.85312430063884,0.0002841040824208,-0.0020347060847945,-0.0037593011072278,1.0,0.0,4.0,4.0,0.0,0.0,1.0
2025-06-20 05:00:00+00:00,98.5790023803711,98.63800048828125,98.56600189208984,98.58300018310547,0,-4.055265843960765e-05,4.055265843960765e-05,0.0006857472055176,0.0,98.83324940999348,-4.055265843960765e-05,-0.000922223474844,-0.0048154314394274,0.0,0.0,5.0,4.0,0.0,0.0,1.0
2025-06-20 06:00:00+00:00,98.66500091552734,98.68000030517578,98.57599639892578,98.58200073242188,0,0.0008723818772726,0.0008723818772726,0.0007163760527479,0.0,98.81899929046632,0.0008723818772726,0.0006795405897053,-0.003454330053234,1.0,1.0,6.0,4.0,0.0,0.0,1.0
2025-06-20 07:00:00+00:00,98.66699981689453,98.697998046875,98.62999725341797,98.66600036621094,0,2.0259477511164192e-05,2.0259477511164192e-05,0.0007091935967174,0.0,98.80333264668782,2.0259477511164192e-05,-4.051649249348088e-05,-0.0037963253684167,1.0,0.0,7.0,4.0,0.0,0.0,1.0
2025-06-20 08:00:00+00:00,98.6050033569336,98.69300079345703,98.57599639892578,98.66600036621094,0,-0.0006283403779986,0.0006283403779986,0.0006620737256077,0.0,98.79108270009358,-0.0006283403779986,-0.0002635413616061,-0.0029727167321484,0.0,0.0,8.0,4.0,0.0,0.0,1.0
2025-06-20 09:00:00+00:00,98.58999633789062,98.63099670410156,98.57599639892578,98.6050033569336,0,-0.0001521932815989,0.0001521932815989,0.0006528099156241,0.0,98.77658240000407,-0.0001521932815989,0.0003550913967478,-0.0035174269714023,0.0,0.0,9.0,4.0,0.0,1.0,1.0
2025-06-20 10:00:00+00:00,98.625,98.63700103759766,98.54399871826172,98.58999633789062,0,0.0003550427366829,0.0003550427366829,0.0006528541537179,0.0,98.76208241780598,0.0003550427366829,0.0004260350853242,-0.0035161061527502,1.0,0.0,10.0,4.0,0.0,1.0,1.0
2025-06-20 11:00:00+00:00,98.65699768066406,98.72000122070312,98.625,98.6259994506836,0,0.0003244378267586,0.0003244378267586,0.0006490817896526,0.0,98.75174903869627,0.0003244378267586,0.0007911958775157,-0.0025074677892289,1.0,0.0,11.0,4.0,0.0,1.0,1.0
2025-06-20 12:00:00+00:00,98.71600341796875,98.75800323486328,98.61499786376953,98.65599822998047,0,0.0005980897320196,0.0005980897320196,0.000660828707818,0.0,98.74279085795084,0.0005980897320196,0.0005169259815349,-0.0021731948370196,1.0,0.0,12.0,4.0,0.0,1.0,1.0
2025-06-20 13:00:00+00:00,98.71399688720703,98.76300048828125,98.677001953125,98.71600341796875,0,-2.032629657044982e-05,2.032629657044982e-05,0.0006581012255376,0.0,98.7329158782959,-2.032629657044982e-05,0.0004763200502673,-0.0023951200123673,0.0,0.0,13.0,4.0,0.0,1.0,1.0
2025-06-20 14:00:00+00:00,98.78900146484375,98.89299774169922,98.71099853515625,98.71299743652344,0,0.0007598170472462,0.0007598170472462,0.000660971893866,0.0,98.72324911753336,0.0007598170472462,0.0018660118822177,-0.0023429600749094,1.0,1.0,14.0,4.0,0.0,1.0,1.0
2025-06-20 15:00:00+00:00,98.76000213623047,98.79199981689453,98.67500305175781,98.78800201416016,0,-0.0002935481499284,0.0002935481499284,0.0006539534114972,0.0,98.71079095204672,-0.0002935481499284,0.0017243716873382,-0.0030183625656498,0.0,0.0,15.0,4.0,0.0,1.0,1.0
2025-06-20 16:00:00+00:00,98.6449966430664,98.76100158691406,98.63700103759766,98.75900268554688,0,-0.0011644946403041,0.0011644946403041,0.0006808249762682,0.0,98.69237422943117,-0.0011644946403041,0.000202754302321,-0.0044607400744606,0.0,1.0,16.0,4.0,0.0,1.0,1.0
2025-06-20 17:00:00+00:00,98.6729965209961,98.67500305175781,98.59600067138672,98.64600372314453,0,0.0002838448870448,0.0002838448870448,0.0005937425112769,0.0,98.68254089355467,0.0002838448870448,0.0001621663004971,-0.0023860323043458,1.0,0.0,17.0,4.0,0.0,0.0,1.0
2025-06-20 18:00:00+00:00,98.70700073242188,98.71099853515625,98.63899993896484,98.67400360107422,0,0.0003446151695469,0.0003446151695469,0.0005950618729311,0.0,98.6760409673055,0.0003446151695469,-9.119783252120596e-05,-0.0015779233041453,1.0,0.0,18.0,4.0,0.0,0.0,1.0
2025-06-20 19:00:00+00:00,98.81999969482422,98.8219985961914,98.68699645996094,98.70700073242188,0,0.0011447917732669,0.0011447917732669,0.0006108749004063,0.0,98.67829100290936,0.0011447917732669,0.0010738376619305,0.000546755514309,1.0,1.0,19.0,4.0,0.0,0.0,1.0
2025-06-20 20:00:00+00:00,98.77400207519531,98.83499908447266,98.76799774169922,98.82099914550781,0,-0.0004654687287083,0.0004654687287083,0.0006179292338144,0.0,98.677916208903,-0.0004654687287083,-0.0001518325868874,-9.105874911230494e-05,0.0,0.0,20.0,4.0,0.0,0.0,1.0
2025-06-22 22:00:00+00:00,98.99700164794922,99.11299896240234,98.95999908447266,99.09400177001953,0,0.0022576747734099,0.0022576747734099,0.0007715343065555,0.0,98.6864579518636,0.0022576747734099,0.0023997519906067,0.0020750853453179,1.0,1.0,22.0,6.0,1.0,0.0,0.0
2025-06-22 23:00:00+00:00,98.91699981689453,99.02200317382812,98.87000274658203,98.99700164794922,0,-0.00080812377873,0.00080812377873,0.0007923985748265,0.0,98.69199975331624,-0.00080812377873,0.0027573945266816,0.0013464046755067,0.0,1.0,23.0,6.0,1.0,0.0,0.0
2025-06-23 00:00:00+00:00,99.02300262451172,99.08499908447266,98.8759994506836,98.90499877929688,0,0.0010716338729783,0.0010716338729783,0.0007746232471985,0.0,98.70670827229816,0.0010716338729783,0.0035471315948243,0.0035776270610847,1.0,1.0,0.0,0.0,0.0,0.0,0.0
2025-06-23 01:00:00+00:00,99.02999877929688,99.16300201416016,99.00399780273438,99.02400207519531,0,7.065181422216682e-05,7.065181422216682e-05,0.0007520446874334,0.0,98.72470823923749,7.065181422216682e-05,0.0032722911696059,0.0043814195867555,1.0,0.0,1.0,0.0,0.0,0.0,0.0
2025-06-23 02:00:00+00:00,98.9739990234375,99.03099822998047,98.90799713134766,99.02899932861328,0,-0.0005654827481537,0.0005654827481537,0.0007571462618315,0.0,98.73733329772948,-0.0005654827481537,0.0015583822008586,0.0030708253804896,0.0,0.0,2.0,0.0,0.0,0.0,0.0
2025-06-23 03:00:00+00:00,99.03299713134766,99.04000091552734,98.947998046875,98.9729995727539,0,0.0005960970405589,0.0005960970405589,0.0007540602103711,0.0,98.75408331553142,0.0005960970405589,0.0026220974214974,0.0040758021380653,1.0,0.0,3.0,0.0,0.0,0.0,0.0
2025-06-23 04:00:00+00:00,99.0780029296875,99.11599731445312,99.01300048828125,99.0270004272461,0,0.0004544525526188,0.0004544525526188,0.0007286782410906,0.0,98.77587509155272,0.0004544525526188,0.0008182195459447,0.0053067081618611,1.0,0.0,4.0,0.0,0.0,0.0,1.0
2025-06-23 05:00:00+00:00,98.947998046875,99.0790023803711,98.94200134277344,99.0790023803711,0,-0.0013121467830227,0.0013121467830227,0.0007926874596213,0.0,98.79108333587646,-0.0013121467830227,0.0003133761642371,0.0037024422374201,0.0,1.0,5.0,0.0,0.0,0.0,1.0
2025-06-23 06:00:00+00:00,98.96800231933594,99.02100372314453,98.88500213623047,98.94599914550781,0,0.0002021695522476,0.0002021695522476,0.0007916410950689,0.0,98.80729166666669,0.0002021695522476,-0.0005554295842182,0.003946072992947,1.0,0.0,6.0,0.0,0.0,0.0,1.0
2025-06-23 07:00:00+00:00,99.0270004272461,99.05699920654297,98.90599822998047,98.96800231933594,0,0.000596133159481,0.000596133159481,0.0007828593136838,0.0,98.82237497965497,0.000596133159481,-3.027720981263471e-05,0.0036689759120225,1.0,0.0,7.0,0.0,0.0,0.0,1.0
2025-06-23 08:00:00+00:00,99.18900299072266,99.197998046875,99.01300048828125,99.0260009765625,0,0.0016359433566361,0.0016359433566361,0.0008384519380363,0.0,98.84412511189778,0.0016359433566361,0.0021723277770582,0.0052905548440396,1.0,1.0,8.0,0.0,0.0,0.0,1.0
2025-06-23 09:00:00+00:00,99.3010025024414,99.4209976196289,99.18900299072266,99.18900299072266,0,0.0011291525102761,0.0011291525102761,0.000837865916671,0.0,98.87312507629396,0.0011291525102761,0.0027062229646377,0.0070584566889411,1.0,1.0,9.0,0.0,0.0,1.0,1.0
2025-06-23 10:00:00+00:00,99.36900329589844,99.38899993896484,99.23999786376953,99.302001953125,0,0.0006847946319108,0.0006847946319108,0.0008359272247502,0.0,98.90558369954428,0.0006847946319108,0.0029370834858011,0.0079014807479855,1.0,0.0,10.0,0.0,0.0,1.0,1.0
2025-06-23 11:00:00+00:00,99.25399780273438,99.3740005493164,99.24500274658203,99.37000274658203,0,-0.0011573578213479,0.0011573578213479,0.0008891382362233,0.0,98.93179194132487,-0.0011573578213479,0.0030925310455944,0.0063776710036438,0.0,1.0,11.0,0.0,0.0,1.0,1.0
2025-06-23 12:00:00+00:00,99.2750015258789,99.3740005493164,99.2239990234375,99.25499725341797,0,0.0002116158906393,0.0002116158906393,0.0008891102593094,0.0,98.95754210154216,0.0002116158906393,0.0031020046817999,0.0062641663515365,1.0,0.0,12.0,0.0,0.0,1.0,1.0
2025-06-23 13:00:00+00:00,99.09100341796875,99.29299926757812,99.05000305175781,99.2760009765625,0,-0.0018534183337403,0.0018534183337403,0.0009843709220082,0.0,98.97316710154216,-0.0018534183337403,0.0006463185842904,0.0037987761560021,0.0,1.0,13.0,0.0,0.0,1.0,1.0
2025-06-23 14:00:00+00:00,98.71900177001953,99.09300231933594,98.64900207519531,99.09100341796875,0,-0.003754141497388,0.003754141497388,0.0012680397377842,0.0,98.973375638326,-0.003754141497388,-0.0047384408203707,5.070084253833152e-05,0.0,1.0,14.0,0.0,0.0,1.0,1.0
2025-06-23 15:00:00+00:00,98.69499969482422,98.72799682617188,98.55500030517578,98.72200012207031,0,-0.0002431353109833,0.0002431353109833,0.001258500380752,0.0,98.96945889790852,-0.0002431353109833,-0.006102685696474,-0.0009515408459005,0.0,0.0,15.0,0.0,0.0,1.0,1.0
2025-06-23 16:00:00+00:00,98.63600158691406,98.81700134277344,98.54399871826172,98.69499969482422,0,-0.0005977821378244,0.0005977821378244,0.0012627020206375,0.0,98.96429220835368,-0.0005977821378244,-0.0073765629589909,-0.0012555745912739,0.0,0.0,16.0,0.0,0.0,1.0,1.0
2025-06-23 17:00:00+00:00,98.44499969482422,98.66400146484375,98.43000030517578,98.63600158691406,0,-0.0019364318201964,0.0019364318201964,0.0013015180415734,0.0,98.95595900217693,-0.0019364318201964,-0.008150786122671,-0.0020274413811969,0.0,1.0,17.0,0.0,0.0,0.0,1.0
2025-06-23 18:00:00+00:00,98.41600036621094,98.47100067138672,98.37100219726562,98.44499969482422,0,-0.0002945739113533,0.0002945739113533,0.0012997694815133,0.0,98.94525082906088,-0.0002945739113533,-0.008652743857617,-0.0026045236675311,0.0,0.0,18.0,0.0,0.0,0.0,1.0
2025-06-23 19:00:00+00:00,98.37899780273438,98.42900085449219,98.3740005493164,98.41600036621094,0,-0.0003759811752039,0.0003759811752039,0.0012971834675536,0.0,98.9315840403239,-0.0003759811752039,-0.00718537092849,-0.0033229956057185,0.0,0.0,19.0,0.0,0.0,0.0,1.0
2025-06-23 20:00:00+00:00,98.38400268554688,98.4000015258789,98.3479995727539,98.37899780273438,0,5.087348849119877e-05,5.087348849119877e-05,0.0012690683185727,0.0,98.91341749827068,5.087348849119877e-05,-0.0033934610203321,-0.0044120320848389,1.0,0.0,20.0,0.0,0.0,0.0,1.0
2025-06-23 21:00:00+00:00,98.38600158691406,98.39199829101562,98.37300109863281,98.38400268554688,0,2.031734136265229e-05,2.031734136265229e-05,0.0012682484831442,0.0,98.89725081125896,2.031734136265229e-05,-0.003130838531492,-0.0039281640930765,1.0,0.0,21.0,0.0,0.0,0.0,0.0
2025-06-23 22:00:00+00:00,98.3499984741211,98.40599822998047,98.34700012207031,98.38600158691406,0,-0.0003659373509672,0.0003659373509672,0.0011588609632906,0.0,98.87029234568278,-0.0003659373509672,-0.0028995813718275,-0.0065355835334183,0.0,0.0,22.0,0.0,0.0,0.0,0.0
2025-06-23 23:00:00+00:00,98.23600006103516,98.25299835205078,98.14800262451172,98.15799713134766,0,-0.001159109454546,0.001159109454546,0.0011680917467538,0.0,98.8419173558553,-0.001159109454546,-0.0021230091364411,-0.0068845573270517,0.0,0.0,23.0,0.0,0.0,0.0,0.0
2025-06-24 00:00:00+00:00,98.19400024414062,98.2750015258789,98.13600158691406,98.23600006103516,0,-0.0004275399738226,0.0004275399738226,0.0011317904754601,0.0,98.80737559000652,-0.0004275399738226,-0.0022557320074402,-0.0083718162285445,0.0,0.0,0.0,1.0,0.0,0.0,0.0
2025-06-24 01:00:00+00:00,98.25299835205078,98.25800323486328,98.13899993896484,98.19300079345703,0,0.0006008321054593,0.0006008321054593,0.0011454419960119,0.0,98.7750005722046,0.0006008321054593,-0.0012807555829775,-0.0078461116512558,1.0,0.0,1.0,1.0,0.0,0.0,0.0
2025-06-24 02:00:00+00:00,98.16999816894531,98.2760009765625,98.16100311279297,98.25299835205078,0,-0.0008447597986585,0.0008447597986585,0.0011493763191841,0.0,98.74150053660075,-0.0008447597986585,-0.002175196279476,-0.0081233542387409,0.0,0.0,2.0,1.0,0.0,0.0,0.0
2025-06-24 03:00:00+00:00,98.10700225830078,98.1709976196289,98.08499908447266,98.16999816894531,0,-0.0006417022697313,0.0006417022697313,0.0011332426193914,0.0,98.70291741689046,-0.0006417022697313,-0.0028357624470266,-0.0093503670480529,0.0,0.0,3.0,1.0,0.0,0.0,0.0
2025-06-24 04:00:00+00:00,98.11299896240234,98.14800262451172,98.05799865722656,98.11799621582031,0,6.11241192118861e-05,6.11241192118861e-05,0.0011232886243027,0.0,98.6627089182536,6.11241192118861e-05,-0.0024097561301041,-0.0097398407189331,1.0,0.0,4.0,1.0,0.0,0.0,1.0
2025-06-24 05:00:00+00:00,98.0780029296875,98.1510009765625,98.05899810791016,98.11399841308594,0,-0.0003566910917507,0.0003566910917507,0.0011066267860168,0.0,98.6264591217041,-0.0003566910917507,-0.0016083424737315,-0.0087924478954627,0.0,0.0,5.0,1.0,0.0,0.0,1.0
2025-06-24 06:00:00+00:00,98.0790023803711,98.12699890136719,97.96900177001953,98.07599639892578,0,1.0190365359541431e-05,1.0190365359541431e-05,0.0011030193077899,0.0,98.58941745758057,1.0190365359541431e-05,-0.0011711292287065,-0.0089827006520384,1.0,0.0,6.0,1.0,0.0,0.0,1.0
2025-06-24 07:00:00+00:00,98.16400146484375,98.25,98.03299713134766,98.07599639892578,0,0.0008666389584899,0.0008666389584899,0.0011146977837182,0.0,98.55345916748048,0.0008666389584899,-0.0009057930923201,-0.0087147844393851,1.0,0.0,7.0,1.0,0.0,0.0,1.0
2025-06-24 08:00:00+00:00,98.11299896240234,98.18199920654297,98.07599639892578,98.16400146484375,0,-0.0005195642158054,0.0005195642158054,0.0010301818575379,0.0,98.50862566630046,-0.0005195642158054,-0.0005806173740053,-0.0108480173797185,0.0,0.0,8.0,1.0,0.0,0.0,1.0
2025-06-24 09:00:00+00:00,97.99099731445312,98.11599731445312,97.93299865722656,98.11399841308594,0,-0.001243480978458,0.001243480978458,0.0009844959530883,0.0,98.45404211680096,-0.001243480978458,-0.0011824328659256,-0.0131922654854976,0.0,1.0,9.0,1.0,0.0,1.0,1.0
2025-06-24 10:00:00+00:00,98.0790023803711,98.09500122070312,97.99099731445312,97.99099731445312,0,0.0008980933792883,0.0008980933792883,0.0009970361018172,0.0,98.40029207865398,0.0008980933792883,-0.0003465043612037,-0.0129819246720832,1.0,0.0,10.0,1.0,0.0,1.0,1.0
2025-06-24 11:00:00+00:00,97.98699951171875,98.08499908447266,97.94400024414062,98.08000183105469,0,-0.0009380485773655,0.0009380485773655,0.0009921616855282,0.0,98.347500483195,-0.0009380485773655,-0.0009278677710636,-0.0127652116696977,0.0,0.0,11.0,1.0,0.0,1.0,1.0
2025-06-24 12:00:00+00:00,98.03700256347656,98.0999984741211,97.97000122070312,97.98799896240234,0,0.0005103029178052,0.0005103029178052,0.0010037358998775,0.0,98.2959171930949,0.0005103029178052,-0.0004282243484864,-0.012470399832526,1.0,0.0,12.0,1.0,0.0,1.0,1.0
2025-06-24 13:00:00+00:00,98.10099792480469,98.16699981689453,98.00599670410156,98.03600311279297,0,0.0006527674210223,0.0006527674210223,0.0009894905723566,0.0,98.25466696421306,0.0006527674210223,-0.0006418191913419,-0.0099908716131189,1.0,0.0,13.0,1.0,0.0,1.0,1.0
2025-06-24 14:00:00+00:00,97.89600372314453,98.10399627685547,97.70700073242188,98.08999633789062,0,-0.0020896240201071,0.0020896240201071,0.0007820697176688,0.0,98.2203753789266,-0.0020896240201071,-0.0022116869482398,-0.0083367744012676,0.0,1.0,14.0,1.0,0.0,1.0,1.0
2025-06-24 15:00:00+00:00,97.97599792480469,97.97599792480469,97.77300262451172,97.89099884033203,0,0.0008171344959737,0.0008171344959737,0.0008174257794244,0.0,98.19041697184244,0.0008171344959737,-0.0001530690579697,-0.0072850881224252,1.0,0.0,15.0,1.0,0.0,1.0,1.0
2025-06-24 16:00:00+00:00,97.8499984741211,97.99700164794922,97.84500122070312,97.97599792480469,0,-0.0012860236522448,0.0012860236522448,0.000839932193778,0.0,98.15766684214276,-0.0012860236522448,-0.0023348922877689,-0.0079687244023205,0.0,1.0,16.0,1.0,0.0,1.0,1.0
2025-06-24 17:00:00+00:00,97.83899688720703,97.86199951171875,97.79199981689453,97.8499984741211,0,-0.000112433184319,0.000112433184319,0.0007679755952018,0.0,98.13241672515868,-0.000112433184319,-0.001510431233217,-0.0061557500075755,0.0,0.0,17.0,1.0,0.0,0.0,1.0
2025-06-24 18:00:00+00:00,97.85800170898438,97.88700103759766,97.81400299072266,97.83899688720703,0,0.0001942458772268,0.0001942458772268,0.0007733977002138,0.0,98.1091667811076,0.0001942458772268,-0.0018258499322874,-0.0056697961220758,1.0,0.0,18.0,1.0,0.0,0.0,1.0
2025-06-24 19:00:00+00:00,97.93599700927734,97.94000244140625,97.84500122070312,97.85800170898438,0,0.0007970252706051,0.0007970252706051,0.0008007858294774,0.0,98.09070841471356,0.0007970252706051,-0.0016819494094628,-0.0045030016909231,1.0,0.0,19.0,1.0,0.0,0.0,1.0
2025-06-24 20:00:00+00:00,97.97100067138672,97.9749984741211,97.91500091552734,97.93599700927734,0,0.0003574136495088,0.0003574136495088,0.0008071760638128,0.0,98.07349999745686,0.0003574136495088,0.0007660879442461,-0.0041978574045232,1.0,0.0,20.0,1.0,0.0,0.0,1.0
2025-06-24 21:00:00+00:00,97.95899963378906,97.97799682617188,97.93399810791016,97.97100067138672,0,-0.0001224958152454,0.0001224958152454,0.0008061997676427,0.0,98.05570824941,-0.0001224958152454,-0.0001734944412474,-0.0043400681625199,0.0,0.0,21.0,1.0,0.0,0.0,0.0
2025-06-24 22:00:00+00:00,97.97000122070312,97.97000122070312,97.95099639892578,97.95899963378906,0,0.0001123080774119,0.0001123080774119,0.0008073369906754,0.0,98.03987503051758,0.0001123080774119,0.0012263949765289,-0.0038637240397919,1.0,0.0,22.0,1.0,0.0,0.0,0.0
2025-06-24 23:00:00+00:00,97.9530029296875,97.96199798583984,97.92400360107422,97.93499755859375,0,-0.0001735050607719,0.0001735050607719,0.0007789247892812,0.0,98.0280834833781,-0.0001735050607719,0.001165241326134,-0.0028807884194371,0.0,0.0,23.0,1.0,0.0,0.0,0.0
2025-06-25 00:00:00+00:00,97.87699890136719,97.96099853515625,97.87300109863281,97.95500183105469,0,-0.0007759234127295,0.0007759234127295,0.0007880992459501,0.0,98.01487509409588,-0.0007759234127295,0.0001941301891623,-0.0032283168216518,0.0,0.0,0.0,2.0,0.0,0.0,0.0
2025-06-25 01:00:00+00:00,97.8290023803711,97.9229965209961,97.81400299072266,97.87699890136719,0,-0.0004903758956121,0.0004903758956121,0.0007752081347956,0.0,97.99720859527588,-0.0004903758956121,-0.0010924954273566,-0.0043153489337848,0.0,0.0,1.0,2.0,0.0,0.0,0.0
2025-06-25 02:00:00+00:00,97.89700317382812,97.91400146484375,97.82499694824219,97.83000183105469,0,0.0006950985066027,0.0006950985066027,0.0007814855853902,0.0,97.98583380381268,0.0006950985066027,-0.0007553000076705,-0.0027808393624229,1.0,0.0,2.0,2.0,0.0,0.0,0.0
2025-06-25 03:00:00+00:00,97.97200012207031,97.9739990234375,97.88099670410156,97.89800262451172,0,0.0007660801230964,0.0007660801230964,0.0007930381671571,0.0,97.98020871480306,0.0007660801230964,0.0001327135672051,-0.0013760703428183,1.0,0.0,3.0,2.0,0.0,0.0,0.0
2025-06-25 04:00:00+00:00,97.95099639892578,97.97200012207031,97.9280014038086,97.97000122070312,0,-0.0002143849581345,0.0002143849581345,0.0007932468578422,0.0,97.97345860799152,-0.0002143849581345,-0.000193986133924,-0.0016511834842459,0.0,0.0,4.0,2.0,0.0,0.0,1.0
2025-06-25 05:00:00+00:00,97.9209976196289,97.99600219726562,97.91799926757812,97.95099639892578,0,-0.0003062631356469,0.0003062631356469,0.0007925168984176,0.0,97.96691672007243,-0.0003062631356469,-0.0003267414892993,-0.0016008208300403,0.0,0.0,5.0,2.0,0.0,0.0,1.0
2025-06-25 06:00:00+00:00,98.01499938964844,98.03700256347656,97.9000015258789,97.9209976196289,0,0.0009599756161051,0.0009599756161051,0.0008197560694812,0.0,97.96424992879231,0.0009599756161051,0.001409937879484,-0.0006525656783746,1.0,1.0,6.0,2.0,0.0,0.0,1.0
2025-06-25 07:00:00+00:00,98.05999755859375,98.11499786376953,97.98300170898438,98.01599884033203,0,0.0004590947224967,0.0004590947224967,0.000804521944535,0.0,97.95991643269856,0.0004590947224967,0.0023612136749031,-0.0010594913073836,1.0,0.0,7.0,2.0,0.0,0.0,1.0
2025-06-25 08:00:00+00:00,98.01000213623047,98.09500122070312,97.99800109863281,98.06099700927734,0,-0.0005098452336123,0.0005098452336123,0.0008042744939555,0.0,97.95562489827472,-0.0005098452336123,0.0011542637541386,-0.00104977757546,0.0,0.0,8.0,2.0,0.0,0.0,1.0
2025-06-25 09:00:00+00:00,98.08699798583984,98.1510009765625,98.00299835205078,98.01000213623047,0,0.000785591755241,0.000785591755241,0.0007788905420507,0.0,97.9596249262492,0.000785591755241,0.0011737829545814,0.0009796886858763,1.0,1.0,9.0,2.0,0.0,1.0,1.0
2025-06-25 10:00:00+00:00,98.08799743652344,98.11100006103516,98.0459976196289,98.08699798583984,0,1.018943085329127e-05,1.018943085329127e-05,0.0007571995238647,0.0,97.95999972025554,1.018943085329127e-05,0.0013986691573784,9.171235365412755e-05,1.0,0.0,10.0,2.0,0.0,1.0,1.0
2025-06-25 11:00:00+00:00,98.10900115966797,98.1259994506836,98.02300262451172,98.08799743652344,0,0.0002141314298738,0.0002141314298738,0.0007309386711495,0.0,97.96508312225342,0.0002141314298738,0.0019199512322103,0.0012450799448617,1.0,0.0,11.0,2.0,0.0,1.0,1.0
2025-06-25 12:00:00+00:00,98.18000030517578,98.1989974975586,98.08899688720703,98.10900115966797,0,0.0007236761629267,0.0007236761629267,0.0007380175252819,0.0,97.97104136149088,0.0007236761629267,0.0016834251548725,0.0014586098917765,1.0,0.0,12.0,2.0,0.0,1.0,1.0
2025-06-25 13:00:00+00:00,98.12000274658203,98.20099639892578,98.0739974975586,98.17900085449219,0,-0.0006110975596583,0.0006110975596583,0.0007390464485398,0.0,97.97183322906494,-0.0006110975596583,0.0006119232049992,0.0001937270994114,0.0,0.0,13.0,2.0,0.0,1.0,1.0
2025-06-25 14:00:00+00:00,97.97899627685547,98.12100219726562,97.95800018310547,98.12000274658203,0,-0.0014370817955513,0.0014370817955513,0.0006669991229307,0.0,97.97529125213624,-0.0014370817955513,-0.0003163540322334,0.0008477624270102,0.0,1.0,14.0,2.0,0.0,1.0,1.0
2025-06-25 15:00:00+00:00,97.98500061035156,98.0,97.92500305175781,97.98600006103516,0,6.12818432954576e-05,6.12818432954576e-05,0.0006460031402008,0.0,97.975666364034,6.12818432954576e-05,-0.0010398664204506,9.188664303061422e-05,1.0,0.0,15.0,2.0,0.0,1.0,1.0
2025-06-25 16:00:00+00:00,97.89099884033203,97.98699951171875,97.85800170898438,97.98500061035156,0,-0.0009593485679848,0.0009593485679848,0.0006205809214763,0.0,97.97737471262614,-0.0009593485679848,-0.0020083863606135,0.0004190124358742,0.0,1.0,16.0,2.0,0.0,1.0,1.0
2025-06-25 17:00:00+00:00,97.81600189208984,97.9229965209961,97.80400085449219,97.89099884033203,0,-0.0007661271121005,0.0007661271121005,0.0006405616609742,0.0,97.9764165878296,-0.0007661271121005,-0.0029864667269549,-0.000235028933746,0.0,1.0,17.0,2.0,0.0,0.0,1.0
2025-06-25 18:00:00+00:00,97.67900085449219,97.822998046875,97.67900085449219,97.81600189208984,0,-0.0014005994412733,0.0014005994412733,0.0006985916537779,0.0,97.9689582188924,-0.0014005994412733,-0.0051028666645581,-0.0018291897582837,0.0,1.0,18.0,2.0,0.0,0.0,1.0
2025-06-25 19:00:00+00:00,97.6989974975586,97.70700073242188,97.64600372314453,97.68000030517578,0,0.0002047179321191,0.0002047179321191,0.0006765208361372,0.0,97.95908323923749,0.0002047179321191,-0.0042907178683104,-0.0024199428091419,1.0,0.0,19.0,2.0,0.0,0.0,1.0
2025-06-25 20:00:00+00:00,97.6969985961914,97.75,97.67400360107422,97.6989974975586,0,-2.0459794044858093e-05,2.0459794044858093e-05,0.000669758208557,0.0,97.94766648610432,-2.0459794044858093e-05,-0.0028781442082467,-0.0027967671384144,0.0,0.0,20.0,2.0,0.0,0.0,1.0
2025-06-25 21:00:00+00:00,97.70899963378906,97.73100280761719,97.6969985961914,97.697998046875,0,0.0001228393683541,0.0001228393683541,0.0006715321801417,0.0,97.93724981943768,0.0001228393683541,-0.0028167676158931,-0.0025520881280393,1.0,0.0,21.0,2.0,0.0,0.0,0.0
2025-06-25 22:00:00+00:00,97.70899963378906,97.70999908447266,97.6989974975586,97.70800018310547,0,0.0,0.0,0.0006703331883027,0.0,97.92637475331624,0.0,-0.0018592026713285,-0.0026640970058384,0.0,0.0,22.0,2.0,0.0,0.0,0.0
2025-06-25 23:00:00+00:00,97.50399780273438,97.55799865722656,97.49500274658203,97.5459976196289,0,-0.0020980854560278,0.0020980854560278,0.0007836787948284,0.0,97.90766620635986,-0.0020980854560278,-0.0031897039678606,-0.0045838832248504,0.0,1.0,23.0,2.0,0.0,0.0,0.0
2025-06-26 00:00:00+00:00,97.48899841308594,97.50800323486328,97.45600128173828,97.50399780273438,0,-0.0001538335861754,0.0001538335861754,0.0007737199440151,0.0,97.89149951934814,-0.0001538335861754,-0.0019451718357489,-0.0039641641308623,0.0,0.0,0.0,3.0,0.0,0.0,0.0
2025-06-26 01:00:00+00:00,97.46900177001953,97.6050033569336,97.46099853515625,97.48899841308594,0,-0.0002051169197746,0.0002051169197746,0.0007706925956053,0.0,97.87649949391682,-0.0002051169197746,-0.0023541257682281,-0.0036798965704651,0.0,0.0,1.0,3.0,0.0,0.0,0.0
2025-06-26 02:00:00+00:00,97.43399810791016,97.4990005493164,97.4020004272461,97.46900177001953,0,-0.0003591260962327,0.0003591260962327,0.0007499996236537,0.0,97.85720761617024,-0.0003591260962327,-0.0026920017202196,-0.0047295121495787,0.0,0.0,2.0,3.0,0.0,0.0,0.0
2025-06-26 03:00:00+00:00,97.41699981689453,97.44300079345703,97.26799774169922,97.43299865722656,0,-0.0001744595453919,0.0001744595453919,0.0007215068441549,0.0,97.8340826034546,-0.0001744595453919,-0.0029884638875532,-0.0056648869522339,0.0,0.0,3.0,3.0,0.0,0.0,0.0
2025-06-26 04:00:00+00:00,97.50599670410156,97.51499938964844,97.41300201416016,97.41300201416016,0,0.0009135662910406,0.0009135662910406,0.0007587791681407,0.0,97.8155409495036,0.0009135662910406,-0.0020776277563822,-0.0045430849218915,1.0,1.0,4.0,3.0,0.0,0.0,1.0
2025-06-26 05:00:00+00:00,97.45800018310547,97.54399871826172,97.45800018310547,97.50599670410156,0,-0.000492241735057,0.000492241735057,0.0007609706864601,0.0,97.79624938964844,-0.000492241735057,-0.0004717511144719,-0.0047282753217234,0.0,0.0,5.0,3.0,0.0,0.0,1.0
2025-06-26 06:00:00+00:00,97.3290023803711,97.52300262451172,97.3239974975586,97.46600341796875,0,-0.0013236245612675,0.0013236245612675,0.0007527148902836,0.0,97.76766618092854,-0.0013236245612675,-0.0016411701352895,-0.0069988982660729,0.0,1.0,6.0,3.0,0.0,0.0,1.0
2025-06-26 07:00:00+00:00,97.23699951171875,97.36399841308594,97.2040023803711,97.33000183105469,0,-0.0009452770130407,0.0009452770130407,0.0007463200131532,0.0,97.73337459564208,-0.0009452770130407,-0.0023802671012082,-0.0083928010133106,0.0,1.0,7.0,3.0,0.0,0.0,1.0
2025-06-26 08:00:00+00:00,97.1050033569336,97.25599670410156,96.99700164794922,97.23600006103516,0,-0.0013574684065529,0.0013574684065529,0.0007737239690215,0.0,97.6956663131714,-0.0013574684065529,-0.0033765908960463,-0.0092337390018516,0.0,1.0,8.0,3.0,0.0,0.0,1.0
2025-06-26 09:00:00+00:00,97.14600372314453,97.2239990234375,97.10199737548828,97.10600280761719,0,0.0004222271231506,0.0004222271231506,0.0007530778776838,0.0,97.6564582188924,0.0004222271231506,-0.0027818152299841,-0.0095934658213432,1.0,0.0,9.0,3.0,0.0,1.0,1.0
2025-06-26 10:00:00+00:00,97.22000122070312,97.2229995727539,97.10299682617188,97.14700317382812,0,0.0007617142725653,0.0007617142725653,0.0007858437117611,0.0,97.6202917098999,0.0007617142725653,-0.0029331066094974,-0.0088491582915842,1.0,0.0,10.0,3.0,0.0,1.0,1.0
2025-06-26 11:00:00+00:00,97.36799621582031,97.3759994506836,97.21800231933594,97.21900177001953,0,0.001522269011098,0.001522269011098,0.0008690776405727,0.0,97.58941650390624,0.001522269011098,-0.0009235154334795,-0.007552874202049,1.0,1.0,11.0,3.0,0.0,1.0,1.0
2025-06-26 12:00:00+00:00,97.26699829101562,97.40799713134766,97.23100280761719,97.36799621582031,0,-0.0010372805103313,0.0010372805103313,0.0008516921845231,0.0,97.55137475331624,-0.0010372805103313,-0.0006370566618277,-0.0092992667684074,0.0,1.0,12.0,3.0,0.0,1.0,1.0
2025-06-26 13:00:00+00:00,97.16899871826172,97.3550033569336,97.15299987792969,97.27100372314453,0,-0.0010075315829187,0.0010075315829187,0.0008599936262535,0.0,97.51174958546956,-0.0010075315829187,-0.0006993304379865,-0.0096922543997119,0.0,1.0,13.0,3.0,0.0,1.0,1.0
2025-06-26 14:00:00+00:00,97.2490005493164,97.25900268554688,97.1449966430664,97.1709976196289,0,0.0008233266999762,0.0008233266999762,0.0008658484635505,0.0,97.4813330968221,0.0008233266999762,0.0014829018835775,-0.0074505328210991,1.0,0.0,14.0,3.0,0.0,1.0,1.0
2025-06-26 15:00:00+00:00,97.1780014038086,97.35600280761719,97.1760025024414,97.25,0,-0.0007300758373532,0.0007300758373532,0.0008661153462438,0.0,97.4477081298828,-0.0007300758373532,0.000329377220243,-0.0082359463337873,0.0,0.0,15.0,3.0,0.0,1.0,1.0
2025-06-26 16:00:00+00:00,97.09500122070312,97.22100067138672,97.00199890136719,97.177001953125,0,-0.0008541046523541,0.0008541046523541,0.0008631265125925,0.0,97.41454156239828,-0.0008541046523541,-0.0012857436579971,-0.0081314689711894,0.0,0.0,16.0,3.0,0.0,1.0,1.0
2025-06-26 17:00:00+00:00,97.11699676513672,97.13899993896484,97.06900024414062,97.09600067138672,0,0.0002265363217164,0.0002265363217164,0.0008655884417779,0.0,97.38541634877522,0.0002265363217164,-0.0025778434438277,-0.0071461224485975,1.0,0.0,17.0,3.0,0.0,0.0,1.0
2025-06-26 18:00:00+00:00,97.14700317382812,97.16699981689453,97.09100341796875,97.11599731445312,0,0.0003089717525344,0.0003089717525344,0.0008409349619789,0.0,97.36324977874756,0.0003089717525344,-0.0012336673208366,-0.0054463874119325,1.0,0.0,18.0,3.0,0.0,0.0,1.0
2025-06-26 19:00:00+00:00,97.26499938964844,97.27300262451172,97.14600372314453,97.14600372314453,0,0.0012146150881173,0.0012146150881173,0.0008874659907857,0.0,97.3451665242513,0.0012146150881173,0.00098797633662,-0.0044421961230564,1.0,1.0,19.0,3.0,0.0,0.0,1.0
2025-06-26 20:00:00+00:00,97.2969970703125,97.33799743652344,97.23799896240234,97.26599884033203,0,0.0003289742545093,0.0003289742545093,0.0008931329814467,0.0,97.32849979400636,0.0003289742545093,0.0004935425631624,-0.0040943072113425,1.0,0.0,20.0,3.0,0.0,0.0,1.0
2025-06-26 21:00:00+00:00,97.30500030517578,97.33699798583984,97.26899719238281,97.2979965209961,0,8.225572324183084e-05,8.225572324183084e-05,0.00089259160662,0.0,97.31166648864746,8.225572324183084e-05,0.0013068688338162,-0.0041347197302956,1.0,0.0,21.0,3.0,0.0,0.0,0.0
2025-06-26 22:00:00+00:00,97.3499984741211,97.36000061035156,97.3030014038086,97.30500030517578,0,0.0004624445691812,0.0004624445691812,0.0009014192306117,0.0,97.29670810699464,0.0004624445691812,0.0026262655153415,-0.0036741872397987,1.0,0.0,22.0,3.0,0.0,0.0,0.0
2025-06-26 23:00:00+00:00,97.37100219726562,97.39399719238281,97.3219985961914,97.33399963378906,0,0.0002157547352208,0.0002157547352208,0.000802664517974,0.0,97.29116662343344,0.0002157547352208,0.0026154580618178,-0.0013640015636878,1.0,0.0,23.0,3.0,0.0,0.0,0.0
2025-06-27 00:00:00+00:00,97.38400268554688,97.40799713134766,97.3280029296875,97.37100219726562,0,0.000133514988938,0.000133514988938,0.0008032933458711,0.0,97.28679180145264,0.000133514988938,0.0024395967345969,-0.0010770007821208,1.0,0.0,0.0,4.0,0.0,0.0,0.0
2025-06-27 01:00:00+00:00,97.28700256347656,97.41100311279297,97.26799774169922,97.38400268554688,0,-0.000996058073147,0.000996058073147,0.0008260672308769,0.0,97.27920850118,-0.000996058073147,0.0002262188245123,-0.001867252185186,0.0,1.0,1.0,4.0,0.0,0.0,0.0
2025-06-27 02:00:00+00:00,97.28700256347656,97.37000274658203,97.2490005493164,97.28700256347656,0,0.0,0.0,0.0008239948823869,0.0,97.2730836868286,0.0,-0.0001027216372229,-0.0015086678909633,0.0,0.0,2.0,4.0,0.0,0.0,0.0
2025-06-27 03:00:00+00:00,97.3290023803711,97.33499908447266,97.22899627685547,97.28700256347656,0,0.0004317104627324,0.0004317104627324,0.000829686990092,0.0,97.26941712697348,0.0004317104627324,0.0002466684663688,-0.0009033067810426,1.0,0.0,3.0,4.0,0.0,0.0,0.0
2025-06-27 04:00:00+00:00,97.41500091552734,97.41500091552734,97.31500244140625,97.33100128173828,0,0.0008835859101909,0.0008835859101909,0.0008282143386876,0.0,97.26562563578288,0.0008835859101909,0.0006677189771453,-0.0009332327410627,1.0,1.0,4.0,4.0,0.0,0.0,1.0
2025-06-27 05:00:00+00:00,97.37799835205078,97.41899871826172,97.3479995727539,97.41500091552734,0,-0.0003798446145748,0.0003798446145748,0.000825851905116,0.0,97.2622922261556,-0.0003798446145748,7.185049580749059e-05,-0.0008208852111102,0.0,0.0,5.0,4.0,0.0,0.0,1.0
2025-06-27 06:00:00+00:00,97.16999816894531,97.41500091552734,97.16999816894531,97.37699890136719,0,-0.0021360079959077,0.0021360079959077,0.000894784584452,0.0,97.25566705067952,-0.0021360079959077,-0.0021975325587364,-0.0016336776041777,0.0,1.0,6.0,4.0,0.0,0.0,1.0
2025-06-27 07:00:00+00:00,97.21399688720703,97.27200317382812,97.1259994506836,97.16999816894531,0,0.0004528014725824,0.0004528014725824,0.0008805669012987,0.0,97.25470860799152,0.0004528014725824,-0.000750415516419,-0.0002365624672421,1.0,0.0,7.0,4.0,0.0,0.0,1.0
2025-06-27 08:00:00+00:00,97.21700286865234,97.21900177001953,97.125,97.21399688720703,0,3.0921282341722645e-05,3.0921282341722645e-05,0.0008324509282069,0.0,97.25937525431316,3.0921282341722645e-05,-0.0007195174378874,0.0011533855913383,1.0,0.0,8.0,4.0,0.0,0.0,1.0
2025-06-27 09:00:00+00:00,97.23999786376953,97.26799774169922,97.21199798583984,97.21700286865234,0,0.0002365326479798,0.0002365326479798,0.0008296833182309,0.0,97.2632916768392,0.0002365326479798,-0.000914470655455,0.0009675554013819,1.0,0.0,9.0,4.0,0.0,1.0,1.0
2025-06-27 10:00:00+00:00,97.24400329589844,97.31800079345703,97.19999694824219,97.23999786376953,0,4.1191199268819645e-05,4.1191199268819645e-05,0.0008153690052643,0.0,97.26429176330566,4.1191199268819645e-05,-0.0017553520301989,0.0002468841276892,1.0,0.0,10.0,4.0,0.0,1.0,1.0
2025-06-27 11:00:00+00:00,97.2249984741211,97.25700378417969,97.197998046875,97.24400329589844,0,-0.0001954343829255,0.0001954343829255,0.0007496490808988,0.0,97.2583335240682,-0.0001954343829255,-0.001571195552578,-0.0014686318632074,0.0,0.0,11.0,4.0,0.0,1.0,1.0
2025-06-27 12:00:00+00:00,97.04100036621094,97.31600189208984,97.02300262451172,97.2249984741211,0,-0.0018924979254089,0.0018924979254089,0.0008155083569907,0.0,97.248916943868,-0.0018924979254089,-0.0013275476501511,-0.0023234799960467,0.0,1.0,12.0,4.0,0.0,1.0,1.0
2025-06-27 13:00:00+00:00,97.18900299072266,97.26899719238281,97.0,97.04100036621094,0,0.0015251555935449,0.0015251555935449,0.0008553988868582,0.0,97.24975045522054,0.0015251555935449,-0.0002571018298257,0.0002058709333718,1.0,1.0,13.0,4.0,0.0,1.0,1.0
2025-06-27 14:00:00+00:00,97.27100372314453,97.35299682617188,97.12200164794922,97.18299865722656,0,0.0008437243916341,0.0008437243916341,0.0008562529421413,0.0,97.25066725413004,0.0008437243916341,0.0005554671806242,0.0002262560407184,1.0,0.0,14.0,4.0,0.0,1.0,1.0
2025-06-27 15:00:00+00:00,97.22899627685547,97.31500244140625,97.16799926757812,97.27100372314453,0,-0.0004318599035805,0.0004318599035805,0.0008471652026663,0.0,97.252792040507,-0.0004318599035805,-0.0001131384939917,0.0005247573762601,0.0,0.0,15.0,4.0,0.0,1.0,1.0
2025-06-27 16:00:00+00:00,97.24199676513672,97.27300262451172,97.16400146484375,97.22899627685547,0,0.0001337099916596,0.0001337099916596,0.000826482979695,0.0,97.2589168548584,0.0001337099916596,-2.063397940965661e-05,0.0015139352447142,1.0,0.0,16.0,4.0,0.0,1.0,1.0
2025-06-27 17:00:00+00:00,97.41200256347656,97.46399688720703,97.2249984741211,97.23999786376953,0,0.0017482754776256,0.0017482754776256,0.0008950716255115,0.0,97.27120876312256,0.0017482754776256,0.0019234157088234,0.0030376330422703,1.0,1.0,17.0,4.0,0.0,0.0,1.0
2025-06-27 18:00:00+00:00,97.4010009765625,97.49800109863281,97.38300323486328,97.41100311279297,0,-0.0001129387203275,0.0001129387203275,0.0008954806382329,0.0,97.28179200490317,-0.0001129387203275,0.0037097784337858,0.0026145716742274,0.0,0.0,18.0,4.0,0.0,0.0,1.0
2025-06-27 19:00:00+00:00,97.35099792480469,97.40699768066406,97.33999633789062,97.4020004272461,0,-0.0005133730788848,0.0005133730788848,0.0008718937206867,0.0,97.28537527720134,-0.0005133730788848,0.0016668031268671,0.0008841673335311,0.0,0.0,19.0,4.0,0.0,0.0,1.0
2025-06-27 20:00:00+00:00,97.25399780273438,97.35399627685547,97.24500274658203,97.35099792480469,0,-0.0009963957652004,0.0009963957652004,0.0008942943862625,0.0,97.28358364105225,-0.0009963957652004,-0.0001748303169417,-0.0004419382804492,0.0,1.0,20.0,4.0,0.0,0.0,1.0
2025-06-29 22:00:00+00:00,97.1760025024414,97.24500274658203,97.16400146484375,97.18499755859375,0,-0.0008019752612243,0.0008019752612243,0.0009080907669065,0.0,97.27820873260498,-0.0008019752612243,-0.0005450408462838,-0.0013257057944586,0.0,0.0,22.0,6.0,1.0,0.0,0.0
2025-06-29 23:00:00+00:00,97.19599914550781,97.1989974975586,97.12200164794922,97.1760025024414,0,0.0002057775845007,0.0002057775845007,0.0009032318136922,0.0,97.27179209391277,0.0002057775845007,-0.0004730221628418,-0.0015819140321221,1.0,0.0,23.0,6.0,1.0,0.0,0.0
2025-06-30 00:00:00+00:00,97.2699966430664,97.29900360107422,97.18499755859375,97.19599914550781,0,0.0007613224639813,0.0007613224639813,0.0009173744502758,0.0,97.26758352915446,0.0007613224639813,-0.0014577866861695,-0.0010373268418721,1.0,0.0,0.0,0.0,0.0,0.0,0.0
2025-06-30 01:00:00+00:00,97.22699737548828,97.28700256347656,97.12999725341797,97.2699966430664,0,-0.0004420609546837,0.0004420609546837,0.0009200831203959,0.0,97.26104164123537,-0.0004420609546837,-0.0017864662511639,-0.0016122289670672,0.0,0.0,1.0,0.0,0.0,0.0,0.0
2025-06-30 02:00:00+00:00,97.21299743652344,97.22699737548828,97.12100219726562,97.22699737548828,0,-0.0001439922999039,0.0001439922999039,0.0008988626495559,0.0,97.25795809427898,-0.0001439922999039,-0.0014175559698714,-0.0007606887354232,0.0,0.0,2.0,0.0,0.0,0.0,0.0
2025-06-30 03:00:00+00:00,97.24500274658203,97.26100158691406,97.18399810791016,97.21399688720703,0,0.0003292287132643,0.0003292287132643,0.0009018686242326,0.0,97.25620810190836,0.0003292287132643,-9.249034852620852e-05,-0.0004317104627324,1.0,0.0,3.0,0.0,0.0,0.0,0.0
2025-06-30 04:00:00+00:00,97.11000061035156,97.25399780273438,97.10099792480469,97.25399780273438,0,-0.0013882681106224,0.0013882681106224,0.0009382284992088,0.0,97.24708302815756,-0.0013882681106224,-0.0006791994977174,-0.0022501183066034,0.0,1.0,4.0,0.0,0.0,0.0,1.0
2025-06-30 05:00:00+00:00,97.12300109863281,97.13300323486328,97.03900146484375,97.11000061035156,0,0.0001338738358516,0.0001338738358516,0.0009165140367844,0.0,97.23491636912028,0.0001338738358516,-0.0007510396262887,-0.0029974830790971,1.0,0.0,5.0,0.0,0.0,0.0,1.0
2025-06-30 06:00:00+00:00,97.01599884033203,97.15799713134766,96.9739990234375,97.12100219726562,0,-0.0011017190273199,0.0011017190273199,0.0009368714906074,0.0,97.219833056132,-0.0011017190273199,-0.0026112656677312,-0.0037174671675834,0.0,1.0,6.0,0.0,0.0,0.0,1.0
2025-06-30 07:00:00+00:00,97.18299865722656,97.18599700927734,97.01599884033203,97.01599884033203,0,0.001721363681153,0.001721363681153,0.0009127645292639,0.0,97.22037474314372,0.001721363681153,-0.0004525360182809,0.0001337911755296,1.0,1.0,7.0,0.0,0.0,0.0,1.0
2025-06-30 08:00:00+00:00,97.16400146484375,97.25,97.16100311279297,97.18399810791016,0,-0.0001954785574153,0.0001954785574153,0.0009085491416832,0.0,97.21829160054524,-0.0001954785574153,-0.0005040063877433,-0.0005142821400635,0.0,0.0,8.0,0.0,0.0,0.0,1.0
2025-06-30 09:00:00+00:00,97.23699951171875,97.24299621582031,97.13200378417969,97.16300201416016,0,0.0007512869558117,0.0007512869558117,0.0009221378732534,0.0,97.21912479400636,0.0007512869558117,-8.22997031953987e-05,0.0002056907997196,1.0,0.0,9.0,0.0,0.0,1.0,1.0
2025-06-30 10:00:00+00:00,97.19100189208984,97.25299835205078,97.19000244140625,97.23600006103516,0,-0.0004730464726377,0.0004730464726377,0.0009258924187039,0.0,97.21708329518636,-0.0004730464726377,0.0008341188469691,-0.0005038664413417,0.0,0.0,10.0,0.0,0.0,1.0,1.0
2025-06-30 11:00:00+00:00,97.20899963378906,97.20899963378906,97.1520004272461,97.19200134277344,0,0.0001851790942457,0.0001851790942457,0.0009267762154024,0.0,97.21562480926514,0.0001851790942457,0.0008854600268057,-0.0003599570248343,1.0,0.0,11.0,0.0,0.0,1.0,1.0
2025-06-30 12:00:00+00:00,97.28500366210938,97.31800079345703,97.1969985961914,97.20899963378906,0,0.0007818620560506,0.0007818620560506,0.0009398625969084,0.0,97.21812502543132,0.0007818620560506,0.0027727882513488,0.0006171785953204,1.0,0.0,12.0,0.0,0.0,1.0,1.0
2025-06-30 13:00:00+00:00,97.24500274658203,97.29900360107422,97.23999786376953,97.28399658203125,0,-0.0004111724728538,0.0004111724728538,0.0008530132034526,0.0,97.22662512461343,-0.0004111724728538,0.0006380137494435,0.002102228744564,0.0,0.0,13.0,0.0,0.0,1.0,1.0
2025-06-30 14:00:00+00:00,97.13500213623047,97.31700134277344,97.0459976196289,97.24500274658203,0,-0.0011311698004494,0.0011311698004494,0.0008304451878128,0.0,97.2243750890096,-0.0011311698004494,-0.0002984575375251,-0.0005556272091539,0.0,1.0,14.0,0.0,0.0,1.0,1.0
2025-06-30 15:00:00+00:00,96.90599822998047,97.16799926757812,96.89600372314453,97.13700103759766,0,-0.0023575837876528,0.0023575837876528,0.0009356435746538,0.0,97.20916652679443,-0.0023575837876528,-0.0034040672110454,-0.0037524594092084,0.0,1.0,15.0,0.0,0.0,1.0,1.0
2025-06-30 16:00:00+00:00,96.9530029296875,97.05999755859375,96.90599822998047,96.90699768066406,0,0.0004850545948196,0.0004850545948196,0.0009425931003096,0.0,97.19766680399576,0.0004850545948196,-0.0024487756867306,-0.0028385909320928,1.0,0.0,16.0,0.0,0.0,1.0,1.0
2025-06-30 17:00:00+00:00,96.95099639892578,96.98400115966797,96.90499877929688,96.9530029296875,0,-2.069591143216698e-05,2.069591143216698e-05,0.0009413264002157,0.0,97.18554178873698,-2.069591143216698e-05,-0.0026541085273508,-0.0029925379557329,0.0,0.0,17.0,0.0,0.0,0.0,1.0
2025-06-30 18:00:00+00:00,96.875,96.95700073242188,96.84700012207031,96.94999694824219,0,-0.0007838640318154,0.0007838640318154,0.0008607579387385,0.0,97.16316668192546,-0.0007838640318154,-0.0042144590294039,-0.0055126940145454,0.0,0.0,18.0,0.0,0.0,0.0,1.0
2025-06-30 19:00:00+00:00,96.8270034790039,96.8949966430664,96.81900024414062,96.875,0,-0.0004954479586694,0.0004954479586694,0.0008620374973443,0.0,97.13925011952718,-0.0004954479586694,-0.0042984138595524,-0.0058931375633061,0.0,0.0,19.0,0.0,0.0,0.0,1.0
2025-06-30 20:00:00+00:00,96.7750015258789,96.83899688720703,96.76799774169922,96.8280029296875,0,-0.0005370604403375,0.0005370604403375,0.0008623705613106,0.0,97.11525026957194,-0.0005370604403375,-0.0037061883197023,-0.0059166974268788,0.0,0.0,20.0,0.0,0.0,0.0,1.0
2025-06-30 21:00:00+00:00,96.80500030517578,96.9229965209961,96.7750015258789,96.7750015258789,0,0.0003099847979735,0.0003099847979735,0.0008541944730302,0.0,97.096542040507,0.0003099847979735,-0.0010422257305992,-0.0046167510611678,1.0,0.0,21.0,0.0,0.0,0.0,0.0
2025-06-30 22:00:00+00:00,96.78500366210938,96.80500030517578,96.7770004272461,96.80500030517578,0,-0.0002065662207878,0.0002065662207878,0.0008443110281852,0.0,97.08025042215984,-0.0002065662207878,-0.0017327907594565,-0.00402361519576,0.0,0.0,22.0,0.0,0.0,0.0,0.0
2025-06-30 23:00:00+00:00,96.75800323486328,96.78399658203125,96.75299835205078,96.77999877929688,0,-0.0002789732523063,0.0002789732523063,0.0008407805841479,0.0,97.06200059254964,-0.0002789732523063,-0.001990625895874,-0.0045063162526765,0.0,0.0,23.0,0.0,0.0,0.0,0.0
2025-07-01 00:00:00+00:00,96.66699981689453,96.75900268554688,96.66699981689453,96.75800323486328,0,-0.0009405260022559,0.0009405260022559,0.0008289321235551,0.0,97.03687572479248,-0.0009405260022559,-0.0021470986643145,-0.0061992068158959,0.0,1.0,0.0,1.0,0.0,0.0,0.0
2025-07-01 01:00:00+00:00,96.80000305175781,96.80000305175781,96.61399841308594,96.66799926757812,0,0.0013758907912235,0.0013758907912235,0.0008921070453958,0.0,97.01908429463704,0.0013758907912235,-0.0002788522444768,-0.0043917259121087,1.0,1.0,1.0,1.0,0.0,0.0,0.0
2025-07-01 02:00:00+00:00,96.73999786376953,96.81600189208984,96.72699737548828,96.79900360107422,0,-0.0006198882861212,0.0006198882861212,0.0008964806585138,0.0,96.99937597910564,-0.0006198882861212,-0.0003617014885813,-0.0048656001278302,0.0,0.0,2.0,1.0,0.0,0.0,0.0
2025-07-01 03:00:00+00:00,96.7490005493164,96.75800323486328,96.69200134277344,96.73999786376953,0,9.30606341293938e-05,9.30606341293938e-05,0.0008916698691975,0.0,96.97870922088624,9.30606341293938e-05,-0.0005784799925916,-0.0051005417579985,1.0,0.0,3.0,1.0,0.0,0.0,0.0
2025-07-01 04:00:00+00:00,96.74500274658203,96.77100372314453,96.7040023803711,96.74700164794922,0,-4.132138535462016e-05,4.132138535462016e-05,0.0008561400699907,0.0,96.9635009765625,-4.132138535462016e-05,-0.0004132966266859,-0.0037586022188802,0.0,0.0,4.0,1.0,0.0,0.0,1.0
2025-07-01 05:00:00+00:00,96.72200012207031,96.76899719238281,96.70600128173828,96.74500274658203,0,-0.0002377655058005,0.0002377655058005,0.000854017271404,0.0,96.94679260253906,-0.0002377655058005,-0.0003720944168884,-0.0041287951569295,0.0,0.0,5.0,1.0,0.0,0.0,1.0
2025-07-01 06:00:00+00:00,96.76899719238281,96.7959976196289,96.7239990234375,96.7239990234375,0,0.0004858984538489,0.0004858984538489,0.0008402498662689,0.0,96.93650086720784,0.0004858984538489,0.001055141627251,-0.0025459888152646,1.0,0.0,6.0,1.0,0.0,0.0,1.0
2025-07-01 07:00:00+00:00,96.64299774169922,96.84400177001953,96.64099884033203,96.76899719238281,0,-0.0013020642389535,0.0013020642389535,0.0007787852637243,0.0,96.91400082906088,-0.0013020642389535,-0.0016219556312889,-0.0055565368736149,0.0,1.0,7.0,1.0,0.0,0.0,1.0
2025-07-01 08:00:00+00:00,96.53199768066406,96.71399688720703,96.45500183105469,96.64199829101562,0,-0.0011485577189134,0.0011485577189134,0.000800837346579,0.0,96.8876673380534,-0.0011485577189134,-0.002150094973109,-0.0065045055231526,0.0,1.0,8.0,1.0,0.0,0.0,1.0
2025-07-01 09:00:00+00:00,96.4729995727539,96.60099792480469,96.37699890136719,96.51799774169922,0,-0.000611176701277,0.000611176701277,0.000772984130559,0.0,96.85583400726318,-0.000611176701277,-0.0028527527415832,-0.0078570908481474,0.0,0.0,9.0,1.0,0.0,1.0,1.0
2025-07-01 10:00:00+00:00,96.49400329589844,96.49400329589844,96.39700317382812,96.4729995727539,0,0.0002177160784628,0.0002177160784628,0.0007801880075826,0.0,96.82679239908856,0.0002177160784628,-0.0025944435739081,-0.0071714313323498,1.0,0.0,10.0,1.0,0.0,1.0,1.0
2025-07-01 11:00:00+00:00,96.48500061035156,96.53700256347656,96.45099639892578,96.49400329589844,0,-9.32978759236036e-05,9.32978759236036e-05,0.0007747171500584,0.0,96.79662577311198,-9.32978759236036e-05,-0.0024503164886958,-0.0074478600352332,0.0,0.0,11.0,1.0,0.0,1.0,1.0
2025-07-01 12:00:00+00:00,96.60600280761719,96.61399841308594,96.46499633789062,96.48400115966797,0,0.0012541037104232,0.0012541037104232,0.0008089270245666,0.0,96.76833407084148,0.0012541037104232,-0.001684365752407,-0.0069795017621677,1.0,1.0,12.0,1.0,0.0,1.0,1.0
2025-07-01 13:00:00+00:00,96.61199951171875,96.697998046875,96.55899810791016,96.60700225830078,0,6.207382488954138e-05,6.207382488954138e-05,0.0008116458275941,0.0,96.7419589360555,6.207382488954138e-05,-0.0003207498805378,-0.0065093651805725,1.0,0.0,13.0,1.0,0.0,1.0,1.0
2025-07-01 14:00:00+00:00,96.80799865722656,96.83599853515625,96.61100006103516,96.61299896240234,0,0.0020287246563408,0.0020287246563408,0.0009157860634124,0.0,96.728333791097,0.0020287246563408,0.0028591656983576,-0.0033664844990201,1.0,1.0,14.0,1.0,0.0,1.0,1.0
2025-07-01 15:00:00+00:00,96.8479995727539,96.90699768066406,96.80799865722656,96.80799865722656,0,0.000413198455522,0.000413198455522,0.0007901091667882,0.0,96.72591718037924,0.000413198455522,0.0038870979617171,-0.0005985043060896,1.0,0.0,15.0,1.0,0.0,1.0,1.0
2025-07-01 16:00:00+00:00,96.9209976196289,96.9489974975586,96.84700012207031,96.8479995727539,0,0.00075373830329,0.00075373830329,0.0007994929579799,0.0,96.72458362579346,0.00075373830329,0.004425086628659,-0.0003301115910954,1.0,0.0,16.0,1.0,0.0,1.0,1.0
2025-07-01 17:00:00+00:00,96.7979965209961,96.9219970703125,96.79399871826172,96.9209976196289,0,-0.0012690861800198,0.0012690861800198,0.0008395904343044,0.0,96.71820863087972,-0.0012690861800198,0.0032439851652024,-0.0015781155801651,0.0,1.0,17.0,1.0,0.0,0.0,1.0
2025-07-01 18:00:00+00:00,96.81900024414062,96.85900115966797,96.79299926757812,96.7979965209961,0,0.0002169851019588,0.0002169851019588,0.0008271198198584,0.0,96.71587530771892,0.0002169851019588,0.002204805398559,-0.0005780619959677,1.0,0.0,18.0,1.0,0.0,0.0,1.0
2025-07-01 19:00:00+00:00,96.76399993896484,96.8270034790039,96.74700164794922,96.81999969482422,0,-0.0005680734673678,0.0005680734673678,0.0008290511249893,0.0,96.71325016021729,-0.0005680734673678,0.0015733079536115,-0.0006506815018056,0.0,0.0,19.0,1.0,0.0,0.0,1.0
2025-07-01 20:00:00+00:00,96.64299774169922,96.76499938964844,96.63800048828125,96.76399993896484,0,-0.0012504877572439,0.0012504877572439,0.0008603423020621,0.0,96.70775000254314,-0.0012504877572439,-0.0017044140754481,-0.0013640277147852,0.0,1.0,20.0,1.0,0.0,0.0,1.0
2025-07-01 21:00:00+00:00,96.65499877929688,96.6719970703125,96.64299774169922,96.64299774169922,0,0.0001241790701664,0.0001241790701664,0.000857732935744,0.0,96.70149993896484,0.0001241790701664,-0.0019928216825174,-0.0015495224978671,1.0,0.0,21.0,1.0,0.0,0.0,0.0
2025-07-01 22:00:00+00:00,96.6520004272461,96.65599822998047,96.63999938964844,96.65599822998047,0,-3.1021179335288807e-05,3.1021179335288807e-05,0.0008572149683793,0.0,96.6959581375122,-3.1021179335288807e-05,-0.0027754273995249,-0.0013742132544377,0.0,0.0,22.0,1.0,0.0,0.0,0.0
2025-07-01 23:00:00+00:00,96.64099884033203,96.65799713134766,96.63300323486328,96.64099884033203,0,-0.000113826789569,0.000113826789569,0.0008560171935131,0.0,96.69108295440674,-0.000113826789569,-0.0016219104352021,-0.0012092477171861,0.0,0.0,23.0,1.0,0.0,0.0,0.0
2025-07-02 00:00:00+00:00,96.63400268554688,96.6969985961914,96.62899780273438,96.64099884033203,0,-7.239323754004712e-05,7.239323754004712e-05,0.0008348334355526,0.0,96.68970807393391,-7.239323754004712e-05,-0.0019107567536047,-0.0003413484582138,0.0,0.0,0.0,2.0,0.0,0.0,0.0
2025-07-02 01:00:00+00:00,96.73899841308594,96.74800109863281,96.62100219726562,96.63400268554688,0,0.0010865298406474,0.0010865298406474,0.0008157610898751,0.0,96.68716621398926,0.0010865298406474,-0.0002583763165503,-0.0006302131895518,1.0,1.0,1.0,2.0,0.0,0.0,0.0
2025-07-02 02:00:00+00:00,96.68399810791016,96.7770004272461,96.66799926757812,96.73999786376953,0,-0.0005685432563703,0.0005685432563703,0.0008142015636993,0.0,96.68483289082845,-0.0005685432563703,0.0004242455963598,-0.0005788686902622,0.0,0.0,2.0,2.0,0.0,0.0,0.0
2025-07-02 03:00:00+00:00,96.68299865722656,96.70999908447266,96.65799713134766,96.68399810791016,0,-1.0337291621698164e-05,1.0337291621698164e-05,0.0008138297512776,0.0,96.68208281199138,-1.0337291621698164e-05,0.0002896888757262,-0.0006821971463798,0.0,0.0,3.0,2.0,0.0,0.0,0.0
2025-07-02 04:00:00+00:00,96.70700073242188,96.71499633789062,96.66799926757812,96.6780014038086,0,0.0002482553864553,0.0002482553864553,0.0008157697671083,0.0,96.6804993947347,0.0002482553864553,0.0005690550110981,-0.0003928059649727,1.0,0.0,4.0,2.0,0.0,0.0,1.0
2025-07-02 05:00:00+00:00,96.78700256347656,96.81099700927734,96.69999694824219,96.70700073242188,0,0.0008272599754803,0.0008272599754803,0.0008319908554933,0.0,96.68320782979328,0.0008272599754803,0.0015107845003314,0.0006720543549989,1.0,0.0,5.0,2.0,0.0,0.0,1.0
2025-07-02 06:00:00+00:00,96.83399963378906,96.88800048828125,96.74299621582031,96.78800201416016,0,0.000485572122989,0.000485572122989,0.0008319830549242,0.0,96.68591626485188,0.000485572122989,0.0020696332831517,0.00067172796342,1.0,0.0,6.0,2.0,0.0,0.0,1.0
2025-07-02 07:00:00+00:00,96.89800262451172,96.90899658203125,96.822998046875,96.83399963378906,0,0.0006609557693031,0.0006609557693031,0.0007909895613002,0.0,96.6965414683024,0.0006609557693031,0.0016436412825655,0.0026386276168093,1.0,0.0,7.0,2.0,0.0,0.0,1.0
2025-07-02 08:00:00+00:00,96.9010009765625,96.91699981689453,96.85199737548828,96.89700317382812,0,3.094338345022152e-05,3.094338345022152e-05,0.0007446724739301,0.0,96.71191660563152,3.094338345022152e-05,0.0022444548518787,0.003822600844946,1.0,0.0,8.0,2.0,0.0,0.0,1.0
2025-07-02 09:00:00+00:00,96.95700073242188,96.97599792480469,96.88200378417969,96.9000015258789,0,0.0005779068873903,0.0005779068873903,0.0007306089452537,0.0,96.73208332061768,0.0005779068873903,0.0028340254129552,0.0050169597899043,1.0,0.0,9.0,2.0,0.0,1.0,1.0
2025-07-02 10:00:00+00:00,96.93199920654297,96.95600128173828,96.87100219726562,96.95600128173828,0,-0.0002578619974838,0.0002578619974838,0.0007367797725107,0.0,96.75033315022786,-0.0002578619974838,0.0023265996506669,0.0045390997956775,0.0,0.0,10.0,2.0,0.0,1.0,1.0
2025-07-02 11:00:00+00:00,97.08799743652344,97.10600280761719,96.9000015258789,96.93199920654297,0,0.0016093573975304,0.0016093573975304,0.0007885711676937,0.0,96.77545801798504,0.0016093573975304,0.0031098687331438,0.0062496431814,1.0,1.0,11.0,2.0,0.0,1.0,1.0
2025-07-02 12:00:00+00:00,97.0770034790039,97.10900115966797,96.81800079345703,97.08899688720703,0,-0.0001132370407239,0.0001132370407239,0.0007625864324579,0.0,96.79508304595949,-0.0001132370407239,0.0025094888792556,0.0048754803811175,0.0,0.0,12.0,2.0,0.0,1.0,1.0
2025-07-02 13:00:00+00:00,97.0979995727539,97.12899780273438,96.9219970703125,97.07599639892578,0,0.0002162828785143,0.0002162828785143,0.0007619972670255,0.0,96.8153330485026,0.0002162828785143,0.0020639945388472,0.0050304316595393,1.0,0.0,13.0,2.0,0.0,1.0,1.0
2025-07-02 14:00:00+00:00,97.052001953125,97.1520004272461,97.03500366210938,97.09700012207031,0,-0.000473723658894,0.000473723658894,0.0006675843608477,0.0,96.82549985249835,-0.000473723658894,0.0015583015143365,0.0025204869358201,0.0,0.0,14.0,2.0,0.0,1.0,1.0
2025-07-02 15:00:00+00:00,96.87899780273438,97.05699920654297,96.8759994506836,97.0510025024414,0,-0.001782592289793,0.001782592289793,0.0007666408271906,0.0,96.82679144541424,-0.001782592289793,-0.0008045105469255,0.0003200709371098,0.0,1.0,15.0,2.0,0.0,1.0,1.0
2025-07-02 16:00:00+00:00,96.85600280761719,96.90599822998047,96.84600067138672,96.87899780273438,0,-0.0002373578963317,0.0002373578963317,0.000751585464803,0.0,96.82408332824708,-0.0002373578963317,-0.0007840176572015,-0.0006705957801507,0.0,0.0,16.0,2.0,0.0,1.0,1.0
2025-07-02 17:00:00+00:00,96.80699920654297,96.85600280761719,96.77300262451172,96.85600280761719,0,-0.0005059428394081,0.0005059428394081,0.0007118755346419,0.0,96.82445844014484,-0.0005059428394081,-0.002894263321933,9.300487479535492e-05,0.0,0.0,17.0,2.0,0.0,0.0,1.0
2025-07-02 18:00:00+00:00,96.7760009765625,96.8219985961914,96.76399993896484,96.80699920654297,0,-0.0003202064957548,0.0003202064957548,0.0007133352697485,0.0,96.82266680399576,-0.0003202064957548,-0.0031006571242849,-0.0004441201362304,0.0,0.0,18.0,2.0,0.0,0.0,1.0
2025-07-02 19:00:00+00:00,96.7509994506836,96.80000305175781,96.74600219726562,96.7750015258789,0,-0.0002583442757152,0.0002583442757152,0.0007057169453732,0.0,96.82212511698404,-0.0002583442757152,-0.0035737103091429,-0.0001343525307908,0.0,0.0,19.0,2.0,0.0,0.0,1.0
2025-07-02 20:00:00+00:00,96.77899932861328,96.80000305175781,96.7509994506836,96.7509994506836,0,0.0002894014334597,0.0002894014334597,0.0006558292203563,0.0,96.82779184977214,0.0002894014334597,-0.0028129520155965,0.0014072575364183,1.0,0.0,20.0,2.0,0.0,0.0,1.0
2025-07-02 21:00:00+00:00,96.77100372314453,96.81600189208984,96.76799774169922,96.77899932861328,0,-8.261715376489676e-05,8.261715376489676e-05,0.0006562912501163,0.0,96.83262538909912,-8.261715376489676e-05,-0.0011147315934227,0.0012001960096501,0.0,0.0,21.0,2.0,0.0,0.0,0.0
2025-07-02 22:00:00+00:00,96.77300262451172,96.7760009765625,96.76300048828125,96.77100372314453,0,2.0655994980689485e-05,2.0655994980689485e-05,0.0006560979803644,0.0,96.83766714731853,2.0655994980689485e-05,-0.0008569441304565,0.0012519368117653,1.0,0.0,22.0,2.0,0.0,0.0,0.0
2025-07-02 23:00:00+00:00,96.7509994506836,96.75800323486328,96.73100280761719,96.75,0,-0.0002273689276078,0.0002273689276078,0.0006577555109545,0.0,96.84225050608318,-0.0002273689276078,-0.0005784680479548,0.0011382395843537,0.0,0.0,23.0,2.0,0.0,0.0,0.0
2025-07-03 00:00:00+00:00,96.71700286865234,96.76499938964844,96.69000244140625,96.7509994506836,0,-0.0003513822309254,0.0003513822309254,0.0006624172805337,0.0,96.8457088470459,-0.0003513822309254,-0.0006096357290527,0.0008589128132832,0.0,0.0,0.0,3.0,0.0,0.0,0.0
2025-07-03 01:00:00+00:00,96.72599792480469,96.73200225830078,96.68900299072266,96.71600341796875,0,9.300387610799989e-05,9.300387610799989e-05,0.0006238310101807,0.0,96.84516716003418,9.300387610799989e-05,-0.0002584110347267,-0.0001343872532744,1.0,0.0,1.0,3.0,0.0,0.0,0.0
2025-07-03 02:00:00+00:00,96.78900146484375,96.81999969482422,96.72599792480469,96.72599792480469,0,0.0006513609721352,0.0006513609721352,0.0006256484721492,0.0,96.84954229990642,0.0006513609721352,0.0001033502753682,0.0010860469052633,1.0,1.0,2.0,3.0,0.0,0.0,0.0
2025-07-03 03:00:00+00:00,96.83999633789062,96.86299896240234,96.77799987792969,96.79000091552734,0,0.0005268664029496,0.0005268664029496,0.0006331319601439,0.0,96.85608386993408,0.0005268664029496,0.0007129471855378,0.0016238395875647,1.0,0.0,3.0,3.0,0.0,0.0,0.0
2025-07-03 13:30:00+00:00,96.98200225830078,97.30400085449219,96.94999694824219,97.27400207519531,0,0.001466397416153,0.001466397416153,0.000694117323008,0.0,96.8675422668457,0.001466397416153,0.0021596894600863,0.0028436568583054,1.0,1.0,13.0,3.0,0.0,1.0,1.0
2025-07-03 14:30:00+00:00,97.14800262451172,97.16100311279297,96.88999938964844,96.98300170898438,0,0.0017116615696262,0.0017116615696262,0.0007542490813221,0.0,96.8825839360555,0.0017116615696262,0.004103349588967,0.0037298402830316,1.0,1.0,14.0,3.0,0.0,1.0,1.0
2025-07-03 15:30:00+00:00,97.10099792480469,97.18199920654297,97.03900146484375,97.14800262451172,0,-0.0004838462802854,0.0004838462802854,0.0007617195700501,0.0,96.89370886484782,-0.0004838462802854,0.0039702952403708,0.0027572783529066,0.0,0.0,15.0,3.0,0.0,1.0,1.0
2025-07-03 16:30:00+00:00,97.13600158691406,97.2300033569336,97.09500122070312,97.10099792480469,0,0.0003604871510844,0.0003604871510844,0.0007547941420315,0.0,96.90362548828124,0.0003604871510844,0.004238815529493,0.0024561802715852,1.0,0.0,16.0,3.0,0.0,1.0,1.0
2025-07-04 04:00:00+00:00,96.91400146484375,96.99800109863281,96.91300201416016,96.99500274658203,0,-0.0022854566632709,0.0022854566632709,0.0008987199091715,0.0,96.90416717529295,-0.0022854566632709,0.0012914690523531,0.0001341625798518,0.0,1.0,4.0,4.0,0.0,0.0,1.0
2025-07-04 05:00:00+00:00,96.88500213623047,96.91300201416016,96.87300109863281,96.91300201416016,0,-0.0002992274405654,0.0002992274405654,0.0008922621653045,0.0,96.901167233785,-0.0002992274405654,0.0004647439079077,-0.0007425827495438,0.0,0.0,5.0,4.0,0.0,0.0,1.0
2025-07-04 06:00:00+00:00,96.88400268554688,96.94400024414062,96.85900115966797,96.88500213623047,0,-1.031584519328721e-05,1.031584519328721e-05,0.0008909503045436,0.0,96.89916737874348,-1.031584519328721e-05,-0.0010104923642728,-0.0004951566189594,0.0,0.0,6.0,4.0,0.0,0.0,1.0
2025-07-04 07:00:00+00:00,96.99800109863281,97.00599670410156,96.88500213623047,96.88500213623047,0,0.0011766484654431,0.0011766484654431,0.0008603933673737,0.0,96.89541753133138,0.0011766484654431,-0.0015440515690134,-0.0009269563722278,1.0,1.0,7.0,4.0,0.0,0.0,1.0
2025-07-04 08:00:00+00:00,96.95800018310547,97.00499725341797,96.94400024414062,96.99800109863281,0,-0.0004123890706435,0.0004123890706435,0.0008636870424497,0.0,96.89045906066896,-0.0004123890706435,-0.0014726701553567,-0.0012258649487896,0.0,0.0,8.0,4.0,0.0,0.0,1.0
2025-07-04 09:00:00+00:00,96.93699645996094,96.9749984741211,96.91300201416016,96.95600128173828,0,-0.0002166270251537,0.0002166270251537,0.0008623872762881,0.0,96.88375059763592,-0.0002166270251537,-0.002048726771763,-0.0016581506673815,0.0,0.0,9.0,4.0,0.0,1.0,1.0
2025-07-04 10:00:00+00:00,96.95600128173828,96.9739990234375,96.927001953125,96.93599700927734,0,0.0001960533384712,0.0001960533384712,0.0008595460939372,0.0,96.87975056966144,0.0001960533384712,0.0004333720232341,-0.0009891673479655,1.0,0.0,10.0,4.0,0.0,1.0,1.0
2025-07-04 11:00:00+00:00,97.00499725341797,97.00800323486328,96.92400360107422,96.95600128173828,0,0.0005053423308714,0.0005053423308714,0.0007812904193215,0.0,96.88500054677328,0.0005053423308714,0.0012385313984797,0.0013005858188186,1.0,0.0,11.0,4.0,0.0,1.0,1.0
2025-07-04 12:00:00+00:00,97.04100036621094,97.04399871826172,96.98699951171875,97.00499725341797,0,0.0003711469904887,0.0003711469904887,0.0007812825459955,0.0,96.89270877838136,0.0003711469904887,0.001620470627887,0.0019100267740885,1.0,0.0,12.0,4.0,0.0,1.0,1.0
2025-07-04 13:00:00+00:00,96.95999908447266,97.04299926757812,96.9520034790039,97.04100036621094,0,-0.0008347119406498,0.0008347119406498,0.00079476526674,0.0,96.89908377329508,-0.0008347119406498,-0.0003917814153872,0.0015804629746167,0.0,1.0,13.0,4.0,0.0,1.0,1.0
2025-07-04 14:00:00+00:00,96.98699951171875,97.00700378417969,96.91799926757812,96.95999908447266,0,0.0002784697555799,0.0002784697555799,0.0007915015937206,0.0,96.9078753789266,0.0002784697555799,0.0002990916536904,0.0021802774761001,1.0,0.0,14.0,4.0,0.0,1.0,1.0
2025-07-04 15:00:00+00:00,96.97899627685547,96.9990005493164,96.94999694824219,96.98600006103516,0,-8.251863552410921e-05,8.251863552410921e-05,0.000788936577793,0.0,96.91737524668376,-8.251863552410921e-05,0.0004332692205073,0.0023565319993215,0.0,0.0,15.0,4.0,0.0,1.0,1.0
2025-07-04 16:00:00+00:00,96.9990005493164,97.00499725341797,96.9530029296875,96.97899627685547,0,0.0002062742782347,0.0002062742782347,0.0007882436370196,0.0,96.92654196421306,0.0002062742782347,0.0004434925843648,0.0022732330591279,1.0,0.0,16.0,4.0,0.0,1.0,1.0
2025-07-04 17:00:00+00:00,96.99099731445312,97.01100158691406,96.98300170898438,96.9990005493164,0,-8.250842604518027e-05,8.250842604518027e-05,0.0007882425726402,0.0,96.9357083638509,-8.250842604518027e-05,-0.0001443218324955,0.0022733420430149,0.0,0.0,17.0,4.0,0.0,0.0,1.0
2025-07-04 18:00:00+00:00,96.96499633789062,97.00399780273438,96.96299743652344,96.99099731445312,0,-0.0002680761852381,0.0002680761852381,0.0007916213983437,0.0,96.94370810190836,-0.0002680761852381,-0.0007832156308518,0.0019839594532771,0.0,0.0,18.0,4.0,0.0,0.0,1.0
2025-07-04 19:00:00+00:00,97.00700378417969,97.00900268554688,96.96099853515625,96.96499633789062,0,0.0004332227904457,0.0004332227904457,0.0007918491340349,0.0,96.95437494913736,0.0004332227904457,0.0004847844487507,0.0026460122887577,1.0,0.0,19.0,4.0,0.0,0.0,1.0
2025-07-04 20:00:00+00:00,96.98600006103516,97.01000213623047,96.94999694824219,97.00700378417969,0,-0.0002165175948662,0.0002165175948662,0.0007889025814504,0.0,96.96558316548663,-0.0002165175948662,-1.0304996428622816e-05,0.0027812813094314,0.0,0.0,20.0,4.0,0.0,0.0,1.0
