Datetime,Close,High,Low,Open,Volume,price_change,price_change_abs,volatility_24h,volume_ma_24h,price_ma_24h,momentum_1h,momentum_6h,momentum_24h,price_up,strong_move,hour,day_of_week,is_weekend,us_market_hours,extended_hours,daily_return,daily_range,volatility_3d,volatility_7d
2025-05-15 04:00:00+00:00,100.8730010986328,100.88400268554688,100.80999755859376,100.83699798583984,0.0,,,,,,,,,0.0,0.0,4.0,3.0,0.0,0.0,1.0,0.00035704268782387117,0.0007339084704158195,,
2025-05-15 05:00:00+00:00,100.86499786376952,100.9280014038086,100.81999969482422,100.8730010986328,0.0,-7.93397120747441e-05,7.93397120747441e-05,,,,-7.93397120747441e-05,,,0.0,0.0,5.0,3.0,0.0,0.0,1.0,-7.933971207474785e-05,0.0010706701278647575,,
2025-05-15 06:00:00+00:00,100.59700012207033,100.89299774169922,100.59600067138672,100.86499786376952,0.0,-0.002656994471572305,0.0026569944715726,,,,-0.0026569944715726,,,0.0,0.0,6.0,3.0,0.0,0.0,1.0,-0.0026569944715723283,0.002944500833813835,,
2025-05-15 07:00:00+00:00,100.83999633789062,100.87799835205078,100.58899688720705,100.59600067138672,0.0,0.0024155413732560582,0.002415541373256,,,,0.002415541373256,,,1.0,0.0,7.0,3.0,0.0,0.0,1.0,0.0024255006647924105,0.002872892191686689,0.002536380478364475,
2025-05-15 08:00:00+00:00,100.71499633789062,100.87799835205078,100.6989974975586,100.84100341796876,0.0,-0.0012395875103085041,0.0012395875103085,,,,-0.0012395875103085,,,0.0,0.0,8.0,3.0,0.0,0.0,1.0,-0.0012495619421383716,0.0017750800609377068,0.002617238670379388,
2025-05-15 09:00:00+00:00,100.79399871826172,100.802001953125,100.71299743652344,100.71700286865234,0.0,0.0007844152633045276,0.0007844152633045,,,,0.0007844152633045,,,1.0,0.0,9.0,3.0,0.0,1.0,1.0,0.0007644771728343354,0.0008837089475114306,0.0018310801352219577,
2025-05-15 10:00:00+00:00,100.81300354003906,100.8219985961914,100.72799682617188,100.79199981689452,0.0,0.00018855112426341414,0.0001885511242634,,,,0.0001885511242634,-0.0005947831227415,,1.0,0.0,10.0,3.0,0.0,1.0,1.0,0.00020838680830524475,0.0009326312623055515,0.001040129900488828,
2025-05-15 11:00:00+00:00,100.94000244140624,100.9469985961914,100.78800201416016,100.81199645996094,0.0,0.0012597472241437924,0.001259747224144,,,,0.001259747224144,0.0007436135351732,,1.0,0.0,11.0,3.0,0.0,1.0,1.0,0.001269749493515267,0.001577159342285201,0.0005367270612377451,0.0016638598511825476
2025-05-15 12:00:00+00:00,100.70099639892578,100.94000244140624,100.68000030517578,100.94000244140624,0.0,-0.002367803018621828,0.0023678030186219,,,,-0.0023678030186219,0.0010337910348148,,0.0,0.0,12.0,3.0,0.0,1.0,1.0,-0.0023678030186218097,0.002575808697660582,0.0018637564375938174,0.0019105943579502218
2025-05-15 13:00:00+00:00,100.7770004272461,100.81900024414062,100.6060028076172,100.7030029296875,0.0,0.0007547495162731899,0.0007547495162731,,,,0.0007547495162731,-0.0006247115522837,,1.0,0.0,13.0,3.0,0.0,1.0,1.0,0.0007348092450655124,0.002115105114314631,0.001964878188842028,0.0015981642056740665
2025-05-15 14:00:00+00:00,100.88099670410156,100.9800033569336,100.677001953125,100.7760009765625,0.0,0.001031944554953812,0.0010319445549538,,,,0.0010319445549538,0.0016482189569269,,1.0,0.0,14.0,3.0,0.0,1.0,1.0,0.0010418723358895873,0.0030066821551994593,0.0018879201513253457,0.0013534644106793735
2025-05-15 15:00:00+00:00,100.83699798583984,100.95800018310548,100.79199981689452,100.88200378417967,0.0,-0.0004361447616419989,0.0004361447616419,,,,-0.0004361447616419,0.0004266054341024,,0.0,0.0,15.0,3.0,0.0,1.0,1.0,-0.00044612316024285147,0.0016454903747361738,0.0007799949264945081,0.0012555239754488486
2025-05-15 16:00:00+00:00,100.87200164794922,100.93800354003906,100.81300354003906,100.83599853515624,0.0,0.000347131140439938,0.0003471311404399,,,,0.0003471311404399,0.0005852231938185,,1.0,0.0,16.0,3.0,0.0,1.0,1.0,0.0003570462267047473,0.0012396366557169466,0.0007345947627755014,0.0012307027929985123
2025-05-15 17:00:00+00:00,100.93099975585938,100.93900299072266,100.80599975585938,100.87200164794922,0.0,0.0005848809079458395,0.0005848809079458,,,,0.0005848809079458,-8.918848156458381e-05,,1.0,0.0,17.0,3.0,0.0,0.0,1.0,0.0005848809079457354,0.0013185347042826852,0.0005342501768348903,0.0012439019502097893
2025-05-15 18:00:00+00:00,100.87899780273438,100.93299865722656,100.86100006103516,100.93099975585938,0.0,-0.000515222808163851,0.0005152228081638,,,,-0.0005152228081638,0.0017676230640601,,0.0,0.0,18.0,3.0,0.0,0.0,1.0,-0.0005152228081638626,0.0007133447242726485,0.0005788505090291736,0.0011624544296901865
2025-05-15 19:00:00+00:00,100.81400299072266,100.91100311279295,100.802001953125,100.87899780273438,0.0,-0.0006442848702642445,0.0006442848702642,,,,-0.0006442848702642,0.0003671727013077,,0.0,0.0,19.0,3.0,0.0,0.0,1.0,-0.000644284870264215,0.001080513903212072,0.000675491637302633,0.000681633256912751
2025-05-15 20:00:00+00:00,100.8209991455078,100.83200073242188,100.79100036621094,100.81500244140624,0.0,6.939665698801889e-05,6.939665698824093e-05,,,,6.939665698824093e-05,-0.000594735981542,,1.0,0.0,20.0,3.0,0.0,0.0,1.0,5.9482259151338014e-05,0.00040668913572428815,0.0003803021292887146,0.0006292485063630248
2025-05-15 21:00:00+00:00,100.78900146484376,100.83799743652344,100.78800201416016,100.81900024414062,0.0,-0.000317371191867033,0.0003173711918672,,,,-0.0003173711918672,-0.0004759812564316,,0.0,0.0,21.0,3.0,0.0,0.0,0.0,-0.00029755085077432365,0.0004958928598995592,0.00035725883342759506,0.00046907455169836916
2025-05-15 22:00:00+00:00,100.80899810791016,100.8239974975586,100.78900146484376,100.78900146484376,0.0,0.00019840104352430998,0.0001984010435243,,,,0.0001984010435243,-0.0006245889742423,,1.0,0.0,22.0,3.0,0.0,0.0,0.0,0.00019840104352424875,0.00034722075034185665,0.00026840656333696004,0.0004613530513400075
2025-05-15 23:00:00+00:00,100.77100372314452,100.79000091552734,100.76100158691406,100.77200317382812,0.0,-0.0003768947760492969,0.0003768947760491,,,,-0.0003768947760491,-0.0015852020994724,,0.0,0.0,23.0,3.0,0.0,0.0,0.0,-9.917940024313538e-06,0.0002877716796326698,0.00031636722752031575,0.00044091307649966974
2025-05-16 00:00:00+00:00,100.63099670410156,100.78199768066406,100.6060028076172,100.77100372314452,0.0,-0.0013893581870793037,0.0013893581870795,,,,-0.0013893581870795,-0.002458401689495,,0.0,0.0,0.0,4.0,0.0,0.0,0.0,-0.0013893581870793505,0.0017464832793606408,0.0008038477066646764,0.0005217227384503826
2025-05-16 01:00:00+00:00,100.6500015258789,100.6790008544922,100.60900115966795,100.62999725341795,0.0,0.00018885653923539358,0.0001888565392353,,,,0.0001888565392353,-0.0016267726702494,,1.0,0.0,1.0,4.0,0.0,0.0,0.0,0.0001987903508590452,0.0006956145953970956,0.0007995747236059765,0.0005673177181252819
2025-05-16 02:00:00+00:00,100.6780014038086,100.69499969482422,100.61199951171876,100.6500015258789,0.0,0.0002781905365643045,0.0002781905365643,,,,0.0002781905365643,-0.0014183329158724,,1.0,0.0,2.0,4.0,0.0,0.0,0.0,0.000278190536564356,0.0008246416477610655,0.0009380352721833685,0.000587429344707377
2025-05-16 03:00:00+00:00,100.66000366210938,100.6969985961914,100.63400268554688,100.6780014038086,0.0,-0.0001787653851712534,0.0001787653851712,,0.0,100.78908316294353,-0.0001787653851712,-0.0012798797573103,,0.0,0.0,3.0,4.0,0.0,0.0,0.0,-0.0001787653851712029,0.0006257167381766097,0.00024218971791841045,0.0005763606664787098
2025-05-16 04:00:00+00:00,100.6520004272461,100.70700073242188,100.6439971923828,100.6709976196289,0.0,-7.950759559027798e-05,7.950759559027798e-05,0.001091872166228,0.0,100.77987480163574,-7.950759559027798e-05,-0.0015573776509116,-0.0021908803047371,0.0,0.0,4.0,4.0,0.0,0.0,1.0,-0.00018870571298588594,0.0006258360553565453,0.00024035001454426327,0.0005772338844491207
2025-05-16 05:00:00+00:00,100.55799865722656,100.66899871826172,100.54399871826172,100.6520004272461,0.0,-0.0009339284824992911,0.0009339284824992,0.0011053336331436,0.0,100.7670831680298,-0.0009339284824992,-0.0021137535406828,-0.0030436644331029,0.0,0.0,5.0,4.0,0.0,0.0,1.0,-0.0009339284824992444,0.0012419027885129147,0.00046728978595459635,0.0006067939598939622
2025-05-16 06:00:00+00:00,100.5780029296875,100.625,100.53399658203124,100.55899810791016,0.0,0.00019893268290993582,0.0001989326829099,0.0009660032237422,0.0,100.76629161834715,0.0001989326829099,-0.0005266148219706,-0.0001888445218024,1.0,0.0,6.0,4.0,0.0,0.0,1.0,0.00018899175742532378,0.0009049753844117278,0.0005903301986699205,0.0006415140249413009
2025-05-16 07:00:00+00:00,100.61900329589844,100.63700103759766,100.53700256347656,100.58100128173828,0.0,0.00040764744791754737,0.0004076474479175,0.0008234676713651,0.0,100.75708357493085,0.0004076474479175,-0.0003079804223599,-0.0021915217177487,1.0,0.0,7.0,4.0,0.0,0.0,1.0,0.00037782497366185976,0.000994208377792812,0.0007218912949443212,0.00045227200548366185
2025-05-16 08:00:00+00:00,100.71399688720705,100.72100067138672,100.61900329589844,100.61900329589844,0.0,0.0009440919527821112,0.0009440919527818,0.0008116039367378,0.0,100.75704193115234,0.0009440919527818,0.0003575307703425,-9.923553789703554e-06,1.0,1.0,8.0,4.0,0.0,0.0,1.0,0.0009440919527820468,0.0010136989251257969,0.0003844036284532178,0.0005812408892791985
2025-05-16 09:00:00+00:00,100.78399658203124,100.7979965209961,100.66200256347656,100.71399688720705,0.0,0.0006950344240888029,0.0006950344240892,0.0008080447970624,0.0,100.75662517547607,0.0006950344240892,0.0012317992788684,-9.923344998374883e-05,1.0,0.0,9.0,4.0,0.0,1.0,1.0,0.0006950344240888911,0.0013502984860370045,0.0002684503782424407,0.0006234421628929563
2025-05-16 10:00:00+00:00,100.76499938964844,100.83899688720705,100.75499725341795,100.78399658203124,0.0,-0.0001884941362425563,0.0001884941362426,0.0008078072860664,0.0,100.75462500254314,-0.0001884941362426,0.0011226698120523,-0.0004761702231355,0.0,0.0,10.0,4.0,0.0,1.0,1.0,-0.0001884941362425123,0.0008334620241093635,0.0005951755509332532,0.0006243087652441809
2025-05-16 11:00:00+00:00,100.81300354003906,100.83399963378906,100.69499969482422,100.76499938964844,0.0,0.00047639706923430225,0.0004763970692343,0.000768752008823,0.0,100.74933338165285,0.0004763970692343,0.002535898548277,-0.0012581622577323,1.0,0.0,11.0,4.0,0.0,1.0,1.0,0.00047639706923430453,0.0013794466313381745,0.0004601639789211815,0.000625735738274675
2025-05-16 12:00:00+00:00,100.7770004272461,100.84100341796876,100.7699966430664,100.81400299072266,0.0,-0.00035712766735163104,0.0003571276673516,0.0005954512743362,0.0,100.75250021616618,-0.0003571276673516,0.001978538962418,0.0007547495162731,0.0,0.0,12.0,4.0,0.0,1.0,1.0,-0.0003670379349976574,0.0007043344455719342,0.0004406966207864221,0.0004642974614904036
2025-05-16 13:00:00+00:00,100.74400329589844,100.83999633789062,100.70500183105467,100.7770004272461,0.0,-0.0003274272027126157,0.0003274272027126,0.0005790586143193,0.0,100.75112533569336,-0.0003274272027126,0.0012423100597847,-0.0003274272027126,0.0,0.0,13.0,4.0,0.0,1.0,1.0,-0.00032742720271256595,0.0013395368612246824,0.000472895172364061,0.0005242146226665201
2025-05-16 14:00:00+00:00,101.09300231933594,101.12799835205078,100.7300033569336,100.7480010986328,0.0,0.0034642163505498313,0.0034642163505498,0.0008960562521619,0.0,100.7599589029948,0.0034642163505498,0.0037631852954198,0.002101541639762,1.0,1.0,14.0,4.0,0.0,1.0,1.0,0.0034243976748023148,0.0039504009089723615,0.0021977303844249465,0.0013358957596350928
2025-05-16 15:00:00+00:00,101.1969985961914,101.1969985961914,101.06700134277344,101.09300231933594,0.0,0.0010287188476900688,0.00102871884769,0.0009086136206845,0.0,100.7749589284261,0.00102871884769,0.0040978928020978,0.0035701242355719,1.0,1.0,15.0,4.0,0.0,1.0,1.0,0.00102871884768999,0.0012859174268791533,0.0019212557105296008,0.001339143446800416
2025-05-16 16:00:00+00:00,101.1449966430664,101.25900268554688,101.1269989013672,101.1959991455078,0.0,-0.0005138685321340875,0.000513868532134,0.0009174013947402,0.0,100.78633371988931,-0.000513868532134,0.0037711234627071,0.0027063505299513,0.0,0.0,16.0,4.0,0.0,1.0,1.0,-0.0005039972219460624,0.0013044367889472345,0.002005674584965834,0.00141344532783209
2025-05-16 17:00:00+00:00,101.13999938964844,101.1790008544922,101.11699676513672,101.1439971923828,0.0,-4.940682766152449e-05,4.940682766152449e-05,0.0009123393367001,0.0,100.79504203796388,-4.940682766152449e-05,0.0032435880107422,0.00207071795875,0.0,0.0,17.0,4.0,0.0,0.0,1.0,-3.952585269847201e-05,0.0006130278719116365,0.0007913759611342178,0.0014028988527309022
2025-05-16 18:00:00+00:00,101.09200286865234,101.15599822998048,101.06600189208984,101.13999938964844,0.0,-0.0004745552826354027,0.0004745552826354,0.0009112100588305,0.0,100.80391724904378,-0.0004745552826354,0.0031257374209472,0.0021114907023014,0.0,0.0,18.0,4.0,0.0,0.0,1.0,-0.0004745552826353501,0.0008898194426907444,0.00025755951262908147,0.0014542436237033488
2025-05-16 19:00:00+00:00,101.11399841308594,101.125,101.0459976196289,101.08999633789062,0.0,0.00021757947027878366,0.0002175794702787,0.0008979709234802,0.0,100.81641705830891,0.0002175794702787,0.0036726267081206,0.0029757316787717,1.0,0.0,19.0,4.0,0.0,0.0,1.0,0.00023743274374139062,0.0007815054232174506,0.0003490662325514857,0.0014204831224586215
2025-05-16 20:00:00+00:00,100.98600006103516,101.1240005493164,100.96399688720705,101.11399841308594,0.0,-0.0012658816193565903,0.0012658816193565,0.0009418095300699,0.0,100.82329209645587,-0.0012658816193565,-0.0010584536599553,0.0016365729057019,0.0,1.0,20.0,4.0,0.0,0.0,1.0,-0.001265881619356633,0.0015824086142424124,0.0007422830425835246,0.0015477419492933725
2025-05-18 22:00:00+00:00,100.7490005493164,100.90499877929688,100.71700286865234,100.90499877929688,0.0,-0.0023468551242301627,0.0023468551242301,0.0010614755220369,0.0,100.82162539164226,-0.0023468551242301,-0.0044269894669767,-0.000396877783746,0.0,1.0,22.0,6.0,1.0,0.0,0.0,-0.0015459910992286301,0.0018630980914604916,0.001287470731849537,0.001084121371693563
2025-05-18 23:00:00+00:00,100.76300048828124,100.8239974975586,100.72000122070312,100.7490005493164,0.0,0.0001389585890529954,0.0001389585890532,0.0010610227559517,0.0,100.81970882415771,0.0001389585890532,-0.0037767182506633,-0.0004562848604017,1.0,0.0,23.0,6.0,1.0,0.0,0.0,0.00013895858905296635,0.001032231350072429,0.001246418171304582,0.000916009635814646
2025-05-19 00:00:00+00:00,100.68099975585938,100.80899810791016,100.66799926757812,100.78199768066406,0.0,-0.0008137980411907497,0.0008137980411908,0.0010711394261478,0.0,100.81595865885416,-0.0008137980411908,-0.0045382601993176,-0.0008931534266785,0.0,0.0,0.0,0.0,0.0,0.0,0.0,-0.0010021425168084842,0.0013990478813368783,0.0012541450629464238,0.0009175895983325648
2025-05-19 01:00:00+00:00,100.85299682617188,100.86299896240234,100.66500091552734,100.68199920654295,0.0,0.001708336932783494,0.0017083369327834,0.0010875649818066,0.0,100.82520866394044,0.0017083369327834,-0.0023642428253302,0.0022060809227903,1.0,1.0,1.0,0.0,0.0,0.0,0.0,0.00169839316835703,0.00196656848727069,0.0012735683733240603,0.0012802057898268614
2025-05-19 02:00:00+00:00,100.81999969482422,100.88300323486328,100.76200103759766,100.85299682617188,0.0,-0.00032718047441393505,0.0003271804744139,0.001090671550464,0.0,100.8322919209798,-0.0003271804744139,-0.0029075966026052,0.0016890031432499,0.0,0.0,2.0,0.0,0.0,0.0,0.0,-0.0003271804744139574,0.0011997878206255175,0.0013379893247110004,0.0012800864247077077
2025-05-19 03:00:00+00:00,100.83100128173828,100.8479995727539,100.79100036621094,100.81900024414062,0.0,0.00010912107664506898,0.000109121076645,0.001089820054191,0.0,100.83866691589355,0.000109121076645,-0.001534854130307,0.0015196952243421,1.0,0.0,3.0,0.0,0.0,0.0,0.0,0.00011903547514451498,0.0005653617513062119,0.001071695036922413,0.0012722219124269595
2025-05-19 04:00:00+00:00,100.8249969482422,100.86599731445312,100.78800201416016,100.8290023803711,0.0,-5.9548486276539414e-05,5.954848627676146e-05,0.0010889375083554,0.0,100.8455416361491,-5.954848627676146e-05,0.0007543141719661,0.0016391146446472,0.0,0.0,4.0,0.0,0.0,0.0,1.0,-3.9725000092550726e-05,0.0007735403351382608,0.0002200133882240789,0.0012157731000159901
2025-05-19 05:00:00+00:00,100.7969970703125,100.86799621582033,100.78199768066406,100.8249969482422,0.0,-0.0002777076992531713,0.0002777076992529,0.0010908610976539,0.0,100.85158316294353,-0.0002777076992529,0.0003373915213571,0.0014405738827933,0.0,0.0,5.0,0.0,0.0,0.0,1.0,-0.00027770769925314505,0.0008529485520382505,0.0001939412993346536,0.000792353925522138
2025-05-19 06:00:00+00:00,100.6240005493164,100.822998046875,100.6060028076172,100.7979965209961,0.0,-0.0017162864571790282,0.001716286457179,0.0011327564099265,0.0,100.8543332417806,-0.001716286457179,-0.0005661366760479,0.0006563564606614,0.0,1.0,6.0,0.0,0.0,0.0,1.0,-0.001726184821971579,0.002152773336249778,0.0009001743339664992,0.0010372273276166423
2025-05-19 07:00:00+00:00,100.3939971923828,100.64199829101562,100.34300231933594,100.6240005493164,0.0,-0.002285770349797267,0.002285770349797,0.0012261463192624,0.0,100.84666633605956,-0.002285770349797,-0.0045511749599288,-0.0018294829082391,0.0,1.0,7.0,0.0,0.0,0.0,1.0,-0.002285770349797233,0.002971418051830963,0.0010349022784154798,0.001299285096318434
2025-05-19 08:00:00+00:00,100.29499816894533,100.4229965209961,100.28099822998048,100.3939971923828,0.0,-0.0009861050083279643,0.0009861050083281,0.0012352366644553,0.0,100.83316612243652,-0.0009861050083281,-0.0052073152893081,-0.0032201186290853,0.0,0.0,8.0,0.0,0.0,0.0,1.0,-0.0009861050083279574,0.0014144101737826277,0.000651486358518527,0.0009085143738363245
2025-05-19 09:00:00+00:00,100.13500213623048,100.31099700927734,100.13300323486328,100.29399871826172,0.0,-0.0015952543560081578,0.0015952543560081,0.0012476013734036,0.0,100.80904134114584,-0.0015952543560081,-0.0069026305070905,-0.0057489005388694,0.0,1.0,9.0,0.0,0.0,1.0,1.0,-0.0015853050438030386,0.0017747200898238099,0.0006502570344710223,0.000926644844412022
2025-05-19 10:00:00+00:00,100.13500213623048,100.1989974975586,100.06400299072266,100.12899780273438,0.0,0.0,0.0,0.0012329472003658,0.0,100.78199990590412,0.0,-0.0068434895402568,-0.0064394593170608,0.0,0.0,10.0,0.0,0.0,1.0,1.0,5.996598016427956e-05,0.0013482059123561007,0.0008050157840680006,0.0009060949854127317
2025-05-19 11:00:00+00:00,100.177001953125,100.25800323486328,100.13200378417967,100.13700103759766,0.0,0.0004194319268837621,0.0004194319268839,0.0012408797446654,0.0,100.75750001271564,0.0004194319268839,-0.006150928452313,-0.0058353340950234,1.0,0.0,11.0,0.0,0.0,1.0,1.0,0.0003994618883416023,0.001258270662972021,0.0010629926638289727,0.0010010624327106148
2025-05-19 12:00:00+00:00,100.28700256347656,100.28800201416016,100.1709976196289,100.1760025024414,0.0,0.0010980625114238585,0.0010980625114238,0.0012628455859379,0.0,100.73558330535889,0.0010980625114238,-0.0033490815709983,-0.0052175905695894,1.0,0.0,12.0,0.0,0.0,1.0,1.0,0.0011080504138947954,0.001167988256752394,0.0005541064715012112,0.0012518696668574194
2025-05-19 13:00:00+00:00,100.3249969482422,100.3550033569336,100.2310028076172,100.28800201416016,0.0,0.00037885651973290635,0.0003788565197326,0.0012682240675806,0.0,100.71674982706706,0.0003788565197326,-0.0006872945202929,-0.004485184884325,1.0,0.0,13.0,0.0,0.0,1.0,1.0,0.00036888693900614315,0.0012364445080766868,0.00040403033970707,0.0012251797714632707
2025-05-19 14:00:00+00:00,100.27100372314452,100.4020004272461,100.2519989013672,100.3249969482422,0.0,-0.0005381831720916441,0.0005381831720913,0.0012699706606139,0.0,100.69704151153564,-0.0005381831720913,-0.0002392387081991,-0.0046950642944438,0.0,0.0,14.0,0.0,0.0,1.0,1.0,-0.000538183172091596,0.0014951560472638542,0.0008201137107833433,0.0009236102025682721
2025-05-19 15:00:00+00:00,100.42400360107422,100.43099975585938,100.22599792480467,100.29399871826172,0.0,0.0015258636320441,0.0015258636320438,0.0010735717088431,0.0,100.6691665649414,0.0015258636320438,0.0028861183270418,-0.0066176560485211,1.0,1.0,15.0,0.0,0.0,1.0,1.0,0.001296237905297802,0.0020440089504315936,0.0010341563648482686,0.0010368747954339597
2025-05-19 16:00:00+00:00,100.4219970703125,100.45600128173828,100.39299774169922,100.41999816894533,0.0,-1.9980589199497523e-05,1.9980589199497523e-05,0.0010389395761149,0.0,100.63687483469646,-1.9980589199497523e-05,0.0028660800714976,-0.0076583449769237,0.0,0.0,16.0,0.0,0.0,1.0,1.0,1.990541130871525e-05,0.0006274003304906075,0.0010738138791965843,0.0007037601534363371
2025-05-19 17:00:00+00:00,100.46900177001952,100.50599670410156,100.39199829101562,100.4219970703125,0.0,0.00046807174800655993,0.0004680717480067,0.0010502363094202,0.0,100.60870838165285,0.0004680717480067,0.0029148388472552,-0.0066834237528566,1.0,0.0,17.0,0.0,0.0,0.0,1.0,0.00046807174800662195,0.0011351936469269695,0.0007902270886840286,0.0006802498711395274
2025-05-19 18:00:00+00:00,100.4260025024414,100.51000213623048,100.41400146484376,100.47000122070312,0.0,-0.0004279854166018282,0.0004279854166019,0.0010494832231838,0.0,100.57895851135254,-0.0004279854166019,0.0013860214724921,-0.0070594907209393,0.0,0.0,18.0,0.0,0.0,0.0,1.0,-0.0004379289113878527,0.0009555157780463587,0.00044862409381016087,0.0007624380483948418
2025-05-19 19:00:00+00:00,100.37799835205078,100.43900299072266,100.36499786376952,100.427001953125,0.0,-0.0004780051898357618,0.0004780051898357,0.0010495091765521,0.0,100.5492083231608,-0.0004780051898357,0.0005282970886701,-0.0070629178999377,0.0,0.0,19.0,0.0,0.0,0.0,1.0,-0.0004879524442748129,0.000736904672188478,0.0005323661008925947,0.0007387645151308747
2025-05-19 20:00:00+00:00,100.36599731445312,100.38400268554688,100.34500122070312,100.3769989013672,0.0,-0.00011955844701705409,0.000119558447017,0.0010445982409324,0.0,100.51804161071776,-0.000119558447017,0.0009473685091543,-0.007397601819453,0.0,0.0,20.0,0.0,0.0,0.0,1.0,-0.00010960266828546178,0.0003885498198852683,0.00019412763873242632,0.0007347681801544095
2025-05-19 21:00:00+00:00,100.3550033569336,100.38200378417967,100.3489990234375,100.36499786376952,0.0,-0.000109538666617226,0.0001095386666172,0.0010250190099722,0.0,100.4917500813802,-0.0001095386666172,-0.000687089158631,-0.0062483582251023,0.0,0.0,21.0,0.0,0.0,0.0,0.0,-9.958159765508428e-05,0.0003288473217223829,0.0002099015809728296,0.0006934425413044213
2025-05-19 22:00:00+00:00,100.38200378417967,100.38600158691406,100.35299682617188,100.3560028076172,0.0,0.000269049138985622,0.0002690491389858,0.000928026392302,0.0,100.47645854949953,0.0002690491389858,-0.0003982522485069,-0.0036426839287311,1.0,0.0,22.0,0.0,0.0,0.0,0.0,0.0002590874071809689,0.00032887679679169504,0.00022152689018464222,0.0003427528147089277
2025-05-19 23:00:00+00:00,100.44000244140624,100.4459991455078,100.4280014038086,100.43399810791016,0.0,0.0005777794329675512,0.0005777794329675,0.0009382669653877,0.0,100.4630002975464,0.0005777794329675,-0.0002886395614805,-0.0032055223178131,1.0,0.0,23.0,0.0,0.0,0.0,0.0,5.978387407845949e-05,0.00017919969371195472,0.0003442502217356298,0.00042004804387450983
2025-05-20 00:00:00+00:00,100.49600219726562,100.58000183105467,100.44000244140624,100.44100189208984,0.0,0.0005575443498426758,0.0005575443498424,0.0009367820164393,0.0,100.45529206593832,0.0005575443498424,0.0006970275932522,-0.001837462470996,1.0,0.0,0.0,1.0,0.0,0.0,0.0,0.0005475881775340272,0.00139384700482028,0.00017270077190461498,0.0004367811079053112
2025-05-20 01:00:00+00:00,100.40399932861328,100.49600219726562,100.3010025024414,100.49600219726562,0.0,-0.0009154878466881566,0.0009154878466881,0.0008702031581919,0.0,100.43658383687335,-0.0009154878466881,0.0002590306340968,-0.0044519995606325,0.0,1.0,1.0,1.0,0.0,0.0,0.0,-0.0009154878466881644,0.0019403726572271992,0.0008563566701532604,0.000548204559638361
2025-05-20 02:00:00+00:00,100.46499633789062,100.49600219726562,100.33899688720705,100.40399932861328,0.0,0.0006075157332896541,0.0006075157332896,0.000884388582593,0.0,100.42179203033449,0.0006075157332896,0.0009863801096632,-0.0035211600675278,1.0,0.0,2.0,1.0,0.0,0.0,0.0,0.000607515733289727,0.0015637356191830092,0.0008652418636625334,0.0005542410928756639
2025-05-20 03:00:00+00:00,100.33200073242188,100.48300170898438,100.3219985961914,100.46499633789062,0.0,-0.001323800431161648,0.0013238004311616,0.0009142395669141,0.0,100.40100034077962,-0.0013238004311616,-0.0002292125329307,-0.0049488802349796,0.0,1.0,3.0,1.0,0.0,0.0,0.0,-0.001323800431161618,0.0016025791933687258,0.0010178605993566064,0.0007823568748229866
2025-05-20 04:00:00+00:00,100.36100006103516,100.37100219726562,100.302001953125,100.34100341796876,0.0,0.00028903369215793617,0.0002890336921579,0.0009194264162469,0.0,100.381667137146,0.0002890336921579,-0.0002092379346171,-0.0046020024919536,1.0,0.0,4.0,1.0,0.0,0.0,1.0,0.00019928685567450785,0.0006876575058075275,0.0010354263893793036,0.0007915923777401639
2025-05-20 05:00:00+00:00,100.23300170898438,100.36100006103516,100.21700286865234,100.36100006103516,0.0,-0.0012753794000950336,0.001275379400095,0.0009456602653551,0.0,100.358167330424,-0.001275379400095,-0.0020609391416794,-0.0055953587678282,0.0,1.0,5.0,1.0,0.0,0.0,1.0,-0.0012753794000950397,0.0014347923226675674,0.0009175117464103758,0.0009129039514100874
2025-05-20 06:00:00+00:00,100.2249984741211,100.26699829101562,100.16999816894533,100.23300170898438,0.0,-7.984630537671844e-05,7.984630537671844e-05,0.0008915334042509,0.0,100.34154224395752,-7.984630537671844e-05,-0.0026966617300115,-0.0039652773992001,0.0,0.0,6.0,1.0,0.0,0.0,1.0,-7.984630537672385e-05,0.0009677463551568334,0.0008177978719667857,0.0008497567931703711
2025-05-20 07:00:00+00:00,100.0510025024414,100.2480010986328,100.0500030517578,100.22699737548828,0.0,-0.001736053622636069,0.001736053622636,0.0008402704520569,0.0,100.32725079854328,-0.001736053622636,-0.0035157645963538,-0.0034164860403369,0.0,1.0,7.0,1.0,0.0,0.0,1.0,-0.0017559627411318287,0.0019754961443494545,0.0008548433382423506,0.0009019780420314007
2025-05-20 08:00:00+00:00,100.20800018310548,100.26300048828124,100.0510025024414,100.0510025024414,0.0,0.001569176487364432,0.0015691764873644,0.0008891636001056,0.0,100.32362588246664,0.0015691764873644,-0.0025580666316933,-0.0008674209823833,1.0,1.0,8.0,1.0,0.0,0.0,1.0,0.001569176487364489,0.0021188991667990178,0.0016526163564066709,0.001209088785907705
2025-05-20 09:00:00+00:00,100.22799682617188,100.27100372314452,100.14099884033205,100.20800018310548,0.0,0.00019955136346250235,0.0001995513634627,0.0008254976821424,0.0,100.3275006612142,0.0001995513634627,-0.0010365975510382,0.0009286931438308,1.0,0.0,9.0,1.0,0.0,1.0,1.0,0.00019955136346252883,0.001297350337048136,0.0016606718380566621,0.0011684123128850093
2025-05-20 10:00:00+00:00,100.322998046875,100.3270034790039,100.21700286865234,100.22799682617188,0.0,0.0009478511365230702,0.000947851136523,0.0008459703357109,0.0,100.33533382415771,0.000947851136523,-0.0003786532033065,0.0018774245432058,1.0,1.0,10.0,1.0,0.0,1.0,1.0,0.0009478511365231431,0.0010975038296169835,0.0006857928163792155,0.001164037490684998
2025-05-20 11:00:00+00:00,100.3040008544922,100.3219985961914,100.25800323486328,100.3219985961914,0.0,-0.0001893602937774741,0.0001893602937776,0.0008444288972367,0.0,100.34062544504802,-0.0001893602937776,0.0007083410084229,0.0012677450801195,0.0,0.0,11.0,1.0,0.0,1.0,1.0,-0.00017939975230804264,0.0006378995855706018,0.0005779928870245512,0.0011574262297082427
2025-05-20 12:00:00+00:00,100.40299987792967,100.47599792480467,100.29399871826172,100.3040008544922,0.0,0.0009869897770187208,0.0009869897770191,0.0008387381915358,0.0,100.34545866648357,0.0009869897770191,0.0017760180246304,0.0011566535192804,1.0,1.0,12.0,1.0,0.0,1.0,1.0,0.000986989777018828,0.001814476042755014,0.0006681543184335328,0.0010815717836842936
2025-05-20 13:00:00+00:00,100.3270034790039,100.4810028076172,100.30500030517578,100.40399932861328,0.0,-0.0007569136282598032,0.0007569136282599,0.000851236873024,0.0,100.34554227193196,-0.0007569136282599,0.0027586028091599,2.0000307229040004e-05,0.0,0.0,13.0,1.0,0.0,1.0,1.0,-0.0007668603852857942,0.0017529431458739016,0.000889486309008956,0.0011437054848078018
2025-05-20 14:00:00+00:00,100.16300201416016,100.32599639892578,100.1510009765625,100.32599639892578,0.0,-0.00163466922320743,0.0016346692232074,0.0009089146210994,0.0,100.34104220072427,-0.0016346692232074,-0.0004490476694783,-0.0010770981138532,0.0,1.0,14.0,1.0,0.0,1.0,1.0,-0.0016246475551312863,0.0017442679728536937,0.0013344630558687063,0.0011162126470011641
2025-05-20 15:00:00+00:00,100.26000213623048,100.2959976196289,100.1520004272461,100.16300201416016,0.0,0.0009684226722419531,0.0009684226722417,0.0008734715577961,0.0,100.3342088063558,0.0009684226722417,0.0003193250496076,-0.0016330902868125,1.0,1.0,15.0,1.0,0.0,1.0,1.0,0.0009684226722419291,0.001437628560318664,0.0013243443440966811,0.0010076578187378788
2025-05-20 16:00:00+00:00,100.24299621582033,100.3280029296875,100.22699737548828,100.26300048828124,0.0,-0.0001696181931758467,0.0001696181931758,0.0008736499208762,0.0,100.32675043741862,-0.0001696181931758,-0.0007974425865673,-0.0017824865040958,0.0,0.0,16.0,1.0,0.0,1.0,1.0,-0.00019951799131771628,0.0010074060591376806,0.001304964811026959,0.0010096840505692843
2025-05-20 17:00:00+00:00,100.11100006103516,100.25800323486328,100.08899688720705,100.24299621582033,0.0,-0.0013167618663451064,0.0013167618663449,0.0009010397676456,0.0,100.31183369954428,-0.0013167618663449,-0.0019241584763604,-0.0035633051257328,0.0,1.0,17.0,1.0,0.0,0.0,1.0,-0.001316761866345121,0.0016859666414237053,0.0011425952909677824,0.0010261883962092322
2025-05-20 18:00:00+00:00,100.11799621582033,100.13099670410156,100.06199645996094,100.11100006103516,0.0,6.98839765951309e-05,6.988397659490886e-05,0.0009000521569102,0.0,100.2990001042684,6.988397659490886e-05,-0.0028385970783331,-0.0030669973806196,1.0,0.0,18.0,1.0,0.0,0.0,1.0,6.988397659503033e-05,0.0006892373874854641,0.0007411799815115431,0.0010355537891454812
2025-05-20 19:00:00+00:00,100.0510025024414,100.12000274658205,100.03299713134766,100.11900329589844,0.0,-0.0006691475649842626,0.0006691475649841,0.0009041241324401,0.0,100.28537527720134,-0.0006691475649841,-0.0027510138546125,-0.0032576446529898,0.0,0.0,19.0,1.0,0.0,0.0,1.0,-0.0006791996645837267,0.0008690219875366414,0.0006938249775123105,0.0008793334275146659
2025-05-20 20:00:00+00:00,100.02300262451172,100.06900024414062,100.00900268554688,100.052001953125,0.0,-0.00027985604571034717,0.0002798560457103,0.0009045927814243,0.0,100.27108383178712,-0.0002798560457103,-0.0013977155919173,-0.0034174391638512,0.0,0.0,20.0,1.0,0.0,0.0,1.0,-0.00028984256233940844,0.000599663749075798,0.0003696921218234718,0.0008746914120986366
2025-05-20 21:00:00+00:00,100.03299713134766,100.0510025024414,100.02400207519533,100.02400207519533,0.0,9.992208365772193e-05,9.992208365772191e-05,0.0009059314003893,0.0,100.25766690572102,9.992208365772191e-05,-0.0022641631762022,-0.0032086713648014,1.0,0.0,21.0,1.0,0.0,0.0,0.0,8.992897670268483e-05,0.00026993948138349184,0.00038454463091367526,0.0007072302417307142
2025-05-20 22:00:00+00:00,100.01100158691406,100.03500366210938,100.00599670410156,100.03299713134766,0.0,-0.0002198828892902016,0.0002198828892902,0.0009019741061246,0.0,100.24220848083496,-0.0002198828892902,-0.0023143225727887,-0.0036959034814972,0.0,0.0,22.0,1.0,0.0,0.0,0.0,-0.0002198828892901474,0.00028997389701045453,0.00020416636507169315,0.0004948778818031702
2025-05-20 23:00:00+00:00,99.96299743652344,99.99299621582033,99.9540023803711,99.98699951171876,0.0,-0.0004799886975325185,0.0004799886975325,0.0008904376168476,0.0,100.22233327229816,-0.0004799886975325,-0.0014783852366022,-0.004749153656792,0.0,0.0,23.0,1.0,0.0,0.0,0.0,-0.00024005195988018022,0.00038998905497371957,0.0002904670854400678,0.0004893666356686325
2025-05-21 00:00:00+00:00,99.89099884033205,99.96800231933594,99.85800170898438,99.96399688720705,0.0,-0.0007202524737927041,0.0007202524737928,0.0008814565213662,0.0,100.1971247990926,-0.0007202524737928,-0.0022672984285357,-0.0060201733771062,0.0,0.0,0.0,2.0,0.0,0.0,0.0,-0.0007302433790974395,0.0011004022825906023,0.00025025035289998434,0.0003284927960986276
2025-05-21 01:00:00+00:00,99.87899780273438,99.96900177001952,99.84300231933594,99.89199829101562,0.0,-0.00012014133142124184,0.000120141331421,0.0008702758423325,0.0,100.17524973551431,-0.000120141331421,-0.0017191701772586,-0.0052288905759682,0.0,0.0,1.0,2.0,0.0,0.0,0.0,-0.00013014544211414856,0.0012613567937294137,0.00030203481926162335,0.0002978895509691981
2025-05-21 02:00:00+00:00,99.68599700927734,99.88999938964844,99.66600036621094,99.87999725341795,0.0,-0.0019323461158292643,0.0019323461158292,0.0009186043161309,0.0,100.14279143015544,-0.0019323461158292,-0.0033692811292568,-0.0077539377595088,0.0,1.0,2.0,2.0,0.0,0.0,0.0,-0.0019423332947075345,0.0022426815137886343,0.0009231639941793622,0.0006743306271077927
2025-05-21 03:00:00+00:00,99.58899688720705,99.70899963378906,99.56099700927734,99.68599700927734,0.0,-0.0009730566476781055,0.0009730566476782,0.0009046893529819,0.0,100.1118329366048,-0.0009730566476782,-0.0044385378512415,-0.0074054522962856,0.0,1.0,3.0,2.0,0.0,0.0,0.0,-0.0009730566476781178,0.0014846882105010676,0.0009066225786807693,0.0006837141859155597
2025-05-21 04:00:00+00:00,99.625,99.65699768066406,99.56600189208984,99.5979995727539,0.0,0.00036151697394570803,0.0003615169739459,0.0009068918182041,0.0,100.08116626739502,0.0003615169739459,-0.0038595912528543,-0.00733352657494,1.0,0.0,4.0,2.0,0.0,0.0,1.0,0.0002710940717877631,0.0009136306849993362,0.0011520366682439566,0.000734907225139827
2025-05-21 05:00:00+00:00,99.59300231933594,99.63999938964844,99.56099700927734,99.625,0.0,-0.0003211812362766686,0.0003211812362766,0.0008831633953407,0.0,100.05449962615968,-0.0003211812362766,-0.003701320755437,-0.0063851164659979,0.0,0.0,5.0,2.0,0.0,0.0,1.0,-0.0003211812362766625,0.0007929975445028231,0.0006673461308002932,0.0007275151425390172
2025-05-21 06:00:00+00:00,99.58100128173828,99.66899871826172,99.4229965209961,99.59300231933594,0.0,-0.00012050081148451408,0.0001205008114845,0.0008828287664139,0.0,100.02766640981038,-0.0001205008114845,-0.003103358282454,-0.0064255146139922,0.0,0.0,6.0,2.0,0.0,0.0,1.0,-0.00012050081148448573,0.002470075121109827,0.0003508776198350485,0.0007495810291188371
2025-05-21 07:00:00+00:00,99.6959991455078,99.73400115966795,99.5780029296875,99.58200073242188,0.0,0.0011548173074114043,0.0011548173074116,0.0008709807089727,0.0,100.01287460327148,0.0011548173074116,-0.0018322035788543,-0.0035482238863616,1.0,1.0,7.0,2.0,0.0,0.0,1.0,0.0011447692579730196,0.0015665303853416622,0.0008005498775059029,0.0009775393227387148
2025-05-21 08:00:00+00:00,99.7310028076172,99.8040008544922,99.6240005493164,99.69499969482422,0.0,0.0003511039801940008,0.0003511039801937,0.0007991085828688,0.0,99.99299971262614,0.0003511039801937,0.0004514756303801,-0.0047600727947537,1.0,0.0,8.0,2.0,0.0,0.0,1.0,0.00036113258341132333,0.0018055098623480951,0.0006448258804081959,0.0010060885712605942
2025-05-21 09:00:00+00:00,99.62899780273438,99.78099822998048,99.62899780273438,99.7310028076172,0.0,-0.00102280135575894,0.0010228013557587,0.0008114941884097,0.0,99.96804141998292,-0.0010228013557587,0.0004016599903364,-0.0059763643134199,0.0,1.0,9.0,2.0,0.0,1.0,1.0,-0.0010228013557589117,0.0015241040696173421,0.0011011807319641516,0.0007801474605833422
2025-05-21 10:00:00+00:00,99.56999969482422,99.65299987792967,99.4000015258789,99.62899780273438,0.0,-0.0005921780727632386,0.0005921780727632,0.0007726645983022,0.0,99.93666648864746,-0.0005921780727632,-0.000552073326733,-0.0075057401264957,0.0,0.0,10.0,2.0,0.0,1.0,1.0,-0.0005921780727632394,0.0025394047679943976,0.0007027129944542536,0.0007184394889215366
2025-05-21 11:00:00+00:00,99.6790008544922,99.71299743652344,99.52999877929688,99.56999969482422,0.0,0.0010947188912531214,0.0010947188912528,0.0008243686558792,0.0,99.9106248219808,0.0010947188912528,0.0008634997756218,-0.0062310575318592,1.0,1.0,11.0,2.0,0.0,1.0,1.0,0.0010947188912530346,0.0018378895027361842,0.0011191477245037576,0.000829406265882906
2025-05-21 12:00:00+00:00,99.58399963378906,99.7239990234375,99.58399963378906,99.6780014038086,0.0,-0.0009530715585905902,0.0009530715585903,0.0007912195393594,0.0,99.87649981180827,-0.0009530715585903,3.0109679679757303e-05,-0.0081571292206046,0.0,1.0,12.0,2.0,0.0,1.0,1.0,-0.0009430543218730662,0.00140451641963889,0.001093108046031387,0.000910480251400346
2025-05-21 13:00:00+00:00,99.55500030517578,99.65899658203124,99.54299926757812,99.58399963378906,0.0,-0.00029120469874599486,0.0002912046987459,0.0007862689135938,0.0,99.84433301289876,-0.0002912046987459,-0.0014142878504707,-0.007694869248135,0.0,0.0,13.0,2.0,0.0,1.0,1.0,-0.0002912046987460194,0.001164818794983935,0.0010450117753680814,0.0009161218037834024
2025-05-21 14:00:00+00:00,99.51499938964844,99.60800170898438,99.44400024414062,99.55799865722656,0.0,-0.00040179715137089733,0.0004017971513708,0.0007353722078292,0.0,99.81733290354413,-0.0004017971513708,-0.0021658602830397,-0.006469480861008,0.0,0.0,14.0,2.0,0.0,1.0,1.0,-0.0004319016870374165,0.0016472957176288689,0.0003545424052666483,0.0007530321628286554
2025-05-21 15:00:00+00:00,99.48400115966795,99.55699920654295,99.45500183105467,99.51499938964844,0.0,-0.00031149304296440583,0.0003114930429642,0.0006864265717459,0.0,99.78499952952068,-0.0003114930429642,-0.00145536587002,-0.007739885896951,0.0,0.0,15.0,2.0,0.0,1.0,1.0,-0.0003114930429644096,0.0010249447431428214,5.8874357015326494e-05,0.0007035306035341917
2025-05-21 16:00:00+00:00,99.48699951171876,99.51000213623048,99.41799926757812,99.48400115966795,0.0,3.0139037592524787e-05,3.0139037592302745e-05,0.0006895770613518,0.0,99.75349966684978,3.0139037592302745e-05,-0.0008335862544929,-0.0075416411384384,1.0,0.0,16.0,2.0,0.0,1.0,1.0,3.0139037592561575e-05,0.0009248006471381959,0.00022782894965192447,0.000646988408653289
2025-05-21 17:00:00+00:00,99.44400024414062,99.52200317382812,99.33599853515624,99.48699951171876,0.0,-0.0004322099147544556,0.0004322099147543,0.0006565639276517,0.0,99.7257080078125,-0.0004322099147543,-0.0023575738955751,-0.0066626026759085,0.0,0.0,17.0,2.0,0.0,0.0,1.0,-0.0004322099147544825,0.0018696376369254093,0.00023980950611432678,0.0006336617878787721
2025-05-21 18:00:00+00:00,99.55899810791016,99.56999969482422,99.4459991455078,99.4459991455078,0.0,0.0011564082648245488,0.0011564082648245,0.0007163525278835,0.0,99.70241641998292,0.0011564082648245,-0.000251059667927,-0.0055833928867807,1.0,1.0,18.0,2.0,0.0,0.0,1.0,0.0011362846506979098,0.001246913404077572,0.0008171043024440109,0.000654444472187339
2025-05-21 19:00:00+00:00,99.6729965209961,99.67400360107422,99.51399993896484,99.55899810791016,0.0,0.0011450337513678743,0.0011450337513678,0.0007625583795913,0.0,99.68666617075604,0.0011450337513678,0.001185236456819,-0.0037781328721427,1.0,1.0,19.0,2.0,0.0,0.0,1.0,0.0011450337513679752,0.0016071240686447044,0.0009139232902135253,0.0007147219369092206
2025-05-21 20:00:00+00:00,99.6060028076172,99.70099639892578,99.59200286865234,99.6729965209961,0.0,-0.0006721350387491887,0.0006721350387494,0.0007694694232302,0.0,99.66929117838542,-0.0006721350387494,0.0009144693616731,-0.0041690391805169,0.0,0.0,20.0,2.0,0.0,0.0,1.0,-0.0006721350387492346,0.0010935111221470905,0.001052441796045134,0.0007646999600791635
2025-05-21 21:00:00+00:00,99.60900115966795,99.63800048828124,99.59100341796876,99.6050033569336,0.0,3.0102122023256683e-05,3.0102122023478728e-05,0.0007685210592881,0.0,99.65162467956544,3.0102122023478728e-05,0.0012564834399793,-0.004238561113219,1.0,0.0,21.0,2.0,0.0,0.0,0.0,4.013656542969735e-05,0.0004718344332970706,0.000916361644390312,0.0007368844778453357
2025-05-21 22:00:00+00:00,99.68699645996094,99.68699645996094,99.6050033569336,99.60900115966795,0.0,0.0007830145808607192,0.0007830145808604,0.0007929474926104,0.0,99.63812446594238,0.0007830145808604,0.0020102822401295,-0.0032396948516864,1.0,0.0,22.0,2.0,0.0,0.0,0.0,0.0007830145808606255,0.0008231495354110935,0.000727721858048948,0.0007424239223976316
2025-05-21 23:00:00+00:00,99.59700012207033,99.64299774169922,99.59300231933594,99.64299774169922,0.0,-0.000902789140876159,0.0009027891408762,0.0008055442202884,0.0,99.62287457784016,-0.0009027891408762,0.0015385531309486,-0.0036613279297225,0.0,1.0,23.0,2.0,0.0,0.0,0.0,-0.00046162420512608354,0.000501745466278348,0.0008445015756141461,0.0008699426246010537
2025-05-22 00:00:00+00:00,99.59200286865234,99.60099792480467,99.48799896240234,99.5979995727539,0.0,-5.017473831403496e-05,5.017473831381292e-05,0.0007965733768263,0.0,99.61041641235352,-5.017473831381292e-05,0.0003315095709019,-0.0029932223638849,0.0,0.0,0.0,3.0,0.0,0.0,0.0,-6.020908178162809e-05,0.0011345505219689334,0.000842920513182705,0.000838131291595396
2025-05-22 01:00:00+00:00,99.51799774169922,99.66400146484376,99.48500061035156,99.59200286865234,0.0,-0.000743083026964797,0.0007430830269647,0.0008065091638852,0.0,99.59537474314372,-0.0007430830269647,-0.0015550729355691,-0.0036143740824087,0.0,0.0,1.0,3.0,0.0,0.0,0.0,-0.0007430830269647978,0.0017973416472834502,0.0004532437274355388,0.0007876744167831209
2025-05-22 02:00:00+00:00,99.48899841308594,99.58699798583984,99.44000244140624,99.5189971923828,0.0,-0.0002913978302553355,0.0002913978302553,0.0007130263641624,0.0,99.5871664683024,-0.0002913978302553,-0.0011746721204869,-0.0019761912615777,0.0,0.0,2.0,3.0,0.0,0.0,0.0,-0.00030143771684987297,0.0014770601451042256,0.0003517409068933921,0.000582144521000243
2025-05-22 03:00:00+00:00,99.53099822998048,99.55899810791016,99.47200012207033,99.48799896240234,0.0,0.0004221553896859298,0.0004221553896859,0.000693852633265,0.0,99.58474985758464,0.0004221553896859,-0.0007830911742852,-0.0005823801729045,1.0,0.0,3.0,3.0,0.0,0.0,0.0,0.00043220557279867623,0.0008744570877609779,0.0005875029478300097,0.0006008383835090482
2025-05-22 04:00:00+00:00,99.53199768066406,99.59700012207033,99.52400207519533,99.54000091552734,0.0,1.0041602127586202e-05,1.0041602127586202e-05,0.0006890536252338,0.0,99.58087476094563,1.0041602127586202e-05,-0.0015548545427299,-0.0009335239080143,1.0,0.0,4.0,3.0,0.0,0.0,1.0,-8.04021980075431e-05,0.0007333538899296208,0.0003582042487602967,0.0006001203559690798
2025-05-22 05:00:00+00:00,99.53700256347656,99.60199737548828,99.52799987792967,99.53199768066406,0.0,5.028415915608875e-05,5.028415915608875e-05,0.0006865998750747,0.0,99.57854143778484,5.028415915608875e-05,-0.0006024032703817,-0.000562286049775,1.0,0.0,5.0,3.0,0.0,0.0,1.0,5.0284159156109165e-05,0.0007434543592304824,0.00022720968633535254,0.0004676031043589466
2025-05-22 06:00:00+00:00,99.61299896240234,99.6449966430664,99.4749984741211,99.53700256347656,0.0,0.000763498969916343,0.0007634989699163,0.0007046284593778,0.0,99.57987467447916,0.0007634989699163,0.0002108210814646,0.000321323146506,1.0,1.0,6.0,3.0,0.0,0.0,1.0,0.0007634989699164083,0.0017078891725406495,0.00042386964088013765,0.00048298720171685425
2025-05-22 07:00:00+00:00,99.58300018310548,99.75900268554688,99.58000183105467,99.61299896240234,0.0,-0.00030115325920654357,0.0003011532592066,0.0006635859553172,0.0,99.57516638437907,-0.0003011532592066,0.0006531727213299,-0.0011334352769505,0.0,0.0,7.0,3.0,0.0,0.0,1.0,-0.0003011532592064962,0.0017969628096405701,0.0005424739616315715,0.0004983983152406961
2025-05-22 08:00:00+00:00,99.75,99.75,99.4729995727539,99.58000183105467,0.0,0.0016769912192589054,0.0016769912192589,0.0007479968739863,0.0,99.57595793406168,0.0016769912192589,0.002623421595123,0.0001904843213043,1.0,1.0,8.0,3.0,0.0,0.0,1.0,0.001707151695314708,0.002781687308221251,0.0009900343458914787,0.0007042541889650314
2025-05-22 09:00:00+00:00,99.81800079345705,99.8479995727539,99.74299621582033,99.7519989013672,0.0,0.0006817122151081545,0.0006817122151081,0.000726458602484,0.0,99.58383305867513,0.0006817122151081,0.0028835495331154,0.0018970680714551,1.0,0.0,9.0,3.0,0.0,1.0,1.0,0.0006616598445822135,0.001052644138363631,0.000989078730805129,0.0006547843065702531
2025-05-22 10:00:00+00:00,99.85299682617188,99.86699676513672,99.78399658203124,99.81800079345705,0.0,0.00035059841347906406,0.000350598413479,0.0007139569555247,0.0,99.59562460581462,0.000350598413479,0.0032250849273385,0.0028421927509794,1.0,0.0,10.0,3.0,0.0,1.0,1.0,0.00035059841347897933,0.000831515182088515,0.0006903543197707851,0.0006562478825305124
2025-05-22 11:00:00+00:00,99.697998046875,99.86000061035156,99.68699645996094,99.85399627685548,0.0,-0.0015522696786627321,0.0015522696786627,0.0007595898350473,0.0,99.59641615549724,-0.0015522696786627,0.0016174435561866,0.0001905836958633,0.0,1.0,11.0,3.0,0.0,1.0,1.0,-0.001562263262333155,0.001732571122250863,0.001205626975714074,0.0010072562492076764
2025-05-22 12:00:00+00:00,99.81900024414062,99.89299774169922,99.65399932861328,99.697998046875,0.0,0.0012136873321040298,0.001213687332104,0.000769074270046,0.0,99.6062078475952,0.001213687332104,0.0020680160609964,0.0023598229757366,1.0,1.0,12.0,3.0,0.0,1.0,1.0,0.001213687332104035,0.0023972237935366326,0.001415176528620745,0.0010653281218121551
2025-05-22 13:00:00+00:00,99.91899871826172,99.9229965209961,99.70800018310548,99.81800079345705,0.0,0.0010017979931327137,0.0010017979931327,0.0007856969092174,0.0,99.62137444814046,0.0010017979931327,0.0033740551553824,0.0036562544520128,1.0,1.0,13.0,3.0,0.0,1.0,1.0,0.0010118207537902681,0.0021538834296579456,0.0015394088123632675,0.0010823746856218482
2025-05-22 14:00:00+00:00,99.92400360107422,99.94000244140624,99.81099700927734,99.91699981689452,0.0,5.008940118189642e-05,5.008940118189642e-05,0.0007772079393086,0.0,99.6384162902832,5.008940118189642e-05,0.0017443970032502,0.0041099755206182,1.0,0.0,14.0,3.0,0.0,1.0,1.0,7.009602162331412e-05,0.0012911259581983474,0.000619758888709819,0.0010500138124345095
2025-05-22 15:00:00+00:00,99.90899658203124,100.03800201416016,99.8560028076172,99.92400360107422,0.0,-0.00015018432510871538,0.0001501843251084,0.0007735410005328,0.0,99.65612443288168,-0.0001501843251084,0.000911617021488,0.0042719976821317,0.0,0.0,15.0,3.0,0.0,1.0,1.0,-0.00015018432510866317,0.0018213762457872332,0.0006154838301391074,0.0009251363542269218
2025-05-22 16:00:00+00:00,100.0009994506836,100.00499725341795,99.86100006103516,99.91100311279295,0.0,0.0009208667067015508,0.0009208667067015,0.0007873863565955,0.0,99.6775410970052,0.0009208667067015,0.0014822051337064,0.0051665035782317,1.0,1.0,16.0,3.0,0.0,1.0,1.0,0.0009007650317456954,0.0014412545955547551,0.0005694314407067567,0.0009488011121447534
2025-05-22 17:00:00+00:00,100.0260009765625,100.11799621582033,99.99299621582033,100.0009994506836,0.0,0.00025001276003489004,0.0002500127600348,0.0007752244944632,0.0,99.70179112752278,0.0002500127600348,0.0032899650555999,0.005852547473885,1.0,0.0,17.0,3.0,0.0,0.0,1.0,0.00025001276003482325,0.0012499875069913165,0.0005411951338561585,0.0009479984880883112
2025-05-22 18:00:00+00:00,99.95999908447266,100.03199768066406,99.93699645996094,100.0260009765625,0.0,-0.0006598473541424843,0.0006598473541424,0.0007708670991257,0.0,99.71849950154622,-0.0006598473541424,0.0014125451065145,0.0040277723177553,0.0,0.0,18.0,3.0,0.0,0.0,1.0,-0.0006598473541425386,0.0009497652587889136,0.0007933628202446368,0.0006906710102897803
2025-05-22 19:00:00+00:00,99.9459991455078,99.96099853515624,99.88899993896484,99.95999908447266,0.0,-0.00014005541309602965,0.0001400554130959,0.0007442057704213,0.0,99.72987461090088,-0.0001400554130959,0.0002702231566813,0.002738982814209,0.0,0.0,19.0,3.0,0.0,0.0,1.0,-0.00014005541309606364,0.0007202740781394823,0.000456468740995738,0.0006003876157744685
2025-05-22 20:00:00+00:00,99.93299865722656,99.95700073242188,99.90299987792967,99.9459991455078,0.0,-0.00013007512449103587,0.0001300751244912,0.000727336786655,0.0,99.74349943796794,-0.0001300751244912,9.001897270111137e-05,0.0032828930023518,0.0,0.0,20.0,3.0,0.0,0.0,1.0,-0.00013007512449106487,0.000540300311707163,0.0003030241694010985,0.0004838504210721369
2025-05-22 21:00:00+00:00,99.93199920654295,99.94100189208984,99.9280014038086,99.93199920654295,0.0,-1.0001207779608556e-05,1.0001207779497534e-05,0.0007276386363029,0.0,99.75695768992108,-1.0001207779497534e-05,0.000230235767535,0.0032426592287302,0.0,0.0,21.0,3.0,0.0,0.0,0.0,0.0,0.00013009334732091304,7.237799844744868e-05,0.00048376304275927394
2025-05-22 22:00:00+00:00,99.89700317382812,99.93399810791016,99.89600372314452,99.93199920654295,0.0,-0.00035019846488304474,0.0003501984648832,0.0007205032182603,0.0,99.76570796966551,-0.0003501984648832,-0.0010399523747435,0.0021066610623736,0.0,0.0,22.0,3.0,0.0,0.0,0.0,-0.00035019846488309027,0.0003802023882971768,0.0001725331872425643,0.0005005232762083297
2025-05-22 23:00:00+00:00,99.90899658203124,99.91300201416016,99.88300323486328,99.88300323486328,0.0,0.00012005773769052652,0.0001200577376907,0.0006889113011938,0.0,99.7787078221639,0.0001200577376907,-0.0011697398015408,0.00313258892917,1.0,0.0,23.0,3.0,0.0,0.0,0.0,0.0002602379416529377,0.000300339180093898,0.00024282723594372824,0.00030294399549828837
2025-05-23 00:00:00+00:00,99.80899810791016,99.94000244140624,99.77999877929688,99.90899658203124,0.0,-0.0010008955904083905,0.0010008955904085,0.000726086309329,0.0,99.78774929046632,-0.0010008955904085,-0.0015106140250651,0.0021788420054569,0.0,1.0,0.0,4.0,0.0,0.0,0.0,-0.0010008955904083656,0.0016014940354043918,0.0005628919388600724,0.0003952949771700649
2025-05-23 01:00:00+00:00,99.66600036621094,99.82599639892578,99.63999938964844,99.80799865722656,0.0,-0.0014327139277022782,0.0014327139277022,0.0007726787208708,0.0,99.79391606648764,-0.0014327139277022,-0.002801500627246,0.0014871945564647,0.0,1.0,1.0,4.0,0.0,0.0,0.0,-0.001422714541179147,0.0018635481302066636,0.0008014677457687708,0.0005759175378796506
2025-05-23 02:00:00+00:00,99.65699768066406,99.70700073242188,99.63600158691406,99.66699981689452,0.0,-9.032855250334926e-05,9.032855250334926e-05,0.000769762553703,0.0,99.80091603597003,-9.032855250334926e-05,-0.0027618602490774,0.0016886215587434,0.0,0.0,2.0,4.0,0.0,0.0,0.0,-0.00010035554645800706,0.0007123636272612819,0.0006852734128908448,0.0005802445255691838
2025-05-23 03:00:00+00:00,99.6520004272461,99.66600036621094,99.6259994506836,99.65499877929688,0.0,-5.014453108431738e-05,5.014453108431738e-05,0.0007664137712796,0.0,99.80595779418944,-5.014453108431738e-05,-0.0028018931025102,0.0012157237385084,0.0,0.0,3.0,4.0,0.0,0.0,0.0,-3.0087322136460168e-05,0.0004013939693675844,0.0007868832386478881,0.0005874917329324007
2025-05-23 04:00:00+00:00,99.61799621582033,99.677001953125,99.59100341796876,99.65699768066406,0.0,-0.00034122959177917966,0.0003412295917792,0.0007705709765613,0.0,99.80954106648764,-0.0003412295917792,-0.0027929462260476,0.0008640290274506,0.0,0.0,4.0,4.0,0.0,0.0,1.0,-0.0003913570120656268,0.0008629452738663192,0.0001577427228362876,0.000563503147005452
2025-05-23 05:00:00+00:00,99.5780029296875,99.68900299072266,99.55999755859376,99.61900329589844,0.0,-0.000401466478468282,0.000401466478468,0.0007757141390808,0.0,99.81124941507976,-0.000401466478468,-0.0033129514224675,0.0004119107985474,0.0,0.0,5.0,4.0,0.0,0.0,1.0,-0.00041157173686183214,0.001294988183586891,0.00018787677956194033,0.0005623316125762354
2025-05-23 06:00:00+00:00,99.6449966430664,99.6790008544922,99.55500030517578,99.5790023803711,0.0,0.0006727762297684681,0.0006727762297684,0.0007721332917149,0.0,99.8125826517741,0.0006727762297684,-0.0016431531019521,0.0003212199311068,1.0,0.0,6.0,4.0,0.0,0.0,1.0,0.0006627327159116149,0.001245247957423435,0.0006035773472735079,0.0006827270452124457
2025-05-23 07:00:00+00:00,99.43699645996094,99.66300201416016,99.4010009765625,99.64600372314452,0.0,-0.0020874122144891594,0.0020874122144891,0.0008820638835807,0.0,99.80649916330974,-0.0020874122144891,-0.0022977134168979,-0.0014661510787591,0.0,1.0,7.0,4.0,0.0,0.0,1.0,-0.002097497695585297,0.002629318064029917,0.0013913453123278535,0.000927610113727119
2025-05-23 08:00:00+00:00,99.41600036621094,99.49099731445312,99.39800262451172,99.43699645996094,0.0,-0.00021114971788649406,0.0002111497178864,0.0008007914045457,0.0,99.79258251190186,-0.0002111497178864,-0.0024182678593767,-0.0033483672560307,0.0,0.0,8.0,4.0,0.0,0.0,1.0,-0.0002111497178864834,0.0009352121770778874,0.00140951092492566,0.0008409839055549211
2025-05-23 09:00:00+00:00,99.35700225830078,99.44000244140624,99.31999969482422,99.41500091552734,0.0,-0.0005934468062769316,0.0005934468062769,0.0007861086845663,0.0,99.77337423960368,-0.0005934468062769,-0.0029602834632576,-0.0046183907861483,0.0,0.0,9.0,4.0,0.0,1.0,1.0,-0.0005833994537287567,0.0012070889249800746,0.0009915009380466408,0.0008357356915382931
2025-05-23 10:00:00+00:00,99.37100219726562,99.39199829101562,99.30500030517578,99.35700225830078,0.0,0.0001409054082412986,0.0001409054082412,0.0007809576685345,0.0,99.75329113006592,0.0001409054082412,-0.0024794116318057,-0.00482704219429,1.0,0.0,10.0,4.0,0.0,1.0,1.0,0.0001409054082413615,0.0008756100109952291,0.0003672798775213296,0.0008531575225479315
2025-05-23 11:00:00+00:00,99.43599700927734,99.56700134277344,99.13500213623048,99.37200164794922,0.0,0.0006540621567114879,0.0006540621567114,0.0007439986876358,0.0,99.74237442016602,0.0006540621567114,-0.0014260772081403,-0.0026279468267202,1.0,0.0,11.0,4.0,0.0,1.0,1.0,0.0006439979095404052,0.0043472929937893616,0.0006270143055524827,0.0009433382977172313
2025-05-23 12:00:00+00:00,99.33999633789062,99.58699798583984,99.22899627685548,99.43800354003906,0.0,-0.0009654518914087307,0.0009654518914087,0.0007075928514349,0.0,99.72241592407228,-0.0009654518914087,-0.0030608692403122,-0.0047987247425683,0.0,1.0,12.0,4.0,0.0,1.0,1.0,-0.000985611121093904,0.0036002503694697583,0.0008276656002525159,0.000980697794189086
2025-05-23 13:00:00+00:00,99.48400115966795,99.50399780273438,99.30799865722656,99.33999633789062,0.0,0.001449615734708809,0.001449615734709,0.0007455527300906,0.0,99.70429102579752,0.001449615734709,0.0004727083618818,-0.0043535019783405,1.0,1.0,13.0,4.0,0.0,1.0,1.0,0.0014496157347088877,0.0019730134158768213,0.0012307371020547056,0.0011448117083603523
2025-05-23 14:00:00+00:00,99.26000213623048,99.50900268554688,99.25599670410156,99.48300170898438,0.0,-0.0022516085081656367,0.0022516085081659,0.0008545391893929,0.0,99.6766242980957,-0.0022516085081659,-0.001569146107325,-0.006645064658284,0.0,1.0,14.0,4.0,0.0,1.0,1.0,-0.0022415846820367184,0.0025432081571626257,0.0018790871621432795,0.0011899928177314598
2025-05-23 15:00:00+00:00,99.23200225830078,99.35700225830078,99.16300201416016,99.26000213623048,0.0,-0.000282086211234156,0.000282086211234,0.0008541094007469,0.0,99.6484162012736,-0.000282086211234,-0.0012580894869899,-0.0067761097287631,0.0,0.0,15.0,4.0,0.0,1.0,1.0,-0.0002820862112341381,0.0019544654439395156,0.0018518851027954563,0.00118987044437143
2025-05-23 16:00:00+00:00,99.15599822998048,99.28800201416016,99.14299774169922,99.22799682617188,0.0,-0.0007659225510985301,0.0007659225510987,0.0008194441344307,0.0,99.61320781707764,-0.0007659225510987,-0.0021636489773781,-0.0084499277541705,0.0,0.0,16.0,4.0,0.0,1.0,1.0,-0.0007255875206018676,0.0014613241937651603,0.0010263510157275649,0.0011995756818826558
2025-05-23 17:00:00+00:00,99.11799621582033,99.197998046875,99.06500244140624,99.15299987792967,0.0,-0.00038325481905809866,0.000383254819058,0.0008093093770911,0.0,99.57537428538004,-0.000383254819058,-0.0031980450040377,-0.0090776873200694,0.0,0.0,17.0,4.0,0.0,0.0,1.0,-0.0003530267581660733,0.0013413170114116488,0.00025520164711046405,0.0011845592424230358
2025-05-23 18:00:00+00:00,99.11199951171876,99.13700103759766,99.0469970703125,99.11900329589844,0.0,-6.05006591185564e-05,6.05006591185564e-05,0.0008095320825345,0.0,99.54004096984865,-6.05006591185564e-05,-0.0022951161121083,-0.0084833891608712,0.0,0.0,18.0,4.0,0.0,0.0,1.0,-7.066035721490257e-05,0.0009080394706600186,0.000353134744488054,0.0011107420016384145
2025-05-23 19:00:00+00:00,99.09600067138672,99.1510009765625,99.0709991455078,99.11299896240234,0.0,-0.0001614218299587078,0.0001614218299584,0.0008092975916415,0.0,99.50462436676024,-0.0001614218299584,-0.003900129505834,-0.0085045772856161,0.0,0.0,19.0,4.0,0.0,0.0,1.0,-0.0001715041537797999,0.0008071779876729359,0.000165108653889291,0.0010918492881532547
2025-05-23 20:00:00+00:00,99.10199737548828,99.125,99.06900024414062,99.09600067138672,0.0,6.051408796459157e-05,6.051408796459157e-05,0.0008125342995874,0.0,99.46999931335448,6.051408796459157e-05,-0.0015918270939117,-0.0083155843705705,1.0,0.0,20.0,4.0,0.0,0.0,1.0,6.05140879645409e-05,0.0005651061140709036,0.00011111945779190892,0.0007963459459741483
2025-05-25 22:00:00+00:00,99.06900024414062,99.16200256347656,99.04000091552734,99.08899688720705,0.0,-0.00033296131482229985,0.0003329613148222,0.0008093690685074,0.0,99.4340410232544,-0.0003329613148222,-0.0016426355454952,-0.0086358620787588,0.0,0.0,22.0,6.0,1.0,0.0,0.0,-0.00020180487939728192,0.001231233050911729,0.00019727486709750737,0.0002669623566810268
2025-05-25 23:00:00+00:00,99.0780029296875,99.11000061035156,99.02200317382812,99.06900024414062,0.0,9.087288177633823e-05,9.087288177633825e-05,0.0008146158529318,0.0,99.39991601308186,9.087288177633825e-05,-0.000786591852084,-0.0081984465811802,1.0,0.0,23.0,6.0,1.0,0.0,0.0,9.087288177622907e-05,0.0008882439139042594,0.00023642475024357744,0.0003004503348823225
2025-05-26 00:00:00+00:00,98.90299987792967,99.08399963378906,98.89800262451172,99.08399963378906,0.0,-0.0017663158984141392,0.0017663158984139,0.0008578866922516,0.0,99.35799948374432,-0.0017663158984139,-0.002169094877811,-0.0100691302937426,0.0,1.0,0.0,0.0,0.0,0.0,0.0,-0.0018267304158931601,0.0018771649304103798,0.0009732497926856144,0.0006439580308200039
2025-05-26 01:00:00+00:00,98.7480010986328,98.96499633789062,98.7310028076172,98.90299987792967,0.0,-0.0015671797568140855,0.001567179756814,0.0008819722275983,0.0,99.3137912750244,-0.001567179756814,-0.003672596808451,-0.0106302741174721,0.0,1.0,1.0,0.0,0.0,0.0,0.0,-0.0015671797568140616,0.0023658891091496532,0.0010196358762235849,0.0007888185817068324
2025-05-26 02:00:00+00:00,98.77100372314452,98.78399658203124,98.69400024414062,98.7480010986328,0.0,0.00023294268497386916,0.0002329426849738,0.0008662506918869,0.0,99.27649974822998,0.0002329426849738,-0.00327961719989,-0.0089799594623828,1.0,0.0,2.0,0.0,0.0,0.0,0.0,0.0002329426849738757,0.0009113737684747608,0.0011012970301399634,0.000825128498020449
2025-05-26 03:00:00+00:00,98.7770004272461,98.81800079345705,98.7480010986328,98.7699966430664,0.0,6.071320403289171e-05,6.071320403266967e-05,0.0008689564428498,0.0,99.23983319600424,6.071320403266967e-05,-0.0032794187488552,-0.0088302605326099,1.0,0.0,3.0,0.0,0.0,0.0,0.0,7.091003764025299e-05,0.0007087141561542324,0.000993322647440479,0.0008440136684681443
2025-05-26 04:00:00+00:00,98.7979965209961,98.84600067138672,98.77100372314452,98.77200317382812,0.0,0.00021256055214458058,0.0002125605521445,0.0008747844241977,0.0,99.20424969991048,0.0002125605521445,-0.0027355047742148,-0.0085698621461541,1.0,0.0,4.0,0.0,0.0,0.0,1.0,0.00026316513113764885,0.0007592935835290809,9.410636054701626e-05,0.0008614247943469898
2025-05-26 05:00:00+00:00,98.74600219726562,98.875,98.73300170898438,98.7979965209961,0.0,-0.0005262690091030198,0.000526269009103,0.0008754436678872,0.0,99.16791661580405,-0.000526269009103,-0.003350902547536,-0.0087533784223639,0.0,0.0,5.0,0.0,0.0,0.0,1.0,-0.0005262690091030253,0.0014372588110675723,0.0003901868903145038,0.0008605763656173053
2025-05-26 06:00:00+00:00,98.81500244140624,98.81800079345705,98.73899841308594,98.74500274658205,0.0,0.0006987649383796146,0.0006987649383798,0.0009019070415157,0.0,99.13612492879231,0.0006987649383798,-0.0008897347566003,-0.0076623397319989,1.0,0.0,6.0,0.0,0.0,0.0,1.0,0.0007088935427328578,0.000800064592370904,0.0006168430376052461,0.0009519669938242651
2025-05-26 07:00:00+00:00,98.9489974975586,98.95099639892578,98.79100036621094,98.81400299072266,0.0,0.001356019357807714,0.0013560193578074,0.0009443905761659,0.0,99.10712496439616,0.0013560193578074,0.0020354477730137,-0.0069847876858375,1.0,1.0,7.0,0.0,0.0,0.0,1.0,0.001366147537293998,0.0016191635585278868,0.0009553098136686808,0.0009248399420270317
2025-05-26 08:00:00+00:00,98.98999786376952,98.99700164794922,98.90499877929688,98.9489974975586,0.0,0.00041435858116645186,0.0004143585811664,0.0008729176691546,0.0,99.08850002288818,0.0004143585811664,0.0022171905961272,-0.0044952946298151,1.0,0.0,8.0,0.0,0.0,0.0,1.0,0.00041435858116637217,0.0009298009174333855,0.00048297608052325953,0.0005805141518143228
2025-05-26 09:00:00+00:00,99.02200317382812,99.04299926757812,98.98300170898438,98.98999786376952,0.0,0.0003233186256115239,0.0003233186256115,0.0008790797418542,0.0,99.07208347320557,0.0003233186256115,0.0024803622859805,-0.0039631165097315,1.0,0.0,9.0,0.0,0.0,1.0,1.0,0.00032331862561158766,0.0006060971804072459,0.0005717639510104704,0.000578481665388126
2025-05-26 10:00:00+00:00,98.99299621582033,99.04000091552734,98.98300170898438,99.02200317382812,0.0,-0.000292934469896311,0.0002929344698964,0.0008748428311884,0.0,99.05691655476888,-0.0002929344698964,0.0019737211450718,-0.0036636174019638,0.0,0.0,10.0,0.0,0.0,1.0,1.0,-0.0002929344698963324,0.0005756216266692719,0.00038477690750877806,0.0006229897408575289
2025-05-26 11:00:00+00:00,99.04499816894533,99.06700134277344,98.96900177001952,98.99199676513672,0.0,0.0005253094169574979,0.0005253094169574,0.0008839209039345,0.0,99.04333305358888,0.0005253094169574,0.0030279298910995,-0.0032806756610258,1.0,0.0,11.0,0.0,0.0,1.0,1.0,0.0005354109982684392,0.0009899747045857572,0.0004262415621618799,0.0006258559982006612
2025-05-26 12:00:00+00:00,99.06800079345705,99.10700225830078,99.01100158691406,99.04499816894533,0.0,0.00023224418130118885,0.0002322441813011,0.000871625461008,0.0,99.02799987792967,0.0002322441813011,0.0025603232889743,-0.0037008349781616,1.0,0.0,12.0,0.0,0.0,1.0,1.0,0.00023224418130113125,0.0009692631951284027,0.00041457265273965154,0.0005005790391620339
2025-05-26 13:00:00+00:00,99.00800323486328,99.08399963378906,99.00299835205078,99.06800079345705,0.0,-0.0006056199591516487,0.0006056199591514,0.0008600809698335,0.0,99.0141668319702,-0.0006056199591514,0.0005963247612099,-0.0033419882752775,0.0,0.0,13.0,0.0,0.0,1.0,1.0,-0.0006056199591516008,0.0008176331518706793,0.00058692770763722,0.0006262018731191778
2025-05-26 14:00:00+00:00,98.99199676513672,99.04499816894533,98.98899841308594,99.01100158691406,0.0,-0.0001616684429903703,0.0001616684429903,0.0007907690053884,0.0,98.99366664886476,-0.0001616684429903,2.019296302990803e-05,-0.0049455629930043,0.0,0.0,14.0,0.0,0.0,1.0,1.0,-0.00019194656626779898,0.0005655912470517873,0.0004191810313247611,0.00041988192903021505
2025-05-26 15:00:00+00:00,99.01200103759766,99.03700256347656,98.98699951171876,98.99199676513672,0.0,0.000202079694466617,0.0002020796944666,0.0006631502148245,0.0,98.98333326975504,0.0002020796944666,-0.0001010092293619,-0.002498499831709,1.0,0.0,15.0,0.0,0.0,1.0,1.0,0.00020207969446660017,0.0005051221653446686,0.00040451295542920097,0.00039726028708878306
2025-05-26 16:00:00+00:00,98.99299621582033,99.0469970703125,98.99199676513672,99.01200103759766,0.0,-0.0001919446287134141,0.0001919446287135,0.0006623526266797,0.0,98.97337468465167,-0.0001919446287135,0.0,-0.002408558096594,0.0,0.0,16.0,0.0,0.0,1.0,1.0,-0.00019194462871337053,0.0005554913000384275,0.00021927323981084037,0.00038167698610342766
2025-05-26 17:00:00+00:00,99.01499938964844,99.03399658203124,98.98600006103516,98.99199676513672,0.0,0.0002222700056491167,0.0002222700056493,0.0006497687895903,0.0,98.9674997329712,0.0002222700056493,-0.0003028803054315,-0.0014219900242948,1.0,0.0,17.0,0.0,0.0,0.0,1.0,0.00023236852739008372,0.00048485253924065796,0.00023353678484099716,0.000374788676628491
2025-05-26 18:00:00+00:00,99.01200103759766,99.0199966430664,98.99700164794922,99.01699829101562,0.0,-3.0281796387088278e-05,3.028179638708828e-05,0.0006460967145182,0.0,98.96308326721191,-3.028179638708828e-05,-0.0005652658316597,-0.0010693837877014,0.0,0.0,18.0,0.0,0.0,0.0,1.0,-5.0468641790994175e-05,0.00023223280360008618,0.00020876264328482315,0.0003052364386761859
2025-05-26 19:00:00+00:00,98.98899841308594,99.01399993896484,98.98699951171876,99.01200103759766,0.0,-0.00023232157991615043,0.0002323215799161,0.0006472340517316,0.0,98.95795822143556,-0.0002323215799161,-0.0001919523791653,-0.0012410313507827,0.0,0.0,19.0,0.0,0.0,0.0,1.0,-0.00023232157991619624,0.0002726985311187349,0.00022776303347520237,0.0002840277028869862
2025-05-26 20:00:00+00:00,98.98699951171876,99.0,98.97799682617188,98.98799896240234,0.0,-2.0193166909598936e-05,2.019316690982098e-05,0.0006468334756095,0.0,98.9534165064494,-2.019316690982098e-05,-5.0481388205847466e-05,-0.0010999551841595,0.0,0.0,20.0,0.0,0.0,0.0,1.0,-1.0096685396773712e-05,0.00022228122660083525,0.00011966642398621489,0.00018352722363379581
2025-05-26 21:00:00+00:00,98.98200225830078,99.01200103759766,98.9800033569336,98.98699951171876,0.0,-5.048393670514795e-05,5.0483936705036925e-05,0.0006464380534161,0.0,98.9484167098999,-5.0483936705036925e-05,-0.0003029812445208,-0.0012108244068265,0.0,0.0,21.0,0.0,0.0,0.0,0.0,-5.048393670515643e-05,0.00032325134433713583,0.00011473224105718621,0.000174869428328479
2025-05-26 22:00:00+00:00,98.93099975585938,98.98699951171876,98.93099975585938,98.98300170898438,0.0,-0.0005152704661228746,0.0005152704661228,0.0006509595646191,0.0,98.94266668955484,-0.0005152704661228,-0.0006262711740311,-0.0013929734623461,0.0,0.0,22.0,0.0,0.0,0.0,0.0,-0.0005253624584743215,0.0005657512390261881,0.00027750242667386497,0.00022874847025198123
2025-05-26 23:00:00+00:00,98.95500183105467,98.96600341796876,98.94000244140624,98.95500183105467,0.0,0.00024261429940586332,0.000242614299406,0.0006532001830081,0.0,98.93754164377847,0.000242614299406,-0.000605944139409,-0.0012414571852048,1.0,0.0,23.0,0.0,0.0,0.0,0.0,0.0,0.00026275555637823893,0.0003821697728671819,0.00026159364734951076
2025-05-27 00:00:00+00:00,98.83399963378906,98.95500183105467,98.81600189208984,98.95500183105467,0.0,-0.0012228002124864412,0.0012228002124865,0.0005982772818747,0.0,98.93466663360596,-0.0012228002124865,-0.0017977760467743,-0.0006976557255673,0.0,1.0,0.0,1.0,0.0,0.0,0.0,-0.0012228002124864508,0.0014046782516576916,0.0007328514346344255,0.0004829938466340629
2025-05-27 01:00:00+00:00,98.8769989013672,98.90599822998048,98.77799987792967,98.83399963378906,0.0,0.00043506554158967425,0.0004350655415894,0.0005071003775937,0.0,98.94004154205322,0.0004350655415894,-0.0011314339321969,0.0013063333059828,1.0,0.0,1.0,1.0,0.0,0.0,0.0,0.00043506554158958427,0.001295084207105689,0.0009067337013350934,0.0005477636596887065
2025-05-27 02:00:00+00:00,98.91000366210938,98.91899871826172,98.81300354003906,98.8769989013672,0.0,0.00033379614176087813,0.0003337961417611,0.0005090573126105,0.0,98.94583320617676,0.0003337961417611,-0.0007778379988198,0.0014072949927133,1.0,0.0,2.0,1.0,0.0,0.0,0.0,0.0003337961417609017,0.0010719902444489607,0.0009293157482736162,0.0005820163151704444
2025-05-27 03:00:00+00:00,98.90799713134766,98.9280014038086,98.85700225830078,98.91000366210938,0.0,-2.0286428949800595e-05,2.0286428949800595e-05,0.0005093119817705,0.0,98.95129140218098,-2.0286428949800595e-05,-0.0007476624564535,0.0013261862937217,0.0,0.0,3.0,1.0,0.0,0.0,0.0,-2.0286428949829424e-05,0.000717815619038451,0.00023908693512923949,0.0005820138137497721
2025-05-27 04:00:00+00:00,99.0530014038086,99.05599975585938,98.875,98.91000366210938,0.0,0.001466052055107081,0.001466052055107,0.0005848104240588,0.0,98.96191660563152,0.001466052055107,0.0012331993839169,0.0025810734204343,1.0,1.0,4.0,1.0,0.0,0.0,1.0,0.001445735885196399,0.0018299438798697843,0.0007763783452004403,0.0008362755804595037
2025-05-27 05:00:00+00:00,99.08999633789062,99.1760025024414,99.04900360107422,99.0530014038086,0.0,0.00037348625036837113,0.0003734862503683,0.0005710894185298,0.0,98.97624969482422,0.0003734862503683,0.0013642009432368,0.0034836259997421,1.0,0.0,5.0,1.0,0.0,0.0,1.0,0.0003734862503682679,0.0012821307741039778,0.0007700605008536963,0.0007931654685831758
2025-05-27 06:00:00+00:00,99.1959991455078,99.1959991455078,98.96099853515624,99.08999633789062,0.0,0.0010697629582678836,0.0010697629582681,0.0005913889005864,0.0,98.99212455749512,0.0010697629582681,0.0036627022387039,0.0038556564761254,1.0,1.0,6.0,1.0,0.0,0.0,1.0,0.00106976295826786,0.0023715876378703786,0.0005531043210705317,0.0008546404655706135
2025-05-27 07:00:00+00:00,99.39800262451172,99.41799926757812,99.14600372314452,99.1969985961914,0.0,0.0020364075239325263,0.0020364075239325,0.0006631440440067,0.0,99.01083310445148,0.0020364075239325,0.0052692105235137,0.0045377430626742,1.0,1.0,7.0,1.0,0.0,0.0,1.0,0.002026311593746445,0.002741973530276258,0.0008351157736470444,0.0007358824672596038
2025-05-27 08:00:00+00:00,99.3560028076172,99.40399932861328,99.28600311279295,99.39900207519533,0.0,-0.0004225418598517994,0.0004225418598519,0.0006727064756475,0.0,99.02608331044516,-0.0004225418598519,0.0045091409260422,0.003697393188667,0.0,0.0,8.0,1.0,0.0,0.0,1.0,-0.00043259254801769604,0.0011870965840387673,0.0012388036876038598,0.0008687732627480065
2025-05-27 09:00:00+00:00,99.36000061035156,99.39099884033205,99.29299926757812,99.35700225830078,0.0,4.023715348222545e-05,4.0237153482447496e-05,0.0006720901107111,0.0,99.04016653696696,4.0237153482447496e-05,0.0045699386512059,0.0034133568872576,1.0,0.0,9.0,1.0,0.0,1.0,1.0,3.0177561547059987e-05,0.0009863378576896737,0.0013067320966861971,0.0008955595526652348
2025-05-27 10:00:00+00:00,99.41799926757812,99.44300079345705,99.35299682617188,99.36100006103516,0.0,0.0005837223920117651,0.0005837223920117,0.000671234511995,0.0,99.05787499745686,0.0005837223920117,0.0036848743460236,0.0042932638469821,1.0,0.0,10.0,1.0,0.0,1.0,1.0,0.0005736577380255378,0.0009058279126607332,0.0005036712493052838,0.0008481686073467003
2025-05-27 11:00:00+00:00,99.3730010986328,99.4209976196289,99.3479995727539,99.41899871826172,0.0,-0.0004526159174076394,0.0004526159174075,0.0006789193797052,0.0,99.07154178619383,-0.0004526159174075,0.0028560376546706,0.0033116556691537,0.0,0.0,11.0,1.0,0.0,1.0,1.0,-0.0004626642816960036,0.000734246450035826,0.0005183752575042137,0.0008820054780129825
2025-05-27 12:00:00+00:00,99.26799774169922,99.38200378417967,99.26100158691406,99.37200164794922,0.0,-0.001056658808456068,0.0010566588084561,0.0007208238633914,0.0,99.0798749923706,-0.0010566588084561,0.0007258215735677,0.0020187845383006,0.0,1.0,12.0,1.0,0.0,1.0,1.0,-0.001046611767150072,0.0012176689133654777,0.0008296299766205726,0.001054485633129439
2025-05-27 13:00:00+00:00,99.36000061035156,99.37100219726562,99.20500183105467,99.26599884033205,0.0,0.000926812978455871,0.0009268129784558,0.0007249150715064,0.0,99.09454154968262,0.0009268129784558,-0.0003823217082511,0.0035552416369137,1.0,1.0,13.0,1.0,0.0,1.0,1.0,0.0009469684596708441,0.0016722782035162006,0.0010166818760429287,0.0010373651092436837
2025-05-27 14:00:00+00:00,99.48699951171876,99.52100372314452,99.33899688720705,99.35800170898438,0.0,0.0012781692893224506,0.0012781692893222,0.0007570297111928,0.0,99.11516666412354,0.0012781692893222,0.0013184578726985,0.0050004319819556,1.0,1.0,14.0,1.0,0.0,1.0,1.0,0.0012983131757442006,0.00183182866811837,0.0012589038772438423,0.0008386501335511242
2025-05-27 15:00:00+00:00,99.60399627685548,99.61499786376952,99.47799682617188,99.48699951171876,0.0,0.0011760005398788742,0.0011760005398788,0.0007823704256598,0.0,99.13983313242596,0.0011760005398788,0.0024556729569755,0.0059790250985132,1.0,1.0,15.0,1.0,0.0,1.0,1.0,0.0011760005398789566,0.0013770747763028517,0.00018073191533160652,0.0008803077958268781
2025-05-27 16:00:00+00:00,99.55799865722656,99.61399841308594,99.52400207519533,99.60399627685548,0.0,-0.0004618049611289088,0.0004618049611287,0.0007908718309981,0.0,99.16337490081789,-0.0004618049611287,0.0014081895700961,0.0057074991464491,0.0,0.0,16.0,1.0,0.0,1.0,1.0,-0.0004618049611289413,0.0009035414366353373,0.0009764182594844619,0.0009294504779815733
2025-05-27 17:00:00+00:00,99.5500030517578,99.56800079345705,99.5189971923828,99.55799865722656,0.0,-8.031103052097421e-05,8.031103052075217e-05,0.0007935318732786,0.0,99.18566672007243,-8.031103052075217e-05,0.0017811875576678,0.0054032587527876,0.0,0.0,17.0,1.0,0.0,0.0,1.0,-8.031103052093984e-05,0.0004922115925910105,0.0008569581125646872,0.0009277422388876172
2025-05-27 18:00:00+00:00,99.52100372314452,99.5780029296875,99.51200103759766,99.5500030517578,0.0,-0.00029130414589950693,0.0002913041458995,0.0007989510134009,0.0,99.20687516530354,-0.0002913041458995,0.0025487164766195,0.0051408180848055,0.0,0.0,18.0,1.0,0.0,0.0,1.0,-0.00029130414589946307,0.0006630024115170364,0.00019110478880347598,0.0009109732779894771
2025-05-27 19:00:00+00:00,99.59400177001952,99.5979995727539,99.51200103759766,99.52200317382812,0.0,0.0007334938771124122,0.0007334938771124,0.0007998169450481,0.0,99.23208363850912,0.0007334938771124,0.0023550841206776,0.0061118242090791,1.0,0.0,19.0,1.0,0.0,0.0,1.0,0.0007234440012791656,0.0008641157976497154,0.0005411419269154299,0.0007280518268019263
2025-05-27 20:00:00+00:00,99.5989990234375,99.61499786376952,99.56999969482422,99.59300231933594,0.0,5.017624886205496e-05,5.017624886183292e-05,0.0007988956746532,0.0,99.25758361816406,5.017624886183292e-05,0.0011257703244489,0.0061826251400447,1.0,0.0,20.0,1.0,0.0,0.0,1.0,6.021210287781677e-05,0.0004518205887700397,0.0005218145949558058,0.0007113257633005659
2025-05-27 21:00:00+00:00,99.56600189208984,99.6050033569336,99.56099700927734,99.5979995727539,0.0,-0.0003312998290263547,0.0003312998290263,0.0008056253445493,0.0,99.2819169362386,-0.0003312998290263,-0.0003814544213669,0.0059000588032667,0.0,0.0,21.0,1.0,0.0,0.0,0.0,-0.00032126830660578654,0.00044183967393947944,0.0005394800916486716,0.0006120405040558815
2025-05-27 22:00:00+00:00,99.55899810791016,99.58000183105467,99.55899810791016,99.56600189208984,0.0,-7.03431296485979e-05,7.03431296485979e-05,0.0007923689848635,0.0,99.30808353424072,-7.03431296485979e-05,1.0038878815121777e-05,0.0063478419666287,0.0,0.0,22.0,1.0,0.0,0.0,0.0,-7.034312964859469e-05,0.00021095276244275616,0.00019499885364956078,0.00039384906175654567
2025-05-27 23:00:00+00:00,99.52799987792967,99.5459976196289,99.5250015258789,99.5270004272461,0.0,-0.0003113553829346971,0.0003113553829345,0.0008010400816191,0.0,99.33195845286052,-0.0003113553829345,-0.0002210263501115,0.0057904909936061,0.0,0.0,23.0,1.0,0.0,0.0,0.0,1.0042005478806068e-05,0.00021095877158829954,0.00014524868680650476,0.00037205525254150874
2025-05-28 00:00:00+00:00,99.53299713134766,99.53399658203124,99.44100189208984,99.52799987792967,0.0,5.020952319068073e-05,5.020952319045868e-05,0.0007397030438808,0.0,99.36108334859212,5.020952319045868e-05,0.0001205113267999,0.007072439647779,1.0,0.0,0.0,2.0,0.0,0.0,0.0,5.020952319058007e-05,0.0009343570659055674,0.00018409645555255802,0.0003731422422258188
2025-05-28 01:00:00+00:00,99.68099975585938,99.70500183105467,99.51699829101562,99.53199768066406,0.0,0.0014869704397266759,0.0014869704397266,0.0007785707994301,0.0,99.39458338419595,0.0014869704397266,0.0008735263599581,0.0081313233959923,1.0,1.0,1.0,2.0,0.0,0.0,0.0,0.0014970268724372134,0.001888875380982848,0.0009512261277843381,0.0006578336229120134
2025-05-28 02:00:00+00:00,99.78800201416016,99.81400299072266,99.61699676513672,99.68099975585938,0.0,0.0010734468811794962,0.0010734468811794,0.0007929131367099,0.0,99.43116664886476,0.0010734468811794,0.0018976394599927,0.0088767396577007,1.0,1.0,2.0,2.0,0.0,0.0,0.0,0.001073446881179495,0.001976366871002989,0.0007396280997391881,0.0007115787550151894
2025-05-28 03:00:00+00:00,99.7310028076172,99.83000183105467,99.70800018310548,99.78800201416016,0.0,-0.0005712030042936966,0.0005712030042938,0.0008123960968295,0.0,99.46545855204263,-0.0005712030042938,0.0016572013778977,0.008320921463778,0.0,0.0,3.0,2.0,0.0,0.0,0.0,-0.0005712030042937048,0.0012226083846420535,0.001088726542413291,0.0007802210750960178
2025-05-28 04:00:00+00:00,99.77899932861328,99.802001953125,99.72200012207033,99.74500274658205,0.0,0.0004812597852712486,0.0004812597852714,0.0007774647619943,0.0,99.49570846557616,0.0004812597852714,0.0022097572784398,0.0073293884538139,1.0,0.0,4.0,2.0,0.0,0.0,1.0,0.00034083494004816944,0.0008020635505713564,0.0008329902686272373,0.00074967284949363
2025-05-28 05:00:00+00:00,99.70500183105467,99.8730010986328,99.70500183105467,99.77899932861328,0.0,-0.0007416139473889194,0.0007416139473888,0.0008059674439519,0.0,99.521333694458,-0.0007416139473888,0.0017784136458292,0.0062065346240092,0.0,0.0,5.0,2.0,0.0,0.0,1.0,-0.0007416139473889066,0.0016837136943499936,0.0006623365180651054,0.0008429083398059485
2025-05-28 06:00:00+00:00,99.78199768066406,99.78600311279295,99.69400024414062,99.70500183105467,0.0,0.0007722365798643605,0.0007722365798643,0.0007951565997043,0.0,99.54575030008952,0.0007722365798643,0.0025016884499902,0.0059074815537334,1.0,0.0,6.0,2.0,0.0,0.0,1.0,0.0007722365798644181,0.000922750784441326,0.0008033088944989688,0.0008306858822396593
2025-05-28 07:00:00+00:00,99.59500122070312,99.7979965209961,99.5479965209961,99.78299713134766,0.0,-0.0018740500722324027,0.0018740500722324,0.0008127322901674,0.0,99.55395857493085,-0.0018740500722324,-0.0008627374862498,0.0019819170505426,0.0,1.0,7.0,2.0,0.0,0.0,1.0,-0.0018840475436618326,0.002505436869879913,0.00132771658878323,0.0011918814089939922
2025-05-28 08:00:00+00:00,99.54499816894533,99.6439971923828,99.53299713134766,99.59500122070312,0.0,-0.0005020638701233038,0.0005020638701234,0.000815040985129,0.0,99.56183338165285,-0.0005020638701234,-0.0024352010292816,0.0019022037520377,0.0,0.0,8.0,2.0,0.0,0.0,1.0,-0.0005020638701232728,0.0011145143799854496,0.0013234437918225575,0.0010292102932160745
2025-05-28 09:00:00+00:00,99.55799865722656,99.5790023803711,99.49700164794922,99.54499816894533,0.0,0.00013059911115953504,0.0001305991111595,0.0008150604154384,0.0,99.57008330027264,0.0001305991111595,-0.001734707819236,0.0019927339538923,1.0,0.0,9.0,2.0,0.0,1.0,1.0,0.00013059911115947462,0.000823755426492704,0.0010247948522458374,0.0008875544283688361
2025-05-28 10:00:00+00:00,99.61599731445312,99.62899780273438,99.48500061035156,99.55799865722656,0.0,0.0005825615019265928,0.0005825615019265,0.0008150294582349,0.0,99.5783332188924,0.0005825615019265,-0.0016336304759213,0.0019915714290537,1.0,0.0,10.0,2.0,0.0,1.0,1.0,0.0005825615019266218,0.0014463648760014549,0.0005448156642767577,0.000940676776869395
2025-05-28 11:00:00+00:00,99.68699645996094,99.6959991455078,99.59400177001952,99.61599731445312,0.0,0.0007127283510870441,0.000712728351087,0.0008164305237401,0.0,99.59141635894775,0.000712728351087,-0.0001805864376218,0.003159765307042,1.0,0.0,11.0,2.0,0.0,1.0,1.0,0.0007127283510869528,0.0010239055798067346,0.0003055290120612724,0.0009707452752853416
2025-05-28 12:00:00+00:00,99.7519989013672,99.7699966430664,99.65699768066406,99.68699645996094,0.0,0.0006520654018538075,0.0006520654018535,0.0007820684867639,0.0,99.61158307393391,0.0006520654018535,-0.0003006432021223,0.0048757018442879,1.0,0.0,12.0,2.0,0.0,1.0,1.0,0.0006520654018538145,0.001133537636954781,6.513344524274236e-05,0.0009676413901461855
2025-05-28 13:00:00+00:00,99.80999755859376,99.88700103759766,99.73999786376952,99.7519989013672,0.0,0.000581428521386318,0.0005814285213863,0.00077127309733,0.0,99.63033294677734,0.0005814285213863,0.0021587061123096,0.0045289547652771,1.0,0.0,13.0,2.0,0.0,1.0,1.0,0.0005814285213864278,0.0014736864969843164,6.571302201149846e-05,0.0009469541442895844
2025-05-28 14:00:00+00:00,99.81099700927734,99.81800079345705,99.64800262451172,99.80899810791016,0.0,1.0013532792507718e-05,1.0013532792729762e-05,0.0007360148429068,0.0,99.64383284250896,1.0013532792729762e-05,0.002672146719824,0.0032566817689625,1.0,0.0,14.0,2.0,0.0,1.0,1.0,2.002726612911548e-05,0.0017032349003396504,0.00035207368088629787,0.0004488476635755352
2025-05-28 15:00:00+00:00,99.9499969482422,99.95700073242188,99.77400207519533,99.81099700927734,0.0,0.0013926315048424787,0.0013926315048422,0.0007505125192544,0.0,99.65824953715008,0.0013926315048422,0.0039373862100748,0.0034737629444605,1.0,1.0,15.0,2.0,0.0,1.0,1.0,0.0013926315048424778,0.0018334518510975172,0.0006947658869712187,0.0004490794187646181
2025-05-28 16:00:00+00:00,99.87000274658205,99.9499969482422,99.85700225830078,99.9489974975586,0.0,-0.0008003422121320991,0.000800342212132,0.000765441512994,0.0,99.67124970753989,-0.000800342212132,0.0025498457976291,0.0031338927415534,0.0,1.0,16.0,2.0,0.0,1.0,1.0,-0.0007903506083538042,0.0009304214376306475,0.0011088614741638677,0.0006819273435673155
2025-05-28 17:00:00+00:00,99.87799835205078,99.89299774169922,99.8209991455078,99.87000274658205,0.0,8.006013065831041e-05,8.006013065853246e-05,0.0007642186976659,0.0,99.68491617838542,8.006013065853246e-05,0.0019160161191791,0.0032947794097246,1.0,0.0,17.0,2.0,0.0,0.0,1.0,8.006013065829651e-05,0.0007209231421983169,0.00110356132746515,0.0006916941059511475
2025-05-28 18:00:00+00:00,99.875,99.9459991455078,99.84200286865234,99.87799835205078,0.0,-3.0020145580178514e-05,3.0020145580178514e-05,0.0007596944722097,0.0,99.6996660232544,-3.0020145580178514e-05,0.0012330690110222,0.0035570006693284,0.0,0.0,18.0,2.0,0.0,0.0,1.0,-3.0020145580137023e-05,0.0010412330900834398,0.00047969122683666943,0.0006883041201268584
2025-05-28 19:00:00+00:00,99.90899658203124,99.9219970703125,99.86000061035156,99.8759994506836,0.0,0.0003403913094490729,0.0003403913094492,0.0007507120275292,0.0,99.7127908070882,0.0003403913094492,0.00099187482075,0.0031627889874241,1.0,0.0,19.0,2.0,0.0,0.0,1.0,0.00033038098771602525,0.0006207343135679948,0.00019021682184822088,0.0006692419031419678
2025-05-28 20:00:00+00:00,99.89199829101562,99.91100311279295,99.86499786376952,99.91000366210938,0.0,-0.0001701377413159122,0.0001701377413161,0.0007530974236557,0.0,99.72499910990398,-0.0001701377413161,0.0008115466648503,0.0029417892795204,0.0,0.0,20.0,2.0,0.0,0.0,1.0,-0.0001802158986465786,0.00046046689357579195,0.00026377942121106154,0.0006627628992262527
2025-05-28 21:00:00+00:00,99.86799621582033,99.89099884033205,99.86199951171876,99.89099884033205,0.0,-0.00024028025873878978,0.0002402802587389,0.000750937969019,0.0,99.73758220672607,-0.0002402802587389,-0.0008204175580349,0.0030331068637039,0.0,0.0,21.0,2.0,0.0,0.0,0.0,-0.0002302772499901282,0.00029030972710198256,0.0003169488272385035,0.0006761457756863127
2025-05-28 22:00:00+00:00,99.875,99.87899780273438,99.86699676513672,99.86799621582033,0.0,7.013041660042241e-05,7.013041660064445e-05,0.0007498839831086,0.0,99.7507489522298,7.013041660064445e-05,5.003758166144401e-05,0.0031740163932478,1.0,0.0,22.0,2.0,0.0,0.0,0.0,7.013041660050653e-05,0.00012016900360873704,0.0001627900221263997,0.0003593802021989867
2025-05-28 23:00:00+00:00,100.39700317382812,100.54000091552734,100.2760009765625,100.53700256347656,0.0,0.005226564944461831,0.0052265649444618,0.0012753538469044,0.0,99.78695742289226,0.0052265649444618,0.0051963878966412,0.0087312444434155,1.0,1.0,23.0,2.0,0.0,0.0,0.0,-0.001392516049601194,0.002625898248738426,0.003070601686511497,0.0019813334329103083
2025-05-29 00:00:00+00:00,100.39600372314452,100.44300079345705,100.25599670410156,100.39600372314452,0.0,-9.954985228821656e-06,9.954985228599613e-06,0.0012760544773509,0.0,99.8229160308838,-9.954985228599613e-06,0.0052165579288563,0.0086705576710206,0.0,0.0,0.0,3.0,0.0,0.0,0.0,0.0,0.0018626646721036017,0.0030004547345848227,0.0019867198495264714
2025-05-29 01:00:00+00:00,100.25,100.4810028076172,100.24600219726562,100.39600372314452,0.0,-0.001454278235487716,0.0014542782354879,0.0013041009339069,0.0,99.84662437438963,-0.0014542782354879,0.0034131402539787,0.0057082116505073,0.0,1.0,1.0,3.0,0.0,0.0,0.0,-0.0014542782354877585,0.0023407366990385644,0.003515225839600357,0.002145429134236952
2025-05-29 02:00:00+00:00,100.29900360107422,100.33399963378906,100.2030029296875,100.25,0.0,0.0004888139758025822,0.0004888139758025,0.0012932319772577,0.0,99.86791610717772,0.0004888139758025,0.0040744535800842,0.0051208720146691,1.0,0.0,2.0,3.0,0.0,0.0,0.0,0.0004888139758026808,0.0013067002902899002,0.0010091619847926454,0.002143889425377781
2025-05-29 03:00:00+00:00,100.27799987792967,100.3209991455078,100.22100067138672,100.2979965209961,0.0,-0.0002094110847610242,0.0002094110847608,0.0012857726508718,0.0,99.8907076517741,-0.0002094110847608,0.0041054559783428,0.0054847244579268,0.0,0.0,3.0,3.0,0.0,0.0,0.0,-0.0001993723081221709,0.000997013675145008,0.0009842780602836501,0.0021461648190300533
2025-05-29 04:00:00+00:00,100.26499938964844,100.31400299072266,100.22200012207033,100.2750015258789,0.0,-0.00012964447134033996,0.0001296444713404,0.0012866025598497,0.0,99.91095765431722,-0.0001296444713404,0.0039048749902221,0.0048707650337778,0.0,0.0,4.0,3.0,0.0,0.0,1.0,-9.974705637762973e-05,0.0009175055323094211,0.0003821805416854925,0.0021397462229643394
2025-05-29 05:00:00+00:00,100.31900024414062,100.41000366210938,100.2480010986328,100.26499938964844,0.0,0.0005385813077436463,0.0005385813077436,0.001272182435046,0.0,99.93654092152912,0.0005385813077436,-0.0007769448013547,0.0061581505622589,1.0,0.0,5.0,3.0,0.0,0.0,1.0,0.000538581307743594,0.0016157439232309233,0.0004107677818617784,0.0021288452538062133
2025-05-29 06:00:00+00:00,100.09600067138672,100.33899688720705,100.0780029296875,100.31900024414062,0.0,-0.0022229046562586285,0.0022229046562586,0.0013630630333732,0.0,99.9496243794759,-0.0022229046562586,-0.0029881971456265,0.0031468902008513,0.0,1.0,6.0,3.0,0.0,0.0,1.0,-0.0022229046562585843,0.002601640336171407,0.0014407213831375196,0.0010296694197332707
2025-05-29 07:00:00+00:00,100.00299835205078,100.0989990234375,99.98300170898438,100.09600067138672,0.0,-0.0009291312211490155,0.000929131221149,0.0013154194981298,0.0,99.96662425994872,-0.000929131221149,-0.0024638568373986,0.0040965623409505,0.0,0.0,7.0,3.0,0.0,0.0,1.0,-0.0009291312211490083,0.00115886063054549,0.0013816556793840615,0.0010260159879066511
2025-05-29 08:00:00+00:00,100.0510025024414,100.11199951171876,99.97799682617188,100.00700378417967,0.0,0.00048002711100347817,0.0004800271110034,0.0013088243889716,0.0,99.9877077738444,0.0004800271110034,-0.0024726177701546,0.0050831718599995,1.0,0.0,8.0,3.0,0.0,0.0,1.0,0.0004399563690227585,0.0013399330094527578,0.0013518762914892758,0.001005199059047257
2025-05-29 09:00:00+00:00,99.99600219726562,100.0530014038086,99.93499755859376,100.0510025024414,0.0,-0.0005497226794347609,0.0005497226794347,0.0013180014709869,0.0,100.00595792134602,-0.0005497226794347,-0.0028121590080311,0.0043994811662204,0.0,0.0,9.0,3.0,0.0,1.0,1.0,-0.0005497226794348128,0.001179436909809575,0.0007291619250331323,0.0009471996731783434
2025-05-29 10:00:00+00:00,99.91899871826172,100.00399780273438,99.8759994506836,99.99600219726562,0.0,-0.000770065575741663,0.0007700655757416,0.0013290801098926,0.0,100.01858297983806,-0.0007700655757416,-0.00345086195076,0.0030416942255984,0.0,0.0,10.0,3.0,0.0,1.0,1.0,-0.0007700655757417059,0.001280034693769801,0.000667291459098422,0.0009489686048756103
2025-05-29 11:00:00+00:00,100.03199768066406,100.0479965209961,99.88500213623048,99.91899871826172,0.0,0.0011309056721131583,0.0011309056721131,0.001339785358774,0.0,100.03295803070068,0.0011309056721131,-0.0028608993588263,0.0034608447736881,1.0,0.0,11.0,3.0,0.0,1.0,1.0,0.0011309056721131,0.001631265193371289,0.0010397719568211673,0.0011349583816176998
2025-05-29 12:00:00+00:00,99.46399688720705,100.02899932861328,99.45800018310548,100.02899932861328,0.0,-0.005678191045132008,0.0056781910451322,0.0017847917784661,0.0,100.02095794677734,-0.0056781910451322,-0.0063139763820788,-0.0028871803806651,0.0,1.0,12.0,3.0,0.0,1.0,1.0,-0.005648386419923096,0.00570833607594097,0.003513478461896126,0.0022373515593435657
2025-05-29 13:00:00+00:00,99.47000122070312,99.53299713134766,99.38999938964844,99.46299743652344,0.0,6.0366903442243824e-05,6.036690344246587e-05,0.0017790618211139,0.0,100.00679143269856,6.036690344246587e-05,-0.0053298115069639,-0.0034064356898819,1.0,0.0,13.0,3.0,0.0,1.0,1.0,7.041597740061338e-05,0.0014376978915247238,0.003661531981042249,0.0022331821002951613
2025-05-29 14:00:00+00:00,99.47699737548828,99.53800201416016,99.33899688720705,99.46900177001952,0.0,7.033431888303632e-05,7.033431888303632e-05,0.001779326514246,0.0,99.9928747812907,7.033431888303632e-05,-0.0057371251921151,-0.0033463209846307,1.0,0.0,14.0,3.0,0.0,1.0,1.0,8.038288639158867e-05,0.0020006748173991627,0.0033160390663973284,0.002262299369081561
2025-05-29 15:00:00+00:00,99.33799743652344,99.48400115966795,99.32599639892578,99.47699737548828,0.0,-0.001397307343728671,0.0013973073437286,0.0017660568027044,0.0,99.96737480163574,-0.0013973073437286,-0.0065803106752619,-0.0061230568324646,0.0,0.0,15.0,3.0,0.0,1.0,1.0,-0.0013973073437286332,0.0015883547444216144,0.0008444806698073399,0.0022025418534068674
2025-05-29 16:00:00+00:00,99.3209991455078,99.35099792480467,99.26000213623048,99.33599853515624,0.0,-0.00017111570048011782,0.0001711157004798,0.0017622659425156,0.0,99.944499651591,-0.0001711157004798,-0.0059848435275063,-0.0054971821966132,0.0,0.0,16.0,3.0,0.0,1.0,1.0,-0.00015099651555955347,0.0009160404074660386,0.0007869578671119895,0.0022205639749963944
2025-05-29 17:00:00+00:00,99.2760009765625,99.3939971923828,99.21900177001952,99.3209991455078,0.0,-0.00045305795685135486,0.0004530579568514,0.0017615716714276,0.0,99.9194164276123,-0.0004530579568514,-0.0075575488006843,-0.006027327193386,0.0,0.0,17.0,3.0,0.0,0.0,1.0,-0.00045305795685134846,0.0017619176595969246,0.0006422154735131707,0.002228421031347157
2025-05-29 18:00:00+00:00,99.27799987792967,99.28299713134766,99.21700286865234,99.2760009765625,0.0,2.0134789350034765e-05,2.0134789350034765e-05,0.0017618741781447,0.0,99.89454142252605,2.0134789350034765e-05,-0.0018699933151516,-0.0059774730620306,1.0,0.0,18.0,3.0,0.0,0.0,1.0,2.0134789349998075e-05,0.0006647554499187846,0.00023804045904201327,0.002093527975405282
2025-05-29 19:00:00+00:00,99.34300231933594,99.3479995727539,99.26599884033205,99.27799987792967,0.0,0.0006547517222967869,0.0006547517222967,0.0017676001307616,0.0,99.87095832824708,0.0006547517222967,-0.0012767558038468,-0.0056650980598188,1.0,0.0,19.0,3.0,0.0,0.0,1.0,0.0006547517222968832,0.0008259708346530683,0.0005558615402919856,0.0006342327023129419
2025-05-29 20:00:00+00:00,99.35299682617188,99.38999938964844,99.33200073242188,99.34400177001952,0.0,0.00010060604775974369,0.0001006060477597,0.001768896840708,0.0,99.8484999338786,0.0001006060477597,-0.0012465248508491,-0.0053958422502818,1.0,0.0,20.0,3.0,0.0,0.0,1.0,9.054453205117946e-05,0.0005838163974995579,0.00034551693244106715,0.0006368845822393961
2025-05-29 21:00:00+00:00,99.33300018310548,99.35299682617188,99.31800079345705,99.35299682617188,0.0,-0.00020126864518621446,0.0002012686451863,0.0017688990683152,0.0,99.82620843251546,-0.0002012686451863,-5.030555826501804e-05,-0.0053570318118597,0.0,0.0,21.0,3.0,0.0,0.0,0.0,-0.00020126864518619594,0.0003522393267719809,0.00043416138097775604,0.0006281618570763268
2025-05-29 22:00:00+00:00,99.33300018310548,99.33399963378906,99.3239974975586,99.33300018310548,0.0,0.0,0.0,0.0017684528851107,0.0,99.80362510681152,0.0,0.0001208308182649,-0.0054267816460028,0.0,0.0,22.0,3.0,0.0,0.0,0.0,0.0,0.00010069298432576599,0.00015370912715372128,0.0003449448124769197
2025-05-29 23:00:00+00:00,99.2509994506836,99.25299835205078,99.23500061035156,99.24600219726562,0.0,-0.0008255134977371847,0.000825513497737,0.001335846708984,0.0,99.7558749516805,-0.000825513497737,-0.0002518385675588,-0.0114147204290583,0.0,0.0,23.0,3.0,0.0,0.0,0.0,5.0352188575172975e-05,0.00018134475244096647,0.00043043838862601467,0.00046468586359577296
2025-05-30 00:00:00+00:00,99.27799987792967,99.35299682617188,99.18299865722656,99.2509994506836,0.0,0.00027204186754303805,0.0002720418675432,0.0013413656197786,0.0,99.70929145812988,0.0002720418675432,0.0,-0.0111359397162649,1.0,0.0,0.0,4.0,0.0,0.0,0.0,0.00027204186754306353,0.001712810650635132,0.0005715632208394205,0.0004537168100158885
2025-05-30 01:00:00+00:00,99.41200256347656,99.427001953125,99.12899780273438,99.2770004272461,0.0,0.001349772212490663,0.0013497722124906,0.0013732482971533,0.0,99.67437489827472,0.0013497722124906,0.0006945657220911,-0.0083590766735505,1.0,0.0,1.0,4.0,0.0,0.0,0.0,0.001359853094367042,0.0030017441009311478,0.0010876579117073692,0.000682664793329722
2025-05-30 02:00:00+00:00,99.45800018310548,99.46399688720705,99.38300323486328,99.41300201416016,0.0,0.00046269684185817894,0.0004626968418579,0.0013725658666416,0.0,99.6393330891927,0.0004626968418579,0.0010568715618846,-0.0083849628388505,1.0,0.0,2.0,4.0,0.0,0.0,0.0,0.00045263866932533913,0.0008147189070120593,0.0005751455944417916,0.0006646310089762195
2025-05-30 03:00:00+00:00,99.45500183105467,99.47599792480467,99.4010009765625,99.45800018310548,0.0,-3.014691674163572e-05,3.014691674130265e-05,0.0013738506818753,0.0,99.60504150390624,-3.014691674130265e-05,0.0012282086287973,-0.0082071645612881,0.0,0.0,3.0,4.0,0.0,0.0,0.0,-3.0146916741635724e-05,0.0007540564670926563,0.0006992823090849163,0.000668583609212712
2025-05-30 04:00:00+00:00,99.45600128173828,99.45899963378906,99.40299987792967,99.447998046875,0.0,1.0049275201984287e-05,1.0049275201762242e-05,0.0013750866598777,0.0,99.57133324941,1.0049275201762242e-05,0.0012382702466056,-0.0080685993400971,1.0,0.0,4.0,4.0,0.0,0.0,1.0,8.047658093136183e-05,0.0005631059142386518,0.0002736788031730337,0.0006548784881895589
2025-05-30 05:00:00+00:00,99.41600036621094,99.48999786376952,99.38500213623048,99.45600128173828,0.0,-0.0004021971023551174,0.0004021971023551,0.0013624044990634,0.0,99.53370825449626,-0.0004021971023551,0.0016624609972752,-0.009001284659258,0.0,0.0,5.0,4.0,0.0,0.0,1.0,-0.0004021971023551352,0.001055700271335089,0.00022729721741615182,0.0006897118773968142
2025-05-30 06:00:00+00:00,99.45899963378906,99.552001953125,99.40699768066406,99.41600036621094,0.0,0.0004325185827203093,0.0004325185827203,0.0013127978787767,0.0,99.50716654459636,0.0004325185827203,0.001823160781663,-0.0063639009883014,1.0,0.0,6.0,4.0,0.0,0.0,1.0,0.0004325185827204068,0.001458560713836773,0.0004173682759296463,0.0005527175306328982
2025-05-30 07:00:00+00:00,99.52200317382812,99.61699676513672,99.4530029296875,99.45899963378906,0.0,0.0006334624344810358,0.000633462434481,0.0013171768987044,0.0,99.48712507883708,0.000633462434481,0.0011065123678735,-0.0048098075672626,1.0,0.0,7.0,4.0,0.0,0.0,1.0,0.0006334624344809758,0.0016488586860218667,0.0005491993236690213,0.0005664624973023187
2025-05-30 08:00:00+00:00,99.61100006103516,99.61399841308594,99.4749984741211,99.52300262451172,0.0,0.0008942433267906669,0.0008942433267906,0.0013291347125323,0.0,99.46879164377847,0.0008942433267906,0.0015383365606387,-0.0043977814354785,1.0,0.0,8.0,4.0,0.0,0.0,1.0,0.000884191937570867,0.001396661428004476,0.00023150768332861702,0.0004459245479178736
2025-05-30 09:00:00+00:00,99.59600067138672,99.63200378417967,99.5540008544922,99.61000061035156,0.0,-0.00015057965123577155,0.0001505796512357,0.0013268388413516,0.0,99.45212491353352,-0.0001505796512357,0.0014177149236953,-0.0040001751779017,0.0,0.0,9.0,4.0,0.0,1.0,1.0,-0.00014054752413472893,0.0007830833170315777,0.0005438111990665233,0.00046520637584308643
2025-05-30 10:00:00+00:00,99.572998046875,99.5979995727539,99.50900268554688,99.59700012207033,0.0,-0.00023095931921623958,0.0002309593192162,0.0013207195788887,0.0,99.4377082188924,-0.0002309593192162,0.0011763670731672,-0.0034628116356762,0.0,0.0,10.0,4.0,0.0,1.0,1.0,-0.00024099194921442158,0.0008935699579099057,0.0006277203386086354,0.00048730099612631254
2025-05-30 11:00:00+00:00,99.49600219726562,99.60299682617188,99.49099731445312,99.572998046875,0.0,-0.0007732603328176602,0.0007732603328176,0.001297817722821,0.0,99.4153750737508,-0.0007732603328176,0.0008047178599017,-0.0053582403213571,0.0,0.0,11.0,4.0,0.0,1.0,1.0,-0.0007732603328176221,0.0011247980267303501,0.00033869418644579284,0.0006055990228892518
2025-05-30 12:00:00+00:00,99.40699768066406,99.51100158691406,99.3209991455078,99.49600219726562,0.0,-0.0008945536969927614,0.0008945536969927,0.000607141023789,0.0,99.41300010681152,-0.0008945536969927,-0.0005228481416108,-0.0005730637047253,0.0,1.0,12.0,4.0,0.0,1.0,1.0,-0.0008945536969927476,0.0019096490030780947,0.0003533553376236279,0.000690538142813283
2025-05-30 13:00:00+00:00,99.64299774169922,99.66799926757812,99.40299987792967,99.40499877929688,0.0,0.0023740789536093043,0.0023740789536093,0.0007801205092673,0.0,99.42020829518636,0.0023740789536093,0.0012157569583859,0.0017391828578774,1.0,1.0,13.0,4.0,0.0,1.0,1.0,0.0023942353536038864,0.002665855770863339,0.0018531242119126557,0.0011417206465056992
2025-05-30 14:00:00+00:00,99.43099975585938,99.66300201416016,99.4020004272461,99.64299774169922,0.0,-0.002127575350446609,0.0021275753504466,0.0009001795430498,0.0,99.41829172770184,-0.0021275753504466,-0.0018070324067169,-0.000462394531826,0.0,1.0,14.0,4.0,0.0,1.0,1.0,-0.0021275753504465824,0.002619367068729175,0.002326270021432489,0.0014328721342733628
2025-05-30 15:00:00+00:00,99.46099853515624,99.4739990234375,99.37000274658205,99.4290008544922,0.0,0.000301704492266186,0.0003017044922664,0.000852614342696,0.0,99.4234167734782,0.0003017044922664,-0.00135549756336,0.0012382079547295,1.0,0.0,15.0,4.0,0.0,1.0,1.0,0.000321814363908379,0.0010459350487454484,0.0022531839670217424,0.001378774106218833
2025-05-30 16:00:00+00:00,99.41799926757812,99.4729995727539,99.39700317382812,99.45999908447266,0.0,-0.00043232290255879047,0.0004323229025589,0.0008572396547615,0.0,99.42745844523112,-0.0004323229025589,-0.0015566346533415,0.0009766325641589,0.0,0.0,16.0,4.0,0.0,1.0,1.0,-0.00042227847658494615,0.0007640900826998453,0.0012459318890315181,0.0013807098362803847
2025-05-30 17:00:00+00:00,99.35700225830078,99.41799926757812,99.28500366210938,99.41799926757812,0.0,-0.0006135409053361629,0.0006135409053361,0.0008618746445759,0.0,99.43083349863689,-0.0006135409053361,-0.0013970404427833,0.0008159200707269,0.0,0.0,17.0,4.0,0.0,0.0,1.0,-0.000613540905336202,0.0013377417213033989,0.0004846494125854365,0.0013871705357826041
2025-05-30 18:00:00+00:00,99.3290023803711,99.36100006103516,99.29000091552734,99.3560028076172,0.0,-0.0002818108164827082,0.0002818108164827,0.000864291418089,0.0,99.43295860290527,-0.0002818108164827,-0.0007846057331247,0.0005137341858632,0.0,0.0,18.0,4.0,0.0,0.0,1.0,-0.000271754362928517,0.0007145934166180979,0.0001661017280846889,0.0013721332370585967
2025-05-30 19:00:00+00:00,99.3499984741211,99.40799713134766,99.31600189208984,99.33000183105467,0.0,0.00021137928748737878,0.0002113792874873,0.0008548601876074,0.0,99.43325010935466,0.0002113792874873,-0.0029404902925307,7.042423343173176e-05,1.0,0.0,19.0,4.0,0.0,0.0,1.0,0.0002013152390798475,0.0009261576317524136,0.0004150852633360975,0.0013475399884312546
2025-05-30 20:00:00+00:00,99.44100189208984,99.4499969482422,99.3479995727539,99.3489990234375,0.0,0.0009159881164211292,0.0009159881164211,0.0008748647423061,0.0,99.43691698710124,0.0009159881164211,0.0001005937409361,0.0008857816948586,1.0,1.0,20.0,4.0,0.0,0.0,1.0,0.0009260573287773064,0.0010266573039576692,0.0006020011578243304,0.0009624262225946087
2025-06-01 22:00:00+00:00,99.36199951171876,99.41999816894533,99.35099792480467,99.40799713134766,0.0,-0.000794464847174492,0.0007944648471746,0.000890142592347,0.0,99.43812529246011,-0.0007944648471746,-0.0009953552135564,0.0002919405289261,0.0,0.0,22.0,6.0,1.0,0.0,0.0,-0.00046271548523521143,0.000694111602002035,0.0008596361018592051,0.0006027780018326435
2025-06-01 23:00:00+00:00,99.36399841308594,99.38099670410156,99.31400299072266,99.36199951171876,0.0,2.0117362542926287e-05,2.011736254314833e-05,0.0008901397402851,0.0,99.43941688537598,2.011736254314833e-05,-0.0005431697971194,0.0003120637645428,1.0,0.0,23.0,6.0,1.0,0.0,0.0,2.011736254298645e-05,0.0006742387805008393,0.0008555483548301512,0.0005805658168246222
2025-06-02 00:00:00+00:00,99.2239990234375,99.37000274658205,99.19000244140624,99.36900329589844,0.0,-0.0014089548718281275,0.0014089548718281,0.0009214622705893,0.0,99.43829186757404,-0.0014089548718281,-0.0013386397721371,-0.0002720418675432,0.0,1.0,0.0,0.0,0.0,0.0,0.0,-0.001459250547468485,0.0018114331351378199,0.0007168669818310338,0.0007541404334601971
2025-06-02 01:00:00+00:00,99.20700073242188,99.23200225830078,99.11199951171876,99.2239990234375,0.0,-0.0001713122952402557,0.0001713122952402,0.0009199856325749,0.0,99.43533356984456,-0.0001713122952402,-0.0012282580618501,-0.0007151548741424,0.0,0.0,1.0,0.0,0.0,0.0,0.0,-0.00017131229524028625,0.0012094125187765456,0.0007757417861110243,0.0007398075519707185
2025-06-02 02:00:00+00:00,99.24700164794922,99.2689971923828,99.18399810791016,99.20700073242188,0.0,0.00040320658050374547,0.0004032065805037,0.0008776026211,0.0,99.4284585316976,0.0004032065805037,-0.001036706872207,-0.0016597685518102,1.0,0.0,2.0,0.0,0.0,0.0,0.0,0.0004032065805036583,0.0008567851446481988,0.0009260813692909483,0.0007740979339720755
2025-06-02 03:00:00+00:00,99.28099822998048,99.33799743652344,99.23999786376952,99.2480010986328,0.0,0.0003425451798722001,0.0003425451798719,0.0008747767513666,0.0,99.42108345031738,0.0003425451798719,-0.001609031074355,-0.0017796653139932,1.0,0.0,3.0,0.0,0.0,0.0,0.0,0.0003324714954701413,0.0009874211235400938,0.00031564781240112566,0.0007849039860166912
2025-06-02 04:00:00+00:00,99.24600219726562,99.29499816894533,99.24299621582033,99.27899932861328,0.0,-0.00035249477078980185,0.0003524947707896,0.0008765494163401,0.0,99.41237513224284,-0.0003524947707896,-0.0011674212981135,-0.0021014491975385,0.0,0.0,4.0,0.0,0.0,0.0,1.0,-0.00033236768672935364,0.0005237961046814508,0.00041988984088879957,0.0006455857277394277
2025-06-02 05:00:00+00:00,99.13999938964844,99.26000213623048,99.13099670410156,99.25,0.0,-0.0010680813863563898,0.0010680813863563,0.000898691306914,0.0,99.39920838673908,-0.0010680813863563,-0.0022543277949249,-0.003177303410728,0.0,1.0,5.0,0.0,0.0,0.0,1.0,-0.001108318492207179,0.0012998028426087704,0.0007053382222669435,0.0006887527982455595
2025-06-02 06:00:00+00:00,98.96399688720705,99.1500015258789,98.9260025024414,99.13899993896484,0.0,-0.0017752925511896889,0.0017752925511898,0.0009583534093507,0.0,99.38037490844728,-0.0017752925511898,-0.0026203553453741,-0.0045465868405376,0.0,1.0,6.0,0.0,0.0,0.0,1.0,-0.0017652291415642615,0.0022594440490160835,0.0007114029987700075,0.0008554294886453217
2025-06-02 07:00:00+00:00,98.76499938964844,98.98200225830078,98.6790008544922,98.96399688720705,0.0,-0.002010806998684722,0.0020108069986846,0.0010173724285905,0.0,99.35145823160808,-0.0020108069986846,-0.0044553442752048,-0.0069777521058521,0.0,1.0,7.0,0.0,0.0,0.0,1.0,-0.0020108069986847117,0.003061733694465893,0.000490636706532708,0.0009750167742350349
2025-06-02 08:00:00+00:00,98.80699920654295,98.84400177001952,98.73699951171876,98.76699829101562,0.0,0.00042525000915372146,0.0004252500091539,0.0010100055612671,0.0,99.32166639963786,0.0004252500091539,-0.0044334079025081,-0.0071843807849838,1.0,0.0,8.0,0.0,0.0,0.0,1.0,0.000405002847301964,0.0010833806853729837,0.001343641095450493,0.0010483433639505992
2025-06-02 09:00:00+00:00,98.78800201416016,98.80999755859376,98.68199920654295,98.80599975585938,0.0,-0.00019226565461305523,0.0001922656546131,0.0009779967760622,0.0,99.2873748143514,-0.0001922656546131,-0.0049656653801798,-0.0082621201109387,0.0,0.0,9.0,0.0,0.0,1.0,1.0,-0.0001821523160910221,0.0012954512111317323,0.001266411726133731,0.0009773492207717114
2025-06-02 10:00:00+00:00,98.83999633789062,98.84600067138672,98.74600219726562,98.78800201416016,0.0,0.0005263222524027888,0.0005263222524027,0.000993490216636,0.0,99.25587463378906,0.0005263222524027,-0.0040909039194143,-0.0075907097513935,1.0,0.0,10.0,0.0,0.0,1.0,1.0,0.0005263222524028368,0.0010122532299697699,0.000388996523862392,0.001010716993548356
2025-06-02 11:00:00+00:00,98.83399963378906,98.87000274658205,98.7490005493164,98.83899688720705,0.0,-6.067082480520902e-05,6.067082480520902e-05,0.0009947384476985,0.0,99.22508303324382,-6.067082480520902e-05,-0.0030865418372326,-0.0074216748273266,0.0,0.0,11.0,0.0,0.0,1.0,1.0,-5.055953191922536e-05,0.0012242353835675238,0.0003825891294917856,0.0010301593312669736
2025-06-02 12:00:00+00:00,98.80899810791016,98.85199737548828,98.72799682617188,98.83399963378906,0.0,-0.0002529648296288878,0.0002529648296288,0.0009898579316342,0.0,99.196457862854,-0.0002529648296288,-0.0015662138168645,-0.0069048411411886,0.0,0.0,12.0,0.0,0.0,1.0,1.0,-0.0002529648296289206,0.0012546345364537219,0.00040596104353387983,0.0010135279287750375
2025-06-02 13:00:00+00:00,98.78600311279295,98.93499755859376,98.78399658203124,98.80999755859376,0.0,-0.00023272167067300842,0.0002327216706728,0.0009814137405178,0.0,99.1705830891927,-0.0002327216706728,0.0002126636285559,-0.0062469904771289,0.0,0.0,13.0,0.0,0.0,1.0,1.0,-0.00024283419080727234,0.001528195327329967,0.00010566319395408734,0.0008364846112067032
2025-06-02 14:00:00+00:00,98.70700073242188,98.81800079345705,98.61199951171876,98.78700256347656,0.0,-0.0007997325317522508,0.0007997325317523,0.0008097858053444,0.0,99.13158321380617,-0.0007997325317523,-0.0010120586084398,-0.0093935051181789,0.0,0.0,14.0,0.0,0.0,1.0,1.0,-0.0008098416692345891,0.0020853075444405055,0.0003216794528076054,0.0004485225041689032
2025-06-02 15:00:00+00:00,98.7480010986328,98.79100036621094,98.68399810791016,98.70700073242188,0.0,0.0004153744507147117,0.0004153744507149,0.0007359363942142,0.0,99.10312493642172,0.0004153744507149,-0.0004049167379821,-0.0068690716064766,1.0,0.0,15.0,0.0,0.0,1.0,1.0,0.00041537445071468035,0.0010840392019492765,0.0006080042321644925,0.0004466660556216457
2025-06-02 16:00:00+00:00,98.85700225830078,98.90299987792967,98.74299621582033,98.7480010986328,0.0,0.00110383155562932,0.001103831555629,0.0007806831365757,0.0,99.07795842488606,0.001103831555629,0.0001720550489705,-0.0060726946818453,1.0,1.0,16.0,0.0,0.0,1.0,1.0,0.0011038315556292522,0.001620323047851162,0.0009638477057187872,0.0006270979559055874
2025-06-02 17:00:00+00:00,98.83999633789062,98.88500213623048,98.81400299072266,98.85700225830078,0.0,-0.0001720254511230479,0.000172025451123,0.0007798981682625,0.0,99.05387496948242,-0.000172025451123,6.067450597746493e-05,-0.0058138660398087,0.0,0.0,17.0,0.0,0.0,0.0,1.0,-0.00017202545112304682,0.0007182004702339139,0.0006385951941130293,0.0006030445361874146
2025-06-02 18:00:00+00:00,98.70600128173828,98.8730010986328,98.70099639892578,98.84300231933594,0.0,-0.0013556764580835434,0.0013556764580835,0.0008093984652546,0.0,99.02674992879231,-0.0013556764580835,-0.0010423830637306,-0.0065521398770674,0.0,1.0,18.0,0.0,0.0,0.0,1.0,-0.0013860469065381247,0.0017401808491340112,0.0012300420370510046,0.0007934083082503543
2025-06-02 19:00:00+00:00,98.66100311279295,98.75800323486328,98.66000366210938,98.70600128173828,0.0,-0.00045588078091507445,0.0004558807809149,0.0008102551398616,0.0,98.99891662597656,-0.0004558807809149,-0.0012653614485979,-0.0067251180578667,0.0,0.0,19.0,0.0,0.0,0.0,1.0,-0.00045588078091511017,0.000992843104586765,0.0006179584418579456,0.000799991502302911
2025-06-02 20:00:00+00:00,98.68599700927734,98.70099639892578,98.65499877929688,98.66200256347656,0.0,0.00025333105984959303,0.0002533310598493,0.0008114075444571,0.0,98.97124989827472,0.0002533310598493,-0.0002127885863077,-0.0066834572223642,1.0,0.0,20.0,0.0,0.0,0.0,1.0,0.0002431984469942605,0.00046621412938899735,0.0008063827553233459,0.0008189479303301385
2025-06-02 21:00:00+00:00,98.6989974975586,98.71600341796876,98.68599700927734,98.68699645996094,0.0,0.00013173589643145078,0.0001317358964314,0.000776216597889,0.0,98.9403330485026,0.0001317358964314,-0.0004962490433124,-0.0074617550146613,1.0,0.0,21.0,0.0,0.0,0.0,0.0,0.00012160708125842378,0.00030405635765391433,0.0003792668757711549,0.0007688618357591294
2025-06-02 22:00:00+00:00,98.70899963378906,98.71399688720705,98.69400024414062,98.6989974975586,0.0,0.0001013397955811346,0.0001013397955811,0.0007735279632454,0.0,98.91312472025554,0.0001013397955811,-0.0014971385044126,-0.0065719277101773,1.0,0.0,22.0,0.0,0.0,0.0,0.0,0.0001013397955811675,0.00020260229154723782,8.042662404072418e-05,0.0007487123058802161
2025-06-02 23:00:00+00:00,98.58799743652344,98.60299682617188,98.58300018310548,98.58499908447266,0.0,-0.001225847670572544,0.0012258476705725,0.0007944303625781,0.0,98.8807913462321,-0.0012258476705725,-0.0025495640500199,-0.0078096794508654,0.0,1.0,23.0,0.0,0.0,0.0,0.0,3.0413877147902684e-05,0.0002028365699862501,0.0007751756397382489,0.0006596105633127393
2025-06-03 00:00:00+00:00,98.68900299072266,98.72100067138672,98.58399963378906,98.58799743652344,0.0,0.0010245218163016379,0.0010245218163016,0.000805462514774,0.0,98.85849984486896,0.0010245218163016,-0.0001722113224615,-0.005391800753651,1.0,1.0,0.0,1.0,0.0,0.0,0.0,0.0010245218163017448,0.001389632015660581,0.0011312128035248566,0.000852150066804483
2025-06-03 01:00:00+00:00,98.8290023803711,98.83699798583984,98.68699645996094,98.68699645996094,0.0,0.0014185915898006218,0.0014185915898006,0.0008726439039005,0.0,98.84274991353352,0.0014185915898006,0.0017027930213324,-0.0038101983656406,1.0,1.0,1.0,1.0,0.0,0.0,0.0,0.0014389527040451634,0.0015199725522071646,0.0014266810444549794,0.0008795786177616527
2025-06-03 02:00:00+00:00,98.85299682617188,98.89800262451172,98.80799865722656,98.8290023803711,0.0,0.00024278749378070508,0.0002427874937807,0.0008687586332377,0.0,98.82633304595949,0.0002427874937807,0.0016922341766363,-0.0039699418142118,1.0,0.0,2.0,1.0,0.0,0.0,0.0,0.00024278749378074167,0.0009107039949543432,0.0005984584098066807,0.0008340915493336636
2025-06-03 03:00:00+00:00,98.90399932861328,98.9290008544922,98.83699798583984,98.85299682617188,0.0,0.0005159429059200527,0.00051594290592,0.0008738722395205,0.0,98.81062475840253,0.00051594290592,0.00207704066153,-0.0037972916075429,1.0,0.0,3.0,1.0,0.0,0.0,0.0,0.0005159429059201072,0.000930703889677118,0.000615345945777601,0.00083868685975548
2025-06-03 04:00:00+00:00,98.83899688720705,98.91799926757812,98.83799743652344,98.89800262451172,0.0,-0.0006572276333363103,0.0006572276333364,0.000879017620625,0.0,98.79366620381673,-0.0006572276333364,0.001316974682149,-0.0041009743571294,0.0,0.0,4.0,1.0,0.0,0.0,1.0,-0.0005966322447249183,0.0008089327279786657,0.0006138634786334217,0.000916879603629302
2025-06-03 05:00:00+00:00,98.85700225830078,98.93900299072266,98.8290023803711,98.83899688720705,0.0,0.00018216869515863543,0.0001821686951588,0.0008603815856848,0.0,98.78187465667725,0.0001821686951588,0.0027285757777009,-0.0028545202046592,1.0,0.0,5.0,1.0,0.0,0.0,1.0,0.00018216869515868452,0.0011129272232203332,0.0006044722952348988,0.0009158962508763516
2025-06-03 06:00:00+00:00,98.80500030517578,98.90899658203124,98.78199768066406,98.85700225830078,0.0,-0.0005260320658836415,0.0005260320658836,0.0007907786032714,0.0,98.7752497990926,-0.0005260320658836,0.0011753823722793,-0.0016066103535861,0.0,0.0,6.0,1.0,0.0,0.0,1.0,-0.000526032065883664,0.0012846727947034172,0.0004515430564835223,0.0007568720045729488
2025-06-03 07:00:00+00:00,98.89099884033205,98.89600372314452,98.76499938964844,98.80500030517578,0.0,0.000870386467189288,0.0008703864671892,0.0006958031367306,0.0,98.78049977620442,0.0008703864671892,0.0006273103893361,0.0012757500274616,1.0,1.0,7.0,1.0,0.0,0.0,1.0,0.0008703864671893461,0.001325887688795615,0.0006982330961301849,0.0007346862492498818
2025-06-03 08:00:00+00:00,98.91500091552734,98.95899963378906,98.875,98.88999938964844,0.0,0.00024271243567941525,0.0002427124356794,0.0006925513136156,0.0,98.78499984741212,0.0002427124356794,0.0006272353023804,0.0010930572717688,1.0,0.0,8.0,1.0,0.0,0.0,1.0,0.0002528215798687056,0.0008494249601325751,0.0006993958724052325,0.0005439295203496791
2025-06-03 09:00:00+00:00,98.91200256347656,98.98799896240234,98.86399841308594,98.91600036621094,0.0,-3.0312409877497615e-05,3.031240987749761e-05,0.0006909184046668,0.0,98.79016653696696,-3.031240987749761e-05,8.091922386976869e-05,0.0012552187187533,0.0,0.0,9.0,1.0,0.0,1.0,1.0,-4.041613813310454e-05,0.001253594452437687,0.0004618397491324996,0.0005438162467452728
2025-06-03 10:00:00+00:00,99.03399658203124,99.04000091552734,98.90899658203124,98.91100311279295,0.0,0.0012333591009481282,0.0012333591009483,0.0007261741240977,0.0,98.79824988047282,0.0012333591009483,0.001972902406595,0.0019627706528582,1.0,1.0,10.0,1.0,0.0,1.0,1.0,0.0012434761084975138,0.0013244667364935875,0.0006649297041757796,0.0006871882467900634
2025-06-03 11:00:00+00:00,99.08300018310548,99.11799621582033,99.0260009765625,99.03399658203124,0.0,0.0004948159497295546,0.0004948159497293,0.0007302714087998,0.0,98.808624903361,0.0004948159497293,0.0022861094271722,0.0025193814905704,1.0,0.0,11.0,1.0,0.0,1.0,1.0,0.0004948159497295135,0.0009289258480205409,0.0006348321914159413,0.0005807757670754333
2025-06-03 12:00:00+00:00,99.16300201416016,99.1969985961914,99.0540008544922,99.08300018310548,0.0,0.0008074223722216445,0.0008074223722216,0.0007396827801669,0.0,98.8233750661214,0.0008074223722216,0.0036233157014182,0.0035827091968221,1.0,1.0,12.0,1.0,0.0,1.0,1.0,0.0008074223722215701,0.0014432116653204342,0.00037071796523174946,0.0005980478610904861
2025-06-03 13:00:00+00:00,99.14600372314452,99.19300079345705,99.06900024414062,99.16200256347656,0.0,-0.0001714176726236305,0.0001714176726235,0.0007384110008193,0.0,98.83837509155272,-0.0001714176726235,0.0025786460426415,0.0036442471504847,0.0,0.0,13.0,1.0,0.0,1.0,1.0,-0.00016134043200473008,0.001250484521397639,0.0004999529725100601,0.0005111042183718448
2025-06-03 14:00:00+00:00,99.11199951171876,99.3280029296875,99.0979995727539,99.14600372314452,0.0,-0.0003429710744641268,0.0003429710744644,0.000718434982642,0.0,98.85525004069012,-0.0003429710744644,0.0019915947466819,0.0041030400710355,0.0,0.0,14.0,1.0,0.0,1.0,1.0,-0.0003429710744641433,0.0023198449589138816,0.0006206130685665223,0.0005645166551476668
2025-06-03 15:00:00+00:00,99.25599670410156,99.27100372314452,99.10399627685548,99.11199951171876,0.0,0.00145287344713263,0.0014528734471328,0.0007635819150325,0.0,98.8764165242513,0.0014528734471328,0.0034777795586966,0.0051443634282919,1.0,1.0,15.0,1.0,0.0,1.0,1.0,0.001452873447132629,0.0016850376050509153,0.0009910272244117208,0.0007050413994831708
2025-06-03 16:00:00+00:00,99.25700378417967,99.30899810791016,99.1790008544922,99.25599670410156,0.0,1.0146289509460615e-05,1.014628950968266e-05,0.0007404598135431,0.0,98.89308325449626,1.014628950968266e-05,0.0022518247252973,0.0040462639645268,1.0,0.0,16.0,1.0,0.0,1.0,1.0,1.0146289509469743e-05,0.0013097168708657242,0.0009514209609694498,0.0007001954266463528
2025-06-03 17:00:00+00:00,99.1989974975586,99.25700378417967,99.18499755859376,99.25599670410156,0.0,-0.0005844049730455714,0.0005844049730456,0.0007533780475855,0.0,98.9080416361491,-0.0005844049730456,0.0011707085396965,0.0036321446071356,0.0,0.0,17.0,1.0,0.0,0.0,1.0,-0.0005742646130781674,0.0007254596999370373,0.0010476526313997574,0.0007187409367386164
2025-06-03 18:00:00+00:00,99.22699737548828,99.26399993896484,99.1989974975586,99.1989974975586,0.0,0.0002822596864486826,0.0002822596864486,0.0006817029109166,0.0,98.929749806722,0.0002822596864486,0.0006453552235035,0.005278261574622,1.0,0.0,18.0,1.0,0.0,0.0,1.0,0.00028225968644871247,0.0006552731685403352,0.0004432163761670451,0.0007105290966151515
2025-06-03 19:00:00+00:00,99.29000091552734,99.3010025024414,99.22000122070312,99.22799682617188,0.0,0.0006349435305459394,0.0006349435305459,0.0006709888766333,0.0,98.9559580485026,0.0006349435305459,0.0014523751535655,0.006375343680778,1.0,0.0,19.0,1.0,0.0,0.0,1.0,0.00062486487018465,0.0008163147934970381,0.0006274690296626042,0.0006889279402684103
2025-06-03 20:00:00+00:00,99.27300262451172,99.29299926757812,99.24199676513672,99.29000091552734,0.0,-0.00017119841735213637,0.0001711984173521,0.0006768810498028,0.0,98.98041661580405,-0.0001711984173521,0.0016244563078755,0.0059482158869934,0.0,0.0,20.0,1.0,0.0,0.0,1.0,-0.00017119841735208145,0.0005136720915613395,0.0004041194101481172,0.0006889091425005477
2025-06-03 21:00:00+00:00,99.23300170898438,99.2699966430664,99.22200012207033,99.2699966430664,0.0,-0.0004029385076488312,0.0004029385076488,0.0006895325664312,0.0,99.0026667912801,-0.0004029385076488,-0.0002316736104694,0.0054104319695749,0.0,0.0,21.0,1.0,0.0,0.0,0.0,-0.00037266984318584835,0.00048349473777716597,0.0005447885575797531,0.0006968680633898906
2025-06-03 22:00:00+00:00,99.25,99.26200103759766,99.23300170898438,99.23300170898438,0.0,0.00017129675332672178,0.0001712967533267,0.0006891344842863,0.0,99.02520847320557,0.0001712967533267,-7.056211564593351e-05,0.0054807602976227,1.0,0.0,22.0,1.0,0.0,0.0,0.0,0.00017129675332683205,0.00029223472145210443,0.00028889229432919883,0.0004173236864886446
2025-06-03 23:00:00+00:00,99.16400146484376,99.18499755859376,99.15299987792967,99.177001953125,0.0,-0.0008664839814230829,0.0008664839814231,0.0006594362091322,0.0,99.04920864105225,-0.0008664839814231,-0.0003527861530627,0.0058425370562089,0.0,1.0,23.0,1.0,0.0,0.0,0.0,-0.0001310836990956869,0.00032263206221150244,0.0005198732849810785,0.0005277090648639606
2025-06-04 00:00:00+00:00,99.18900299072266,99.20999908447266,99.13600158691406,99.16400146484376,0.0,0.00025212300340426985,0.0002521230034042,0.0006381389506164,0.0,99.07004197438556,0.0002521230034042,-0.0003829037033323,0.0050664206228427,1.0,0.0,0.0,2.0,0.0,0.0,0.0,0.0002521230034041712,0.0007462133079091994,0.0006238059691153963,0.0005027866878494353
2025-06-04 01:00:00+00:00,99.13800048828124,99.28299713134766,99.08100128173828,99.18900299072266,0.0,-0.0005141951315529303,0.0005141951315528,0.0005998999044194,0.0,99.08291689554852,-0.0005141951315528,-0.0015308734600114,0.0031265934135495,0.0,0.0,1.0,2.0,0.0,0.0,0.0,-0.0005141951315529487,0.0020364742412852773,0.0005719313047636143,0.0005144766600619759
2025-06-04 02:00:00+00:00,99.2239990234375,99.24400329589844,99.11799621582033,99.13800048828124,0.0,0.0008674628773295279,0.0008674628773295,0.0006182652330645,0.0,99.09837532043456,0.0008674628773295,-0.000493624648985,0.0037530698024057,1.0,1.0,2.0,2.0,0.0,0.0,0.0,0.0008674628773295645,0.0012710270477263221,0.0006922024629056261,0.0005758019600600632
2025-06-04 03:00:00+00:00,99.28800201416016,99.30799865722656,99.18099975585938,99.2239990234375,0.0,0.0006450353881377602,0.0006450353881377,0.0006220800868431,0.0,99.11437543233237,0.0006450353881377,0.0005542541717833,0.0038825799578741,1.0,1.0,3.0,2.0,0.0,0.0,0.0,0.0006450353881376846,0.0012799212147979375,0.0007418746793584882,0.0006371431048086412
2025-06-04 04:00:00+00:00,99.31999969482422,99.33100128173828,99.21099853515624,99.29199981689452,0.0,0.00032227137232054837,0.0003222713723205,0.000597671866568,0.0,99.13441721598308,0.0003222713723205,0.000705286597725,0.0048665286249929,1.0,0.0,4.0,2.0,0.0,0.0,1.0,0.00028199530658398053,0.001208584244484388,0.00027413025340416346,0.0006151581872753968
2025-06-04 05:00:00+00:00,99.33899688720705,99.39199829101562,99.28500366210938,99.31999969482422,0.0,0.00019127257794204766,0.0001912725779418,0.0005976613093222,0.0,99.15450032552084,0.0001912725779418,0.0017647071495527,0.0048756751458725,1.0,0.0,5.0,2.0,0.0,0.0,1.0,0.00019127257794199023,0.001077271740183319,0.0002335372853713806,0.0006154530723415355
2025-06-04 06:00:00+00:00,99.21199798583984,99.38400268554688,99.21099853515624,99.33899688720705,0.0,-0.0012784395388187875,0.0012784395388186,0.0006545805511441,0.0,99.17145856221516,-0.0012784395388186,0.0002318300862378,0.0041192012489952,0.0,1.0,6.0,2.0,0.0,0.0,1.0,-0.001278439538818785,0.001741553224934153,0.0008887716065186793,0.000734586016975788
2025-06-04 07:00:00+00:00,99.16899871826172,99.21499633789062,99.06900024414062,99.21199798583984,0.0,-0.00043340793907065134,0.0004334079390706,0.0006481272744569,0.0,99.18304189046223,-0.0004334079390706,0.0003126775790089,0.0028111747397612,0.0,0.0,7.0,2.0,0.0,0.0,1.0,-0.0004334079390706568,0.001471556834999306,0.0007376039880430153,0.0007516580509280859
2025-06-04 08:00:00+00:00,99.06300354003906,99.2020034790039,99.03500366210938,99.16899871826172,0.0,-0.0010688338048444601,0.0010688338048444,0.0006909594177456,0.0,99.18920866648357,-0.0010688338048444,-0.0016225458052785,0.0014962606595749,0.0,1.0,8.0,2.0,0.0,0.0,1.0,-0.001068833804844472,0.001683992165424361,0.00044003390005434046,0.0008358935366185168
2025-06-04 09:00:00+00:00,99.19000244140624,99.2040023803711,99.06199645996094,99.06300354003906,0.0,0.0012820013206629177,0.0012820013206631,0.0007338851705605,0.0,99.20079199473064,0.0012820013206631,-0.000987023313652,0.0028105777936431,1.0,1.0,9.0,2.0,0.0,1.0,1.0,0.0012820013206629977,0.0014334909636851522,0.0012160606307933667,0.0009262985309852702
2025-06-04 10:00:00+00:00,99.21900177001952,99.26100158691406,99.17400360107422,99.19000244140624,0.0,0.0002923614063867763,0.0002923614063867,0.0006958105010058,0.0,99.20850054423016,0.0002923614063867,-0.0010168941312426,0.0018680977681744,1.0,0.0,10.0,2.0,0.0,1.0,1.0,0.0002923614063868161,0.0008770842191604483,0.0011803011868676179,0.0008912107900610853
2025-06-04 11:00:00+00:00,99.23699951171876,99.24700164794922,99.1750030517578,99.21900177001952,0.0,0.0001813941017161369,0.0001813941017159,0.0006905688721707,0.0,99.21491718292236,0.0001813941017159,-0.0010267606749048,0.0015542457165071,1.0,0.0,11.0,2.0,0.0,1.0,1.0,0.00018139410171616395,0.0007256533013535709,0.0006059479010927347,0.0008816523491507886
2025-06-04 12:00:00+00:00,98.96499633789062,99.23899841308594,98.96099853515624,99.23699951171876,0.0,-0.002740945163260622,0.0027409451632604,0.0008788692698818,0.0,99.20666694641112,-0.0027409451632604,-0.0024896348522733,-0.0019967696847383,0.0,1.0,12.0,2.0,0.0,1.0,1.0,-0.0027409451632605915,0.0028013732710335834,0.0017201419160346836,0.001304695039344538
2025-06-04 13:00:00+00:00,99.04900360107422,99.09300231933594,98.93699645996094,98.96499633789062,0.0,0.0008488583468115873,0.0008488583468115,0.000898850443569,0.0,99.2026252746582,0.0008488583468115,-0.00121000634007,-0.0009783563474849,1.0,0.0,13.0,2.0,0.0,1.0,1.0,0.0008488583468115582,0.001576374123658409,0.0019092871505281975,0.0013504280683151206
2025-06-04 14:00:00+00:00,98.74500274658205,99.04900360107422,98.7229995727539,99.04900360107422,0.0,-0.0030691964930466,0.0030691964930467,0.0010905689949702,0.0,99.18733374277753,-0.0030691964930467,-0.0032100863298426,-0.0037028489682858,0.0,1.0,14.0,2.0,0.0,1.0,1.0,-0.003069196493046562,0.00329134081583812,0.002173537512312174,0.001729527769369005
2025-06-04 15:00:00+00:00,98.78299713134766,98.84500122070312,98.73899841308594,98.74400329589844,0.0,0.00038477273491110964,0.0003847727349113,0.0010428964364523,0.0,99.1676254272461,0.0003847727349113,-0.0041032896465449,-0.0047654508388444,1.0,0.0,15.0,2.0,0.0,1.0,1.0,0.0003948982636684171,0.0010735113432613944,0.0021407332315115765,0.0017524554165458085
2025-06-04 16:00:00+00:00,98.6760025024414,98.79900360107422,98.6729965209961,98.78299713134766,0.0,-0.0010831279877445699,0.0010831279877445,0.0010571661054127,0.0,99.143417040507,-0.0010831279877445,-0.0054727346364232,-0.0058535041315732,0.0,1.0,16.0,2.0,0.0,1.0,1.0,-0.0010831279877445274,0.0012755948264110534,0.001733450512081057,0.0015943123615289603
2025-06-04 17:00:00+00:00,98.75499725341795,98.75800323486328,98.677001953125,98.677001953125,0.0,0.0008005467284164514,0.0008005467284166,0.0010754213531139,0.0,99.12491703033449,0.0008005467284166,-0.0048570821434787,-0.0044758541451142,1.0,0.0,17.0,2.0,0.0,0.0,1.0,0.0007904101132906837,0.000820872950485055,0.0009895984860498362,0.0016594409998447472
2025-06-04 18:00:00+00:00,98.78700256347656,98.79399871826172,98.72799682617188,98.75499725341795,0.0,0.0003240880051516015,0.0003240880051513,0.0010762473693692,0.0,99.10658391316731,0.0003240880051513,-0.0017985528318148,-0.0044342247941527,1.0,0.0,18.0,2.0,0.0,0.0,1.0,0.0003240880051515595,0.0006683397693837655,0.0009794131067415023,0.0016724430874657306
2025-06-04 19:00:00+00:00,98.86399841308594,98.86499786376952,98.7760009765625,98.78600311279295,0.0,0.0007794127528051309,0.0007794127528051,0.0010814220069647,0.0,99.08883380889893,0.0007794127528051,-0.0018678147307105,-0.004290487446,1.0,0.0,19.0,2.0,0.0,0.0,1.0,0.0007895379693004549,0.0009009058409357975,0.00026919020095033487,0.0014530464495530171
2025-06-04 20:00:00+00:00,98.81099700927734,98.8759994506836,98.78600311279295,98.86399841308594,0.0,-0.0005361041901940089,0.000536104190194,0.0010838761807591,0.0,99.06958357493085,-0.000536104190194,0.0006683301520045,-0.004653889809114,0.0,0.0,20.0,2.0,0.0,0.0,1.0,-0.0005361041901940548,0.000910304451926021,0.0006680613826684233,0.0013880078515995068
2025-06-04 21:00:00+00:00,98.81400299072266,98.8219985961914,98.80699920654295,98.81300354003906,0.0,3.0421527322799236e-05,3.042152732279924e-05,0.00108385002642,0.0,99.05212529500324,3.042152732279924e-05,0.0003138785041496,-0.0042223727091366,1.0,0.0,21.0,2.0,0.0,0.0,0.0,1.0114566380818212e-05,0.0001517957061428049,0.0006598641364926671,0.0006943750057887443
2025-06-04 22:00:00+00:00,98.81900024414062,98.8219985961914,98.80500030517578,98.81400299072266,0.0,5.0572320386965686e-05,5.0572320386965686e-05,0.0010824486973324,0.0,99.03416697184244,5.0572320386965686e-05,0.0014491643162752,-0.0043425668096662,1.0,0.0,22.0,2.0,0.0,0.0,0.0,5.057232038699947e-05,0.000172023098965244,0.0003330532417738768,0.0006829266295843744
2025-06-04 23:00:00+00:00,98.7979965209961,98.8209991455078,98.78700256347656,98.7959976196289,0.0,-0.00021254741590825965,0.0002125474159082,0.0010726229279934,0.0,99.0189167658488,-0.0002125474159082,0.0004354135868971,-0.0036909053531629,0.0,0.0,23.0,2.0,0.0,0.0,0.0,2.0232614836113115e-05,0.0003441088996552762,0.00014644222834962165,0.0004951564630327068
2025-06-05 00:00:00+00:00,98.73400115966795,98.83899688720705,98.73300170898438,98.79900360107422,0.0,-0.0006477394641756229,0.0006477394641755,0.0010735545682571,0.0,98.99995835622153,-0.0006477394641755,-0.0005365220366366,-0.0045872205318693,0.0,0.0,0.0,3.0,0.0,0.0,0.0,-0.0006579260826225322,0.0010728365100791159,0.00035267158069092404,0.0004935815572193077
2025-06-05 01:00:00+00:00,98.84400177001952,98.86699676513672,98.68900299072266,98.73400115966795,0.0,0.0011141107324685873,0.0011141107324685,0.0011032824568195,0.0,98.98770840962727,0.0011141107324685,-0.0002022641546708,-0.0029655502109553,1.0,1.0,1.0,3.0,0.0,0.0,0.0,0.0011141107324686935,0.001802760673359316,0.0009177445248129683,0.0006527650640644773
2025-06-05 02:00:00+00:00,98.83200073242188,98.89199829101562,98.81600189208984,98.84400177001952,0.0,-0.0001214139187278862,0.0001214139187279,0.0010829563244074,0.0,98.97137514750165,-0.0001214139187279,0.0002125646312682,-0.0039506399144729,0.0,0.0,2.0,3.0,0.0,0.0,0.0,-0.00012141391872786444,0.0007688519036552383,0.0009044018150984555,0.0005768796964830114
2025-06-05 03:00:00+00:00,98.88899993896484,98.9000015258789,98.77899932861328,98.83200073242188,0.0,0.0005767282471320634,0.000576728247132,0.0010808243174056,0.0,98.95475006103516,0.000576728247132,0.0007589708540522,-0.0040186333403949,1.0,0.0,3.0,3.0,0.0,0.0,0.0,0.0005767282471321066,0.0012243220451767115,0.0006195029705352878,0.0005726602301555322
2025-06-05 04:00:00+00:00,98.88999938964844,98.91000366210938,98.85700225830078,98.89199829101562,0.0,1.0106793315811657e-05,1.0106793315811656e-05,0.0010765476053691,0.0,98.93683338165285,1.0106793315811656e-05,0.0007184766627106,-0.0043294432792692,1.0,0.0,4.0,3.0,0.0,0.0,1.0,-2.0212973766646e-05,0.0005359523998354571,0.0003709806943254065,0.0005731989546492421
2025-06-05 05:00:00+00:00,98.93000030517578,98.94100189208984,98.86699676513672,98.88999938964844,0.0,0.00040449909772699577,0.0004044990977269,0.0010806188124878,0.0,98.91979185740152,0.0004044990977269,0.0013360977836391,-0.0041171805116538,1.0,0.0,5.0,3.0,0.0,0.0,1.0,0.0004044990977270746,0.0007483580484365103,0.00029047892683418025,0.0005826182160625336
2025-06-05 06:00:00+00:00,98.91999816894533,98.93900299072266,98.8489990234375,98.9290008544922,0.0,-0.00010110316587086388,0.0001011031658709,0.0010545848740719,0.0,98.90762519836426,-0.0001011031658709,0.0018838192222814,-0.0029431905699168,0.0,0.0,6.0,3.0,0.0,0.0,1.0,-9.100148054781656e-05,0.0009097834457818576,0.00026568985482963763,0.0005721529114286808
2025-06-05 07:00:00+00:00,98.9020004272461,98.93199920654295,98.79199981689452,98.91999816894533,0.0,-0.00018194239822466596,0.0001819423982244,0.0010526065672183,0.0,98.89650026957194,-0.0001819423982244,0.0005867696186714,-0.00269235642657,0.0,0.0,7.0,3.0,0.0,0.0,1.0,-0.00018194239822462029,0.0014152789348957804,0.00031782654037930576,0.00047998440775811794
2025-06-05 08:00:00+00:00,98.88899993896484,98.90799713134766,98.83899688720705,98.9020004272461,0.0,-0.000131448183303573,0.0001314481833035,0.0010327549536658,0.0,98.88925011952718,-0.0001314481833035,0.000576728247132,-0.001756494300154,0.0,0.0,8.0,3.0,0.0,0.0,1.0,-0.00013144818330356592,0.0006976627757025853,4.083598762336505e-05,0.0003005693270001043
2025-06-05 09:00:00+00:00,98.83599853515624,98.90799713134766,98.81600189208984,98.88899993896484,0.0,-0.0005359686501159588,0.0005359686501158,0.0009950521509996,0.0,98.87449995676675,-0.0005359686501158,-0.0005359686501158,-0.0035689474497101,0.0,0.0,9.0,3.0,0.0,1.0,1.0,-0.0005359686501159977,0.0009302878916218464,0.00022042423522184638,0.00037504764160797794
2025-06-05 10:00:00+00:00,98.78800201416016,98.84100341796876,98.7229995727539,98.83699798583984,0.0,-0.00048561780836364754,0.0004856178083638,0.0009927356712835,0.0,98.85654163360596,-0.0004856178083638,-0.0010314225514997,-0.0043439235244312,0.0,0.0,10.0,3.0,0.0,1.0,1.0,-0.0004957250086319603,0.0011939238101076695,0.00022045715330137606,0.0003157936269530189
2025-06-05 11:00:00+00:00,98.7979965209961,98.85800170898438,98.76100158691406,98.78900146484376,0.0,0.00010117126201736326,0.0001011712620173,0.0009915971599612,0.0,98.83824984232584,0.0001011712620173,-0.0013343150083138,-0.0044237833961395,1.0,0.0,11.0,3.0,0.0,1.0,1.0,9.105321461853855e-05,0.0009818919174401427,0.00035421365680829886,0.00032503323843251984
2025-06-05 12:00:00+00:00,98.77799987792967,98.86299896240234,98.60399627685548,98.7969970703125,0.0,-0.00020239927701537486,0.0002023992770152,0.0008290957704476,0.0,98.8304583231608,-0.0002023992770152,-0.0014354861872631,-0.001889521213364,0.0,0.0,12.0,3.0,0.0,1.0,1.0,-0.0001922851194485867,0.0026215643514198314,0.0002934533528479788,0.0002225889336625048
2025-06-05 13:00:00+00:00,98.44499969482422,98.85900115966795,98.35099792480467,98.77899932861328,0.0,-0.0033711978731800762,0.0033711978731801,0.0010436196137507,0.0,98.80529149373372,-0.0033711978731801,-0.0046207430633119,-0.0060980311188455,0.0,1.0,13.0,3.0,0.0,1.0,1.0,-0.003381281811510647,0.005142826292188689,0.001923139231668533,0.0012033325887506887
2025-06-05 14:00:00+00:00,98.62899780273438,98.6449966430664,98.43599700927734,98.4459991455078,0.0,0.0018690447303626456,0.0018690447303626,0.0009468298170088,0.0,98.80045795440674,0.0018690447303626,-0.002629232132906,-0.0011747930591016,1.0,1.0,14.0,3.0,0.0,1.0,1.0,0.001858873482060923,0.0021229875830723324,0.0026392015005408326,0.00154728073631423
2025-06-05 15:00:00+00:00,98.78900146484376,98.8209991455078,98.62100219726562,98.62799835205078,0.0,0.0016222780893446753,0.0016222780893444,0.0010034565534771,0.0,98.80070813496908,0.0016222780893444,-0.0004755055952188,6.07830666254916e-05,1.0,1.0,15.0,3.0,0.0,1.0,1.0,0.0016324280679233232,0.002027790805692801,0.0029567955207007468,0.0017282337338164026
2025-06-05 16:00:00+00:00,98.7030029296875,98.84700012207033,98.6989974975586,98.78900146484376,0.0,-0.0008705274259388496,0.0008705274259387,0.0009943484336073,0.0,98.801833152771,-0.0008705274259387,-0.0008604191069728,0.0002736270882621,0.0,0.0,16.0,3.0,0.0,1.0,1.0,-0.0008705274259388954,0.0014981690503714925,0.0015154882992911177,0.001745445090783297
2025-06-05 17:00:00+00:00,98.7310028076172,98.81300354003906,98.69499969482422,98.7030029296875,0.0,0.0002836780756270141,0.0002836780756267,0.0009820454194276,0.0,98.80083338419595,0.0002836780756267,-0.000678087772404,-0.0002429694341361,1.0,0.0,17.0,3.0,0.0,0.0,1.0,0.0002836780756270184,0.0011955446309866123,0.001247538888745745,0.0017480227126416784
2025-06-05 18:00:00+00:00,98.74099731445312,98.82599639892578,98.72599792480467,98.7310028076172,0.0,0.00010122967002978989,0.00010122967003,0.0009798034858918,0.0,98.79891649882,0.00010122967003,-0.0003746032873949,-0.0004657014367236,1.0,0.0,18.0,3.0,0.0,0.0,1.0,0.00010122967002976903,0.001012837622200197,0.0006204554260266258,0.0017480237280429866
2025-06-05 19:00:00+00:00,98.77899932861328,98.81600189208984,98.7040023803711,98.74099731445312,0.0,0.0003848656099667558,0.0003848656099667,0.0009690771334103,0.0,98.7953748703003,0.0003848656099667,0.0033927536677784,-0.0008597577059092,1.0,0.0,19.0,3.0,0.0,0.0,1.0,0.00038486560996679075,0.0011342756784405719,0.00014374496178687994,0.0017553108049917245
2025-06-05 20:00:00+00:00,98.73999786376952,98.802001953125,98.72599792480467,98.77899932861328,0.0,-0.00039483559368747034,0.0003948355936872,0.0009663286757043,0.0,98.7924165725708,-0.0003948355936872,0.0011254302842778,-0.0007185348560053,0.0,0.0,20.0,3.0,0.0,0.0,1.0,-0.0003948355936874395,0.000769435090828164,0.00039464415601709343,0.000999634115696332
2025-06-05 21:00:00+00:00,98.73999786376952,98.74199676513672,98.70899963378906,98.73999786376952,0.0,0.0,0.0,0.0009662666057699,0.0,98.78933302561444,0.0,-0.0004960430852382,-0.0007489335996242,0.0,0.0,21.0,3.0,0.0,0.0,0.0,0.0,0.0003341820139917567,0.00038986122547163764,0.0007749188013500116
2025-06-05 22:00:00+00:00,98.71199798583984,98.73999786376952,98.71199798583984,98.73999786376952,0.0,-0.0002835717899073442,0.0002835717899074,0.0009674501936438,0.0,98.78487459818524,-0.0002835717899074,9.113254800108272e-05,-0.0010828105732341,0.0,0.0,22.0,3.0,0.0,0.0,0.0,-0.000283571789907312,0.000283571789907312,0.0002035877125079933,0.00043708138632419277
2025-06-05 23:00:00+00:00,98.6790008544922,98.70500183105467,98.677001953125,98.6989974975586,0.0,-0.00033427680546371796,0.0003342768054638,0.0009686867791446,0.0,98.77991644541424,-0.0003342768054638,-0.0005267033823846,-0.0012044340036654,0.0,0.0,23.0,3.0,0.0,0.0,0.0,-0.00020260229154694985,0.0002836895879349321,0.00018015037297808794,0.00031050011844026894
2025-06-06 00:00:00+00:00,98.71800231933594,99.19000244140624,98.65499877929688,98.6790008544922,0.0,0.00039523570877308956,0.000395235708773,0.0009640780329642,0.0,98.77924982706706,0.000395235708773,-0.000232881941064,-0.0001620398256336,1.0,0.0,0.0,4.0,0.0,0.0,0.0,0.0003952357087729908,0.005421656659234462,0.00040733670087849923,0.0003317038159340586
2025-06-06 01:00:00+00:00,98.75700378417967,98.76699829101562,98.69000244140624,98.71800231933594,0.0,0.0003950795592233547,0.0003950795592235,0.000938581320411,0.0,98.7756249109904,0.0003950795592235,-0.000222674299022,-0.0008801544280072,1.0,0.0,1.0,4.0,0.0,0.0,0.0,0.0003950795592233794,0.0007799575335846115,0.0004211391772166593,0.0003662188740777543
2025-06-06 02:00:00+00:00,98.80500030517578,98.83599853515624,98.7490005493164,98.75599670410156,0.0,0.00048600624924777236,0.0004860062492477,0.0009443573273809,0.0,98.77449989318848,0.0004860062492477,0.0006583192506843,-0.0002731951902824,1.0,0.0,2.0,4.0,0.0,0.0,0.0,0.0004962088653820808,0.0008809387656781789,5.2451530577549625e-05,0.0003844088648510298
2025-06-06 03:00:00+00:00,98.7760009765625,98.81400299072266,98.75399780273438,98.80500030517578,0.0,-0.0002935006176176813,0.0002935006176176,0.0009374932005792,0.0,98.76979160308838,-0.0002935006176176,0.0003646254159599,-0.0011426848534425,0.0,0.0,3.0,4.0,0.0,0.0,0.0,-0.00029350061761765063,0.0006073092232472565,0.00042623179890517363,0.00036691699753063737
2025-06-06 04:00:00+00:00,98.78600311279295,98.80599975585938,98.76599884033205,98.77799987792967,0.0,0.00010126079342720473,0.0001012607934274,0.0009379200821779,0.0,98.76545842488606,0.0001012607934274,0.0007497075174562,-0.0010516359338389,1.0,0.0,4.0,4.0,0.0,0.0,1.0,8.102244298499348e-05,0.00040495773934239265,0.0003897641579457885,0.0003665147047244008
2025-06-06 05:00:00+00:00,98.8219985961914,98.86199951171876,98.78399658203124,98.78600311279295,0.0,0.00036437837612846025,0.0003643783761282,0.0009371224436667,0.0,98.7609583536784,0.0003643783761282,0.0014491202835553,-0.0010916982578713,1.0,0.0,5.0,4.0,0.0,0.0,1.0,0.0003643783761283711,0.0007896152008343266,0.00033112741867473314,0.00034449641133187656
2025-06-06 06:00:00+00:00,98.85900115966795,98.91100311279295,98.8010025024414,98.8209991455078,0.0,0.00037443650201551826,0.0003744365020157,0.0009409063060427,0.0,98.75841681162515,0.0003744365020157,0.0014282991654948,-0.0006166297048769,1.0,0.0,6.0,4.0,0.0,0.0,1.0,0.0003845540369835832,0.0011131299147216596,0.0001548961996443951,0.0002717733241019081
2025-06-06 07:00:00+00:00,98.88999938964844,98.93399810791016,98.85099792480467,98.85800170898438,0.0,0.0003135600159505092,0.0003135600159505,0.0009427536643896,0.0,98.75791676839192,0.0003135600159505,0.0013466954278948,-0.0001213427185073,1.0,0.0,7.0,4.0,0.0,0.0,1.0,0.00032367314846456683,0.0008395899337497914,3.263336274218731e-05,0.0002667267710202068
2025-06-06 08:00:00+00:00,98.99199676513672,99.00499725341795,98.88099670410156,98.88999938964844,0.0,0.0010314225514997943,0.0010314225514997,0.0009655595429631,0.0,98.76220830281576,0.0010314225514997,0.001892580936019,0.00104153976919,1.0,1.0,8.0,4.0,0.0,0.0,1.0,0.0010314225514997635,0.001253924057859506,0.0003980500880789275,0.00040003766773707327
2025-06-06 09:00:00+00:00,98.97699737548828,99.03099822998048,98.9489974975586,98.99199676513672,0.0,-0.00015152123543915597,0.0001515212354391,0.0009586871235791,0.0,98.76808325449626,-0.0001515212354391,0.002034870787829,0.001426593978123,0.0,0.0,9.0,4.0,0.0,1.0,1.0,-0.00015152123543910598,0.0008283571915054901,0.0005959562614539358,0.00043242520144480464
2025-06-06 10:00:00+00:00,98.94100189208984,98.97899627685548,98.9209976196289,98.97699737548828,0.0,-0.0003636752412470301,0.000363675241247,0.000955989903146,0.0,98.77445824941,-0.000363675241247,0.0015690358392159,0.0015487698385452,0.0,0.0,10.0,4.0,0.0,1.0,1.0,-0.00036367524124703146,0.0005859811750658352,0.0007517383384047127,0.00044763274441173934
2025-06-06 11:00:00+00:00,98.97799682617188,98.98300170898438,98.90399932861328,98.94100189208984,0.0,0.0003739090303773729,0.0003739090303773,0.0009580583454113,0.0,98.78195826212566,0.0003739090303773,0.0015785779704569,0.0018219023817707,1.0,0.0,11.0,4.0,0.0,1.0,1.0,0.00037390903037731347,0.0007984796885042443,0.0003797185019116288,0.00044555278169220515
2025-06-06 12:00:00+00:00,99.14800262451172,99.20600128173828,98.93299865722656,98.97799682617188,0.0,0.0017176120328885602,0.0017176120328885,0.0010123975993412,0.0,98.79737504323325,0.0017176120328885,0.002923370269309,0.0037458011605751,1.0,1.0,12.0,4.0,0.0,1.0,1.0,0.001717612032888613,0.0027582152929521713,0.001055250762787694,0.0007066197388874948
2025-06-06 13:00:00+00:00,99.2040023803711,99.35700225830078,99.11499786376952,99.14900207519533,0.0,0.0005648097226069737,0.0005648097226069,0.0006805387470099,0.0,98.82900015513104,0.0005648097226069,0.0031752754844847,0.0077099160739473,1.0,0.0,13.0,4.0,0.0,1.0,1.0,0.0005547237392672334,0.002440815232287727,0.000726972489144983,0.0007059550740452104
2025-06-06 14:00:00+00:00,99.24099731445312,99.3000030517578,99.03099822998048,99.20899963378906,0.0,0.0003729177572915354,0.0003729177572915,0.0005957426101124,0.0,98.85450013478597,0.0003729177572915,0.0025153604074394,0.0062050667182362,1.0,0.0,14.0,4.0,0.0,1.0,1.0,0.000322528004336056,0.0027114961623471144,0.0007273213856068743,0.0007037231395110416
2025-06-06 15:00:00+00:00,99.18699645996094,99.28299713134766,99.1449966430664,99.23999786376952,0.0,-0.0005441385712910973,0.000544138571291,0.000541708485689,0.0,98.87108325958252,-0.000544138571291,0.0021216958489453,0.0040287379082257,0.0,1.0,15.0,4.0,0.0,1.0,1.0,-0.0005340730043277164,0.0013905732693655281,0.0005926748904592833,0.0007577396528157868
2025-06-06 16:00:00+00:00,99.2699966430664,99.2760009765625,99.15499877929688,99.18599700927734,0.0,0.0008368050860272369,0.0008368050860272,0.0005106558898836,0.0,98.89470799763996,0.0008368050860272,0.00332516090079,0.0057444423832049,1.0,1.0,16.0,4.0,0.0,1.0,1.0,0.0008468900482111966,0.0012199524218555477,0.0007027551906890905,0.0007557002249104042
2025-06-06 17:00:00+00:00,99.21099853515624,99.28099822998048,99.18599700927734,99.2699966430664,0.0,-0.0005943196323688893,0.0005943196323687,0.0005380191921596,0.0,98.91470781962076,-0.0005943196323687,0.0023540758194326,0.004861651496383,0.0,1.0,17.0,4.0,0.0,0.0,1.0,-0.000594319632368913,0.0009569983269438807,0.000812161876637804,0.0007994578203644487
2025-06-06 18:00:00+00:00,99.19000244140624,99.21900177001952,99.16699981689452,99.21099853515624,0.0,-0.00021163070687735264,0.0002116307068773,0.0005443261731642,0.0,98.93341636657716,-0.0002116307068773,0.0004236072919552,0.0045473019228599,0.0,0.0,18.0,4.0,0.0,0.0,1.0,-0.00021163070687732128,0.000524155122847319,0.0007409213166886381,0.0008313759286658486
2025-06-06 19:00:00+00:00,99.18299865722656,99.21600341796876,99.1510009765625,99.18900299072266,0.0,-7.060977928508017e-05,7.060977928519119e-05,0.0005451471963821,0.0,98.95024967193604,-7.060977928519119e-05,-0.0002117225378064,0.0040899313756892,0.0,0.0,19.0,4.0,0.0,0.0,1.0,-6.05342660481762e-05,0.0006553391953374511,0.00027098884538234204,0.0005537013106140761
2025-06-06 20:00:00+00:00,99.2020034790039,99.2310028076172,99.18000030517578,99.18299865722656,0.0,0.0001916137043105337,0.0001916137043105,0.0005316954781742,0.0,98.96949990590412,0.0001916137043105,-0.000392920632646,0.0046790118009907,1.0,0.0,20.0,4.0,0.0,0.0,1.0,0.00019161370431059296,0.0005142262598621722,0.00020463549403849988,0.0005123554379066812
2025-06-08 22:00:00+00:00,99.10700225830078,99.1959991455078,99.1050033569336,99.1959991455078,0.0,-0.0009576542546666511,0.0009576542546666,0.0005806226775635,0.0,98.98479175567628,-0.0009576542546666,-0.0008064988810548,0.0037168766707651,0.0,1.0,22.0,6.0,1.0,0.0,0.0,-0.0008971822248241084,0.0009173332529341773,0.0006022770539358087,0.0005905935427714031
2025-06-08 23:00:00+00:00,99.11399841308594,99.13500213623048,99.0739974975586,99.10700225830078,0.0,7.05919322119275e-05,7.05919322119275e-05,0.0005734543623707,0.0,99.0015417734782,7.05919322119275e-05,-0.0015714539665129,0.004072457608484,1.0,0.0,23.0,6.0,1.0,0.0,0.0,7.059193221203784e-05,0.0006155431733561462,0.0006314999777888386,0.0005751542989983137
2025-06-09 00:00:00+00:00,99.21399688720705,99.21900177001952,99.08799743652344,99.11900329589844,0.0,0.0010089238222872332,0.0010089238222872,0.0005875216804607,0.0,99.02383327484132,0.0010089238222872,3.022197231206114e-05,0.0054215793439551,1.0,1.0,0.0,0.0,0.0,0.0,0.0,0.0009583792022708809,0.0013216873570146212,0.0009836315612326845,0.0006237550480551611
2025-06-09 01:00:00+00:00,99.0270004272461,99.21199798583984,99.01300048828124,99.21199798583984,0.0,-0.0018847790213868398,0.0018847790213867,0.0007267243854757,0.0,99.03670819600424,-0.0018847790213867,-0.0016433310832555,0.0031301090039341,0.0,1.0,1.0,0.0,0.0,0.0,0.0,-0.0018646692169242878,0.0020057805668525102,0.0014763388527930322,0.0009208772498899947
2025-06-09 02:00:00+00:00,99.01399993896484,99.03299713134766,98.9469985961914,99.0270004272461,0.0,-0.00013128225862801823,0.000131282258628,0.0007263342507007,0.0,99.04741636912028,-0.000131282258628,-0.0017039081349594,0.00260230813955,0.0,0.0,2.0,0.0,0.0,0.0,0.0,-0.00013128225862805263,0.0008684352225677284,0.001457642900453172,0.0009221501977731934
2025-06-09 03:00:00+00:00,99.04299926757812,99.0459976196289,98.9749984741211,99.01399993896484,0.0,0.00029288109389735695,0.0002928810938973,0.0007230329494275,0.0,99.05733299255373,0.0002928810938973,-0.001602832663147,0.0024087744716081,1.0,0.0,3.0,0.0,0.0,0.0,0.0,0.0002928810938974013,0.0007170616837172366,0.0011544745575607707,0.0009441255973347914
2025-06-09 04:00:00+00:00,98.9980010986328,99.0530014038086,98.99299621582033,99.04499816894533,0.0,-0.00045432962731428717,0.0004543296273141,0.0007275744302497,0.0,99.06658299763996,-0.0004543296273141,-0.0010998330812578,0.0022475107300909,0.0,0.0,4.0,0.0,0.0,0.0,1.0,-0.00047450220789911564,0.0006058376404421109,0.00037474391565759746,0.0009307849652671333
2025-06-09 05:00:00+00:00,98.97699737548828,99.0500030517578,98.96099853515624,98.99600219726562,0.0,-0.00021216310341043432,0.0002121631034105,0.0007302426300006,0.0,99.07454109191896,-0.0002121631034105,-0.0013822571966742,0.0019334142153442,0.0,0.0,5.0,0.0,0.0,0.0,1.0,-0.00019197564907190448,0.0008990718274078032,0.0003812344266606373,0.0008836033658476469
2025-06-09 06:00:00+00:00,98.90699768066406,99.00299835205078,98.89600372314452,98.97699737548828,0.0,-0.0007072319496485013,0.0007072319496485,0.0007447628718389,0.0,99.07808272043864,-0.0007072319496485,-0.0030943134655887,0.0008601231070015,0.0,0.0,6.0,0.0,0.0,0.0,1.0,-0.0007072319496484768,0.001081004998569107,0.0002475538232577637,0.0008946256168128094
2025-06-09 07:00:00+00:00,98.93599700927734,98.96600341796876,98.8939971923828,98.90699768066406,0.0,0.0002931979464881884,0.0002931979464881,0.0007433414857538,0.0,99.08129088083903,0.0002931979464881,-0.0009189758103963,0.0007788451097641,1.0,0.0,7.0,0.0,0.0,0.0,1.0,0.00029319794648817357,0.0007280195261658706,0.00050022377165195,0.0007494452933277966
2025-06-09 08:00:00+00:00,98.89299774169922,98.95500183105467,98.83000183105467,98.93499755859376,0.0,-0.00043461701380631546,0.0004346170138063,0.0007467316303245,0.0,99.08141581217448,-0.0004346170138063,-0.0012220715993719,3.032007350878274e-05,0.0,0.0,8.0,0.0,0.0,0.0,1.0,-0.0004245193099607778,0.0012634558354941018,0.0005171868612595149,0.00038029609363301624
2025-06-09 09:00:00+00:00,98.9000015258789,98.90299987792967,98.81700134277344,98.89199829101562,0.0,7.082184117801482e-05,7.082184117801482e-05,0.0007141630108906,0.0,99.0775826772054,7.082184117801482e-05,-0.0014437945413273,-0.000929319967917,1.0,0.0,9.0,0.0,0.0,1.0,1.0,8.092904382141854e-05,0.0008696207644946415,0.0003729687620452285,0.00039324619055623755
2025-06-09 10:00:00+00:00,98.95500183105467,98.9729995727539,98.8740005493164,98.9000015258789,0.0,0.0005561203673123405,0.0005561203673125,0.0007238360823196,0.0,99.07666619618732,0.0005561203673125,-0.0004343448059651,-0.0002222288513172,1.0,0.0,10.0,0.0,0.0,1.0,1.0,0.0005561203673123832,0.0010010012326601954,0.0004954028081507501,0.0004524098293059839
2025-06-09 11:00:00+00:00,98.99700164794922,99.05899810791016,98.93699645996094,98.9540023803711,0.0,0.0004244334911565062,0.0004244334911562,0.0007249226242841,0.0,99.07899951934814,0.0004244334911562,0.0002021103184717,0.0005659913967765,1.0,0.0,11.0,0.0,0.0,1.0,1.0,0.000434537932208536,0.0012329127171658444,0.0002509639057116804,0.00046805695092491976
2025-06-09 12:00:00+00:00,99.13200378417967,99.1729965209961,98.99500274658205,98.99700164794922,0.0,0.00136369924324109,0.0013636992432413,0.0007723108145004,0.0,99.0854164759318,0.0013636992432413,0.002274926029421,0.0015559716598254,1.0,1.0,12.0,0.0,0.0,1.0,1.0,0.0013636992432411834,0.0017979713673250985,0.0005085510835103122,0.0006805160727965019
2025-06-09 13:00:00+00:00,99.14099884033205,99.22699737548828,99.11100006103516,99.13200378417967,0.0,9.073816536542267e-05,9.073816536520064e-05,0.0006877232299039,0.0,99.085124651591,9.073816536520064e-05,0.0020720651456664,-7.063969010256965e-05,1.0,0.0,13.0,0.0,0.0,1.0,1.0,9.073816536539816e-05,0.0011701298271511065,0.0006600508350726033,0.0005535600945413889
2025-06-09 14:00:00+00:00,99.0719985961914,99.18699645996094,99.0540008544922,99.13899993896484,0.0,-0.0006959809256286142,0.0006959809256285,0.0006906345678333,0.0,99.07962449391682,-0.0006959809256285,0.0018100457927237,-0.0013306296219134,0.0,1.0,14.0,0.0,0.0,1.0,1.0,-0.0006758323446341705,0.0013415064258325668,0.0010393619222032351,0.000678901809273164
2025-06-09 15:00:00+00:00,98.94000244140624,99.07599639892578,98.9290008544922,99.072998046875,0.0,-0.00133232554763707,0.0013323255476369,0.0007311957222596,0.0,99.0670830408732,-0.0013323255476369,0.0004044581891828,-0.0030329690469871,0.0,1.0,15.0,0.0,0.0,1.0,1.0,-0.0013424001301125378,0.001483709460008777,0.0007128547932267389,0.0008745709435966756
2025-06-09 16:00:00+00:00,98.94400024414062,99.0019989013672,98.93599700927734,98.94000244140624,0.0,4.040633349244871e-05,4.0406333492226665e-05,0.0007263922676322,0.0,99.05695819854736,4.0406333492226665e-05,-0.000111177673796,-0.0024498797674391,1.0,0.0,16.0,0.0,0.0,1.0,1.0,4.040633349242911e-05,0.0006670900592401468,0.0006869732516413714,0.0008746313885703446
2025-06-09 17:00:00+00:00,98.9729995727539,98.98300170898438,98.93399810791016,98.94400024414062,0.0,0.0002930882978424698,0.0002930882978424,0.0007039742143005,0.0,99.04458332061768,0.0002930882978424,-0.000242452547004,-0.0029918110240335,1.0,0.0,17.0,0.0,0.0,0.0,1.0,0.0002930882978424815,0.0004952660186904127,0.0008746629028425534,0.0008553973139471341
2025-06-09 18:00:00+00:00,98.93900299072266,98.99099731445312,98.90899658203124,98.97200012207033,0.0,-0.00034349350002527146,0.0003434935000252,0.0006985385226315,0.0,99.03325017293294,-0.0003434935000252,-0.0019469070137754,-0.0027415866027918,0.0,0.0,18.0,0.0,0.0,0.0,1.0,-0.000333398651204102,0.0008285245556394834,0.0003205369564390519,0.0008450059969344998
2025-06-09 19:00:00+00:00,98.9739990234375,98.97899627685548,98.9250030517578,98.93900299072266,0.0,0.00035371321376787,0.0003537132137678,0.0007046141386206,0.0,99.02425003051758,0.0003537132137678,-0.0016844677665945,-0.0021776732800903,1.0,0.0,19.0,0.0,0.0,0.0,1.0,0.00035371321376793404,0.0005457223487763215,0.0003862229424321614,0.0006103876374456655
2025-06-09 20:00:00+00:00,99.01200103759766,99.0250015258789,98.95899963378906,98.9749984741211,0.0,0.0003839595705450449,0.000383959570545,0.0007112529129421,0.0,99.0171251296997,0.000383959570545,-0.0006055955208725,-0.0017240618043811,1.0,0.0,20.0,0.0,0.0,0.0,1.0,0.0003738576817077449,0.0006668541864852991,0.00041154181920730054,0.0006449646542303565
2025-06-09 21:00:00+00:00,99.0009994506836,99.01200103759766,98.98999786376952,99.01200103759766,0.0,-0.00011111367105776093,0.0001111136710577,0.0007090620145475,0.0,99.00874996185304,-0.0001111136710577,0.0006165050310511,-0.0020262093634314,0.0,0.0,21.0,0.0,0.0,0.0,0.0,-0.00011111367105776286,0.00022222734211566923,0.00027751167828463395,0.0006044706005886262
2025-06-09 22:00:00+00:00,99.00299835205078,99.01100158691406,99.0009994506836,99.0009994506836,0.0,2.0190719066226492e-05,2.019071906622649e-05,0.0006843578351066,0.0,99.00441646575928,2.019071906622649e-05,0.0005962777709065,-0.0010494102725349,1.0,0.0,22.0,0.0,0.0,0.0,0.0,2.019071906625785e-05,0.00010103065914451924,0.00025647161464873716,0.0002686048599947678
2025-06-09 23:00:00+00:00,98.97100067138672,98.98699951171876,98.95099639892578,98.98200225830078,0.0,-0.0003231991070642426,0.0003231991070642,0.0006862210670206,0.0,98.9984582265218,-0.0003231991070642,-2.0196431105623525e-05,-0.0014427602961111,0.0,0.0,23.0,0.0,0.0,0.0,0.0,-0.00011114734661916672,0.00036373393113457334,0.00017327129389189236,0.00031171026780043545
2025-06-10 00:00:00+00:00,98.97699737548828,98.9990005493164,98.8949966430664,98.97100067138672,0.0,6.05905170290022e-05,6.05905170290022e-05,0.0006482514196974,0.0,98.98858324686688,6.05905170290022e-05,0.0003840182700161,-0.0023887709310631,1.0,0.0,0.0,1.0,0.0,0.0,0.0,6.059051702905732e-05,0.0010508523258780018,0.00021088827686992605,0.00029188254670449096
2025-06-10 01:00:00+00:00,99.20600128173828,99.2239990234375,98.93900299072266,98.97599792480467,0.0,0.00231370835974376,0.0023137083597437,0.0007091546372012,0.0,98.99604161580405,0.0023137083597437,0.0023440727927528,0.0018075964506638,1.0,1.0,1.0,1.0,0.0,0.0,0.0,0.0023238296330020244,0.0028794459130522193,0.0014246119633797986,0.0008857103360535413
2025-06-10 02:00:00+00:00,99.17400360107422,99.302001953125,99.16400146484376,99.20500183105467,0.0,-0.00032253775225943304,0.0003225377522594,0.000712645254068,0.0,99.0027084350586,-0.0003225377522594,0.0016361911867133,0.0016159700871392,0.0,0.0,2.0,1.0,0.0,0.0,0.0,-0.00031246640197884654,0.001391063814667828,0.0014243782764736068,0.0009257202080751142
2025-06-10 03:00:00+00:00,99.13899993896484,99.2300033569336,99.12799835205078,99.1750030517578,0.0,-0.00035295199183627,0.0003529519918362,0.0007159514487551,0.0,99.00670846303304,-0.0003529519918362,0.001393930253704,0.0009692827569505,0.0,0.0,3.0,1.0,0.0,0.0,0.0,-0.00036302608202759627,0.0010285354347766217,0.0015308927689265692,0.0009545470531179261
2025-06-10 04:00:00+00:00,99.177001953125,99.2249984741211,99.12799835205078,99.13500213623048,0.0,0.0003833205316126076,0.0003833205316126,0.0007111757762318,0.0,99.0141668319702,0.0003833205316126,0.0017575589019585,0.0018081259470466,1.0,0.0,4.0,1.0,0.0,0.0,1.0,0.0004236628434909523,0.0009784649213707157,0.00041658495965521294,0.0009473772097049704
2025-06-10 05:00:00+00:00,99.11299896240234,99.18599700927734,99.04900360107422,99.177001953125,0.0,-0.0006453410514758451,0.0006453410514758,0.0007241723745842,0.0,99.0198335647583,-0.0006453410514758,0.0014347464414055,0.0013740726686031,0.0,0.0,5.0,1.0,0.0,0.0,1.0,-0.0006453410514758917,0.0013813021719276566,0.000530052394187711,0.0010063321310486031
2025-06-10 06:00:00+00:00,99.21700286865234,99.23899841308594,99.05699920654295,99.11299896240234,0.0,0.0010493467793206701,0.0010493467793206,0.0007322474883181,0.0,99.03275044759114,0.0010493467793206,0.002424861326653,0.0031343099604457,1.0,1.0,6.0,1.0,0.0,0.0,1.0,0.001049346779320571,0.001836279887081439,0.0008537859274049069,0.0010301351325794847
2025-06-10 07:00:00+00:00,99.26799774169922,99.38999938964844,99.1999969482422,99.21700286865234,0.0,0.0005139731252956636,0.0005139731252956,0.0007357565612085,0.0,99.04658381144206,0.0005139731252956,0.0006249265080735,0.0033557122024123,1.0,0.0,7.0,1.0,0.0,0.0,1.0,0.0005139731252957133,0.0019150189575648546,0.0008662756637600324,0.0010227539350587077
2025-06-10 08:00:00+00:00,99.13700103759766,99.25700378417967,99.12200164794922,99.25700378417967,0.0,-0.0013196267385429117,0.0013196267385429,0.0007862459917578,0.0,99.05675061543782,-0.0013196267385429,-0.0003731074891905,0.0024673465409124,0.0,1.0,8.0,1.0,0.0,0.0,1.0,-0.0012090103670965734,0.0013601270548524475,0.0012423599141977001,0.000798952261607243
2025-06-10 09:00:00+00:00,99.08300018310548,99.1780014038086,99.0790023803711,99.13600158691406,0.0,-0.0005447093812298576,0.0005447093812299,0.0007973021162428,0.0,99.06437555948894,-0.0005447093812299,-0.000564861012254,0.0018503402871907,0.0,0.0,9.0,1.0,0.0,1.0,1.0,-0.0005346332609764616,0.000998618280471056,0.0009204522458151627,0.0008135859608915048
2025-06-10 10:00:00+00:00,99.02999877929688,99.11599731445312,99.0250015258789,99.08300018310548,0.0,-0.0005349192465978758,0.0005349192465977,0.0007999158559574,0.0,99.06750043233237,-0.0005349192465977,-0.0014822304660672,0.0007578894129094,0.0,0.0,10.0,1.0,0.0,1.0,1.0,-0.000534919246597916,0.0009183794233729141,0.00045025152328371495,0.0008246962112390321
2025-06-10 11:00:00+00:00,98.99299621582033,99.05599975585938,98.9540023803711,99.02899932861328,0.0,-0.00037365004476086483,0.0003736500447609,0.0007994756696614,0.0,99.06733353932698,-0.0003736500447609,-0.0012107669815092,-4.046013578418162e-05,0.0,0.0,11.0,1.0,0.0,1.0,1.0,-0.0003635613106973187,0.0010299748172736538,9.605978935926797e-05,0.0007910016886221833
2025-06-10 12:00:00+00:00,98.97699737548828,99.01699829101562,98.91699981689452,98.99199676513672,0.0,-0.00016161588136165417,0.0001616158813614,0.0007450125420867,0.0,99.06087493896484,-0.0001616158813614,-0.0024189955977786,-0.0015636363916224,0.0,0.0,12.0,1.0,0.0,1.0,1.0,-0.00015152123543910598,0.0010101672598680797,0.00018722608632624276,0.0007731638129738598
2025-06-10 13:00:00+00:00,98.8740005493164,98.99400329589844,98.86199951171876,98.97799682617188,0.0,-0.0010406137678751204,0.0010406137678751,0.0007701041490958,0.0,99.04975001017252,-0.0010406137678751,-0.0039690252784992,-0.0026931168148268,0.0,1.0,13.0,1.0,0.0,1.0,1.0,-0.0010507009657723233,0.0013336679707865,0.0004587004067460559,0.0005952119588600252
2025-06-10 14:00:00+00:00,99.02899932861328,99.03500366210938,98.86399841308594,98.8740005493164,0.0,0.0015676394040469166,0.0015676394040469,0.0008316401020337,0.0,99.04795837402344,0.0015676394040469,-0.00108941876246,-0.0004340203911035,1.0,1.0,14.0,1.0,0.0,1.0,1.0,0.001567639404047019,0.0017295269542385255,0.0013270233441459627,0.0009311606516995662
2025-06-10 15:00:00+00:00,99.06199645996094,99.09600067138672,99.01399993896484,99.01799774169922,0.0,0.0003332067532881844,0.0003332067532881,0.0007853794932916,0.0,99.05304145812988,0.0003332067532881,-0.0002119810977232,0.0012330100621023,1.0,0.0,15.0,1.0,0.0,1.0,1.0,0.0004443507166898576,0.000828139674524465,0.0013047471915068473,0.0008483924732173645
2025-06-10 16:00:00+00:00,99.0709991455078,99.11699676513672,99.03199768066406,99.06300354003906,0.0,9.087930658147059e-05,9.087930658169265e-05,0.0007854156791448,0.0,99.0583330790202,9.087930658169265e-05,0.0004140196578443,0.0012835432270155,1.0,0.0,16.0,1.0,0.0,1.0,1.0,8.071232632780151e-05,0.0008580305607057585,0.0007919771615133869,0.000827597250506347
2025-06-10 17:00:00+00:00,99.072998046875,99.11299896240234,99.03600311279295,99.0709991455078,0.0,2.0176453093601054e-05,2.017645309360105e-05,0.000783773664167,0.0,99.06249968210857,2.017645309360105e-05,0.0008081564768509,0.0010103611545853,1.0,0.0,17.0,1.0,0.0,0.0,1.0,2.017645309366346e-05,0.000777178490915426,0.0001641693504477689,0.0007956797829821778
2025-06-10 18:00:00+00:00,99.0979995727539,99.1269989013672,99.06300354003906,99.072998046875,0.0,0.00025235459077443956,0.0002523545907744,0.0007804495292124,0.0,99.0691245396932,0.0002523545907744,0.0012225284709999,0.0016070162142847,1.0,0.0,18.0,1.0,0.0,0.0,1.0,0.0002523545907743412,0.0006459415036361442,0.00011900969744345071,0.0007733840146270206
2025-06-10 19:00:00+00:00,99.0479965209961,99.11100006103516,98.97599792480467,99.09700012207033,0.0,-0.0005045818480029496,0.0005045818480029,0.0007863919377453,0.0,99.07220776875812,-0.0005045818480029,0.0017597747710522,0.0007476458290935,0.0,0.0,19.0,1.0,0.0,0.0,1.0,-0.0004945013573959758,0.001362323138583244,0.0003877780152217018,0.0008066892000636725
2025-06-10 20:00:00+00:00,99.0469970703125,99.08699798583984,99.01599884033205,99.0479965209961,0.0,-1.0090569407705807e-05,1.0090569407705807e-05,0.000782817234476,0.0,99.07366593678792,-1.0090569407705807e-05,0.0001817421343368,0.0003534524335242,0.0,0.0,20.0,1.0,0.0,0.0,1.0,-1.009056940775059e-05,0.0007168155641870854,0.00038435050389343066,0.0006400887451092275
2025-06-10 21:00:00+00:00,99.0479965209961,99.05699920654295,99.02799987792967,99.0469970703125,0.0,1.009067122836882e-05,1.009067122836882e-05,0.0007823589707796,0.0,99.07562414805096,1.009067122836882e-05,-0.0001413250233706,0.0004747130894966,1.0,0.0,21.0,1.0,0.0,0.0,0.0,1.009067122836899e-05,0.0002927835216719888,0.0002914951998267719,0.0002686118558470189
2025-06-10 22:00:00+00:00,99.04499816894533,99.05500030517578,99.04100036621094,99.0479965209961,0.0,-3.0271708223117422e-05,3.0271708223228444e-05,0.0007824264338915,0.0,99.07737414042155,-3.0271708223228444e-05,-0.0002624479089416,0.0004242277263681,0.0,0.0,22.0,1.0,0.0,0.0,0.0,-3.0271708223108294e-05,0.00014134499895589566,2.0181189725840614e-05,0.00023233340749966356
2025-06-10 23:00:00+00:00,98.96499633789062,98.9749984741211,98.947998046875,98.95899963378906,0.0,-0.0008077321675370452,0.0008077321675368,0.0007977140506262,0.0,99.0771239598592,-0.0008077321675368,-0.0010901225471472,-6.066760420087025e-05,0.0,1.0,23.0,1.0,0.0,0.0,0.0,6.0597865012319256e-05,0.00027284458559618044,0.0004609606062485066,0.0003671217358334901
2025-06-11 00:00:00+00:00,99.0770034790039,99.08000183105467,98.93900299072266,98.96499633789062,0.0,0.0011317854317991483,0.0011317854317991,0.000830668049386,0.0,99.08129088083903,0.0011317854317991,-0.0002118720240622,0.001010397427356,1.0,1.0,0.0,2.0,0.0,0.0,0.0,0.0011317854317991541,0.0014247344571267665,0.000976093410882398,0.0006127164291508637
2025-06-11 01:00:00+00:00,99.16999816894533,99.18599700927734,99.03500366210938,99.07599639892578,0.0,0.0009386102392683338,0.0009386102392681,0.0007051305044185,0.0,99.07979075113931,0.0009386102392681,0.0012317427129719,-0.0003629126497168,1.0,1.0,1.0,2.0,0.0,0.0,0.0,0.0009487845031711905,0.001524015429125736,0.0010683910781287735,0.0007064475756538685
2025-06-11 02:00:00+00:00,99.1269989013672,99.19400024414062,99.1060028076172,99.1709976196289,0.0,-0.0004335914931133944,0.0004335914931133,0.0007075972360475,0.0,99.07783222198486,-0.0004335914931133,0.0008077158664174,-0.0004739619053406,0.0,0.0,2.0,2.0,0.0,0.0,0.0,-0.000443665177499393,0.0008873303549989293,0.0008534888367176034,0.0006966976527621597
2025-06-11 03:00:00+00:00,99.1269989013672,99.16100311279295,99.11199951171876,99.1269989013672,0.0,0.0,0.0,0.0007040246752948,0.0,99.07733217875165,0.0,0.0007976171466965,-0.0001210526392746,0.0,0.0,3.0,2.0,0.0,0.0,0.0,0.0,0.0004943517065713815,0.0007014186052221952,0.0006964082128480618
2025-06-11 04:00:00+00:00,99.13099670410156,99.15599822998048,99.10399627685548,99.12200164794922,0.0,4.0330109643882395e-05,4.033010964410444e-05,0.0006992685594651,0.0,99.07541529337566,4.033010964410444e-05,0.0008682774167914,-0.0004638701323638,1.0,0.0,4.0,2.0,0.0,0.0,1.0,9.074732151083284e-05,0.0005246257365715323,0.00026275139904614273,0.0006957384289925179
2025-06-11 05:00:00+00:00,99.08100128173828,99.12899780273438,99.0790023803711,99.12000274658205,0.0,-0.0005043369281609866,0.0005043369281609,0.0006943532474924,0.0,99.07408205668132,-0.0005043369281609,0.0011721815605549,-0.0003228404043772,0.0,0.0,5.0,2.0,0.0,0.0,1.0,-0.00039347723731887304,0.0005043928670089271,0.0003034920199175737,0.0007347679446679227
2025-06-11 06:00:00+00:00,99.19100189208984,99.20500183105467,99.0739974975586,99.08200073242188,0.0,0.0011102089091608036,0.0011102089091608,0.0006985014485727,0.0,99.07299868265788,0.0011102089091608,0.0011506041672939,-0.000262061701228,1.0,1.0,6.0,2.0,0.0,0.0,1.0,0.0011001106039666506,0.0013221809463644788,0.0008213871487246479,0.0007180862149774287
2025-06-11 07:00:00+00:00,99.11599731445312,99.22100067138672,99.08599853515624,99.18900299072266,0.0,-0.0007561631217145592,0.0007561631217145,0.0007051070362455,0.0,99.06666533152264,-0.0007561631217145,-0.0005445281384415,-0.0015312127846237,0.0,1.0,7.0,2.0,0.0,0.0,1.0,-0.0007360259108195655,0.0013610595142599627,0.001012712467436393,0.0007196091193467337
2025-06-11 08:00:00+00:00,99.0459976196289,99.12799835205078,98.99299621582033,99.11699676513672,0.0,-0.0007062401299574583,0.0007062401299574,0.0006677269722706,0.0,99.0628735224406,-0.0007062401299574,-0.00081714651544,-0.0009179561315783,0.0,1.0,8.0,2.0,0.0,0.0,1.0,-0.0007163165534166552,0.0013620482927902836,0.001063431863861329,0.0006485837401305886
2025-06-11 09:00:00+00:00,99.02799987792967,99.0510025024414,98.947998046875,99.0459976196289,0.0,-0.0001817109437207698,0.0001817109437206,0.0006598158362968,0.0,99.06058184305827,-0.0001817109437206,-0.0009987089746962,-0.0005550932558979,0.0,0.0,9.0,2.0,0.0,1.0,1.0,-0.00018171094372082102,0.0010399658546726865,0.000318229078160665,0.0006389915893535064
2025-06-11 10:00:00+00:00,99.01499938964844,99.04499816894533,98.98400115966795,99.02799987792967,0.0,-0.00013128093364767057,0.0001312809336477,0.0006512871932074,0.0,99.05995686848958,-0.0001312809336477,-0.0011701417145978,-0.0001514630903093,0.0,0.0,10.0,2.0,0.0,1.0,1.0,-0.0001312809336476683,0.0006159571974851786,0.00031839496712712676,0.0006360298171493356
2025-06-11 11:00:00+00:00,99.0530014038086,99.10299682617188,99.00299835205078,99.01399993896484,0.0,0.0003838005796537036,0.0003838005796537,0.0006510547165757,0.0,99.06245708465576,0.0003838005796537,-0.000282595831365,0.0006061558926599,1.0,0.0,11.0,2.0,0.0,1.0,1.0,0.00039389848776730214,0.001009942777614638,0.00031295778052056294,0.0006666882708869959
2025-06-11 12:00:00+00:00,98.81300354003906,99.09400177001952,98.58000183105467,99.0530014038086,0.0,-0.0024229236910362495,0.0024229236910362,0.0008208041824268,0.0,99.05562400817873,-0.0024229236910362,-0.0038108129249667,-0.0016568883659612,0.0,1.0,12.0,2.0,0.0,1.0,1.0,-0.0024229236910362144,0.005189140477121175,0.0014941350131160848,0.0011050250142210108
2025-06-11 13:00:00+00:00,98.7959976196289,98.89900207519533,98.73300170898438,98.81300354003906,0.0,-0.0001721020493347103,0.0001721020493347,0.0007948287845944,0.0,99.0523738861084,-0.0001721020493347,-0.0032285373047198,-0.0007889124466911,0.0,0.0,13.0,2.0,0.0,1.0,1.0,-0.00017210204933468544,0.001679944544380622,0.001486210333216012,0.0009034972596547675
2025-06-11 14:00:00+00:00,98.6750030517578,98.80799865722656,98.65899658203124,98.79499816894533,0.0,-0.001224690987351007,0.0012246909873507,0.0007537112775026,0.0,99.03762404123944,-0.0012246909873507,-0.0037456795507865,-0.0035746728660842,0.0,1.0,14.0,2.0,0.0,1.0,1.0,-0.0012145869670682076,0.0015081945235782513,0.0011261958938070479,0.0009363848950155
2025-06-11 15:00:00+00:00,98.60199737548828,98.7310028076172,98.59600067138672,98.6959991455078,0.0,-0.0007398598835738346,0.0007398598835739,0.0007556921474663,0.0,99.01845741271973,-0.0007398598835739,-0.0043018389038104,-0.0046435474845146,0.0,0.0,15.0,2.0,0.0,1.0,1.0,-0.0009524374932455971,0.0013678582455145818,0.0005268386264572191,0.0009368886023685504
2025-06-11 16:00:00+00:00,98.61499786376952,98.66200256347656,98.5709991455078,98.60199737548828,0.0,0.00013184812303279614,0.0001318481230327,0.0007564087226063,0.0,98.99945735931396,0.0001318481230327,-0.0040398073862001,-0.0046027726142999,1.0,0.0,16.0,2.0,0.0,1.0,1.0,0.00013184812303272483,0.0009229368612302267,0.0006874026483768189,0.0009694519134453252
2025-06-11 17:00:00+00:00,98.55999755859376,98.62799835205078,98.5459976196289,98.61799621582033,0.0,-0.0005577275908045243,0.0005577275908048,0.0007585583091176,0.0,98.97808233896892,-0.0005577275908048,-0.0049771722030412,-0.0051780050911403,0.0,0.0,17.0,2.0,0.0,0.0,1.0,-0.0005881143346254518,0.0008314986672657665,0.0004598118611573242,0.0009485210008405003
2025-06-11 18:00:00+00:00,98.63099670410156,98.64900207519533,98.5250015258789,98.55999755859376,0.0,0.0007203647247007172,0.0007203647247009,0.000776915683183,0.0,98.9586238861084,0.0007203647247009,-0.0018419320273342,-0.0047125357793876,1.0,0.0,18.0,2.0,0.0,0.0,1.0,0.0007203647247007024,0.0012581224877030088,0.0006397117088327858,0.0010162097409027288
2025-06-11 19:00:00+00:00,98.68099975585938,98.6989974975586,98.63200378417967,98.63200378417967,0.0,0.0005069709668232836,0.0005069709668232,0.0007868511235818,0.0,98.9433323542277,0.0005069709668232,-0.0011639931428425,-0.0037052416810765,1.0,0.0,19.0,2.0,0.0,0.0,1.0,0.0004967553106485762,0.0006792289602623493,0.0006846702225000197,0.0006984017546595479
2025-06-11 20:00:00+00:00,98.64299774169922,98.68900299072266,98.62899780273438,98.68000030517578,0.0,-0.0003850996063494705,0.0003850996063494,0.0007875847245448,0.0,98.92649904886882,-0.0003850996063494,-0.0003243507379655,-0.0040788649889756,0.0,0.0,20.0,2.0,0.0,0.0,1.0,-0.0003749753076827029,0.000608078514417414,0.0005864267772771637,0.0007020845385602815
2025-06-11 21:00:00+00:00,98.63099670410156,98.64600372314452,98.62899780273438,98.64299774169922,0.0,-0.00012166132287549924,0.0001216613228754,0.0007867336664157,0.0,98.9091240564982,-0.0001216613228754,0.000294104880075,-0.0042100782604536,0.0,0.0,21.0,2.0,0.0,0.0,0.0,-0.00012166132287546111,0.00017239865778078588,0.00045832451974054945,0.0005456761106793911
2025-06-11 22:00:00+00:00,98.58399963378906,98.63099670410156,98.58200073242188,98.63099670410156,0.0,-0.00047649392060278295,0.0004764939206027,0.0007884237455321,0.0,98.88991578420004,-0.0004764939206027,-0.0003143358581551,-0.004654435293844,0.0,0.0,22.0,2.0,0.0,0.0,0.0,-0.0004764939206028081,0.0004967603828102652,0.00018423663329508828,0.000498299942672334
2025-06-11 23:00:00+00:00,98.4540023803711,98.48200225830078,98.4520034790039,98.45999908447266,0.0,-0.0013186445457769036,0.0013186445457769,0.0008122509178734,0.0,98.8686243693034,-0.0013186445457769,-0.0010754381173725,-0.0051633807550992,0.0,1.0,23.0,2.0,0.0,0.0,0.0,-6.0904978238093366e-05,0.0003046798656898004,0.0006148024999676047,0.0006874291551970819
2025-06-12 00:00:00+00:00,98.36299896240234,98.5189971923828,98.3270034790039,98.4530029296875,0.0,-0.00092432420997135,0.0009243242099713,0.0007713898013279,0.0,98.83887418111163,-0.0009243242099713,-0.0027171756410738,-0.0072065614777385,0.0,1.0,0.0,3.0,0.0,0.0,0.0,-0.0009141820422626893,0.0019501052041653703,0.00042135855095688383,0.0007289833047112594
2025-06-12 01:00:00+00:00,98.36799621582033,98.41000366210938,98.28500366210938,98.36299896240234,0.0,5.0804199452025856e-05,5.080419945180381e-05,0.0007295087415202,0.0,98.80545743306476,5.080419945180381e-05,-0.0031718724051584,-0.0080871429659473,1.0,0.0,1.0,3.0,0.0,0.0,0.0,5.0804199452002064e-05,0.0012708030592660073,0.0007049531672273777,0.0006090591024054674
2025-06-12 02:00:00+00:00,98.41600036621094,98.45899963378906,98.36699676513672,98.36799621582033,0.0,0.00048800577664809275,0.000488005776648,0.0007482736041591,0.0,98.77583249409992,0.000488005776648,-0.0023012011058572,-0.0071726022479879,1.0,0.0,2.0,3.0,0.0,0.0,0.0,0.00048800577664801897,0.0009352926987603628,0.000723037184967203,0.000604474608245297
2025-06-12 03:00:00+00:00,98.34100341796876,98.4229965209961,98.3280029296875,98.41500091552734,0.0,-0.0007620401963410739,0.0007620401963412,0.0007511692098888,0.0,98.74308268229169,-0.0007620401963412,-0.002940184078265,-0.0079291766331038,0.0,1.0,3.0,3.0,0.0,0.0,0.0,-0.000751892464260544,0.0009652348770501938,0.0006343600667157188,0.0006211569715015021
2025-06-12 04:00:00+00:00,98.375,98.40799713134766,98.34600067138672,98.34600067138672,0.0,0.00034570098788533343,0.0003457009878855,0.0007602702627638,0.0,98.71158281962076,0.0003457009878855,-0.0021200157689426,-0.0076262393119899,1.0,0.0,4.0,3.0,0.0,0.0,1.0,0.0002948704412513895,0.0006303912669320681,0.0006843434954663469,0.0006828505548966958
2025-06-12 05:00:00+00:00,98.2689971923828,98.40499877929688,98.24700164794922,98.3740005493164,0.0,-0.001077538069806372,0.0010775380698062,0.0007752136242214,0.0,98.67774931589764,-0.0010775380698062,-0.0018791027638828,-0.0081953561111733,0.0,1.0,5.0,3.0,0.0,0.0,1.0,-0.0010673893137137201,0.001606086267361363,0.0007474667054716256,0.000734185492461554
2025-06-12 06:00:00+00:00,98.3249969482422,98.40499877929688,98.26599884033205,98.27100372314452,0.0,0.0005698618838021474,0.0005698618838019,0.0007381478371739,0.0,98.64166577657063,0.0005698618838019,-0.0003863446068239,-0.0087306804783541,1.0,0.0,6.0,3.0,0.0,0.0,1.0,0.000549431908213718,0.0014144552685798268,0.0008934748765118106,0.0007113566992200951
2025-06-12 07:00:00+00:00,98.3479995727539,98.49500274658205,98.3239974975586,98.3249969482422,0.0,0.00023394482812766348,0.0002339448281276,0.0007429905956198,0.0,98.6096658706665,0.0002339448281276,-0.0002032840337881,-0.0077484741364473,1.0,0.0,7.0,3.0,0.0,0.0,1.0,0.00023394482812761245,0.0017391838731860632,0.0008705127097498193,0.0006426815750776932
2025-06-12 08:00:00+00:00,98.20800018310548,98.36299896240234,98.19400024414062,98.34700012207033,0.0,-0.0014235102925999055,0.0014235102926,0.0007728682078874,0.0,98.57474931081136,-0.0014235102926,-0.002113479335997,-0.0084606895448884,0.0,1.0,8.0,3.0,0.0,0.0,1.0,-0.001413362266183149,0.0017183922036458057,0.0010672027594895706,0.0008294383113039613
2025-06-12 09:00:00+00:00,98.02999877929688,98.23799896240234,97.93499755859376,98.20800018310548,0.0,-0.0018124939259197559,0.0018124939259196,0.0008268914334231,0.0,98.53316593170166,-0.0018124939259196,-0.0031625123586551,-0.0100779688559097,0.0,1.0,9.0,3.0,0.0,1.0,1.0,-0.0018124939259197865,0.00308530265603254,0.001086767172112156,0.0009443059381282504
2025-06-12 10:00:00+00:00,97.88300323486328,98.06500244140624,97.8000030517578,98.03099822998048,0.0,-0.0014994955244724828,0.0014994955244724,0.0008527635826459,0.0,98.48599942525227,-0.0014994955244724,-0.0050012377650492,-0.0114325724563252,0.0,1.0,10.0,3.0,0.0,1.0,1.0,-0.0015096754882573552,0.0027032203530841293,0.00020617550038821734,0.0010093844974136876
2025-06-12 11:00:00+00:00,97.89800262451172,97.947998046875,97.78900146484376,97.88500213623048,0.0,0.00015323793868948776,0.0001532379386894,0.0008438777944287,0.0,98.43787447611491,0.0001532379386894,-0.0037752961612581,-0.0116604117283463,1.0,0.0,11.0,3.0,0.0,1.0,1.0,0.00013281389382964397,0.0016243201569322526,0.0010562194897450728,0.000979402746154819
2025-06-12 12:00:00+00:00,97.72100067138672,97.91500091552734,97.60199737548828,97.89800262451172,0.0,-0.0018080241514619733,0.0018080241514619,0.0007902136277238,0.0,98.39237435658772,-0.0018080241514619,-0.0061428557905107,-0.0110512061118541,0.0,1.0,12.0,3.0,0.0,1.0,1.0,-0.0018080241514619238,0.0031972413292188314,0.0010546142106786938,0.0010625061297013497
2025-06-12 13:00:00+00:00,97.89299774169922,97.9290008544922,97.66899871826172,97.72100067138672,0.0,0.0017600829824786501,0.0017600829824786,0.0009103876465818,0.0,98.354749361674,0.0017600829824786,-0.0046264472386964,-0.0091400451403537,1.0,1.0,13.0,3.0,0.0,1.0,1.0,0.001760082982478727,0.002660657734204037,0.0017869848208781306,0.001368943988302078
2025-06-12 14:00:00+00:00,97.93800354003906,97.94000244140624,97.8499984741211,97.89299774169922,0.0,0.00045974481707666826,0.0004597448170766,0.0009075314158928,0.0,98.32404104868571,0.0004597448170766,-0.0027492326751691,-0.0074689585905781,1.0,0.0,14.0,3.0,0.0,1.0,1.0,0.0004597448170766636,0.0009194116980933283,0.0018057797927001787,0.001395051895743011
2025-06-12 15:00:00+00:00,97.96199798583984,98.02799987792967,97.9209976196289,97.93800354003906,0.0,0.000244996272473319,0.0002449962724733,0.0009096042143689,0.0,98.29737440745036,0.0002449962724733,-0.0006936733071896,-0.0064907345356427,1.0,0.0,15.0,3.0,0.0,1.0,1.0,0.00024499627247324713,0.001092550944812984,0.0008198052635275712,0.0013724116943341811
2025-06-12 16:00:00+00:00,97.9499969482422,98.01200103759766,97.93399810791016,97.96199798583984,0.0,-0.00012250707258310012,0.0001225070725833,0.0009061830382113,0.0,98.26966603597003,-0.0001225070725833,0.0006844264189376,-0.0067434054650186,0.0,0.0,16.0,3.0,0.0,1.0,1.0,-0.0001225070725831537,0.0007962570312089298,0.0002944466304356117,0.0012131930847346594
2025-06-12 17:00:00+00:00,97.94000244140624,98.03800201416016,97.9280014038086,97.9499969482422,0.0,-0.00010203682641507505,0.0001020368264147,0.0009049166255789,0.0,98.24383290608723,-0.0001020368264147,0.0004290160755946,-0.0062905350298828,0.0,0.0,17.0,3.0,0.0,0.0,1.0,-0.00010203682641508527,0.001123028216220241,0.0002065226829067232,0.0010518365991578054
2025-06-12 18:00:00+00:00,97.9209976196289,97.97699737548828,97.90399932861328,97.94000244140624,0.0,-0.0001940455513945727,0.0001940455513946,0.0008806597341064,0.0,98.21424961090088,-0.0001940455513946,0.0020466117504744,-0.0071985390820158,0.0,0.0,18.0,3.0,0.0,0.0,1.0,-0.00019404555139458361,0.0007453343379143976,4.83087128118329e-05,0.0010561880169055362
2025-06-12 19:00:00+00:00,97.9290008544922,97.9459991455078,97.90399932861328,97.9219970703125,0.0,8.173154949231431e-05,8.173154949231431e-05,0.0008678905520974,0.0,98.18291632334392,8.173154949231431e-05,0.0003677802664494,-0.0076205034730866,1.0,0.0,19.0,3.0,0.0,0.0,1.0,7.15241150021958e-05,0.0004289109510742437,0.0001404097757930898,0.0006821708439890451
2025-06-12 20:00:00+00:00,97.86699676513672,97.93900299072266,97.85299682617188,97.93000030517578,0.0,-0.000633153497068828,0.0006331534970687,0.0008701942939308,0.0,98.15058294932048,-0.0006331534970687,-0.0007250175859804,-0.0078667619022942,0.0,0.0,20.0,3.0,0.0,0.0,1.0,-0.0006433528014165915,0.0008782412364215592,0.00036053881601583285,0.00034927840392186044
2025-06-12 21:00:00+00:00,97.8479995727539,97.8730010986328,97.84300231933594,97.86699676513672,0.0,-0.00019411234645727582,0.0001941123464572,0.0008695704163699,0.0,98.11795806884766,-0.0001941123464572,-0.0011637003677937,-0.007938651717134,0.0,0.0,21.0,3.0,0.0,0.0,0.0,-0.00019411234645732884,0.0003065260025180142,0.0003605337748070478,0.00027314657303265344
2025-06-12 22:00:00+00:00,97.83599853515624,97.8489990234375,97.83100128173828,97.8479995727539,0.0,-0.00012264980020104677,0.0001226498002009,0.0008700079367552,0.0,98.08679135640462,-0.0001226498002009,-0.0011638429467861,-0.0075874492961476,0.0,0.0,22.0,3.0,0.0,0.0,0.0,-0.00012264980020104763,0.00018393571435087653,0.0002764290300611936,0.00021863907361049356
2025-06-12 23:00:00+00:00,97.677001953125,97.81199645996094,97.677001953125,97.81199645996094,0.0,-0.001625133738212936,0.001625133738213,0.0008874258067658,0.0,98.0544163386027,-0.001625133738213,-0.0026853224599273,-0.0078920146307938,0.0,1.0,23.0,3.0,0.0,0.0,0.0,-0.0013801426381394547,0.0013801426381394547,0.0008475835360170961,0.0005827913594089656
2025-06-13 00:00:00+00:00,98.01300048828124,98.18000030517578,97.62100219726562,97.677001953125,0.0,0.0034398940225199848,0.0034398940225202,0.001164246015467,0.0,98.03983306884766,0.0034398940225202,0.0009395622071757,-0.0035582330532121,1.0,1.0,0.0,4.0,0.0,0.0,0.0,0.003439894022520069,0.005722924503542997,0.0026013997094444714,0.0015753819571446951
2025-06-13 01:00:00+00:00,98.08200073242188,98.1500015258789,97.9990005493164,98.00900268554688,0.0,0.0007039907338506346,0.0007039907338504,0.0011766605707265,0.0,98.02791659037273,0.0007039907338504,0.0015623551409149,-0.0029074037735907,1.0,0.0,1.0,4.0,0.0,0.0,0.0,0.0007448096080439438,0.0015406847577765191,0.0025352348289758206,0.0015832784340667585
2025-06-13 02:00:00+00:00,98.08799743652344,98.13800048828124,98.01699829101562,98.08200073242188,0.0,6.113970001409008e-05,6.113970001409008e-05,0.0011702691522603,0.0,98.01424980163574,6.113970001409008e-05,0.0022581736304536,-0.0033328211720349,1.0,0.0,2.0,4.0,0.0,0.0,0.0,6.11397000140948e-05,0.001233684023185025,0.0017941759960359142,0.0015836314787085802
2025-06-13 03:00:00+00:00,98.1999969482422,98.25800323486328,98.08599853515624,98.08799743652344,0.0,0.0011418268763336847,0.0011418268763334,0.0011905121472481,0.0,98.0083745320638,0.0011418268763334,0.0035973895943224,-0.001433852257204,1.0,0.0,3.0,4.0,0.0,0.0,0.0,0.001141826876333605,0.0017535754037425058,0.0005435750043969411,0.0015638369916356786
2025-06-13 04:00:00+00:00,98.3010025024414,98.3550033569336,98.16699981689452,98.19100189208984,0.0,0.0010285698303273971,0.0010285698303276,0.001208629868352,0.0,98.00529130299886,0.0010285698303276,0.0047528923325503,-0.0007521981962753,1.0,0.0,4.0,4.0,0.0,0.0,1.0,0.0011202717991659888,0.0019146717766021905,0.0005939462642037787,0.0015433053843690533
2025-06-13 05:00:00+00:00,98.2519989013672,98.3939971923828,98.20800018310548,98.3010025024414,0.0,-0.0004985056085565764,0.0004985056085567,0.0011924951878005,0.0,98.0045830408732,-0.0004985056085567,0.0058867178224626,-0.00017297714947,0.0,0.0,5.0,4.0,0.0,0.0,1.0,-0.0004985056085566115,0.001892117115211474,0.0009161038164876153,0.0015811906216620648
2025-06-13 06:00:00+00:00,98.20700073242188,98.31300354003906,98.14199829101562,98.25499725341795,0.0,-0.0004579873127110723,0.0004579873127109,0.0011893476909878,0.0,97.99966653188068,-0.0004579873127109,0.0019793317536873,-0.0012000632543363,0.0,0.0,6.0,4.0,0.0,0.0,1.0,-0.000488489362757678,0.0017404229179548301,0.0008701966509415779,0.0013513713770842476
2025-06-13 07:00:00+00:00,98.21900177001952,98.2229995727539,98.08300018310548,98.20600128173828,0.0,0.00012220144702657088,0.0001222014470267,0.001188408785648,0.0,97.99429162343344,0.0001222014470267,0.0013968010091005,-0.0013116464320044,1.0,0.0,7.0,4.0,0.0,0.0,1.0,0.00013237977426592637,0.001425568578510656,0.0003472602237695472,0.0006712571940979847
2025-06-13 08:00:00+00:00,98.25299835205078,98.28399658203124,98.13800048828124,98.22000122070312,0.0,0.0003461303965486273,0.0003461303965484,0.0011541485071914,0.0,97.99616654713948,0.0003461303965484,0.0016821723334103,0.0004581924981814,1.0,0.0,8.0,4.0,0.0,0.0,1.0,0.00033595124147382934,0.001486419180772994,0.00041500370715313157,0.0006486226825325719
2025-06-13 09:00:00+00:00,98.34500122070312,98.37200164794922,98.22000122070312,98.25399780273438,0.0,0.0009363873896517383,0.0009363873896517,0.0010995205966392,0.0,98.00929164886476,0.0009363873896517,0.001476621965043,0.0032133269950909,1.0,0.0,9.0,4.0,0.0,1.0,1.0,0.0009262057524769481,0.0015470151917000535,0.0004206039787237801,0.0006894378684763254
2025-06-13 10:00:00+00:00,98.48600006103516,98.58599853515624,98.28500366210938,98.34500122070312,0.0,0.0014337163921083196,0.0014337163921083,0.0010727185708708,0.0,98.0344165166219,0.0014337163921083,0.0018819498670845,0.0061603833785628,1.0,1.0,10.0,4.0,0.0,1.0,1.0,0.0014337163921082838,0.003060601650422236,0.0005444542760613893,0.0007497960670631056
2025-06-13 11:00:00+00:00,98.4209976196289,98.58000183105467,98.41799926757812,98.48600006103516,0.0,-0.0006600170721317022,0.0006600170721317,0.001088845152404,0.0,98.0562079747518,-0.0006600170721317,0.0017200537409052,0.0053422437751169,0.0,0.0,11.0,4.0,0.0,1.0,1.0,-0.000660017072131732,0.0016449298720239399,0.001093889327245151,0.0007903254515298495
2025-06-13 12:00:00+00:00,98.4010009765625,98.44200134277344,98.35299682617188,98.4209976196289,0.0,-0.00020317456183172045,0.0002031745618317,0.0010047492303257,0.0,98.08454132080078,-0.0002031745618317,0.0019754217387129,0.0069585892541406,0.0,0.0,12.0,4.0,0.0,1.0,1.0,-0.00020317456183169348,0.0009043244709380146,0.0011008963691455005,0.0007555231593128581
2025-06-13 13:00:00+00:00,98.34400177001952,98.51799774169922,98.31600189208984,98.4010009765625,0.0,-0.0005792543366155423,0.0005792543366154,0.0009687038576388,0.0,98.10333315531412,-0.0005792543366154,0.0012726661618154,0.0046071122421884,0.0,0.0,13.0,4.0,0.0,1.0,1.0,-0.0005792543366155313,0.0020527824677056597,0.00024381129850313798,0.0007747196639949491
2025-06-13 14:00:00+00:00,98.18199920654295,98.35099792480467,98.18099975585938,98.34500122070312,0.0,-0.0016473049760107328,0.0016473049760107,0.0010364913828119,0.0,98.11349964141846,-0.0016473049760107,-0.0007226155608341,0.0024913277551563,0.0,1.0,14.0,4.0,0.0,1.0,1.0,-0.0016574509343323498,0.0017285898300391813,0.0007491863162203371,0.001045489623267475
2025-06-13 15:00:00+00:00,98.08399963378906,98.22000122070312,98.00399780273438,98.18099975585938,0.0,-0.000998141956222831,0.000998141956223,0.001059945929069,0.0,98.11858304341634,-0.000998141956223,-0.0026539385192373,0.0012453977099042,0.0,0.0,15.0,4.0,0.0,1.0,1.0,-0.0009879724418320928,0.0022000531518916325,0.0005381467631964513,0.001082678801953763
2025-06-13 16:00:00+00:00,98.08899688720705,98.10199737548828,98.01200103759766,98.08399963378906,0.0,5.094871168220827e-05,5.094871168198623e-05,0.0010592926289173,0.0,98.12437470753989,5.094871168198623e-05,-0.0040310620147238,0.0014190907942375,1.0,0.0,16.0,4.0,0.0,1.0,1.0,5.09487116822411e-05,0.0009175435160335985,0.0008569392669561717,0.0009671576887884483
2025-06-13 17:00:00+00:00,98.14099884033205,98.2249984741211,98.08699798583984,98.08999633789062,0.0,0.0005301507281678663,0.0005301507281678,0.0010629517236746,0.0,98.13274955749512,0.0005301507281678,-0.0028449089733777,0.0020522400849032,1.0,0.0,17.0,4.0,0.0,0.0,1.0,0.0005199562070094501,0.0014068762711120888,0.0007816546905178695,0.000712880843613604
2025-06-13 18:00:00+00:00,98.18399810791016,98.23200225830078,98.125,98.14099884033205,0.0,0.0004381376599607023,0.0004381376599609,0.0010635439386492,0.0,98.14370791117352,0.0004381376599609,-0.0022052912724336,0.0026858436359367,1.0,0.0,18.0,4.0,0.0,0.0,1.0,0.0004381376599607197,0.0010902911073369633,0.0002543017430120698,0.0007888330207316028
2025-06-13 19:00:00+00:00,98.125,98.20700073242188,98.11199951171876,98.18499755859376,0.0,-0.0006008933130356997,0.0006008933130356,0.001073478634568,0.0,98.15187454223631,-0.0006008933130356,-0.0022268950426856,0.0020014412870303,0.0,0.0,19.0,4.0,0.0,0.0,1.0,-0.0006110664570517459,0.0009675736931848168,0.0006281337955548529,0.0007913109191058465
2025-06-13 20:00:00+00:00,98.13800048828124,98.21399688720705,98.12200164794922,98.1240005493164,0.0,0.0001324890525475908,0.0001324890525478,0.0010625649809314,0.0,98.163166364034,0.0001324890525478,-0.0004481342671497,0.0027691022724942,1.0,0.0,20.0,4.0,0.0,0.0,1.0,0.00014267599044530673,0.000937540650022627,0.0005339875354675115,0.0008100797025177027
2025-06-15 22:00:00+00:00,98.2300033569336,98.34100341796876,98.18599700927734,98.26100158691406,0.0,0.0009374846460554753,0.0009374846460554,0.0010732692806456,0.0,98.17908318837485,0.0009374846460554,0.0014885580083363,0.003904053080775,1.0,0.0,22.0,6.0,1.0,0.0,0.0,-0.0003154682883325804,0.0015774967300156595,0.0007694667357693486,0.0006702097365066229
2025-06-15 23:00:00+00:00,98.27200317382812,98.34400177001952,98.2239990234375,98.2300033569336,0.0,0.000427566074103769,0.0004275660741037,0.0010727805528606,0.0,98.1972500483195,0.0004275660741037,0.0018657167717959,0.0044564847826968,1.0,0.0,23.0,6.0,1.0,0.0,0.0,0.00042756607410384133,0.0012216506411586781,0.0004072479392701868,0.0004815882882688039
2025-06-16 00:00:00+00:00,98.27200317382812,98.31400299072266,98.2030029296875,98.26599884033205,0.0,0.0,0.0,0.0010024880976407,0.0,98.2220417658488,0.0,0.0013348583674925,0.0060915180524139,0.0,0.0,0.0,0.0,0.0,0.0,0.0,6.110285924875915e-05,0.001129587673713216,0.00046934478430672814,0.0004858817013357621
2025-06-16 01:00:00+00:00,98.29100036621094,98.29399871826172,98.1959991455078,98.27200317382812,0.0,0.00019331235519048917,0.0001933123551904,0.000737984864079,0.0,98.23362509409588,0.0001933123551904,0.0010898136189481,0.002836357182667,1.0,0.0,1.0,0.0,0.0,0.0,0.0,0.00019331235519041344,0.0009972277921370364,0.0002141094810365875,0.0004718876838200249
2025-06-16 02:00:00+00:00,98.31600189208984,98.33100128173828,98.26300048828124,98.29100036621094,0.0,0.00025436230973086005,0.0002543623097308,0.0007281106554436,0.0,98.24337514241536,0.0002543623097308,0.0019465160977309,0.0023857706604737,1.0,0.0,2.0,0.0,0.0,0.0,0.0,0.0002543623097308603,0.0006918313294573182,0.00013278864674758407,0.0004626400430709354
2025-06-16 03:00:00+00:00,98.35299682617188,98.36499786376952,98.27899932861328,98.31500244140624,0.0,0.00037628598976824357,0.0003762859897682,0.0007302265464831,0.0,98.25441678365073,0.0003762859897682,0.002190755230603,0.0027016495042619,1.0,0.0,3.0,0.0,0.0,0.0,0.0,0.00038645561533991825,0.0008747244369697207,9.31592110796256e-05,0.0003035883669798303
2025-06-16 04:00:00+00:00,98.27999877929688,98.35299682617188,98.2689971923828,98.35299682617188,0.0,-0.0007422046021029471,0.0007422046021029,0.000715908952868,0.0,98.257750193278,-0.0007422046021029,0.000508962848974,0.000814682622616,0.0,1.0,4.0,0.0,0.0,0.0,1.0,-0.0007422046021029337,0.0008540627789668355,0.0006136003310543746,0.0005094413912936179
2025-06-16 05:00:00+00:00,98.0989990234375,98.27899932861328,98.06300354003906,98.27899932861328,0.0,-0.0018416743804182678,0.0018416743804182,0.0007794878718928,0.0,98.24933338165285,-0.0018416743804182,-0.001760462235461,-0.002054948310409,0.0,1.0,5.0,0.0,0.0,0.0,1.0,-0.0018315235849514328,0.002197781723967279,0.0011089937782550916,0.0008282019976143083
2025-06-16 06:00:00+00:00,98.02100372314452,98.22699737548828,97.9990005493164,98.0999984741211,0.0,-0.0007950672389057667,0.0007950672389056,0.0007886181688842,0.0,98.23970858256024,-0.0007950672389056,-0.0025541297885178,-0.0023510481293571,0.0,1.0,6.0,0.0,0.0,0.0,1.0,-0.0008052472192180067,0.0023241267045689185,0.0006200826235891847,0.0008047629716135635
2025-06-16 07:00:00+00:00,97.98600006103516,98.0739974975586,97.93599700927734,98.02100372314452,0.0,-0.0003571036898196711,0.0003571036898197,0.0007868816308482,0.0,98.23050022125244,-0.0003571036898197,-0.0031030338895668,-0.0022503555728055,0.0,0.0,7.0,0.0,0.0,0.0,1.0,-0.00035710368981965235,0.0014078665086008052,0.0007627962500320205,0.000788931966787912
2025-06-16 08:00:00+00:00,97.99500274658205,98.0260009765625,97.9459991455078,97.98799896240234,0.0,9.18772634996845e-05,9.187726349946246e-05,0.0007865443745076,0.0,98.2211669286092,9.187726349946246e-05,-0.0032649735478476,-0.0022806078192689,1.0,0.0,8.0,0.0,0.0,0.0,1.0,7.14759384196532e-05,0.0008164451963693853,0.0004434836556775857,0.0007767117872657604
2025-06-16 09:00:00+00:00,97.93399810791016,98.01000213623048,97.93199920654295,97.99500274658205,0.0,-0.0006225280571668934,0.0006225280571666,0.0007877848737389,0.0,98.20787525177002,-0.0006225280571666,-0.0042601520216232,-0.0032467227411993,0.0,0.0,9.0,0.0,0.0,1.0,1.0,-0.0006225280571668434,0.0007959888514850731,0.00036111146788352853,0.0007162019491595557
2025-06-16 10:00:00+00:00,97.9810028076172,98.01000213623048,97.9209976196289,97.93399810791016,0.0,0.0004799630426122192,0.0004799630426119,0.0007659994023884,0.0,98.19270865122478,0.0004799630426119,-0.0030422870919151,-0.003701239601076,1.0,0.0,10.0,0.0,0.0,1.0,1.0,0.0004799630426121537,0.0009088214340387252,0.0005592364078572217,0.0007393861338835589
2025-06-16 11:00:00+00:00,98.00299835205078,98.0270004272461,97.92400360107422,97.9800033569336,0.0,0.00022448784767759022,0.0002244878476778,0.0006933328253318,0.0,98.17258358001708,0.0002244878476778,-0.0009786101014525,-0.0049042676998257,1.0,0.0,11.0,0.0,0.0,1.0,1.0,0.00023469069533931845,0.001051202517279628,0.0005770889797623067,0.0007844390608545725
2025-06-16 12:00:00+00:00,97.93499755859376,98.02999877929688,97.93199920654295,98.00299835205078,0.0,-0.0006938644184409926,0.0006938644184411,0.0006943331760832,0.0,98.15233357747395,-0.0006938644184411,-0.0008774258708236,-0.0049379712946359,0.0,0.0,12.0,0.0,0.0,1.0,1.0,-0.0006938644184409698,0.0009999650459864705,0.0006173207389240876,0.0005030512212274234
2025-06-16 13:00:00+00:00,97.77799987792967,97.93499755859376,97.75900268554688,97.93499755859376,0.0,-0.0016030804572202406,0.0016030804572199,0.0007506061314311,0.0,98.12637519836426,-0.0016030804572199,-0.0021227540972782,-0.0063312475731949,0.0,1.0,13.0,0.0,0.0,1.0,1.0,-0.0016030804572202129,0.0017970580225071513,0.0009137879585299246,0.0007043643848815523
2025-06-16 14:00:00+00:00,97.8759994506836,97.88899993896484,97.68499755859376,97.77799987792967,0.0,0.0010022660810844464,0.0010022660810842,0.0007901378165723,0.0,98.10687510172528,0.0010022660810842,-0.0012143812700957,-0.0047588293227112,1.0,1.0,14.0,0.0,0.0,1.0,1.0,0.0010022660810843687,0.0020863832418925015,0.0013223314676012018,0.0008711211852819491
2025-06-16 15:00:00+00:00,97.9459991455078,97.95700073242188,97.8550033569336,97.8769989013672,0.0,0.0007151875354229897,0.0007151875354232,0.0007478157027519,0.0,98.0970417658488,0.0007151875354232,0.0001225420980406,-0.0024036998934875,1.0,0.0,15.0,0.0,0.0,1.0,1.0,0.0007049689397417021,0.001042097496175442,0.0014285546986231353,0.0009309742233229371
2025-06-16 16:00:00+00:00,97.91899871826172,97.95999908447266,97.90799713134766,97.9459991455078,0.0,-0.0002756664639865791,0.0002756664639868,0.0007242598850947,0.0,98.09016672770184,-0.0002756664639868,-0.0006328174603112,-0.0016822408970209,0.0,0.0,16.0,0.0,0.0,1.0,1.0,-0.0002756664639866292,0.0005309247297354771,0.0006704870529792483,0.0009056169128544426
2025-06-16 17:00:00+00:00,97.9810028076172,98.01100158691406,97.91100311279295,97.91899871826172,0.0,0.0006332181718267105,0.0006332181718264,0.0007381041274363,0.0,98.08566697438556,0.0006332181718264,-0.0002244374641945,-0.0011009805688402,1.0,0.0,17.0,0.0,0.0,0.0,1.0,0.0006332181718267439,0.0010212366898157265,0.0005499366487653846,0.0009214749417991301
2025-06-16 18:00:00+00:00,97.9980010986328,98.0189971923828,97.9749984741211,97.9810028076172,0.0,0.00017348557912777451,0.0001734855791279,0.0007295480963443,0.0,98.07970873514812,0.0001734855791279,0.0006433199735504,-0.0014570642584539,1.0,0.0,18.0,0.0,0.0,0.0,1.0,0.00017348557912774397,0.000449053561414295,0.0004544525820224037,0.0009196071980359754
2025-06-16 19:00:00+00:00,98.19400024414062,98.1959991455078,97.9980010986328,97.9980010986328,0.0,0.0020000320752517897,0.0020000320752515,0.0008376216571229,0.0,98.0801254908244,0.0020000320752515,0.004254539535788,0.0001018713479101,1.0,1.0,19.0,0.0,0.0,0.0,1.0,0.0020000320752517997,0.0020204294440222246,0.0009500707347252931,0.0011249676788306151
2025-06-16 20:00:00+00:00,98.14299774169922,98.1969985961914,98.12200164794922,98.19400024414062,0.0,-0.000519405486227198,0.0005194054862271,0.0008352223605439,0.0,98.08087539672852,-0.0005194054862271,0.0027279240315718,0.0001834164759155,0.0,0.0,20.0,0.0,0.0,0.0,1.0,-0.0005194054862272467,0.0007637630410791079,0.0013015334390084447,0.0008471893348668079
2025-06-16 21:00:00+00:00,98.12899780273438,98.14299774169922,98.10700225830078,98.14299774169922,0.0,-0.00014264837315947076,0.0001426483731594,0.0008353272464127,0.0,98.08050028483072,-0.0001426483731594,0.0018683627593067,-9.1734959975609e-05,0.0,0.0,21.0,0.0,0.0,0.0,0.0,-0.0001426483731594376,0.00036676568096252125,0.0013589573854271661,0.0008519381413402643
2025-06-16 22:00:00+00:00,98.13999938964844,98.15399932861328,98.12799835205078,98.12799835205078,0.0,0.00011211351547868453,0.0001121135154786,0.0008115550328396,0.0,98.07675011952718,0.0001121135154786,0.0022569743796359,-0.0009162573980386,1.0,0.0,22.0,0.0,0.0,0.0,0.0,0.00012229983082504649,0.00026497000855165825,0.00031771732500899673,0.0008415448920287661
2025-06-16 23:00:00+00:00,98.18199920654295,98.21399688720705,98.16699981689452,98.19400024414062,0.0,0.0004279581939650168,0.000427958193965,0.0008115648145256,0.0,98.07299995422365,0.000427958193965,0.0020513813205242,-0.0009158658048921,1.0,0.0,23.0,0.0,0.0,0.0,0.0,-0.00012221762600395311,0.0004786144794557629,0.00028584766784549266,0.0008049160148806956
2025-06-17 00:00:00+00:00,98.24400329589844,98.2770004272461,98.1790008544922,98.18199920654295,0.0,0.0006315219679429163,0.0006315219679426,0.0008230031287311,0.0,98.07183329264323,0.0006315219679426,0.0025102777047261,-0.0002849222263248,1.0,0.0,0.0,1.0,0.0,0.0,0.0,0.0006315219679428869,0.00099814195622288,0.0002617190642322369,0.0008048285727650326
2025-06-17 01:00:00+00:00,98.1989974975586,98.24400329589844,98.15599822998048,98.24400329589844,0.0,-0.00045810224369924324,0.0004581022436992,0.0008266865884396,0.0,98.06799983978271,-0.0004581022436992,5.089163702010069e-05,-0.0009360253564371,0.0,0.0,1.0,1.0,0.0,0.0,0.0,-0.00045810224369921093,0.0008957805358653238,0.0005793419013367294,0.0008653935512420174
2025-06-17 02:00:00+00:00,98.18000030517578,98.26399993896484,98.1709976196289,98.1989974975586,0.0,-0.0001934560725356249,0.0001934560725356,0.0008248362811398,0.0,98.06233310699464,-0.0001934560725356,0.000377027035326,-0.0013833107967849,0.0,0.0,2.0,1.0,0.0,0.0,0.0,-0.00019345607253561632,0.000947080130204483,0.0005683172948538825,0.00043379524073828933
2025-06-17 03:00:00+00:00,98.13899993896484,98.2020034790039,98.1230010986328,98.1790008544922,0.0,-0.0004176040546292059,0.0004176040546292,0.0008226057253851,0.0,98.05341657002766,-0.0004176040546292,0.0001019284457646,-0.0021758044402576,0.0,0.0,3.0,1.0,0.0,0.0,0.0,-0.0004074284233819203,0.0008046769643561023,0.00014254824744986682,0.0004155982065446919
2025-06-17 04:00:00+00:00,98.12799835205078,98.13899993896484,98.0739974975586,98.12999725341795,0.0,-0.00011210208908696284,0.0001121020890869,0.0008108706925496,0.0,98.0470832188924,-0.0001121020890869,-0.0001222848754054,-0.0015466059130447,0.0,0.0,4.0,1.0,0.0,0.0,1.0,-2.0369931958840095e-05,0.0006624115278265323,0.00015821516965291042,0.000414078743327962
2025-06-17 05:00:00+00:00,98.15799713134766,98.19400024414062,98.0979995727539,98.12799835205078,0.0,0.0003057107023547445,0.0003057107023547,0.000719538904426,0.0,98.04954147338869,0.0003057107023547,-0.0002444651299554,0.0006014139644388,1.0,0.0,5.0,1.0,0.0,0.0,1.0,0.0003057107023547888,0.000978320897184717,0.00036310770149577536,0.000429114880624885
2025-06-17 06:00:00+00:00,98.15499877929688,98.2030029296875,98.06900024414062,98.15799713134766,0.0,-3.054618205755588e-05,3.054618205755588e-05,0.0006982492505921,0.0,98.05512460072836,-3.054618205755588e-05,-0.0009059536828267,0.0013670035100925,0.0,0.0,6.0,1.0,0.0,0.0,1.0,-3.0546182057576834e-05,0.0013651733884460038,0.00022146767521032769,0.00039087180416849904
2025-06-17 07:00:00+00:00,98.13800048828124,98.23899841308594,98.09100341796876,98.15799713134766,0.0,-0.00017317804724203967,0.0001731780472418,0.0006945042015314,0.0,98.0614579518636,-0.0001731780472418,-0.0006211571485631,0.0015512463734759,0.0,0.0,7.0,1.0,0.0,0.0,1.0,-0.00020371893937141418,0.0015077222380478843,0.0002458817384337025,0.0002556755196328762
2025-06-17 08:00:00+00:00,98.21800231933594,98.22200012207033,98.12999725341795,98.13800048828124,0.0,0.0008151972799186336,0.0008151972799184,0.0007112226671571,0.0,98.07074960072836,0.0008151972799184,0.0003870647182933,0.0022756218838075,1.0,1.0,8.0,1.0,0.0,0.0,1.0,0.000815197279918647,0.0009374846460557175,0.0005342458297733793,0.0004098651923869955
2025-06-17 09:00:00+00:00,98.19300079345705,98.23799896240234,98.16400146484376,98.21800231933594,0.0,-0.0002545513580861636,0.0002545513580862,0.0006989431857626,0.0,98.0815413792928,-0.0002545513580862,0.0005502486730635,0.0026446656988463,0.0,0.0,9.0,1.0,0.0,1.0,1.0,-0.0002545513580861138,0.0007534005560201853,0.0005955207177435638,0.0004159650555051151
2025-06-17 10:00:00+00:00,98.09600067138672,98.197998046875,98.09400177001952,98.19100189208984,0.0,-0.000987851692956787,0.0009878516929566,0.0007287714629609,0.0,98.08633295694987,-0.0009878516929566,-0.0003260810492563,0.0011736751051152,0.0,1.0,10.0,1.0,0.0,1.0,1.0,-0.000967514526509564,0.001059122270386578,0.0009067411545586048,0.000549973053220573
2025-06-17 11:00:00+00:00,98.1230010986328,98.1520004272461,98.03700256347656,98.09600067138672,0.0,0.00027524493415920226,0.0002752449341594,0.0007293758700402,0.0,98.0913330713908,0.0002752449341594,-0.0003565275753132,0.0012244803587635,1.0,0.0,11.0,1.0,0.0,1.0,1.0,0.0002752449341592292,0.0011722992067206117,0.0006342747277836481,0.0005634683815805533
2025-06-17 12:00:00+00:00,98.24299621582033,98.2519989013672,98.02200317382812,98.1230010986328,0.0,0.0012229050869214664,0.0012229050869212,0.0007489199927568,0.0,98.10416634877522,0.0012229050869212,0.0008965150793929,0.0031449294420238,1.0,1.0,12.0,1.0,0.0,1.0,1.0,0.0012229050869215657,0.002343953252182799,0.001109122655851829,0.0007302893998293678
2025-06-17 13:00:00+00:00,98.2030029296875,98.24099731445312,98.10800170898438,98.24099731445312,0.0,-0.0004070853666247043,0.0004070853666245,0.0006634200994997,0.0,98.12187480926514,-0.0004070853666245,0.0006623575076201,0.0043466122470126,0.0,0.0,13.0,1.0,0.0,1.0,1.0,-0.0003867467330773453,0.001353768885743832,0.000818586513769614,0.000756941690869783
2025-06-17 14:00:00+00:00,98.43499755859376,98.53600311279295,98.19000244140624,98.2040023803711,0.0,0.0023623985212790632,0.002362398521279,0.0007838033481968,0.0,98.14516639709473,0.002362398521279,0.0022093224677111,0.0057112888864221,1.0,1.0,14.0,1.0,0.0,1.0,1.0,0.002352197187727264,0.0035232848254652905,0.0013919623540739367,0.0011339295051032436
2025-06-17 15:00:00+00:00,98.3740005493164,98.4810028076172,98.36499786376952,98.43499755859376,0.0,-0.0006196679107046688,0.0006196679107045,0.000795711707724,0.0,98.16299978892008,-0.0006196679107045,0.0018433060849225,0.0043697691334259,0.0,0.0,15.0,1.0,0.0,1.0,1.0,-0.0006196679107047195,0.0011784928808336926,0.0016637283706668338,0.001181859248001586
2025-06-17 16:00:00+00:00,98.61599731445312,98.64099884033205,98.3290023803711,98.3730010986328,0.0,0.002459966696336524,0.0024599666963365,0.0009143894421414,0.0,98.19204139709473,0.0024599666963365,0.0053008954443347,0.0071181140056062,1.0,1.0,16.0,1.0,0.0,1.0,1.0,0.0024701514959037264,0.0031715659426526112,0.0017505422524860708,0.0014189481186114275
2025-06-17 17:00:00+00:00,98.73899841308594,98.79100036621094,98.5739974975586,98.61599731445312,0.0,0.0012472732820478782,0.0012472732820478,0.0009326447154057,0.0,98.2236245473226,0.0012472732820478,0.0062778075227634,0.0077361486793214,1.0,1.0,17.0,1.0,0.0,0.0,1.0,0.0012472732820477748,0.002200483436377922,0.0015513566131583653,0.001238066627879495
2025-06-17 18:00:00+00:00,98.81999969482422,98.84100341796876,98.71700286865234,98.73899841308594,0.0,0.0008203575389675866,0.0008203575389675,0.0009375136057698,0.0,98.25787448883057,0.0008203575389675,0.005873227621604,0.0083879118653051,1.0,0.0,18.0,1.0,0.0,0.0,1.0,0.0008203575389675626,0.001255841676635709,0.000850607680590468,0.0012064332980134442
2025-06-17 19:00:00+00:00,98.78099822998048,98.83399963378906,98.74500274658205,98.8209991455078,0.0,-0.0003946717766057928,0.0003946717766059,0.0008797561576498,0.0,98.28233273824056,-0.0003946717766059,0.0058857192046031,0.0059779414666922,0.0,0.0,19.0,1.0,0.0,0.0,1.0,-0.0004047815330061221,0.0009005867981153948,0.0008519132257287866,0.0013098556821356695
2025-06-17 20:00:00+00:00,98.83000183105467,98.87000274658205,98.7770004272461,98.77999877929688,0.0,0.0004960832746405686,0.0004960832746407,0.0008655104801793,0.0,98.31095790863036,0.0004960832746407,0.0040128438284952,0.007000031639176,1.0,0.0,20.0,1.0,0.0,0.0,1.0,0.0005062062398838411,0.0009415096222439304,0.0006291389085525933,0.0012142917172083257
2025-06-17 21:00:00+00:00,98.81400299072266,98.83100128173828,98.7760009765625,98.8290023803711,0.0,-0.00016188242472525705,0.0001618824247254,0.0008659383247786,0.0,98.3394997914632,-0.0001618824247254,0.0044727513260545,0.0069806601853341,0.0,0.0,21.0,1.0,0.0,0.0,0.0,-0.00015177113283718223,0.0005565198863800848,0.0004619802133590905,0.001078383549113183
2025-06-17 22:00:00+00:00,98.81999969482422,98.8249969482422,98.81400299072266,98.81800079345705,0.0,6.068678446435882e-05,6.068678446435882e-05,0.0008664617655369,0.0,98.3678331375122,6.068678446435882e-05,0.0020686540310554,0.0069288802670148,1.0,0.0,22.0,1.0,0.0,0.0,0.0,2.0228109768697533e-05,0.00011125460372877119,0.00033467048920768095,0.0009817619197341188
2025-06-17 23:00:00+00:00,98.83300018310548,98.86499786376952,98.8270034790039,98.86499786376952,0.0,0.00013155725886870862,0.0001315572588687,0.00086649412585,0.0,98.39495817820232,0.0001315572588687,0.0009520227218253,0.006630553276808,1.0,0.0,23.0,1.0,0.0,0.0,0.0,-0.0003236502438216315,0.00038430572585420924,0.00015311571056413097,0.0005754250199717269
2025-06-18 00:00:00+00:00,98.76699829101562,98.83999633789062,98.7249984741211,98.83799743652344,0.0,-0.0006678122890894089,0.0006678122890892,0.0008837196892475,0.0,98.4167496363322,-0.0006678122890892,-0.0005363428857748,0.0053234291923345,0.0,0.0,0.0,2.0,0.0,0.0,0.0,-0.000718338567648643,0.0011634985203275302,0.0004424788504387897,0.0005093250690977643
2025-06-18 01:00:00+00:00,98.72100067138672,98.78199768066406,98.7020034790039,98.76699829101562,0.0,-0.0004657185135198416,0.0004657185135198,0.0008839757209663,0.0,98.43849976857504,-0.0004657185135198,-0.0006073795534446,0.0053157688686291,0.0,0.0,1.0,2.0,0.0,0.0,0.0,-0.00046571851351981847,0.0008099284482095367,0.0004156464676880066,0.00040178098331611697
2025-06-18 02:00:00+00:00,98.70999908447266,98.75299835205078,98.69100189208984,98.72100067138672,0.0,-0.0001114412013577537,0.0001114412013577,0.0008824598575375,0.0,98.46058305104572,-0.0001114412013577,-0.0012142339811667,0.0053982356656088,0.0,0.0,2.0,2.0,0.0,0.0,0.0,-0.0001114412013577897,0.0006279966728386957,0.00028163306366632936,0.0003861835494578848
2025-06-18 03:00:00+00:00,98.68800354003906,98.71800231933594,98.65399932861328,98.70999908447266,0.0,-0.00022282995276667883,0.0002228299527666,0.0008771756666563,0.0,98.4834582010905,-0.0002228299527666,-0.0012751173605973,0.0055941430156782,0.0,0.0,3.0,2.0,0.0,0.0,0.0,-0.00022282995276669704,0.0006483941983211313,0.0001811604817089034,0.00028194533888887684
2025-06-18 04:00:00+00:00,98.64099884033205,98.71199798583984,98.62100219726562,98.68900299072266,0.0,-0.0004762959835128422,0.0004762959835129,0.0008865029767281,0.0,98.50483322143556,-0.0004762959835129,-0.0018113828682956,0.0052278707086306,0.0,0.0,4.0,2.0,0.0,0.0,1.0,-0.00048641843504208327,0.0009220458796485449,0.0001869810573044443,0.00029842920409394813
2025-06-18 05:00:00+00:00,98.64600372314452,98.67400360107422,98.61799621582033,98.64099884033205,0.0,5.073836306723756e-05,5.07383630674596e-05,0.0008869295948155,0.0,98.52516682942708,5.07383630674596e-05,-0.0018920447584763,0.0049716437382463,1.0,0.0,5.0,2.0,0.0,0.0,1.0,5.0738363067195504e-05,0.0005677901269486325,0.00026358106110693547,0.00029672035540264253
2025-06-18 06:00:00+00:00,98.58799743652344,98.66999816894533,98.55999755859376,98.64600372314452,0.0,-0.0005880246987387538,0.0005880246987388,0.0009006167445549,0.0,98.54320844014484,-0.0005880246987388,-0.0018123549119591,0.004411376522964,0.0,0.0,6.0,2.0,0.0,0.0,1.0,-0.0005880246987387082,0.0011151045779845812,0.0003411418955529905,0.00026474355663830024
2025-06-18 07:00:00+00:00,98.5989990234375,98.61399841308594,98.50900268554688,98.58799743652344,0.0,0.00011159154461126697,0.0001115915446112,0.0008975798162137,0.0,98.56241671244304,0.0001115915446112,-0.0012358226427964,0.0046974518826812,1.0,0.0,7.0,2.0,0.0,0.0,1.0,0.00011159154461115764,0.0010649950325511452,0.00038755306019327377,0.00027471330369327083
2025-06-18 08:00:00+00:00,98.6719970703125,98.71099853515624,98.5770034790039,98.5989990234375,0.0,0.0007403528189737774,0.0007403528189737,0.0008954612989679,0.0,98.5813331604004,0.0007403528189737,-0.0003849864705969,0.0046223170931587,1.0,0.0,8.0,2.0,0.0,0.0,1.0,0.0007403528189738314,0.001358990025045571,0.0006645036315001482,0.0004402121319580839
2025-06-18 09:00:00+00:00,98.65899658203124,98.6989974975586,98.61399841308594,98.6709976196289,0.0,-0.00013175458759595582,0.0001317545875957,0.0008931433465537,0.0,98.600749651591,-0.0001317545875957,-0.0002939258771816,0.0047457128798253,0.0,0.0,9.0,2.0,0.0,1.0,1.0,-0.00012162679903099571,0.0008614393947887595,0.0004500239639530338,0.0004405911444781259
2025-06-18 10:00:00+00:00,98.71800231933594,98.72899627685548,98.61399841308594,98.65899658203124,0.0,0.0005980776142968658,0.0005980776142966,0.0008596580807713,0.0,98.6266663869222,0.0005980776142966,0.0007806437476221,0.0063407442066152,1.0,0.0,10.0,2.0,0.0,1.0,1.0,0.0005980776142968438,0.0011656095009432725,0.0004678797219691204,0.0004995955879695546
2025-06-18 11:00:00+00:00,98.63600158691406,98.73300170898438,98.62999725341795,98.71800231933594,0.0,-0.0008306563189621752,0.0008306563189621,0.0008881812112593,0.0,98.64804140726726,-0.0008306563189621,-0.0001013942364916,0.0052281369560394,0.0,0.0,11.0,2.0,0.0,1.0,1.0,-0.0008306563189621341,0.001043421191134101,0.000714422765253216,0.0005735294096892407
2025-06-18 12:00:00+00:00,98.6449966430664,98.68000030517578,98.56300354003906,98.63600158691406,0.0,9.119445240712842e-05,9.119445240712842e-05,0.0008621523716338,0.0,98.66479142506915,9.119445240712842e-05,0.000578155637857,0.0040918990943943,1.0,0.0,12.0,2.0,0.0,1.0,1.0,9.119445240709266e-05,0.001186146673166044,0.0007243410840811812,0.0005744125007766918
2025-06-18 13:00:00+00:00,98.76000213623048,98.76000213623048,98.62100219726562,98.6449966430664,0.0,0.0011658522690229933,0.0011658522690227,0.0008760094672209,0.0,98.6879997253418,0.0011658522690227,0.0016329081875841,0.0056719162339848,1.0,1.0,13.0,2.0,0.0,1.0,1.0,0.001165852269022914,0.0014090926422534178,0.0009992284364603796,0.0006529823838399744
2025-06-18 14:00:00+00:00,98.66100311279295,98.78700256347656,98.53600311279295,98.76100158691406,0.0,-0.001002420223735645,0.0010024202237353,0.0007854873519471,0.0,98.69741662343344,-0.0010024202237353,-0.0001114192257778,0.0022959878072297,0.0,1.0,14.0,2.0,0.0,1.0,1.0,-0.0010125299714898585,0.0025414834464058903,0.001084150057690527,0.0008091895351878929
2025-06-18 15:00:00+00:00,98.55699920654295,98.6729965209961,98.50800323486328,98.6729965209961,0.0,-0.0010541541538058308,0.0010541541538058,0.0008073968449772,0.0,98.70504156748454,-0.0010541541538058,-0.0010338375517885,0.0018602339663398,0.0,1.0,15.0,2.0,0.0,1.0,1.0,-0.0011755730396659917,0.0016721219781513827,0.0012670510723576177,0.0008519732899756103
2025-06-18 16:00:00+00:00,98.66999816894533,98.6790008544922,98.51699829101562,98.55799865722656,0.0,0.001146534120479492,0.0011465341204792,0.0006720809237542,0.0,98.70729160308838,0.0011465341204792,-0.0004862755451162,0.000547587166005,1.0,1.0,16.0,2.0,0.0,1.0,1.0,0.0011363817573882126,0.0016437282177370817,0.001255900079200741,0.0009869120138375853
2025-06-18 17:00:00+00:00,98.70600128173828,98.78800201416016,98.62899780273438,98.66999816894533,0.0,0.00036488409304835656,0.0003648840930483,0.0006246591443626,0.0,98.70591672261556,0.0003648840930483,0.0007096769303096,-0.0003341853966313,1.0,0.0,17.0,2.0,0.0,0.0,1.0,0.0003648840930483152,0.001611474758046819,0.0011156220381469593,0.0009677526365727105
2025-06-18 18:00:00+00:00,98.90499877929688,98.91300201416016,98.48300170898438,98.70600128173828,0.0,0.0020160628024084026,0.0020160628024084,0.0007324582401489,0.0,98.70945835113524,0.0020160628024084,0.0026357356691009,0.0008601405053141,1.0,1.0,18.0,2.0,0.0,0.0,1.0,0.0020160628024084542,0.004356374481713871,0.0008259790175224467,0.0011498334025167977
2025-06-18 19:00:00+00:00,98.92400360107422,99.01000213623048,98.82599639892578,98.90399932861328,0.0,0.00019215228766911174,0.0001921522876691,0.0007272296477797,0.0,98.71541690826416,0.0001921522876691,0.0016606061289623,0.0014477012143652,1.0,0.0,19.0,2.0,0.0,0.0,1.0,0.00020225948997747143,0.001860447894461111,0.0010068827284089965,0.0011460921319553622
2025-06-18 20:00:00+00:00,98.8759994506836,98.9459991455078,98.85399627685548,98.9250030517578,0.0,-0.0004852629154012966,0.0004852629154012,0.0007292613700156,0.0,98.7173334757487,-0.0004852629154012,0.0021791420227588,0.0004654216207293,0.0,0.0,20.0,2.0,0.0,0.0,1.0,-0.0004953611277481158,0.000930026442396764,0.0012937137286190043,0.001133027513442662
2025-06-18 21:00:00+00:00,98.8550033569336,98.8949966430664,98.8550033569336,98.875,0.0,-0.00021234772711931083,0.0002123477271193,0.0007298800214967,0.0,98.71904182434082,-0.0002123477271193,0.0030236731311807,0.0004149246561218,0.0,0.0,21.0,2.0,0.0,0.0,0.0,-0.00020224164921776232,0.00040448329843552463,0.0003408309256581109,0.001031803440673067
2025-06-18 22:00:00+00:00,98.8499984741211,98.87100219726562,98.8499984741211,98.8550033569336,0.0,-5.062852301396248e-05,5.062852301396248e-05,0.0007299476012741,0.0,98.7202917734782,-5.062852301396248e-05,0.0018242658205747,0.0003035699189386,0.0,0.0,22.0,2.0,0.0,0.0,0.0,-5.0628523013943756e-05,0.00021247000588016336,0.0002196750843167418,0.0008728244995884236
2025-06-18 23:00:00+00:00,98.8939971923828,98.91000366210938,98.87000274658205,98.87899780273438,0.0,0.0004451059073433683,0.0004451059073433,0.0007349523862111,0.0,98.72283331553142,0.0004451059073433,0.0019046046664166,0.0006171724946559,1.0,0.0,23.0,2.0,0.0,0.0,0.0,0.00015169439397380805,0.0004045441035631468,0.00034257627079878187,0.0008144241140381953
2025-06-19 00:00:00+00:00,98.86499786376952,98.90499877929688,98.8499984741211,98.8939971923828,0.0,-0.0002932364899445039,0.0002932364899445,0.000723466310171,0.0,98.72691663106282,-0.0002932364899445,-0.0004044377536124,0.000992229939652,0.0,0.0,0.0,3.0,0.0,0.0,0.0,-0.0002932364899445574,0.0005561541320732214,0.00037633335105389414,0.000846317925935097
2025-06-19 01:00:00+00:00,99.0719985961914,99.0749969482422,98.85700225830078,98.86399841308594,0.0,0.002093771677486256,0.002093771677486,0.0008267140943309,0.0,98.74154154459636,0.002093771677486,0.0014960473669667,0.0035554534741097,1.0,1.0,1.0,3.0,0.0,0.0,0.0,0.0021039021933583583,0.00220499568539164,0.001222092216150568,0.0008737128708276241
2025-06-19 02:00:00+00:00,99.06400299072266,99.0979995727539,99.03500366210938,99.0719985961914,0.0,-8.07049982037844e-05,8.07049982037844e-05,0.000826318073478,0.0,98.75629170735677,-8.07049982037844e-05,0.0019014072280789,0.0035863023962452,0.0,0.0,2.0,3.0,0.0,0.0,0.0,-8.070499820377473e-05,0.0006358598951990152,0.0013210681561702726,0.0008823185691063133
2025-06-19 03:00:00+00:00,98.97599792480467,99.0739974975586,98.96299743652344,99.06400299072266,0.0,-0.0008883657358993435,0.0008883657358991,0.000850179415088,0.0,98.76829147338869,-0.0008883657358991,0.0012239599793872,0.0029182309342066,0.0,1.0,3.0,3.0,0.0,0.0,0.0,-0.0008883657358992916,0.0011204883477760473,0.0015423903652366532,0.000945566933360799
2025-06-19 04:00:00+00:00,98.95500183105467,98.9990005493164,98.95500183105467,98.9800033569336,0.0,-0.00021213318572399498,0.0002121331857239,0.0008437859047835,0.0,98.78137493133544,-0.0002121331857239,0.0010622494542686,0.003183290867025,0.0,0.0,4.0,3.0,0.0,0.0,1.0,-0.00025259168550198973,0.0004445212848000053,0.0004333742988853996,0.000945553431124002
2025-06-19 05:00:00+00:00,99.05599975585938,99.10700225830078,98.9540023803711,98.9540023803711,0.0,0.001020644969287554,0.0010206449692873,0.0008627005420687,0.0,98.79845809936523,0.0010206449692873,0.0016381435484038,0.0041562356024631,1.0,1.0,5.0,3.0,0.0,0.0,1.0,0.00103075543216748,0.0015461716984581228,0.0009679320149945575,0.0009940933294650754
2025-06-19 06:00:00+00:00,99.00700378417967,99.15699768066406,99.00299835205078,99.05599975585938,0.0,-0.0004946290159147937,0.0004946290159146,0.0008593215814646,0.0,98.81591669718424,-0.0004946290159146,0.0014363619428368,0.0042500746394207,0.0,0.0,6.0,3.0,0.0,0.0,1.0,-0.0004946290159148436,0.0015546693687695768,0.0008057709686774017,0.0010335655168154376
2025-06-19 07:00:00+00:00,99.04299926757812,99.0540008544922,98.94100189208984,99.00700378417967,0.0,0.00036356502088397136,0.0003635650208837,0.0008600256468985,0.0,98.83441670735677,0.0003635650208837,-0.0002927096356608,0.004503090787312,1.0,0.0,7.0,3.0,0.0,0.0,1.0,0.000363565020883941,0.0011413229174036883,0.0007598581351829279,0.0010148216575625118
2025-06-19 08:00:00+00:00,98.89900207519533,99.07599639892578,98.88800048828124,99.04299926757812,0.0,-0.001453885619858597,0.0014538856198587,0.0009136656114092,0.0,98.84387524922688,-0.0014538856198587,-0.0016655991131591,0.0023006021122795,0.0,1.0,8.0,3.0,0.0,0.0,1.0,-0.001453885619858606,0.0018981241686416316,0.0009091935133716365,0.000810122134632575
2025-06-19 09:00:00+00:00,98.93800354003906,98.96900177001952,98.87999725341795,98.9000015258789,0.0,0.0003943565053778908,0.0003943565053781,0.0009142709673166,0.0,98.85550053914388,0.0003943565053781,-0.0003838747328871,0.0028279930637225,1.0,0.0,9.0,3.0,0.0,1.0,1.0,0.0003842468511005266,0.0008999445422482922,0.0010583063435313075,0.0008457217455569264
2025-06-19 10:00:00+00:00,98.9729995727539,98.98799896240234,98.89900207519533,98.93800354003906,0.0,0.00035371678690365727,0.0003537167869036,0.0009100439143609,0.0,98.86612542470296,0.0003537167869036,0.0001818780391711,0.0025830876580452,1.0,0.0,10.0,3.0,0.0,1.0,1.0,0.00035371678690364176,0.0008995217613320955,0.0010555470146760464,0.0008018577501256129
2025-06-19 11:00:00+00:00,98.90499877929688,99.02899932861328,98.86499786376952,98.9729995727539,0.0,-0.0006870640856655452,0.0006870640856655,0.0009040575520671,0.0,98.87733364105225,-0.0006870640856655,-0.0015244001063505,0.002727170485979,0.0,0.0,11.0,3.0,0.0,1.0,1.0,-0.0006870640856655522,0.0016570323780397162,0.0006129636892666574,0.0008415105464889115
2025-06-19 12:00:00+00:00,98.93099975585938,98.99600219726562,98.87100219726562,98.90599822998048,0.0,0.00026288839677879317,0.0002628883967787,0.0009045494555942,0.0,98.88925043741862,0.0002628883967787,-0.0007676631492251,0.002899316970204,1.0,0.0,12.0,3.0,0.0,1.0,1.0,0.0002527806839455522,0.001263826281893891,0.0005764668738763723,0.0007170822694350092
2025-06-19 13:00:00+00:00,98.95099639892578,98.97699737548828,98.8740005493164,98.93099975585938,0.0,0.00020212717061141028,0.0002021271706114,0.0008771259059837,0.0,98.8972085316976,0.0002021271706114,-0.0009289184428248,0.0019339232337385,1.0,0.0,13.0,3.0,0.0,1.0,1.0,0.0002021271706113726,0.0010410975975786074,0.0005317835925366244,0.0007145077945094234
2025-06-19 14:00:00+00:00,99.02100372314452,99.06400299072266,98.90299987792967,98.9489974975586,0.0,0.0007074948890508637,0.000707494889051,0.0008544601263176,0.0,98.9122085571289,0.000707494889051,0.001233598371968,0.003648864282679,1.0,0.0,14.0,3.0,0.0,1.0,1.0,0.0007277105115461117,0.0016271323294301738,0.0002759116375510406,0.0007604878351604804
2025-06-19 15:00:00+00:00,99.05899810791016,99.06300354003906,98.99600219726562,99.02100372314452,0.0,0.00038370025890532844,0.0003837002589051,0.0008157348347278,0.0,98.9331251780192,0.0003837002589051,0.0012229331858524,0.0050934880871846,1.0,0.0,15.0,3.0,0.0,1.0,1.0,0.0003837002589053604,0.0006766376854830552,0.00025599748688363383,0.00043527800974475404
2025-06-19 16:00:00+00:00,99.08699798583984,99.10099792480467,99.05699920654295,99.05899810791016,0.0,0.00028265860209075733,0.0002826586020907,0.0007914030935203,0.0,98.95050017038982,0.0002826586020907,0.0011518132579395,0.004226206796726,1.0,0.0,16.0,3.0,0.0,1.0,1.0,0.0002826586020907032,0.0004441668006150097,0.00022193777267551514,0.00043031182695473647
2025-06-19 17:00:00+00:00,98.90899658203124,99.09400177001952,98.88200378417967,99.08699798583984,0.0,-0.0017964153463811972,0.001796415346381,0.000886262344948,0.0,98.95895830790202,-0.001796415346381,4.042063377696081e-05,0.0020565649267216,0.0,1.0,17.0,3.0,0.0,0.0,1.0,-0.0017964153463812223,0.002139513661218595,0.0012305596255390242,0.0008638519678908457
2025-06-19 18:00:00+00:00,98.86299896240234,98.9250030517578,98.84300231933594,98.91000366210938,0.0,-0.0004650499066659597,0.000465049906666,0.0007909138919977,0.0,98.95720831553142,-0.000465049906666,-0.0006873557694235,-0.000424648070501,0.0,0.0,18.0,3.0,0.0,0.0,1.0,-0.0004752269534596923,0.0008290438720636079,0.0010531025932413653,0.0008421701660735997
2025-06-19 19:00:00+00:00,98.76599884033205,98.86799621582033,98.7519989013672,98.86299896240234,0.0,-0.0009811569858121372,0.0009811569858122,0.0008133422874816,0.0,98.95062478383382,-0.0009811569858122,-0.0018695876274749,-0.0015972337854356,0.0,1.0,19.0,3.0,0.0,0.0,1.0,-0.0009811569858121287,0.0011733137338595084,0.0006712608342627476,0.0008923528265345315
2025-06-19 20:00:00+00:00,98.78299713134766,98.81099700927734,98.76100158691406,98.76599884033205,0.0,0.00017210670894018953,0.0001721067089404,0.0008096798515096,0.0,98.94674968719482,0.0001721067089404,-0.0024035970435355,-0.0009405954918546,1.0,0.0,20.0,3.0,0.0,0.0,1.0,0.00017210670894029752,0.0005062007467175549,0.0005776896830752213,0.0008899534389427158
2025-06-19 21:00:00+00:00,98.79199981689452,98.81199645996094,98.7770004272461,98.78399658203124,0.0,9.113598299603787e-05,9.113598299625993e-05,0.0008092228760702,0.0,98.9441245396932,9.113598299625993e-05,-0.0026953461686011,-0.0006373328400139,1.0,0.0,21.0,3.0,0.0,0.0,0.0,8.101752449988478e-05,0.0003542682410686096,0.00064373721593121,0.0008069285230296237
2025-06-19 22:00:00+00:00,98.78399658203124,98.8000030517578,98.78299713134766,98.79399871826172,0.0,-8.101096119239592e-05,8.101096119239592e-05,0.0008092864341753,0.0,98.94137446085612,-8.101096119239592e-05,-0.0030579330282253,-0.0006676974517821,0.0,0.0,22.0,3.0,0.0,0.0,0.0,-0.00010124234629885571,0.00017213515629263171,0.00012926676795598679,0.0007558854992582245
2025-06-19 23:00:00+00:00,98.66999816894533,98.69100189208984,98.66500091552734,98.6709976196289,0.0,-0.0011540170172326114,0.0011540170172328,0.0008341308460944,0.0,98.93204116821288,-0.0011540170172328,-0.0024163465543574,-0.0022650416587141,0.0,1.0,23.0,3.0,0.0,0.0,0.0,-1.012912312321362e-05,0.00026351184430841866,0.0006747076602340243,0.0007354108146156742
2025-06-20 00:00:00+00:00,98.5979995727539,98.6750030517578,98.58200073242188,98.6709976196289,0.0,-0.0007296908637632882,0.0007296908637631,0.0008433667338548,0.0,98.92091623942058,-0.0007296908637631,-0.0026804708781817,-0.0027006351771081,0.0,0.0,0.0,4.0,0.0,0.0,0.0,-0.0007398125957579078,0.0009425497013260365,0.0005403980472479612,0.0005279233271912955
2025-06-20 01:00:00+00:00,98.6709976196289,98.6709976196289,98.59600067138672,98.5979995727539,0.0,0.0007403603236506573,0.0007403603236506,0.0007266068121625,0.0,98.90420786539714,0.0007403603236506,-0.0009618818400926,-0.0040475712839602,1.0,1.0,1.0,4.0,0.0,0.0,0.0,0.000740360323650744,0.0007606335682992071,0.000994130163156651,0.0006928898501439866
2025-06-20 02:00:00+00:00,98.63099670410156,98.68900299072266,98.60700225830078,98.6709976196289,0.0,-0.00040539688958596276,0.0004053968895859,0.0007279182883134,0.0,98.88616593678792,-0.0004053968895859,-0.0015387306688415,-0.0043709750620681,0.0,0.0,2.0,4.0,0.0,0.0,0.0,-0.00040539688958598564,0.0008310520254186866,0.0007723316069958392,0.0006264194622244995
2025-06-20 03:00:00+00:00,98.55500030517578,98.64900207519533,98.54900360107422,98.63200378417967,0.0,-0.0007705123284292847,0.0007705123284292,0.0007233307857871,0.0,98.8686243693034,-0.0007705123284292,-0.0023989747363958,-0.0042535324569169,0.0,1.0,3.0,4.0,0.0,0.0,0.0,-0.0007807149408865929,0.0010138542286935415,0.0007883321049499176,0.0006355463274609987
2025-06-20 04:00:00+00:00,98.58300018310548,98.5999984741211,98.53800201416016,98.55799865722656,0.0,0.0002841040824210772,0.0002841040824208,0.0007293604201287,0.0,98.85312430063884,0.0002841040824208,-0.0020347060847945,-0.0037593011072278,1.0,0.0,4.0,4.0,0.0,0.0,1.0,0.0002536732301745788,0.0006290352970391991,0.000535558376543481,0.0006605446890660723
2025-06-20 05:00:00+00:00,98.5790023803711,98.63800048828124,98.56600189208984,98.58300018310548,0.0,-4.055265843971867e-05,4.055265843960765e-05,0.0006857472055176,0.0,98.83324940999348,-4.055265843960765e-05,-0.000922223474844,-0.0048154314394274,0.0,0.0,5.0,4.0,0.0,0.0,1.0,-4.055265843972893e-05,0.0007303348047600878,0.0005401325289890376,0.0006629763000123647
2025-06-20 06:00:00+00:00,98.66500091552734,98.68000030517578,98.57599639892578,98.58200073242188,0.0,0.0008723818772726766,0.0008723818772726,0.0007163760527479,0.0,98.81899929046632,0.0008723818772726,0.0006795405897053,-0.003454330053234,1.0,1.0,6.0,4.0,0.0,0.0,1.0,0.0008419405417704356,0.0010549989397384482,0.0004627674415582589,0.0006685407660942188
2025-06-20 07:00:00+00:00,98.66699981689452,98.697998046875,98.62999725341795,98.66600036621094,0.0,2.0259477510942148e-05,2.0259477511164192e-05,0.0007091935967174,0.0,98.80333264668782,2.0259477511164192e-05,-4.051649249348088e-05,-0.0037963253684167,1.0,0.0,7.0,4.0,0.0,0.0,1.0,1.012963614487215e-05,0.0006892018851950236,0.0005104344826633847,0.0005887643406681547
2025-06-20 08:00:00+00:00,98.6050033569336,98.69300079345705,98.57599639892578,98.66600036621094,0.0,-0.0006283403779985264,0.0006283403779986,0.0006620737256077,0.0,98.79108270009358,-0.0006283403779986,-0.0002635413616061,-0.0029727167321484,0.0,0.0,8.0,4.0,0.0,0.0,1.0,-0.0006182171067130104,0.0011858633581678397,0.0007526576960133693,0.0005675841524677566
2025-06-20 09:00:00+00:00,98.58999633789062,98.63099670410156,98.57599639892578,98.6050033569336,0.0,-0.00015219328159898904,0.0001521932815989,0.0006528099156241,0.0,98.77658240000407,-0.0001521932815989,0.0003550913967478,-0.0035174269714023,0.0,0.0,9.0,4.0,0.0,1.0,1.0,-0.00015219328159896567,0.0005577841215286953,0.00033594091348064796,0.0005524034966258979
2025-06-20 10:00:00+00:00,98.625,98.63700103759766,98.54399871826172,98.58999633789062,0.0,0.0003550427366829645,0.0003550427366829,0.0006528541537179,0.0,98.76208241780598,0.0003550427366829,0.0004260350853242,-0.0035161061527502,1.0,0.0,10.0,4.0,0.0,1.0,1.0,0.00035504273668303415,0.000943324097682255,0.0004917734549385086,0.00046827578624099265
2025-06-20 11:00:00+00:00,98.65699768066406,98.72000122070312,98.625,98.6259994506836,0.0,0.00032443782675861677,0.0003244378267586,0.0006490817896526,0.0,98.75174903869627,0.0003244378267586,0.0007911958775157,-0.0025074677892289,1.0,0.0,11.0,4.0,0.0,1.0,1.0,0.00031430079444689363,0.0009632472292524538,0.00028442991292766776,0.00047113613882240375
2025-06-20 12:00:00+00:00,98.71600341796876,98.75800323486328,98.61499786376952,98.65599822998048,0.0,0.000598089732019691,0.0005980897320196,0.000660828707818,0.0,98.74279085795084,0.0005980897320196,0.0005169259815349,-0.0021731948370196,1.0,0.0,12.0,4.0,0.0,1.0,1.0,0.0006082264541928919,0.001449535493629078,0.00014994102602175718,0.0004987609933371147
2025-06-20 13:00:00+00:00,98.71399688720705,98.76300048828124,98.677001953125,98.71600341796876,0.0,-2.032629657044982e-05,2.032629657044982e-05,0.0006581012255376,0.0,98.7329158782959,-2.032629657044982e-05,0.0004763200502673,-0.0023951200123673,0.0,0.0,13.0,4.0,0.0,1.0,1.0,-2.0326296570405032e-05,0.0008711711594736413,0.00030988870324820264,0.0004026044154590401
2025-06-20 14:00:00+00:00,98.78900146484376,98.89299774169922,98.71099853515624,98.71299743652344,0.0,0.0007598170472462584,0.0007598170472462,0.000660971893866,0.0,98.72324911753336,0.0007598170472462,0.0018660118822177,-0.0023429600749094,1.0,1.0,14.0,4.0,0.0,1.0,1.0,0.0007699495536968216,0.0018437207993812165,0.00041174784877178366,0.00047719799119767304
2025-06-20 15:00:00+00:00,98.76000213623048,98.79199981689452,98.6750030517578,98.78800201416016,0.0,-0.00029354814992843536,0.0002935481499284,0.0006539534114972,0.0,98.71079095204672,-0.0002935481499284,0.0017243716873382,-0.0030183625656498,0.0,0.0,15.0,4.0,0.0,1.0,1.0,-0.00028343399359023194,0.0011843216053701398,0.0005466339507496165,0.000392295430585797
2025-06-20 16:00:00+00:00,98.6449966430664,98.76100158691406,98.63700103759766,98.75900268554688,0.0,-0.0011644946403042145,0.0011644946403041,0.0006808249762682,0.0,98.69237422943117,-0.0011644946403041,0.000202754302321,-0.0044607400744606,0.0,1.0,16.0,4.0,0.0,1.0,1.0,-0.0011543863281352602,0.0012555872978105055,0.0009635958262812741,0.0006537503224293669
2025-06-20 17:00:00+00:00,98.6729965209961,98.6750030517578,98.59600067138672,98.64600372314452,0.0,0.00028384488704480404,0.0002838448870448,0.0005937425112769,0.0,98.68254089355467,0.0002838448870448,0.0001621663004971,-0.0023860323043458,1.0,0.0,17.0,4.0,0.0,0.0,1.0,0.0002736329585872885,0.0008008675201157069,0.0007291110906124748,0.0006492941042116566
2025-06-20 18:00:00+00:00,98.70700073242188,98.71099853515624,98.63899993896484,98.67400360107422,0.0,0.0003446151695469801,0.0003446151695469,0.0005950618729311,0.0,98.6760409673055,0.0003446151695469,-9.119783252120596e-05,-0.0015779233041453,1.0,0.0,18.0,4.0,0.0,0.0,1.0,0.0003344055186111555,0.0007296612437301391,0.0008542826261359208,0.0006506568848436066
2025-06-20 19:00:00+00:00,98.81999969482422,98.8219985961914,98.68699645996094,98.70700073242188,0.0,0.0011447917732669843,0.0011447917732669,0.0006108749004063,0.0,98.67829100290936,0.0011447917732669,0.0010738376619305,0.000546755514309,1.0,1.0,19.0,4.0,0.0,0.0,1.0,0.0011447917732670754,0.0013677057881278036,0.0004804867610510521,0.0007495460886253972
2025-06-20 20:00:00+00:00,98.77400207519533,98.83499908447266,98.76799774169922,98.8209991455078,0.0,-0.0004654687287082293,0.0004654687287083,0.0006179292338144,0.0,98.677916208903,-0.0004654687287083,-0.0001518325868874,-9.105874911230494e-05,0.0,0.0,20.0,4.0,0.0,0.0,1.0,-0.00047557776908601485,0.0006780071376811539,0.0008051353306095755,0.0007845377705735596
2025-06-22 22:00:00+00:00,98.99700164794922,99.11299896240234,98.95999908447266,99.09400177001952,0.0,0.002257674773409768,0.0022576747734099,0.0007715343065555,0.0,98.6864579518636,0.0022576747734099,0.0023997519906067,0.0020750853453179,1.0,1.0,22.0,6.0,1.0,0.0,0.0,-0.0009788697634335046,0.0015439872766948542,0.0013691212503741093,0.0011277849704371878
2025-06-22 23:00:00+00:00,98.91699981689452,99.02200317382812,98.87000274658205,98.99700164794922,0.0,-0.0008081237787301854,0.00080812377873,0.0007923985748265,0.0,98.69199975331624,-0.00080812377873,0.0027573945266816,0.0013464046755067,0.0,1.0,23.0,6.0,1.0,0.0,0.0,-0.0008081237787302116,0.0015354043528168645,0.0016798831198794998,0.0011881565447742913
2025-06-23 00:00:00+00:00,99.02300262451172,99.08499908447266,98.8759994506836,98.90499877929688,0.0,0.0010716338729785946,0.0010716338729783,0.0007746232471985,0.0,98.70670827229816,0.0010716338729783,0.0035471315948243,0.0035776270610847,1.0,1.0,0.0,0.0,0.0,0.0,0.0,0.001193102943948923,0.002113135194060697,0.001545924890853195,0.001043285475509953
2025-06-23 01:00:00+00:00,99.02999877929688,99.16300201416016,99.00399780273438,99.02400207519533,0.0,7.065181422216682e-05,7.065181422216682e-05,0.0007520446874334,0.0,98.72470823923749,7.065181422216682e-05,0.0032722911696059,0.0043814195867555,1.0,0.0,1.0,0.0,0.0,0.0,0.0,6.055808668482823e-05,0.0016057138480935064,0.0009405406648907458,0.0010552905989257072
2025-06-23 02:00:00+00:00,98.9739990234375,99.03099822998048,98.90799713134766,99.02899932861328,0.0,-0.0005654827481537117,0.0005654827481537,0.0007571462618315,0.0,98.73733329772948,-0.0005654827481537,0.0015583822008586,0.0030708253804896,0.0,0.0,2.0,0.0,0.0,0.0,0.0,-0.0005553959501627474,0.001242071509019954,0.0008253063163243394,0.0011331900239385706
2025-06-23 03:00:00+00:00,99.03299713134766,99.04000091552734,98.947998046875,98.9729995727539,0.0,0.0005960970405589627,0.0005960970405589,0.0007540602103711,0.0,98.75408331553142,0.0005960970405589,0.0026220974214974,0.0040758021380653,1.0,0.0,3.0,0.0,0.0,0.0,0.0,0.0006062012756281726,0.0009295754301627841,0.0005816682148320028,0.0010901575281681937
2025-06-23 04:00:00+00:00,99.0780029296875,99.11599731445312,99.01300048828124,99.0270004272461,0.0,0.00045445255261888917,0.0004544525526188,0.0007286782410906,0.0,98.77587509155272,0.0004544525526188,0.0008182195459447,0.0053067081618611,1.0,0.0,4.0,0.0,0.0,0.0,1.0,0.0005150363256622839,0.001040088316595631,0.0006337190208433229,0.0010354309352632995
2025-06-23 05:00:00+00:00,98.947998046875,99.0790023803711,98.94200134277344,99.0790023803711,0.0,-0.0013121467830227163,0.0013121467830227,0.0007926874596213,0.0,98.79108333587646,-0.0013121467830227,0.0003133761642371,0.0037024422374201,0.0,1.0,5.0,0.0,0.0,0.0,1.0,-0.001322220958515096,0.00138274542845819,0.0010631972899303017,0.0008539226995431887
2025-06-23 06:00:00+00:00,98.96800231933594,99.02100372314452,98.88500213623048,98.9459991455078,0.0,0.0002021695522476108,0.0002021695522476,0.0007916410950689,0.0,98.80729166666669,0.0002021695522476,-0.0005554295842182,0.003946072992947,1.0,0.0,6.0,0.0,0.0,0.0,1.0,0.00022237557878193568,0.0013745031440233692,0.0009554818930983013,0.0007915577981698455
2025-06-23 07:00:00+00:00,99.0270004272461,99.05699920654295,98.90599822998048,98.96800231933594,0.0,0.0005961331594810382,0.000596133159481,0.0007828593136838,0.0,98.82237497965497,0.000596133159481,-3.027720981263471e-05,0.0036689759120225,1.0,0.0,7.0,0.0,0.0,0.0,1.0,0.0005961331594810766,0.001525755527278837,0.0010074632851914994,0.0007076189153587214
2025-06-23 08:00:00+00:00,99.18900299072266,99.197998046875,99.01300048828124,99.0260009765625,0.0,0.0016359433566361936,0.0016359433566361,0.0008384519380363,0.0,98.84412511189778,0.0016359433566361,0.0021723277770582,0.0052905548440396,1.0,1.0,8.0,0.0,0.0,0.0,1.0,0.0016460526786165545,0.0018681715586752765,0.0007407338581977529,0.0009404714326322527
2025-06-23 09:00:00+00:00,99.3010025024414,99.4209976196289,99.18900299072266,99.18900299072266,0.0,0.0011291525102761213,0.0011291525102761,0.000837865916671,0.0,98.87312507629396,0.0011291525102761,0.0027062229646377,0.0070584566889411,1.0,1.0,9.0,0.0,0.0,1.0,1.0,0.0011291525102760185,0.0023389148182883634,0.0005199602286688636,0.0009195758181752626
2025-06-23 10:00:00+00:00,99.36900329589844,99.38899993896484,99.23999786376952,99.302001953125,0.0,0.0006847946319108456,0.0006847946319108,0.0008359272247502,0.0,98.90558369954428,0.0006847946319108,0.0029370834858011,0.0079014807479855,1.0,0.0,10.0,0.0,0.0,1.0,1.0,0.0006747229809633157,0.0015004941719670704,0.0004759157457937192,0.0009221832261029903
2025-06-23 11:00:00+00:00,99.25399780273438,99.3740005493164,99.24500274658205,99.37000274658205,0.0,-0.0011573578213479596,0.0011573578213479,0.0008891382362233,0.0,98.93179194132487,-0.0011573578213479,0.0030925310455944,0.0063776710036438,0.0,1.0,11.0,0.0,0.0,1.0,1.0,-0.001167404051940218,0.0012981563768629143,0.0012123743290018713,0.001112484565010534
2025-06-23 12:00:00+00:00,99.2750015258789,99.3740005493164,99.2239990234375,99.25499725341795,0.0,0.0002116158906393384,0.0002116158906393,0.0008891102593094,0.0,98.95754210154216,0.0002116158906393,0.0031020046817999,0.0062641663515365,1.0,0.0,12.0,0.0,0.0,1.0,1.0,0.0002015442346935619,0.0015112742937861577,0.0009566881071654647,0.0008796513587926349
2025-06-23 13:00:00+00:00,99.09100341796876,99.29299926757812,99.0500030517578,99.2760009765625,0.0,-0.0018534183337400867,0.0018534183337403,0.0009843709220082,0.0,98.97316710154216,-0.0018534183337403,0.0006463185842904,0.0037987761560021,0.0,1.0,13.0,0.0,0.0,1.0,1.0,-0.0018634670693213236,0.0024476833618398298,0.0010506312078049581,0.0012498624555163857
2025-06-23 14:00:00+00:00,98.71900177001952,99.09300231933594,98.64900207519533,99.09100341796876,0.0,-0.003754141497388397,0.003754141497388,0.0012680397377842,0.0,98.973375638326,-0.003754141497388,-0.0047384408203707,5.070084253833152e-05,0.0,1.0,14.0,0.0,0.0,1.0,1.0,-0.003754141497388348,0.004480732143439952,0.0019834459304194202,0.0019129974668877585
2025-06-23 15:00:00+00:00,98.69499969482422,98.72799682617188,98.55500030517578,98.72200012207033,0.0,-0.00024313531098318908,0.0002431353109833,0.001258500380752,0.0,98.96945889790852,-0.0002431353109833,-0.006102685696474,-0.0009515408459005,0.0,0.0,15.0,0.0,0.0,1.0,1.0,-0.00027349959697657843,0.0017523603733937982,0.0017575041203927036,0.0016916255587396379
2025-06-23 16:00:00+00:00,98.63600158691406,98.81700134277344,98.54399871826172,98.69499969482422,0.0,-0.0005977821378244652,0.0005977821378244,0.0012627020206375,0.0,98.96429220835368,-0.0005977821378244,-0.0073765629589909,-0.0012555745912739,0.0,0.0,16.0,0.0,0.0,1.0,1.0,-0.0005977821378244579,0.0027661241740298175,0.0019328538149357922,0.0014926200173666158
2025-06-23 17:00:00+00:00,98.44499969482422,98.66400146484376,98.43000030517578,98.63600158691406,0.0,-0.001936431820196427,0.0019364318201964,0.0013015180415734,0.0,98.95595900217693,-0.0019364318201964,-0.008150786122671,-0.0020274413811969,0.0,1.0,17.0,0.0,0.0,0.0,1.0,-0.0019364318201964077,0.002372370695316462,0.0008930295265757737,0.0013317864009456312
2025-06-23 18:00:00+00:00,98.41600036621094,98.47100067138672,98.37100219726562,98.44499969482422,0.0,-0.0002945739113533463,0.0002945739113533,0.0012997694815133,0.0,98.94525082906088,-0.0002945739113533,-0.008652743857617,-0.0026045236675311,0.0,0.0,18.0,0.0,0.0,0.0,1.0,-0.00029457391135332496,0.001015780125258624,0.0008736528289834694,0.001389423162824898
2025-06-23 19:00:00+00:00,98.37899780273438,98.4290008544922,98.3740005493164,98.41600036621094,0.0,-0.00037598117520398766,0.0003759811752039,0.0012971834675536,0.0,98.9315840403239,-0.0003759811752039,-0.00718537092849,-0.0033229956057185,0.0,0.0,19.0,0.0,0.0,0.0,1.0,-0.0003759811752039717,0.0005588553179476562,0.0009253225339393438,0.0013043906469982203
2025-06-23 20:00:00+00:00,98.38400268554688,98.4000015258789,98.3479995727539,98.37899780273438,0.0,5.087348849119877e-05,5.087348849119877e-05,0.0012690683185727,0.0,98.91341749827068,5.087348849119877e-05,-0.0033934610203321,-0.0044120320848389,1.0,0.0,20.0,0.0,0.0,0.0,1.0,5.087348849126915e-05,0.0005285879535922111,0.0002266296364061022,0.0013653399534212362
2025-06-23 21:00:00+00:00,98.38600158691406,98.39199829101562,98.3730010986328,98.38400268554688,0.0,2.0317341362652286e-05,2.031734136265229e-05,0.0012682484831442,0.0,98.89725081125896,2.031734136265229e-05,-0.003130838531492,-0.0039281640930765,1.0,0.0,21.0,0.0,0.0,0.0,0.0,2.0317341362663924e-05,0.00019309229004988937,0.00023811450196583637,0.000679273890132728
2025-06-23 22:00:00+00:00,98.3499984741211,98.40599822998048,98.34700012207033,98.38600158691406,0.0,-0.0003659373509672381,0.0003659373509672,0.0011588609632906,0.0,98.87029234568278,-0.0003659373509672,-0.0028995813718275,-0.0065355835334183,0.0,0.0,22.0,0.0,0.0,0.0,0.0,-0.0003659373509671866,0.0005996595751280471,0.00023232794399450564,0.0006736273405645487
2025-06-23 23:00:00+00:00,98.23600006103516,98.25299835205078,98.14800262451172,98.15799713134766,0.0,-0.0011591094545460034,0.001159109454546,0.0011680917467538,0.0,98.8419173558553,-0.001159109454546,-0.0021230091364411,-0.0068845573270517,0.0,0.0,23.0,0.0,0.0,0.0,0.0,0.0007946670874215408,0.001069660451593823,0.0006012989051697184,0.0007190933830383188
2025-06-24 00:00:00+00:00,98.19400024414062,98.2750015258789,98.13600158691406,98.23600006103516,0.0,-0.00042753997382261044,0.0004275399738226,0.0011317904754601,0.0,98.80737559000652,-0.0004275399738226,-0.0022557320074402,-0.0083718162285445,0.0,0.0,0.0,1.0,0.0,0.0,0.0,-0.00042753997382259337,0.0014149592703131388,0.00044123137810830984,0.0004002127052958988
2025-06-24 01:00:00+00:00,98.25299835205078,98.25800323486328,98.13899993896484,98.19300079345705,0.0,0.0006008321054593591,0.0006008321054593,0.0011454419960119,0.0,98.7750005722046,0.0006008321054593,-0.0012807555829775,-0.0078461116512558,1.0,0.0,1.0,1.0,0.0,0.0,0.0,0.0006110166519906747,0.0012119325709248222,0.0008841320916777425,0.0005436875743190179
2025-06-24 02:00:00+00:00,98.16999816894533,98.2760009765625,98.16100311279295,98.25299835205078,0.0,-0.0008447597986582789,0.0008447597986585,0.0011493763191841,0.0,98.74150053660075,-0.0008447597986585,-0.002175196279476,-0.0081233542387409,0.0,0.0,2.0,1.0,0.0,0.0,0.0,-0.0008447597986583187,0.0011704259991893182,0.0007440158453658902,0.0005905602913361898
2025-06-24 03:00:00+00:00,98.10700225830078,98.1709976196289,98.08499908447266,98.16999816894533,0.0,-0.0006417022697314811,0.0006417022697313,0.0011332426193914,0.0,98.70291741689046,-0.0006417022697313,-0.0028357624470266,-0.0093503670480529,0.0,0.0,3.0,1.0,0.0,0.0,0.0,-0.0006417022697314597,0.0008760164689852709,0.0007826088834612985,0.0005791780015489545
2025-06-24 04:00:00+00:00,98.11299896240234,98.14800262451172,98.05799865722656,98.11799621582033,0.0,6.11241192118861e-05,6.11241192118861e-05,0.0011232886243027,0.0,98.6627089182536,6.11241192118861e-05,-0.0024097561301041,-0.0097398407189331,1.0,0.0,4.0,1.0,0.0,0.0,1.0,-5.093105863057989e-05,0.0009173033567377746,0.00047536353907735065,0.0005843261840991292
2025-06-24 05:00:00+00:00,98.0780029296875,98.1510009765625,98.05899810791016,98.11399841308594,0.0,-0.0003566910917507382,0.0003566910917507,0.0011066267860168,0.0,98.6264591217041,-0.0003566910917507,-0.0016083424737315,-0.0087924478954627,0.0,0.0,5.0,1.0,0.0,0.0,1.0,-0.00036687408505040205,0.0009377139872027974,0.0003534981977985465,0.0005844178305867434
2025-06-24 06:00:00+00:00,98.0790023803711,98.1269989013672,97.96900177001952,98.07599639892578,0.0,1.0190365359541431e-05,1.0190365359541431e-05,0.0011030193077899,0.0,98.58941745758057,1.0190365359541431e-05,-0.0011711292287065,-0.0089827006520384,1.0,0.0,6.0,1.0,0.0,0.0,1.0,3.064951217100685e-05,0.00161096636433882,0.00022794948320648987,0.0004890822961695994
2025-06-24 07:00:00+00:00,98.16400146484376,98.25,98.03299713134766,98.07599639892578,0.0,0.0008666389584901513,0.0008666389584899,0.0011146977837182,0.0,98.55345916748048,0.0008666389584899,-0.0009057930923201,-0.0087147844393851,1.0,0.0,7.0,1.0,0.0,0.0,1.0,0.0008973150327223887,0.002212599174314589,0.0006277795005771246,0.0006265377782499808
2025-06-24 08:00:00+00:00,98.11299896240234,98.18199920654295,98.07599639892578,98.16400146484376,0.0,-0.000519564215805568,0.0005195642158054,0.0010301818575379,0.0,98.50862566630046,-0.0005195642158054,-0.0005806173740053,-0.0108480173797185,0.0,0.0,8.0,1.0,0.0,0.0,1.0,-0.0005195642158055912,0.001079854183156306,0.000699488306951159,0.0005755412430806154
2025-06-24 09:00:00+00:00,97.99099731445312,98.11599731445312,97.93299865722656,98.11399841308594,0.0,-0.0012434809784580558,0.001243480978458,0.0009844959530883,0.0,98.45404211680096,-0.001243480978458,-0.0011824328659256,-0.0131922654854976,0.0,1.0,9.0,1.0,0.0,1.0,1.0,-0.0012536549383600215,0.0018651635871171986,0.0010722422664664866,0.0006627079985652103
2025-06-24 10:00:00+00:00,98.0790023803711,98.09500122070312,97.99099731445312,97.99099731445312,0.0,0.0008980933792883672,0.0008980933792883,0.0009970361018172,0.0,98.40029207865398,0.0008980933792883,-0.0003465043612037,-0.0129819246720832,1.0,0.0,10.0,1.0,0.0,1.0,1.0,0.0008980933792883083,0.0010613618505815534,0.0010893537278232003,0.0007630419555057442
2025-06-24 11:00:00+00:00,97.98699951171876,98.08499908447266,97.94400024414062,98.08000183105467,0.0,-0.0009380485773654579,0.0009380485773655,0.0009921616855282,0.0,98.347500483195,-0.0009380485773655,-0.0009278677710636,-0.0127652116696977,0.0,0.0,11.0,1.0,0.0,1.0,1.0,-0.0009482291761791355,0.0014375901070526628,0.00115837867774883,0.00083126301357024
2025-06-24 12:00:00+00:00,98.03700256347656,98.0999984741211,97.97000122070312,97.98799896240234,0.0,0.0005103029178050722,0.0005103029178052,0.0010037358998775,0.0,98.2959171930949,0.0005103029178052,-0.0004282243484864,-0.012470399832526,1.0,0.0,12.0,1.0,0.0,1.0,1.0,0.0005000979874384542,0.0013266650487254899,0.0009677741455323068,0.0008650210159707144
2025-06-24 13:00:00+00:00,98.10099792480467,98.16699981689452,98.00599670410156,98.03600311279295,0.0,0.0006527674210221601,0.0006527674210223,0.0009894905723566,0.0,98.25466696421306,0.0006527674210223,-0.0006418191913419,-0.0099908716131189,1.0,0.0,13.0,1.0,0.0,1.0,1.0,0.0006629688068468126,0.0016422855653113102,0.0008802190758522978,0.0009067279828743969
2025-06-24 14:00:00+00:00,97.89600372314452,98.10399627685548,97.70700073242188,98.08999633789062,0.0,-0.0020896240201071503,0.0020896240201071,0.0007820697176688,0.0,98.2203753789266,-0.0020896240201071,-0.0022116869482398,-0.0083367744012676,0.0,1.0,14.0,1.0,0.0,1.0,1.0,-0.001977700295531275,0.00404725822464176,0.0015438386699791447,0.001117392014394634
2025-06-24 15:00:00+00:00,97.97599792480467,97.97599792480467,97.77300262451172,97.89099884033205,0.0,0.0008171344959737592,0.0008171344959737,0.0008174257794244,0.0,98.19041697184244,0.0008171344959737,-0.0001530690579697,-0.0072850881224252,1.0,0.0,15.0,1.0,0.0,1.0,1.0,0.0008683033729308254,0.002073687087656097,0.001632838654129487,0.0012025219375678673
2025-06-24 16:00:00+00:00,97.8499984741211,97.99700164794922,97.84500122070312,97.97599792480467,0.0,-0.0012860236522447277,0.0012860236522448,0.000839932193778,0.0,98.15766684214276,-0.0012860236522448,-0.0023348922877689,-0.0079687244023205,0.0,1.0,16.0,1.0,0.0,1.0,1.0,-0.0012860236522447314,0.0015514047365228383,0.0015010159236583374,0.0012087719092877215
2025-06-24 17:00:00+00:00,97.83899688720705,97.86199951171876,97.79199981689452,97.8499984741211,0.0,-0.00011243318431897187,0.000112433184319,0.0007679755952018,0.0,98.13241672515868,-0.000112433184319,-0.001510431233217,-0.0061557500075755,0.0,0.0,17.0,1.0,0.0,0.0,1.0,-0.00011243318431893422,0.0007153775770651683,0.0010539358657803341,0.0011114956365329092
2025-06-24 18:00:00+00:00,97.85800170898438,97.88700103759766,97.81400299072266,97.83899688720705,0.0,0.00019424587722660647,0.0001942458772268,0.0007733977002138,0.0,98.1091667811076,0.0001942458772268,-0.0018258499322874,-0.0056697961220758,1.0,0.0,18.0,1.0,0.0,0.0,1.0,0.00019424587722663495,0.0007461037949842766,0.0007812985465533209,0.00109380554967307
2025-06-24 19:00:00+00:00,97.93599700927734,97.94000244140624,97.84500122070312,97.85800170898438,0.0,0.0007970252706051006,0.0007970252706051,0.0008007858294774,0.0,98.09070841471356,0.0007970252706051,-0.0016819494094628,-0.0045030016909231,1.0,0.0,19.0,1.0,0.0,0.0,1.0,0.0007970252706050095,0.0009708068736742731,0.0004626931533794201,0.0011290979377068474
2025-06-24 20:00:00+00:00,97.97100067138672,97.9749984741211,97.91500091552734,97.93599700927734,0.0,0.0003574136495088087,0.0003574136495088,0.0008071760638128,0.0,98.07349999745686,0.0003574136495088,0.0007660879442461,-0.0041978574045232,1.0,0.0,20.0,1.0,0.0,0.0,1.0,0.00035741364950886396,0.0006126200827675907,0.0003117758533509399,0.0010993704786375646
2025-06-24 21:00:00+00:00,97.95899963378906,97.97799682617188,97.93399810791016,97.97100067138672,0.0,-0.00012249581524548248,0.0001224958152454,0.0008061997676427,0.0,98.05570824941,-0.0001224958152454,-0.0001734944412474,-0.0043400681625199,0.0,0.0,21.0,1.0,0.0,0.0,0.0,-0.0001224958152454725,0.0004490994065611188,0.00045990768984792706,0.0007176965183438711
2025-06-24 22:00:00+00:00,97.97000122070312,97.97000122070312,97.95099639892578,97.95899963378906,0.0,0.00011230807741191562,0.0001123080774119,0.0008073369906754,0.0,98.03987503051758,0.0001123080774119,0.0012263949765289,-0.0038637240397919,1.0,0.0,22.0,1.0,0.0,0.0,0.0,0.00011230807741188606,0.00019400792013384756,0.00023997315955498195,0.0006447645626276063
2025-06-24 23:00:00+00:00,97.9530029296875,97.96199798583984,97.92400360107422,97.93499755859376,0.0,-0.00017350506077196126,0.0001735050607719,0.0007789247892812,0.0,98.0280834833781,-0.0001735050607719,0.001165241326134,-0.0028807884194371,0.0,0.0,23.0,1.0,0.0,0.0,0.0,0.00018385022252094622,0.0003879551305741673,0.0001524379442564539,0.00034467865131299194
2025-06-25 00:00:00+00:00,97.8769989013672,97.96099853515624,97.8730010986328,97.95500183105467,0.0,-0.0007759234127294734,0.0007759234127295,0.0007880992459501,0.0,98.01487509409588,-0.0007759234127295,0.0001941301891623,-0.0032283168216518,0.0,0.0,0.0,2.0,0.0,0.0,0.0,-0.0007963139015811065,0.0008983455145578863,0.0004534225771493498,0.0004897073663537594
2025-06-25 01:00:00+00:00,97.8290023803711,97.9229965209961,97.81400299072266,97.8769989013672,0.0,-0.0004903758956124049,0.0004903758956121,0.0007752081347956,0.0,97.99720859527588,-0.0004903758956121,-0.0010924954273566,-0.0043153489337848,0.0,0.0,1.0,2.0,0.0,0.0,0.0,-0.0004903758956123605,0.0011135765450192509,0.0003013448692333083,0.0005245256560383531
2025-06-25 02:00:00+00:00,97.89700317382812,97.91400146484376,97.8249969482422,97.83000183105467,0.0,0.0006950985066027648,0.0006950985066027,0.0007814855853902,0.0,97.98583380381268,0.0006950985066027,-0.0007553000076705,-0.0027808393624229,1.0,0.0,2.0,2.0,0.0,0.0,0.0,0.0006848752071901029,0.0009097875389521801,0.0007800419251547825,0.0004980937667414859
2025-06-25 03:00:00+00:00,97.97200012207033,97.9739990234375,97.88099670410156,97.89800262451172,0.0,0.0007660801230966463,0.0007660801230964,0.0007930381671571,0.0,97.98020871480306,0.0007660801230964,0.0001327135672051,-0.0013760703428183,1.0,0.0,3.0,2.0,0.0,0.0,0.0,0.000755863200216921,0.0009499920002724506,0.0007058174545798823,0.000573043164244475
2025-06-25 04:00:00+00:00,97.95099639892578,97.97200012207033,97.9280014038086,97.97000122070312,0.0,-0.00021438495813475011,0.0002143849581345,0.0007932468578422,0.0,97.97345860799152,-0.0002143849581345,-0.000193986133924,-0.0016511834842459,0.0,0.0,4.0,2.0,0.0,0.0,1.0,-0.00019398613392410197,0.0004491039880933992,0.0005467342953125062,0.000577395582885817
2025-06-25 05:00:00+00:00,97.9209976196289,97.99600219726562,97.91799926757812,97.95099639892578,0.0,-0.00030626313564696694,0.0003062631356469,0.0007925168984176,0.0,97.96691672007243,-0.0003062631356469,-0.0003267414892993,-0.0016008208300403,0.0,0.0,5.0,2.0,0.0,0.0,1.0,-0.00030626313564691816,0.0007963464646119256,0.0005943727000782659,0.0005840687391078478
2025-06-25 06:00:00+00:00,98.01499938964844,98.03700256347656,97.9000015258789,97.9209976196289,0.0,0.0009599756161051687,0.0009599756161051,0.0008197560694812,0.0,97.96424992879231,0.0009599756161051,0.001409937879484,-0.0006525656783746,1.0,1.0,6.0,2.0,0.0,0.0,1.0,0.00095997561610512,0.0013990976494115445,0.00070603646438775,0.0006971869419639352
2025-06-25 07:00:00+00:00,98.05999755859376,98.11499786376952,97.98300170898438,98.01599884033205,0.0,0.0004590947224969444,0.0004590947224967,0.000804521944535,0.0,97.95991643269856,0.0004590947224967,0.0023612136749031,-0.0010594913073836,1.0,0.0,7.0,2.0,0.0,0.0,1.0,0.00044889322949606024,0.0013466796884880358,0.0006377061623563084,0.0005892714750983172
2025-06-25 08:00:00+00:00,98.01000213623048,98.09500122070312,97.9980010986328,98.06099700927734,0.0,-0.0005098452336123049,0.0005098452336123,0.0008042744939555,0.0,97.95562489827472,-0.0005098452336123,0.0011542637541386,-0.00104977757546,0.0,0.0,8.0,2.0,0.0,0.0,1.0,-0.0005200321697936262,0.0009891814791680095,0.0007472281711310374,0.0005934731949394705
2025-06-25 09:00:00+00:00,98.08699798583984,98.1510009765625,98.00299835205078,98.01000213623048,0.0,0.0007855917552408442,0.000785591755241,0.0007788905420507,0.0,97.9596249262492,0.000785591755241,0.0011737829545814,0.0009796886858763,1.0,1.0,9.0,2.0,0.0,1.0,1.0,0.0007855917552408503,0.0015100767399841525,0.0006737459886119947,0.0006052904787219949
2025-06-25 10:00:00+00:00,98.08799743652344,98.11100006103516,98.0459976196289,98.08699798583984,0.0,1.018943085329127e-05,1.018943085329127e-05,0.0007571995238647,0.0,97.95999972025554,1.018943085329127e-05,0.0013986691573784,9.171235365412755e-05,1.0,0.0,10.0,2.0,0.0,1.0,1.0,1.0189430853394391e-05,0.0006627019150451924,0.0006519000190469422,0.0005699259052274199
2025-06-25 11:00:00+00:00,98.10900115966795,98.1259994506836,98.02300262451172,98.08799743652344,0.0,0.00021413142987358746,0.0002141314298738,0.0007309386711495,0.0,97.96508312225342,0.0002141314298738,0.0019199512322103,0.0012450799448617,1.0,0.0,11.0,2.0,0.0,1.0,1.0,0.0002141314298735619,0.0010500451519415335,0.0004019552228584075,0.0005442957878751721
2025-06-25 12:00:00+00:00,98.18000030517578,98.1989974975586,98.08899688720705,98.10900115966795,0.0,0.0007236761629270116,0.0007236761629267,0.0007380175252819,0.0,97.97104136149088,0.0007236761629267,0.0016834251548725,0.0014586098917765,1.0,0.0,12.0,2.0,0.0,1.0,1.0,0.0007236761629269757,0.0011212081363719856,0.00036748956692495894,0.0005133712516335256
2025-06-25 13:00:00+00:00,98.12000274658205,98.20099639892578,98.0739974975586,98.1790008544922,0.0,-0.0006110975596582691,0.0006110975596583,0.0007390464485398,0.0,97.97183322906494,-0.0006110975596583,0.0006119232049992,0.0001937270994114,0.0,0.0,13.0,2.0,0.0,1.0,1.0,-0.0006009238981520637,0.001293544446998481,0.0006735799396570616,0.0005578049699895969
2025-06-25 14:00:00+00:00,97.97899627685548,98.12100219726562,97.95800018310548,98.12000274658205,0.0,-0.0014370817955513537,0.0014370817955513,0.0006669991229307,0.0,97.97529125213624,-0.0014370817955513,-0.0003163540322334,0.0008477624270102,0.0,1.0,14.0,2.0,0.0,1.0,1.0,-0.00143708179555136,0.0016612516265529776,0.0010903169113898091,0.0007945968542332754
2025-06-25 15:00:00+00:00,97.98500061035156,98.0,97.9250030517578,97.98600006103516,0.0,6.12818432954576e-05,6.12818432954576e-05,0.0006460031402008,0.0,97.975666364034,6.12818432954576e-05,-0.0010398664204506,9.188664303061422e-05,1.0,0.0,15.0,2.0,0.0,1.0,1.0,-1.0199933490204678e-05,0.0007653843222040532,0.0007504929062154838,0.0007767508173833797
2025-06-25 16:00:00+00:00,97.89099884033205,97.98699951171876,97.85800170898438,97.98500061035156,0.0,-0.0009593485679846303,0.0009593485679848,0.0006205809214763,0.0,97.97737471262614,-0.0009593485679848,-0.0020083863606135,0.0004190124358742,0.0,1.0,16.0,2.0,0.0,1.0,1.0,-0.0009593485679846624,0.0013165056072955857,0.0007653984874309332,0.0007485524103422185
2025-06-25 17:00:00+00:00,97.81600189208984,97.9229965209961,97.8040008544922,97.89099884033205,0.0,-0.0007661271121007784,0.0007661271121005,0.0006405616609742,0.0,97.9764165878296,-0.0007661271121005,-0.0029864667269549,-0.000235028933746,0.0,1.0,17.0,2.0,0.0,0.0,1.0,-0.0007661271121007526,0.001215593547042904,0.0005421602694950323,0.0007549298829237426
2025-06-25 18:00:00+00:00,97.6790008544922,97.822998046875,97.6790008544922,97.81600189208984,0.0,-0.0014005994412732425,0.0014005994412733,0.0006985916537779,0.0,97.9689582188924,-0.0014005994412733,-0.0051028666645581,-0.0018291897582837,0.0,1.0,18.0,2.0,0.0,0.0,1.0,-0.001400599441273228,0.0014721230636849717,0.00032521582594675745,0.0007834551043238725
2025-06-25 19:00:00+00:00,97.6989974975586,97.70700073242188,97.64600372314452,97.68000030517578,0.0,0.00020471793211918055,0.0002047179321191,0.0006765208361372,0.0,97.95908323923749,0.0002047179321191,-0.0042907178683104,-0.0024199428091419,1.0,0.0,19.0,2.0,0.0,0.0,1.0,0.0001944839508953799,0.0006244575049835038,0.0008085108848666955,0.0006470087732977257
2025-06-25 20:00:00+00:00,97.6969985961914,97.75,97.67400360107422,97.6989974975586,0.0,-2.0459794044858093e-05,2.0459794044858093e-05,0.000669758208557,0.0,97.94766648610432,-2.0459794044858093e-05,-0.0028781442082467,-0.0027967671384144,0.0,0.0,20.0,2.0,0.0,0.0,1.0,-2.0459794044841152e-05,0.000777862627788789,0.000869150382416422,0.000697274484007537
2025-06-25 21:00:00+00:00,97.70899963378906,97.7310028076172,97.6969985961914,97.697998046875,0.0,0.0001228393683541107,0.0001228393683541,0.0006715321801417,0.0,97.93724981943768,0.0001228393683541,-0.0028167676158931,-0.0025520881280393,1.0,0.0,21.0,2.0,0.0,0.0,0.0,0.00011260811003296091,0.0003480543317733124,0.00011397642849066462,0.000638192754327075
2025-06-25 22:00:00+00:00,97.70899963378906,97.70999908447266,97.6989974975586,97.70800018310548,0.0,0.0,0.0,0.0006703331883027,0.0,97.92637475331624,0.0,-0.0018592026713285,-0.0026640970058384,0.0,0.0,22.0,2.0,0.0,0.0,0.0,1.0228954453131387e-05,0.00011259658260782585,7.750565950763607e-05,0.0006312901109475104
2025-06-25 23:00:00+00:00,97.50399780273438,97.55799865722656,97.49500274658205,97.5459976196289,0.0,-0.002098085456027854,0.0020980854560278,0.0007836787948284,0.0,97.90766620635986,-0.0020980854560278,-0.0031897039678606,-0.0045838832248504,0.0,1.0,23.0,2.0,0.0,0.0,0.0,-0.00043056422528277825,0.000645807231273224,0.0012483027922456243,0.0008916619531247002
2025-06-26 00:00:00+00:00,97.48899841308594,97.50800323486328,97.45600128173828,97.50399780273438,0.0,-0.00015383358617548915,0.0001538335861754,0.0007737199440151,0.0,97.89149951934814,-0.0001538335861754,-0.0019451718357489,-0.0039641641308623,0.0,0.0,0.0,3.0,0.0,0.0,0.0,-0.00015383358617544664,0.0005333314971372556,0.0011694544801213699,0.0008986924938759528
2025-06-26 01:00:00+00:00,97.46900177001952,97.6050033569336,97.46099853515624,97.48899841308594,0.0,-0.00020511691977476154,0.0002051169197746,0.0007706925956053,0.0,97.87649949391682,-0.0002051169197746,-0.0023541257682281,-0.0036798965704651,0.0,0.0,1.0,3.0,0.0,0.0,0.0,-0.00020511691977477854,0.001477139206694611,0.0011080068586560938,0.0008025790211986013
2025-06-26 02:00:00+00:00,97.43399810791016,97.4990005493164,97.4020004272461,97.46900177001952,0.0,-0.0003591260962326759,0.0003591260962327,0.0007499996236537,0.0,97.85720761617024,-0.0003591260962327,-0.0026920017202196,-0.0047295121495787,0.0,0.0,2.0,3.0,0.0,0.0,0.0,-0.00035912609623265436,0.000995189448017398,0.00010684398393913193,0.0007702912934299926
2025-06-26 03:00:00+00:00,97.41699981689452,97.44300079345705,97.26799774169922,97.43299865722656,0.0,-0.00017445954539208053,0.0001744595453919,0.0007215068441549,0.0,97.8340826034546,-0.0001744595453919,-0.0029884638875532,-0.0056648869522339,0.0,0.0,3.0,3.0,0.0,0.0,0.0,-0.0001642035096172095,0.0017961373884580409,9.896163906339369e-05,0.000760188064961167
2025-06-26 04:00:00+00:00,97.50599670410156,97.51499938964844,97.41300201416016,97.41300201416016,0.0,0.0009135662910408904,0.0009135662910406,0.0007587791681407,0.0,97.8155409495036,0.0009135662910406,-0.0020776277563822,-0.0045430849218915,1.0,1.0,4.0,3.0,0.0,0.0,1.0,0.0009546435077310147,0.0010470612072242132,0.0006877072861289601,0.0008986474060116464
2025-06-26 05:00:00+00:00,97.45800018310548,97.54399871826172,97.45800018310548,97.50599670410156,0.0,-0.0004922417350569086,0.000492241735057,0.0007609706864601,0.0,97.79624938964844,-0.000492241735057,-0.0004717511144719,-0.0047282753217234,0.0,0.0,5.0,3.0,0.0,0.0,1.0,-0.0004922417350569022,0.0008819820120111473,0.0007372337877786651,0.0008907835724876619
2025-06-26 06:00:00+00:00,97.3290023803711,97.52300262451172,97.3239974975586,97.46600341796876,0.0,-0.0013236245612676667,0.0013236245612675,0.0007527148902836,0.0,97.76766618092854,-0.0013236245612675,-0.0016411701352895,-0.0069988982660729,0.0,1.0,6.0,3.0,0.0,0.0,1.0,-0.0014056289659293965,0.0020417901624602427,0.0011308195051681397,0.0006574987227698155
2025-06-26 07:00:00+00:00,97.23699951171876,97.36399841308594,97.2040023803711,97.33000183105467,0.0,-0.0009452770130404797,0.0009452770130407,0.0007463200131532,0.0,97.73337459564208,-0.0009452770130407,-0.0023802671012082,-0.0083928010133106,0.0,1.0,7.0,3.0,0.0,0.0,1.0,-0.0009555359867078028,0.00164385112200619,0.0004162501719850261,0.0007033689969031048
2025-06-26 08:00:00+00:00,97.1050033569336,97.25599670410156,96.99700164794922,97.23600006103516,0.0,-0.0013574684065530418,0.0013574684065529,0.0007737239690215,0.0,97.6956663131714,-0.0013574684065529,-0.0033765908960463,-0.0092337390018516,0.0,1.0,8.0,3.0,0.0,0.0,1.0,-0.0013472037518957557,0.0026635716811651265,0.00022883546418007671,0.0007882256476076451
2025-06-26 09:00:00+00:00,97.14600372314452,97.2239990234375,97.10199737548828,97.1060028076172,0.0,0.0004222271231506536,0.0004222271231506,0.0007530778776838,0.0,97.6564582188924,0.0004222271231506,-0.0027818152299841,-0.0095934658213432,1.0,0.0,9.0,3.0,0.0,1.0,1.0,0.0004119304097663628,0.0012563759646344818,0.0009316012635808865,0.0008683808897270075
2025-06-26 10:00:00+00:00,97.22000122070312,97.2229995727539,97.10299682617188,97.14700317382812,0.0,0.0007617142725653281,0.0007617142725653,0.0007858437117611,0.0,97.6202917098999,0.0007617142725653,-0.0029331066094974,-0.0088491582915842,1.0,0.0,10.0,3.0,0.0,1.0,1.0,0.0007514184122013763,0.001235269670308889,0.0011382371553225307,0.0009781009758191902
2025-06-26 11:00:00+00:00,97.36799621582033,97.3759994506836,97.21800231933594,97.21900177001952,0.0,0.0015222690110980874,0.001522269011098,0.0008690776405727,0.0,97.58941650390624,0.001522269011098,-0.0009235154334795,-0.007552874202049,1.0,1.0,11.0,3.0,0.0,1.0,1.0,0.0015325650653487445,0.0016251671841006246,0.000563291989137862,0.0011196247761195472
2025-06-26 12:00:00+00:00,97.26699829101562,97.40799713134766,97.2310028076172,97.36799621582033,0.0,-0.001037280510331473,0.0010372805103313,0.0008516921845231,0.0,97.55137475331624,-0.0010372805103313,-0.0006370566618277,-0.0092992667684074,0.0,1.0,12.0,3.0,0.0,1.0,1.0,-0.0010372805103315004,0.0018177874723655507,0.001314414920021127,0.0011613657102567797
2025-06-26 13:00:00+00:00,97.16899871826172,97.3550033569336,97.15299987792967,97.27100372314452,0.0,-0.0010075315829187748,0.0010075315829187,0.0008599936262535,0.0,97.51174958546956,-0.0010075315829187,-0.0006993304379865,-0.0096922543997119,0.0,1.0,13.0,3.0,0.0,1.0,1.0,-0.0010486681639795537,0.0020767080761176114,0.0014692441252120425,0.0011193947119240099
2025-06-26 14:00:00+00:00,97.2490005493164,97.25900268554688,97.1449966430664,97.1709976196289,0.0,0.0008233266999762012,0.0008233266999762,0.0008658484635505,0.0,97.4813330968221,0.0008233266999762,0.0014829018835775,-0.0074505328210991,1.0,0.0,14.0,3.0,0.0,1.0,1.0,0.0008027387965371997,0.0011732517445867932,0.0010657381043027003,0.0011317487893114308
2025-06-26 15:00:00+00:00,97.1780014038086,97.3560028076172,97.1760025024414,97.25,0.0,-0.0007300758373532945,0.0007300758373532,0.0008661153462438,0.0,97.4477081298828,-0.0007300758373532,0.000329377220243,-0.0082359463337873,0.0,0.0,15.0,3.0,0.0,1.0,1.0,-0.0007403454621224293,0.0018509028809850434,0.0009867525175860275,0.0010244005699957055
2025-06-26 16:00:00+00:00,97.09500122070312,97.22100067138672,97.0019989013672,97.177001953125,0.0,-0.0008541046523541374,0.0008541046523541,0.0008631265125925,0.0,97.41454156239828,-0.0008541046523541,-0.0012857436579971,-0.0081314689711894,0.0,0.0,16.0,3.0,0.0,1.0,1.0,-0.0008438285887995337,0.0022536378527622854,0.000934720861337138,0.0010716090472714219
2025-06-26 17:00:00+00:00,97.11699676513672,97.13899993896484,97.06900024414062,97.09600067138672,0.0,0.00022653632171643068,0.0002265363217164,0.0008655884417779,0.0,97.38541634877522,0.0002265363217164,-0.0025778434438277,-0.0071461224485975,1.0,0.0,17.0,3.0,0.0,0.0,1.0,0.00021624056196773255,0.0007209328328684397,0.000591364930291323,0.001019844746871145
2025-06-26 18:00:00+00:00,97.14700317382812,97.16699981689452,97.09100341796876,97.11599731445312,0.0,0.0003089717525344149,0.0003089717525344,0.0008409349619789,0.0,97.36324977874756,0.0003089717525344,-0.0012336673208366,-0.0054463874119325,1.0,0.0,18.0,3.0,0.0,0.0,1.0,0.00031926624070600576,0.0007825322400766077,0.000649015567186546,0.0007574072453384442
2025-06-26 19:00:00+00:00,97.26499938964844,97.27300262451172,97.14600372314452,97.14600372314452,0.0,0.0012146150881173767,0.0012146150881173,0.0008874659907857,0.0,97.3451665242513,0.0012146150881173,0.00098797633662,-0.0044421961230564,1.0,1.0,19.0,3.0,0.0,0.0,1.0,0.001224915713908779,0.0013072992866400835,0.0005482221417382486,0.0008734525982262993
2025-06-26 20:00:00+00:00,97.2969970703125,97.33799743652344,97.23799896240234,97.26599884033205,0.0,0.00032897425450939544,0.0003289742545093,0.0008931329814467,0.0,97.32849979400636,0.0003289742545093,0.0004935425631624,-0.0040943072113425,1.0,0.0,20.0,3.0,0.0,0.0,1.0,0.0003186954367408491,0.0010280928105745075,0.0005171959070353921,0.0007552500842719674
2025-06-26 21:00:00+00:00,97.30500030517578,97.33699798583984,97.2689971923828,97.2979965209961,0.0,8.225572324183084e-05,8.225572324183084e-05,0.00089259160662,0.0,97.31166648864746,8.225572324183084e-05,0.0013068688338162,-0.0041347197302956,1.0,0.0,21.0,3.0,0.0,0.0,0.0,7.198282010026941e-05,0.0006988920213004742,0.0005954644477277173,0.0007014244860963628
2025-06-26 22:00:00+00:00,97.3499984741211,97.36000061035156,97.3030014038086,97.30500030517578,0.0,0.00046244456918120846,0.0004624445691812,0.0009014192306117,0.0,97.29670810699464,0.0004624445691812,0.0026262655153415,-0.0036741872397987,1.0,0.0,22.0,3.0,0.0,0.0,0.0,0.000462444569181292,0.0005857788023657905,0.00019288507681439437,0.0006100559989662624
2025-06-26 23:00:00+00:00,97.37100219726562,97.3939971923828,97.3219985961914,97.33399963378906,0.0,0.0002157547352208411,0.0002157547352208,0.000802664517974,0.0,97.29116662343344,0.0002157547352208,0.0026154580618178,-0.0013640015636878,1.0,0.0,23.0,3.0,0.0,0.0,0.0,0.0003801607209791184,0.0007397065410060273,0.00019288226934044382,0.00037541127889593296
2025-06-27 00:00:00+00:00,97.38400268554688,97.40799713134766,97.3280029296875,97.37100219726562,0.0,0.00013351498893809932,0.000133514988938,0.0008032933458711,0.0,97.28679180145264,0.000133514988938,0.0024395967345969,-0.0010770007821208,1.0,0.0,0.0,4.0,0.0,0.0,0.0,0.0001335149889380011,0.0008215402928491441,0.0001711792037636714,0.00038434824726724483
2025-06-27 01:00:00+00:00,97.28700256347656,97.41100311279295,97.26799774169922,97.38400268554688,0.0,-0.0009960580731470658,0.000996058073147,0.0008260672308769,0.0,97.27920850118,-0.000996058073147,0.0002262188245123,-0.001867252185186,0.0,1.0,1.0,4.0,0.0,0.0,0.0,-0.0009960580731470452,0.0014684688157201795,0.000677149535551005,0.0006536814124273639
2025-06-27 02:00:00+00:00,97.28700256347656,97.37000274658205,97.2490005493164,97.28700256347656,0.0,0.0,0.0,0.0008239948823869,0.0,97.2730836868286,0.0,-0.0001027216372229,-0.0015086678909633,0.0,0.0,2.0,4.0,0.0,0.0,0.0,0.0,0.0012437652931766427,0.0006172375609575664,0.000479235359737398
2025-06-27 03:00:00+00:00,97.3290023803711,97.33499908447266,97.22899627685548,97.28700256347656,0.0,0.00043171046273249303,0.0004317104627324,0.000829686990092,0.0,97.26941712697348,0.0004317104627324,0.0002466684663688,-0.0009033067810426,1.0,0.0,3.0,4.0,0.0,0.0,0.0,0.0004317104627324473,0.001089588586594699,0.0007322372794800238,0.000491253734303981
2025-06-27 04:00:00+00:00,97.41500091552734,97.41500091552734,97.31500244140624,97.33100128173828,0.0,0.0008835859101909982,0.0008835859101909,0.0008282143386876,0.0,97.26562563578288,0.0008835859101909,0.0006677189771453,-0.0009332327410627,1.0,1.0,4.0,4.0,0.0,0.0,1.0,0.0008630306139142012,0.00102740619950727,0.0004418313034663456,0.0005851978355179203
2025-06-27 05:00:00+00:00,97.37799835205078,97.41899871826172,97.3479995727539,97.41500091552734,0.0,-0.0003798446145748535,0.0003798446145748,0.000825851905116,0.0,97.2622922261556,-0.0003798446145748,7.185049580749059e-05,-0.0008208852111102,0.0,0.0,5.0,4.0,0.0,0.0,1.0,-0.00037984461457480235,0.0007288317491202289,0.000640191345670614,0.0005994419854917419
2025-06-27 06:00:00+00:00,97.16999816894533,97.41500091552734,97.16999816894533,97.3769989013672,0.0,-0.0021360079959075184,0.0021360079959077,0.000894784584452,0.0,97.25566705067952,-0.0021360079959077,-0.0021975325587364,-0.0016336776041777,0.0,1.0,6.0,4.0,0.0,0.0,1.0,-0.002125766194864408,0.0025160227707384923,0.0015164824359127508,0.0010062979922758253
2025-06-27 07:00:00+00:00,97.21399688720705,97.27200317382812,97.1259994506836,97.16999816894533,0.0,0.0004528014725824203,0.0004528014725824,0.0008805669012987,0.0,97.25470860799152,0.0004528014725824,-0.000750415516419,-0.0002365624672421,1.0,0.0,7.0,4.0,0.0,0.0,1.0,0.0004528014725823094,0.001502559698423384,0.0013215737961823702,0.0010357492493363852
2025-06-27 08:00:00+00:00,97.21700286865234,97.21900177001952,97.125,97.21399688720705,0.0,3.09212823415006e-05,3.0921282341722645e-05,0.0008324509282069,0.0,97.25937525431316,3.0921282341722645e-05,-0.0007195174378874,0.0011533855913383,1.0,0.0,8.0,4.0,0.0,0.0,1.0,3.092128234153351e-05,0.0009669571566796394,0.001388974433169651,0.000983741852655273
2025-06-27 09:00:00+00:00,97.23999786376952,97.26799774169922,97.21199798583984,97.21700286865234,0.0,0.00023653264797962592,0.0002365326479798,0.0008296833182309,0.0,97.2632916768392,0.0002365326479798,-0.000914470655455,0.0009675554013819,1.0,0.0,9.0,4.0,0.0,1.0,1.0,0.00023653264797970884,0.0005760284127976562,0.0002109625294897977,0.0009918742789109408
2025-06-27 10:00:00+00:00,97.24400329589844,97.31800079345705,97.1999969482422,97.23999786376952,0.0,4.119119926904169e-05,4.1191199268819645e-05,0.0008153690052643,0.0,97.26429176330566,4.1191199268819645e-05,-0.0017553520301989,0.0002468841276892,1.0,0.0,10.0,4.0,0.0,1.0,1.0,4.1191199268967056e-05,0.0012135319601730534,0.00011585895624829104,0.0009697794713019968
2025-06-27 11:00:00+00:00,97.2249984741211,97.25700378417967,97.197998046875,97.24400329589844,0.0,-0.00019543438292557447,0.0001954343829255,0.0007496490808988,0.0,97.2583335240682,-0.0001954343829255,-0.001571195552578,-0.0014686318632074,0.0,0.0,11.0,4.0,0.0,1.0,1.0,-0.0001954343829255468,0.0006067802157951886,0.00021631206759462957,0.0008627003179062607
2025-06-27 12:00:00+00:00,97.04100036621094,97.31600189208984,97.02300262451172,97.2249984741211,0.0,-0.0018924979254089092,0.0018924979254089,0.0008155083569907,0.0,97.248916943868,-0.0018924979254089,-0.0013275476501511,-0.0023234799960467,0.0,1.0,12.0,4.0,0.0,1.0,1.0,-0.0018924979254088857,0.0030136206960817203,0.0010547645838663742,0.0010593400618316767
2025-06-27 13:00:00+00:00,97.18900299072266,97.2689971923828,97.0,97.04100036621094,0.0,0.0015251555935449357,0.0015251555935449,0.0008553988868582,0.0,97.24975045522054,0.0015251555935449,-0.0002571018298257,0.0002058709333718,1.0,1.0,13.0,4.0,0.0,1.0,1.0,0.0015251555935448943,0.002771995253219395,0.0017088402553571487,0.0010168442814198918
2025-06-27 14:00:00+00:00,97.27100372314452,97.35299682617188,97.12200164794922,97.18299865722656,0.0,0.0008437243916339376,0.0008437243916341,0.0008562529421413,0.0,97.25066725413004,0.0008437243916341,0.0005554671806242,0.0002262560407184,1.0,0.0,14.0,4.0,0.0,1.0,1.0,0.0009055603051348164,0.0023769093505480073,0.0018088493868957522,0.0010540915527529615
2025-06-27 15:00:00+00:00,97.22899627685548,97.31500244140624,97.16799926757812,97.27100372314452,0.0,-0.0004318599035803006,0.0004318599035805,0.0008471652026663,0.0,97.252792040507,-0.0004318599035805,-0.0001131384939917,0.0005247573762601,0.0,0.0,15.0,4.0,0.0,1.0,1.0,-0.00043185990358027824,0.0015112743592789006,0.0009934261785292566,0.0010723466092019407
2025-06-27 16:00:00+00:00,97.24199676513672,97.27300262451172,97.16400146484376,97.22899627685548,0.0,0.00013370999165940312,0.0001337099916596,0.000826482979695,0.0,97.2589168548584,0.0001337099916596,-2.063397940965661e-05,0.0015139352447142,1.0,0.0,16.0,4.0,0.0,1.0,1.0,0.00013370999165945768,0.001121076673028469,0.0006391537437333177,0.0010695567050804714
2025-06-27 17:00:00+00:00,97.41200256347656,97.46399688720705,97.2249984741211,97.23999786376952,0.0,0.0017482754776256826,0.0017482754776256,0.0008950716255115,0.0,97.27120876312256,0.0017482754776256,0.0019234157088234,0.0030376330422703,1.0,1.0,17.0,4.0,0.0,0.0,1.0,0.001768867785744084,0.002457820015800306,0.001131347374833888,0.0012576747139898116
2025-06-27 18:00:00+00:00,97.4010009765625,97.4980010986328,97.38300323486328,97.41100311279295,0.0,-0.00011293872032758223,0.0001129387203275,0.0008954806382329,0.0,97.28179200490317,-0.0001129387203275,0.0037097784337858,0.0026145716742274,0.0,0.0,18.0,4.0,0.0,0.0,1.0,-0.00010267973751253735,0.0011805428554755783,0.001010921657553247,0.0012532132520405679
2025-06-27 19:00:00+00:00,97.35099792480467,97.40699768066406,97.33999633789062,97.4020004272461,0.0,-0.0005133730788851043,0.0005133730788848,0.0008718937206867,0.0,97.28537527720134,-0.0005133730788848,0.0016668031268671,0.0008841673335311,0.0,0.0,19.0,4.0,0.0,0.0,1.0,-0.0005236289010256674,0.0006878846684825923,0.0012068913344721332,0.0009236649121669311
2025-06-27 20:00:00+00:00,97.25399780273438,97.35399627685548,97.24500274658205,97.35099792480467,0.0,-0.0009963957652002753,0.0009963957652004,0.0008942943862625,0.0,97.28358364105225,-0.0009963957652004,-0.0001748303169417,-0.0004419382804492,0.0,1.0,20.0,4.0,0.0,0.0,1.0,-0.0009963957652002972,0.001119593353913287,0.0004423714391669296,0.000928931597945171
2025-06-29 22:00:00+00:00,97.1760025024414,97.24500274658205,97.16400146484376,97.18499755859376,0.0,-0.0008019752612243858,0.0008019752612243,0.0009080907669065,0.0,97.27820873260498,-0.0008019752612243,-0.0005450408462838,-0.0013257057944586,0.0,0.0,22.0,6.0,1.0,0.0,0.0,-9.255601562303642e-05,0.0008334751635862809,0.00024303685163379004,0.0009162827195028497
2025-06-29 23:00:00+00:00,97.1959991455078,97.1989974975586,97.12200164794922,97.1760025024414,0.0,0.0002057775845007992,0.0002057775845007,0.0009032318136922,0.0,97.27179209391277,0.0002057775845007,-0.0004730221628418,-0.0015819140321221,1.0,0.0,23.0,6.0,1.0,0.0,0.0,0.00020577758450075832,0.0007923339880897097,0.0006453146381372142,0.0009140340453238
2025-06-30 00:00:00+00:00,97.2699966430664,97.29900360107422,97.18499755859376,97.1959991455078,0.0,0.0007613224639815286,0.0007613224639813,0.0009173744502758,0.0,97.26758352915446,0.0007613224639813,-0.0014577866861695,-0.0010373268418721,1.0,0.0,0.0,0.0,0.0,0.0,0.0,0.0007613224639815637,0.00117294995146643,0.0007924745725488077,0.0009642464776417826
2025-06-30 01:00:00+00:00,97.22699737548828,97.28700256347656,97.12999725341795,97.2699966430664,0.0,-0.00044206095468379836,0.0004420609546837,0.0009200831203959,0.0,97.26104164123537,-0.0004420609546837,-0.0017864662511639,-0.0016122289670672,0.0,0.0,1.0,0.0,0.0,0.0,0.0,-0.0004420609546838107,0.0016141185923419028,0.0006022812934015664,0.0006074714270604769
2025-06-30 02:00:00+00:00,97.21299743652344,97.22699737548828,97.12100219726562,97.22699737548828,0.0,-0.0001439922999039167,0.0001439922999039,0.0008988626495559,0.0,97.25795809427898,-0.0001439922999039,-0.0014175559698714,-0.0007606887354232,0.0,0.0,2.0,0.0,0.0,0.0,0.0,-0.0001439922999038665,0.001090182573604587,0.0006267071880059482,0.0006062336704127927
2025-06-30 03:00:00+00:00,97.24500274658205,97.26100158691406,97.18399810791016,97.21399688720705,0.0,0.0003292287132643512,0.0003292287132643,0.0009018686242326,0.0,97.25620810190836,0.0003292287132643,-9.249034852620852e-05,-0.0004317104627324,1.0,0.0,3.0,0.0,0.0,0.0,0.0,0.00031894439450910224,0.0007921027986664294,0.0003889453265241562,0.0006342097950510786
2025-06-30 04:00:00+00:00,97.11000061035156,97.25399780273438,97.10099792480467,97.25399780273438,0.0,-0.001388268110622537,0.0013882681106224,0.0009382284992088,0.0,97.24708302815756,-0.0013882681106224,-0.0006791994977174,-0.0022501183066034,0.0,1.0,4.0,0.0,0.0,0.0,1.0,-0.0014806300577472394,0.0015731988544063738,0.0008871260489642067,0.0007307589084350328
2025-06-30 05:00:00+00:00,97.1230010986328,97.13300323486328,97.03900146484376,97.11000061035156,0.0,0.00013387383585139467,0.0001338738358516,0.0009165140367844,0.0,97.23491636912028,0.0001338738358516,-0.0007510396262887,-0.0029974830790971,1.0,0.0,5.0,0.0,0.0,0.0,1.0,0.00013387383585136117,0.0009679926828205251,0.000940290289698352,0.000689131705087909
2025-06-30 06:00:00+00:00,97.01599884033205,97.15799713134766,96.9739990234375,97.12100219726562,0.0,-0.001101719027319703,0.0011017190273199,0.0009368714906074,0.0,97.219833056132,-0.0011017190273199,-0.0026112656677312,-0.0037174671675834,0.0,1.0,6.0,0.0,0.0,0.0,1.0,-0.0010811601461886051,0.0018945243948001247,0.0008088794930722091,0.0007717261699508245
2025-06-30 07:00:00+00:00,97.18299865722656,97.18599700927734,97.01599884033205,97.01599884033205,0.0,0.0017213636811528321,0.001721363681153,0.0009127645292639,0.0,97.22037474314372,0.001721363681153,-0.0004525360182809,0.0001337911755296,1.0,1.0,7.0,0.0,0.0,0.0,1.0,0.0017213636811528753,0.0017522694295513007,0.0014151919605558344,0.001027381276250635
2025-06-30 08:00:00+00:00,97.16400146484376,97.25,97.16100311279295,97.18399810791016,0.0,-0.00019547855741519626,0.0001954785574153,0.0009085491416832,0.0,97.21829160054524,-0.0001954785574153,-0.0005040063877433,-0.0005142821400635,0.0,0.0,8.0,0.0,0.0,0.0,1.0,-0.00020576065459036142,0.0009157565951158546,0.0014413738779215646,0.0010189860039972031
2025-06-30 09:00:00+00:00,97.23699951171876,97.24299621582033,97.13200378417967,97.16300201416016,0.0,0.0007512869558117252,0.0007512869558117,0.0009221378732534,0.0,97.21912479400636,0.0007512869558117,-8.22997031953987e-05,0.0002056907997196,1.0,0.0,9.0,0.0,0.0,1.0,1.0,0.0007615810136025218,0.0011423322596030721,0.0009584447434640228,0.0010664719618583135
2025-06-30 10:00:00+00:00,97.19100189208984,97.25299835205078,97.19000244140624,97.23600006103516,0.0,-0.0004730464726380168,0.0004730464726377,0.0009258924187039,0.0,97.21708329518636,-0.0004730464726377,0.0008341188469691,-0.0005038664413417,0.0,0.0,10.0,0.0,0.0,1.0,1.0,-0.0004627727273547564,0.0006478661257662065,0.0006419243502439259,0.001072767294451735
2025-06-30 11:00:00+00:00,97.20899963378906,97.20899963378906,97.1520004272461,97.19200134277344,0.0,0.00018517909424575763,0.0001851790942457,0.0009267762154024,0.0,97.21562480926514,0.0001851790942457,0.0008854600268057,-0.0003599570248343,1.0,0.0,11.0,0.0,0.0,1.0,1.0,0.00017489392934379451,0.0005864598501469879,0.0006127440128696756,0.0009042910613584569
2025-06-30 12:00:00+00:00,97.28500366210938,97.31800079345705,97.1969985961914,97.20899963378906,0.0,0.0007818620560506861,0.0007818620560506,0.0009398625969084,0.0,97.21812502543132,0.0007818620560506,0.0027727882513488,0.0006171785953204,1.0,0.0,12.0,0.0,0.0,1.0,1.0,0.0007818620560507663,0.0012447633215184309,0.0006277057257961269,0.0009354805729051863
2025-06-30 13:00:00+00:00,97.24500274658205,97.29900360107422,97.23999786376952,97.28399658203124,0.0,-0.00041117247285371583,0.0004111724728538,0.0008530132034526,0.0,97.22662512461343,-0.0004111724728538,0.0006380137494435,0.002102228744564,0.0,0.0,13.0,0.0,0.0,1.0,1.0,-0.00040082476891571965,0.000606530769477046,0.000596517272123293,0.0007967139731041052
2025-06-30 14:00:00+00:00,97.13500213623048,97.31700134277344,97.0459976196289,97.24500274658205,0.0,-0.001131169800449472,0.0011311698004494,0.0008304451878128,0.0,97.2243750890096,-0.0011311698004494,-0.0002984575375251,-0.0005556272091539,0.0,1.0,14.0,0.0,0.0,1.0,1.0,-0.001131169800449502,0.002786813877220611,0.0009662141259306567,0.0006935377909057825
2025-06-30 15:00:00+00:00,96.90599822998048,97.16799926757812,96.89600372314452,97.13700103759766,0.0,-0.0023575837876528283,0.0023575837876528,0.0009356435746538,0.0,97.20916652679443,-0.0023575837876528,-0.0034040672110454,-0.0037524594092084,0.0,1.0,15.0,0.0,0.0,1.0,1.0,-0.002378113439262571,0.0028001229349085,0.0009841243507242958,0.0011130947848401725
2025-06-30 16:00:00+00:00,96.9530029296875,97.05999755859376,96.90599822998048,96.90699768066406,0.0,0.0004850545948194007,0.0004850545948196,0.0009425931003096,0.0,97.19766680399576,0.0004850545948196,-0.0024487756867306,-0.0028385909320928,1.0,0.0,16.0,0.0,0.0,1.0,1.0,0.0004747360884612048,0.0015891455962834856,0.0014257667841886944,0.0010718108498993365
2025-06-30 17:00:00+00:00,96.95099639892578,96.98400115966795,96.90499877929688,96.9530029296875,0.0,-2.069591143216698e-05,2.069591143216698e-05,0.0009413264002157,0.0,97.18554178873698,-2.069591143216698e-05,-0.0026541085273508,-0.0029925379557329,0.0,0.0,17.0,0.0,0.0,0.0,1.0,-2.069591143220114e-05,0.0008148523303437424,0.0015164333974881758,0.0010814802893374105
2025-06-30 18:00:00+00:00,96.875,96.95700073242188,96.84700012207033,96.9499969482422,0.0,-0.0007838640318154066,0.0007838640318154,0.0008607579387385,0.0,97.16316668192546,-0.0007838640318154,-0.0042144590294039,-0.0055126940145454,0.0,0.0,18.0,0.0,0.0,0.0,1.0,-0.0007735631831142773,0.0011346117979794605,0.0006387962162750345,0.0010630255923678089
2025-06-30 19:00:00+00:00,96.8270034790039,96.8949966430664,96.81900024414062,96.875,0.0,-0.0004954479586694038,0.0004954479586694,0.0008620374973443,0.0,97.13925011952718,-0.0004954479586694,-0.0042984138595524,-0.0058931375633061,0.0,0.0,19.0,0.0,0.0,0.0,1.0,-0.0004954479586693548,0.0007844789566532258,0.0003853567432856268,0.0009061549018780567
2025-06-30 20:00:00+00:00,96.7750015258789,96.83899688720705,96.76799774169922,96.8280029296875,0.0,-0.0005370604403375223,0.0005370604403375,0.0008623705613106,0.0,97.11525026957194,-0.0005370604403375,-0.0037061883197023,-0.0059166974268788,0.0,0.0,20.0,0.0,0.0,0.0,1.0,-0.0005473768146089017,0.0007332501276452367,0.00015589924237893372,0.000901315949542566
2025-06-30 21:00:00+00:00,96.80500030517578,96.9229965209961,96.7750015258789,96.7750015258789,0.0,0.000309984797973506,0.0003099847979735,0.0008541944730302,0.0,97.096542040507,0.0003099847979735,-0.0010422257305992,-0.0046167510611678,1.0,0.0,21.0,0.0,0.0,0.0,0.0,0.0003099847979733995,0.0015292688481912521,0.00047748283736161597,0.0009475662855935325
2025-06-30 22:00:00+00:00,96.78500366210938,96.80500030517578,96.7770004272461,96.80500030517578,0.0,-0.00020656622078785158,0.0002065662207878,0.0008443110281852,0.0,97.08025042215984,-0.0002065662207878,-0.0017327907594565,-0.00402361519576,0.0,0.0,22.0,0.0,0.0,0.0,0.0,-0.00020656622078784405,0.0002892399962958366,0.0004269147104290979,0.00046549239757686907
2025-06-30 23:00:00+00:00,96.75800323486328,96.78399658203124,96.75299835205078,96.77999877929688,0.0,-0.00027897325230630265,0.0002789732523063,0.0008407805841479,0.0,97.06200059254964,-0.0002789732523063,-0.001990625895874,-0.0045063162526765,0.0,0.0,23.0,0.0,0.0,0.0,0.0,-0.00022727365892774763,0.00032029582942178815,0.00032117993871196737,0.0003620993197876595
2025-07-01 00:00:00+00:00,96.66699981689452,96.75900268554688,96.66699981689452,96.75800323486328,0.0,-0.0009405260022560258,0.0009405260022559,0.0008289321235551,0.0,97.03687572479248,-0.0009405260022559,-0.0021470986643145,-0.0061992068158959,0.0,1.0,0.0,1.0,0.0,0.0,0.0,-0.000940526002256053,0.0009508553874250272,0.0004044732747644761,0.00041252314768757976
2025-07-01 01:00:00+00:00,96.8000030517578,96.8000030517578,96.61399841308594,96.66799926757812,0.0,0.0013758907912235774,0.0013758907912235,0.0008921070453958,0.0,97.01908429463704,0.0013758907912235,-0.0002788522444768,-0.0043917259121087,1.0,1.0,1.0,1.0,0.0,0.0,0.0,0.001365537563411086,0.001924159391744499,0.0011931760001950304,0.0007575023451916426
2025-07-01 02:00:00+00:00,96.73999786376952,96.81600189208984,96.72699737548828,96.79900360107422,0.0,-0.0006198882861212507,0.0006198882861212,0.0008964806585138,0.0,96.99937597910564,-0.0006198882861212,-0.0003617014885813,-0.0048656001278302,0.0,0.0,2.0,1.0,0.0,0.0,0.0,-0.0006095696764387655,0.0009194776112403576,0.0012551048715605307,0.0007694117469592
2025-07-01 03:00:00+00:00,96.7490005493164,96.75800323486328,96.69200134277344,96.73999786376952,0.0,9.30606341293938e-05,9.30606341293938e-05,0.0008916698691975,0.0,96.97870922088624,9.30606341293938e-05,-0.0005784799925916,-0.0051005417579985,1.0,0.0,3.0,1.0,0.0,0.0,0.0,9.306063412950355e-05,0.0006822606320788682,0.001011359110339832,0.0007502207644448227
2025-07-01 04:00:00+00:00,96.74500274658205,96.77100372314452,96.7040023803711,96.74700164794922,0.0,-4.132138535450913e-05,4.132138535462016e-05,0.0008561400699907,0.0,96.9635009765625,-4.132138535462016e-05,-0.0004132966266859,-0.0037586022188802,0.0,0.0,4.0,1.0,0.0,0.0,1.0,-2.066111955021668e-05,0.0006925418011116579,0.00037883469321723924,0.0007346395702186973
2025-07-01 05:00:00+00:00,96.72200012207033,96.7689971923828,96.70600128173828,96.74500274658205,0.0,-0.000237765505800569,0.0002377655058005,0.000854017271404,0.0,96.94679260253906,-0.0002377655058005,-0.0003720944168884,-0.0041287951569295,0.0,0.0,5.0,1.0,0.0,0.0,1.0,-0.0002377655058005714,0.0006511541563498757,0.00016638046483857046,0.0007355705015469748
2025-07-01 06:00:00+00:00,96.7689971923828,96.7959976196289,96.7239990234375,96.7239990234375,0.0,0.000485898453848721,0.0004858984538489,0.0008402498662689,0.0,96.93650086720784,0.0004858984538489,0.001055141627251,-0.0025459888152646,1.0,0.0,6.0,1.0,0.0,0.0,1.0,0.0004652223791366881,0.0007443715822167365,0.00037421931577677616,0.0007597173639933347
2025-07-01 07:00:00+00:00,96.64299774169922,96.84400177001952,96.64099884033205,96.7689971923828,0.0,-0.0013020642389534043,0.0013020642389535,0.0007787852637243,0.0,96.91400082906088,-0.0013020642389535,-0.0016219556312889,-0.0055565368736149,0.0,1.0,7.0,1.0,0.0,0.0,1.0,-0.0013020642389533579,0.002097809583413261,0.0008993731067377135,0.0008433116516630782
2025-07-01 08:00:00+00:00,96.53199768066406,96.71399688720705,96.45500183105467,96.64199829101562,0.0,-0.0011485577189134233,0.0011485577189134,0.000800837346579,0.0,96.8876673380534,-0.0011485577189134,-0.002150094973109,-0.0065045055231526,0.0,1.0,8.0,1.0,0.0,0.0,1.0,-0.0011382278129258093,0.0026799430965041395,0.0009909441477052175,0.0006589361990711441
2025-07-01 09:00:00+00:00,96.4729995727539,96.60099792480467,96.3769989013672,96.51799774169922,0.0,-0.000611176701277083,0.000611176701277,0.000772984130559,0.0,96.85583400726318,-0.000611176701277,-0.0028527527415832,-0.0078570908481474,0.0,0.0,9.0,1.0,0.0,1.0,1.0,-0.0004662153173311394,0.0023208005623669915,0.00036278280911291195,0.0006584504920874949
2025-07-01 10:00:00+00:00,96.49400329589844,96.49400329589844,96.39700317382812,96.4729995727539,0.0,0.00021771607846288177,0.0002177160784628,0.0007801880075826,0.0,96.82679239908856,0.0002177160784628,-0.0025944435739081,-0.0071714313323498,1.0,0.0,10.0,1.0,0.0,1.0,1.0,0.00021771607846288177,0.001005463938095561,0.0006883005263955098,0.0006753062012295221
2025-07-01 11:00:00+00:00,96.48500061035156,96.53700256347656,96.45099639892578,96.49400329589844,0.0,-9.329787592360361e-05,9.32978759236036e-05,0.0007747171500584,0.0,96.79662577311198,-9.32978759236036e-05,-0.0024503164886958,-0.0074478600352332,0.0,0.0,11.0,1.0,0.0,1.0,1.0,-9.32978759236292e-05,0.0008913109790568407,0.0004187265213075035,0.0006712770534583544
2025-07-01 12:00:00+00:00,96.6060028076172,96.61399841308594,96.46499633789062,96.48400115966795,0.0,0.0012541037104232267,0.0012541037104232,0.0008089270245666,0.0,96.76833407084148,0.0012541037104232,-0.001684365752407,-0.0069795017621677,1.0,1.0,12.0,1.0,0.0,1.0,1.0,0.0012644754206176728,0.0015443189897228064,0.0007054927401461434,0.0009172654003633545
2025-07-01 13:00:00+00:00,96.61199951171876,96.697998046875,96.55899810791016,96.60700225830078,0.0,6.207382488954138e-05,6.207382488954138e-05,0.0008116458275941,0.0,96.7419589360555,6.207382488954138e-05,-0.0003207498805378,-0.0065093651805725,1.0,0.0,13.0,1.0,0.0,1.0,1.0,5.1727652252594154e-05,0.0014388184677669204,0.0007371755386054049,0.0008799011179089066
2025-07-01 14:00:00+00:00,96.80799865722656,96.83599853515624,96.61100006103516,96.61299896240234,0.0,0.0020287246563406303,0.0020287246563408,0.0009157860634124,0.0,96.728333791097,0.0020287246563408,0.0028591656983576,-0.0033664844990201,1.0,1.0,14.0,1.0,0.0,1.0,1.0,0.002018358781100505,0.0023288633676368884,0.0009906806036514095,0.0010819468002299685
2025-07-01 15:00:00+00:00,96.8479995727539,96.90699768066406,96.80799865722656,96.80799865722656,0.0,0.0004131984555220125,0.000413198455522,0.0007901091667882,0.0,96.72591718037924,0.000413198455522,0.0038870979617171,-0.0005985043060896,1.0,0.0,15.0,1.0,0.0,1.0,1.0,0.00041319845552201945,0.0010226326833594744,0.001048882651890058,0.0008910589547905533
2025-07-01 16:00:00+00:00,96.9209976196289,96.9489974975586,96.84700012207033,96.8479995727539,0.0,0.0007537383032900635,0.00075373830329,0.0007994929579799,0.0,96.72458362579346,0.00075373830329,0.004425086628659,-0.0003301115910954,1.0,0.0,16.0,1.0,0.0,1.0,1.0,0.0007537383032900189,0.0010531696672954492,0.0008516143976701497,0.0007546097210970866
2025-07-01 17:00:00+00:00,96.7979965209961,96.9219970703125,96.79399871826172,96.9209976196289,0.0,-0.0012690861800198627,0.0012690861800198,0.0008395904343044,0.0,96.71820863087972,-0.0012690861800198,0.0032439851652024,-0.0015781155801651,0.0,1.0,17.0,1.0,0.0,0.0,1.0,-0.0012690861800198983,0.0013206462499810094,0.0010830410790282647,0.0010514658164852027
2025-07-01 18:00:00+00:00,96.81900024414062,96.85900115966795,96.79299926757812,96.7979965209961,0.0,0.00021698510195888865,0.0002169851019588,0.0008271198198584,0.0,96.71587530771892,0.0002169851019588,0.002204805398559,-0.0005780619959677,1.0,0.0,18.0,1.0,0.0,0.0,1.0,0.00021698510195895853,0.0006818518405545028,0.0010478812547659632,0.0010310916721584565
2025-07-01 19:00:00+00:00,96.76399993896484,96.8270034790039,96.74700164794922,96.81999969482422,0.0,-0.0005680734673678689,0.0005680734673678,0.0008290511249893,0.0,96.71325016021729,-0.0005680734673678,0.0015733079536115,-0.0006506815018056,0.0,0.0,19.0,1.0,0.0,0.0,1.0,-0.0005783903742603361,0.0008262944774514827,0.000743431641746018,0.0010372812687454546
2025-07-01 20:00:00+00:00,96.64299774169922,96.76499938964844,96.63800048828124,96.76399993896484,0.0,-0.001250487757243901,0.0012504877572439,0.0008603423020621,0.0,96.70775000254314,-0.0012504877572439,-0.0017044140754481,-0.0013640277147852,0.0,1.0,20.0,1.0,0.0,0.0,1.0,-0.0012504877572438997,0.001312460227432805,0.0007343344847317219,0.0011820588171751216
2025-07-01 21:00:00+00:00,96.65499877929688,96.6719970703125,96.64299774169922,96.64299774169922,0.0,0.00012417907016648577,0.0001241790701664,0.000857732935744,0.0,96.70149993896484,0.0001241790701664,-0.0019928216825174,-0.0015495224978671,1.0,0.0,21.0,1.0,0.0,0.0,0.0,0.00012417907016638494,0.00030006652619353415,0.0006873392812302046,0.0008105492305646375
2025-07-01 22:00:00+00:00,96.6520004272461,96.65599822998048,96.63999938964844,96.65599822998048,0.0,-3.1021179335288807e-05,3.1021179335288807e-05,0.0008572149683793,0.0,96.6959581375122,-3.1021179335288807e-05,-0.0027754273995249,-0.0013742132544377,0.0,0.0,22.0,1.0,0.0,0.0,0.0,-4.1361144756654986e-05,0.0001655235125085386,0.0007528716954063422,0.0007684945946921476
2025-07-01 23:00:00+00:00,96.64099884033205,96.65799713134766,96.63300323486328,96.64099884033205,0.0,-0.00011382678956894932,0.000113826789569,0.0008560171935131,0.0,96.69108295440674,-0.000113826789569,-0.0016219104352021,-0.0012092477171861,0.0,0.0,23.0,1.0,0.0,0.0,0.0,0.0,0.000258626222662178,0.0001208240289291397,0.0006297052309290419
2025-07-02 00:00:00+00:00,96.63400268554688,96.6969985961914,96.62899780273438,96.64099884033205,0.0,-7.239323754015814e-05,7.239323754004712e-05,0.0008348334355526,0.0,96.68970807393391,-7.239323754004712e-05,-0.0019107567536047,-0.0003413484582138,0.0,0.0,0.0,2.0,0.0,0.0,0.0,-7.239323754020114e-05,0.0007036433219133066,4.1402808922482784e-05,0.0005095476307793945
2025-07-02 01:00:00+00:00,96.73899841308594,96.7480010986328,96.62100219726562,96.63400268554688,0.0,0.0010865298406474988,0.0010865298406474,0.0008157610898751,0.0,96.68716621398926,0.0010865298406474,-0.0002583763165503,-0.0006302131895518,1.0,1.0,1.0,2.0,0.0,0.0,0.0,0.0010865298406475534,0.0013142258194606272,0.0006813803979293674,0.0007076133685021699
2025-07-02 02:00:00+00:00,96.68399810791016,96.7770004272461,96.66799926757812,96.73999786376952,0.0,-0.0005685432563703463,0.0005685432563703,0.0008142015636993,0.0,96.68483289082845,-0.0005685432563703,0.0004242455963598,-0.0005788686902622,0.0,0.0,2.0,2.0,0.0,0.0,0.0,-0.0005788686902621225,0.0011267434574628124,0.0008493658908084925,0.0007076632044593441
2025-07-02 03:00:00+00:00,96.68299865722656,96.70999908447266,96.65799713134766,96.68399810791016,0.0,-1.0337291621698164e-05,1.0337291621698164e-05,0.0008138297512776,0.0,96.68208281199138,-1.0337291621698164e-05,0.0002896888757262,-0.0006821971463798,0.0,0.0,3.0,2.0,0.0,0.0,0.0,-1.033729162170405e-05,0.0005378548068208764,0.0008420192358655566,0.0005023147781621583
2025-07-02 04:00:00+00:00,96.70700073242188,96.71499633789062,96.66799926757812,96.6780014038086,0.0,0.00024825538645534273,0.0002482553864553,0.0008157697671083,0.0,96.6804993947347,0.0002482553864553,0.0005690550110981,-0.0003928059649727,1.0,0.0,4.0,2.0,0.0,0.0,1.0,0.000299957882788202,0.0004861195890490199,0.00041745740204998606,0.0005071545732395943
2025-07-02 05:00:00+00:00,96.78700256347656,96.81099700927734,96.6999969482422,96.70700073242188,0.0,0.0008272599754803878,0.0008272599754803,0.0008319908554933,0.0,96.68320782979328,0.0008272599754803,0.0015107845003314,0.0006720543549989,1.0,0.0,5.0,2.0,0.0,0.0,1.0,0.0008272599754804119,0.001147797576126547,0.0004288911418071871,0.0005758042674922133
2025-07-02 06:00:00+00:00,96.83399963378906,96.88800048828124,96.74299621582033,96.78800201416016,0.0,0.00048557212298905306,0.000485572122989,0.0008319830549242,0.0,96.68591626485188,0.000485572122989,0.0020696332831517,0.00067172796342,1.0,0.0,6.0,2.0,0.0,0.0,1.0,0.00047524092523551384,0.0014981637128917574,0.0002910658963451546,0.0005659159513990024
2025-07-02 07:00:00+00:00,96.89800262451172,96.90899658203124,96.822998046875,96.83399963378906,0.0,0.0006609557693031398,0.0006609557693031,0.0007909895613002,0.0,96.6965414683024,0.0006609557693031,0.0016436412825655,0.0026386276168093,1.0,0.0,7.0,2.0,0.0,0.0,1.0,0.0006609557693031939,0.0008881026858486555,0.00017086403021449975,0.0005564871678727023
2025-07-02 08:00:00+00:00,96.9010009765625,96.91699981689452,96.85199737548828,96.89700317382812,0.0,3.094338345022152e-05,3.094338345022152e-05,0.0007446724739301,0.0,96.71191660563152,3.094338345022152e-05,0.0022444548518787,0.003822600844946,1.0,0.0,8.0,2.0,0.0,0.0,1.0,4.12582701572633e-05,0.0006708405758393252,0.0003251569673601797,0.00047303321251092046
2025-07-02 09:00:00+00:00,96.95700073242188,96.97599792480467,96.88200378417967,96.9000015258789,0.0,0.0005779068873903448,0.0005779068873903,0.0007306089452537,0.0,96.73208332061768,0.0005779068873903,0.0028340254129552,0.0050169597899043,1.0,0.0,9.0,2.0,0.0,1.0,1.0,0.0005882270964438125,0.0009700117558811097,0.0003422917366218339,0.00032072002076445453
2025-07-02 10:00:00+00:00,96.93199920654295,96.95600128173828,96.87100219726562,96.95600128173828,0.0,-0.0002578619974840102,0.0002578619974838,0.0007367797725107,0.0,96.75033315022786,-0.0002578619974838,0.0023265996506669,0.0045390997956775,0.0,0.0,10.0,2.0,0.0,1.0,1.0,-0.0002475563645161129,0.0008766768776453849,0.0004244775713790578,0.0003817230299617907
2025-07-02 11:00:00+00:00,97.08799743652344,97.1060028076172,96.9000015258789,96.93199920654295,0.0,0.001609357397530653,0.0016093573975304,0.0007885711676937,0.0,96.77545801798504,0.0016093573975304,0.0031098687331438,0.0062496431814,1.0,1.0,11.0,2.0,0.0,1.0,1.0,0.001609357397530629,0.0021252144124186212,0.0009353170632564295,0.0005968530931526767
2025-07-02 12:00:00+00:00,97.0770034790039,97.10900115966795,96.81800079345705,97.08899688720705,0.0,-0.00011323704072396801,0.0001132370407239,0.0007625864324579,0.0,96.79508304595949,-0.0001132370407239,0.0025094888792556,0.0048754803811175,0.0,0.0,12.0,2.0,0.0,1.0,1.0,-0.00012353004550116558,0.0029972538139309258,0.0010388099157162616,0.0006320149903247484
2025-07-02 13:00:00+00:00,97.0979995727539,97.12899780273438,96.9219970703125,97.07599639892578,0.0,0.00021628287851438444,0.0002162828785143,0.0007619972670255,0.0,96.8153330485026,0.0002162828785143,0.0020639945388472,0.0050304316595393,1.0,0.0,13.0,2.0,0.0,1.0,1.0,0.00022665926330237989,0.002132357535339865,0.0009143824502009586,0.000636085149506179
2025-07-02 14:00:00+00:00,97.052001953125,97.1520004272461,97.03500366210938,97.09700012207033,0.0,-0.0004737236588940874,0.000473723658894,0.0006675843608477,0.0,96.82549985249835,-0.000473723658894,0.0015583015143365,0.0025204869358201,0.0,0.0,14.0,2.0,0.0,1.0,1.0,-0.0004634352131245561,0.0012049472691188238,0.00034511906175527316,0.0006969536874394472
2025-07-02 15:00:00+00:00,96.87899780273438,97.05699920654295,96.8759994506836,97.0510025024414,0.0,-0.0017825922897930502,0.001782592289793,0.0007666408271906,0.0,96.82679144541424,-0.001782592289793,-0.0008045105469255,0.0003200709371098,0.0,1.0,15.0,2.0,0.0,1.0,1.0,-0.0017723124467746154,0.0018649962513762552,0.0010152789479656854,0.0010364194097617252
2025-07-02 16:00:00+00:00,96.8560028076172,96.90599822998048,96.84600067138672,96.87899780273438,0.0,-0.00023735789633161364,0.0002373578963317,0.000751585464803,0.0,96.82408332824708,-0.0002373578963317,-0.0007840176572015,-0.0006705957801507,0.0,0.0,16.0,2.0,0.0,1.0,1.0,-0.0002373578963316264,0.0006193040798784027,0.0008323415962811605,0.0010016866149670264
2025-07-02 17:00:00+00:00,96.80699920654295,96.8560028076172,96.77300262451172,96.8560028076172,0.0,-0.0005059428394085241,0.0005059428394081,0.0007118755346419,0.0,96.82445844014484,-0.0005059428394081,-0.002894263321933,9.300487479535492e-05,0.0,0.0,17.0,2.0,0.0,0.0,1.0,-0.000505942839408538,0.0008569441304566767,0.0008256029131843485,0.00101055230860744
2025-07-02 18:00:00+00:00,96.7760009765625,96.8219985961914,96.76399993896484,96.80699920654295,0.0,-0.0003202064957547046,0.0003202064957548,0.0007133352697485,0.0,96.82266680399576,-0.0003202064957548,-0.0031006571242849,-0.0004441201362304,0.0,0.0,18.0,2.0,0.0,0.0,1.0,-0.00032020649575469377,0.0005991163624731228,0.00013753772296350576,0.0006322265913068669
2025-07-02 19:00:00+00:00,96.7509994506836,96.8000030517578,96.74600219726562,96.7750015258789,0.0,-0.00025834427571524987,0.0002583442757152,0.0007057169453732,0.0,96.82212511698404,-0.0002583442757152,-0.0035737103091429,-0.0001343525307908,0.0,0.0,19.0,2.0,0.0,0.0,1.0,-0.00024801937294616347,0.0005580041709194162,0.00012886037169814433,0.0006212633433736246
2025-07-02 20:00:00+00:00,96.77899932861328,96.8000030517578,96.7509994506836,96.7509994506836,0.0,0.0002894014334597905,0.0002894014334597,0.0006558292203563,0.0,96.82779184977214,0.0002894014334597,-0.0028129520155965,0.0014072575364183,1.0,0.0,20.0,2.0,0.0,0.0,1.0,0.00028940143345971056,0.0005064919365425564,0.0003355279728897672,0.0006353808805370765
2025-07-02 21:00:00+00:00,96.77100372314452,96.81600189208984,96.76799774169922,96.77899932861328,0.0,-8.26171537651188e-05,8.261715376489676e-05,0.0006562912501163,0.0,96.83262538909912,-8.261715376489676e-05,-0.0011147315934227,0.0012001960096501,0.0,0.0,21.0,2.0,0.0,0.0,0.0,-8.261715376509647e-05,0.0004960182552376555,0.0002796733846678413,0.0006519604858859549
2025-07-02 22:00:00+00:00,96.77300262451172,96.7760009765625,96.76300048828124,96.77100372314452,0.0,2.065599498091153e-05,2.0655994980689485e-05,0.0006560979803644,0.0,96.83766714731853,2.0655994980689485e-05,-0.0008569441304565,0.0012519368117653,1.0,0.0,22.0,2.0,0.0,0.0,0.0,2.0655994980897753e-05,0.00013434280705052677,0.00019204482254410463,0.0002586797283654382
2025-07-02 23:00:00+00:00,96.7509994506836,96.75800323486328,96.7310028076172,96.75,0.0,-0.00022736892760788496,0.0002273689276078,0.0006577555109545,0.0,96.84225050608318,-0.0002273689276078,-0.0005784680479548,0.0011382395843537,0.0,0.0,23.0,2.0,0.0,0.0,0.0,1.0330239623708011e-05,0.00027907418342201074,0.00012458917924373206,0.0002581854163058222
2025-07-03 00:00:00+00:00,96.71700286865234,96.76499938964844,96.69000244140624,96.7509994506836,0.0,-0.0003513822309254566,0.0003513822309254,0.0006624172805337,0.0,96.8457088470459,-0.0003513822309254,-0.0006096357290527,0.0008589128132832,0.0,0.0,0.0,3.0,0.0,0.0,0.0,-0.0003513822309254687,0.0007751542482042217,0.0001894325311557769,0.0002280077245211897
2025-07-03 01:00:00+00:00,96.72599792480467,96.73200225830078,96.68900299072266,96.71600341796876,0.0,9.300387610799987e-05,9.300387610799989e-05,0.0006238310101807,0.0,96.84516716003418,9.300387610799989e-05,-0.0002584110347267,-0.0001343872532744,1.0,0.0,1.0,3.0,0.0,0.0,0.0,0.00010333870799764881,0.0004445930979209198,0.00022930948696935684,0.00022488159525847594
2025-07-03 02:00:00+00:00,96.78900146484376,96.81999969482422,96.72599792480467,96.72599792480467,0.0,0.000651360972135695,0.0006513609721352,0.0006256484721492,0.0,96.84954229990642,0.0006513609721352,0.0001033502753682,0.0010860469052633,1.0,1.0,2.0,3.0,0.0,0.0,0.0,0.0006513609721356426,0.0009718356185130596,0.0005024499295276773,0.000335912237956847
2025-07-03 03:00:00+00:00,96.83999633789062,96.86299896240234,96.77799987792967,96.79000091552734,0.0,0.0005268664029496328,0.0005268664029496,0.0006331319601439,0.0,96.85608386993408,0.0005268664029496,0.0007129471855378,0.0016238395875647,1.0,0.0,3.0,3.0,0.0,0.0,0.0,0.0005165349921518684,0.0008781804284396349,0.00029311494805472736,0.0003733037107276895
2025-07-03 13:30:00+00:00,96.98200225830078,97.3040008544922,96.9499969482422,97.27400207519533,0.0,0.0014663974161530646,0.001466397416153,0.000694117323008,0.0,96.8675422668457,0.001466397416153,0.0021596894600863,0.0028436568583054,1.0,1.0,13.0,3.0,0.0,1.0,1.0,-0.0030018279361922625,0.003639244800232911,0.0005103106615262932,0.0006268704598934111
2025-07-03 14:30:00+00:00,97.14800262451172,97.16100311279295,96.88999938964844,96.98300170898438,0.0,0.0017116615696262105,0.0017116615696262,0.0007542490813221,0.0,96.8825839360555,0.0017116615696262,0.004103349588967,0.0037298402830316,1.0,1.0,14.0,3.0,0.0,1.0,1.0,0.0017013385090148049,0.002794342496819333,0.0006253815657567519,0.0007985015763847371
2025-07-03 15:30:00+00:00,97.10099792480467,97.18199920654295,97.03900146484376,97.14800262451172,0.0,-0.00048384628028563803,0.0004838462802854,0.0007617195700501,0.0,96.89370886484782,-0.0004838462802854,0.0039702952403708,0.0027572783529066,0.0,0.0,15.0,3.0,0.0,1.0,1.0,-0.00048384628028559754,0.0014719576093797128,0.001203041956839854,0.0008448147865569093
2025-07-03 16:30:00+00:00,97.13600158691406,97.2300033569336,97.09500122070312,97.10099792480467,0.0,0.00036048715108472074,0.0003604871510844,0.0007547941420315,0.0,96.90362548828124,0.0003604871510844,0.004238815529493,0.0024561802715852,1.0,0.0,16.0,3.0,0.0,1.0,1.0,0.0003604871510846486,0.001390326970017495,0.0011074615096152078,0.0007617185737686621
2025-07-04 04:00:00+00:00,96.91400146484376,96.9980010986328,96.91300201416016,96.99500274658205,0.0,-0.002285456663270846,0.0022854566632709,0.0008987199091715,0.0,96.90416717529295,-0.0022854566632709,0.0012914690523531,0.0001341625798518,0.0,1.0,4.0,4.0,0.0,0.0,1.0,-0.0008351077833351121,0.0008763243679132457,0.0013515249155513353,0.0013433496974219346
2025-07-04 05:00:00+00:00,96.88500213623048,96.91300201416016,96.8730010986328,96.91300201416016,0.0,-0.0002992274405654305,0.0002992274405654,0.0008922621653045,0.0,96.901167233785,-0.0002992274405654,0.0004647439079077,-0.0007425827495438,0.0,0.0,5.0,4.0,0.0,0.0,1.0,-0.00028891766169396104,0.0004127507630143719,0.0013772768141209909,0.0013473823157396326
2025-07-04 06:00:00+00:00,96.88400268554688,96.94400024414062,96.85900115966795,96.88500213623048,0.0,-1.0315845193509254e-05,1.031584519328721e-05,0.0008909503045436,0.0,96.89916737874348,-1.031584519328721e-05,-0.0010104923642728,-0.0004951566189594,0.0,0.0,6.0,4.0,0.0,0.0,1.0,-1.0315845193486483e-05,0.000877319322893267,0.0012386041994351912,0.0013370945749426324
2025-07-04 07:00:00+00:00,96.9980010986328,97.00599670410156,96.88500213623048,96.88500213623048,0.0,0.0011766484654429643,0.0011766484654431,0.0008603933673737,0.0,96.89541753133138,0.0011766484654431,-0.0015440515690134,-0.0009269563722278,1.0,1.0,7.0,4.0,0.0,0.0,1.0,0.0011663204821260873,0.0012488472436729525,0.0007821512933997286,0.0012901663069200748
2025-07-04 08:00:00+00:00,96.95800018310548,97.00499725341795,96.94400024414062,96.9980010986328,0.0,-0.0004123890706432265,0.0004123890706435,0.0008636870424497,0.0,96.89045906066896,-0.0004123890706435,-0.0014726701553567,-0.0012258649487896,0.0,0.0,8.0,4.0,0.0,0.0,1.0,-0.0004123890706432212,0.0006288481060068908,0.0008261948362260131,0.001055626149676504
2025-07-04 09:00:00+00:00,96.93699645996094,96.9749984741211,96.91300201416016,96.95600128173828,0.0,-0.00021662702515401477,0.0002166270251537,0.0008623872762881,0.0,96.88375059763592,-0.0002166270251537,-0.002048726771763,-0.0016581506673815,0.0,0.0,9.0,4.0,0.0,1.0,1.0,-0.00019601490909385637,0.0006394288042138405,0.0008664659699264291,0.001051815167539371
2025-07-04 10:00:00+00:00,96.95600128173828,96.9739990234375,96.927001953125,96.93599700927734,0.0,0.00019605333847128037,0.0001960533384712,0.0008595460939372,0.0,96.87975056966144,0.0001960533384712,0.0004333720232341,-0.0009891673479655,1.0,0.0,10.0,4.0,0.0,1.0,1.0,0.00020636577822604924,0.00048482577950894864,0.0003105988909040953,0.0010378874927414036
2025-07-04 11:00:00+00:00,97.00499725341795,97.00800323486328,96.92400360107422,96.95600128173828,0.0,0.0005053423308711835,0.0005053423308714,0.0007812904193215,0.0,96.88500054677328,0.0005053423308714,0.0012385313984797,0.0013005858188186,1.0,0.0,11.0,4.0,0.0,1.0,1.0,0.0005053423308712888,0.0008663685865609628,0.00036221644412816936,0.000556604985124833
2025-07-04 12:00:00+00:00,97.04100036621094,97.04399871826172,96.98699951171876,97.00499725341795,0.0,0.00037114699048879096,0.0003711469904887,0.0007812825459955,0.0,96.89270877838136,0.0003711469904887,0.001620470627887,0.0019100267740885,1.0,0.0,12.0,4.0,0.0,1.0,1.0,0.0003711469904888266,0.0005875904144819321,0.00015509451805107124,0.0005264539684445689
2025-07-04 13:00:00+00:00,96.95999908447266,97.04299926757812,96.9520034790039,97.04100036621094,0.0,-0.0008347119406498793,0.0008347119406498,0.00079476526674,0.0,96.89908377329508,-0.0008347119406498,-0.0003917814153872,0.0015804629746167,0.0,1.0,13.0,4.0,0.0,1.0,1.0,-0.0008347119406498346,0.0009377045602458866,0.0007379983741862314,0.0006635334056460359
2025-07-04 14:00:00+00:00,96.98699951171876,97.00700378417967,96.91799926757812,96.95999908447266,0.0,0.0002784697555802129,0.0002784697555799,0.0007915015937206,0.0,96.9078753789266,0.0002784697555799,0.0002990916536904,0.0021802774761001,1.0,0.0,14.0,4.0,0.0,1.0,1.0,0.00027846975558018397,0.0009179508812083067,0.000671051205261682,0.0004866594190091903
2025-07-04 15:00:00+00:00,96.97899627685548,96.9990005493164,96.9499969482422,96.98600006103516,0.0,-8.251863552410921e-05,8.251863552410921e-05,0.000788936577793,0.0,96.91737524668376,-8.251863552410921e-05,0.0004332692205073,0.0023565319993215,0.0,0.0,15.0,4.0,0.0,1.0,1.0,-7.221438326424095e-05,0.0005052646881340155,0.0005679320492819915,0.00045695501080888167
2025-07-04 16:00:00+00:00,96.9990005493164,97.00499725341795,96.9530029296875,96.97899627685548,0.0,0.0002062742782344973,0.0002062742782347,0.0007882436370196,0.0,96.92654196421306,0.0002062742782347,0.0004434925843648,0.0022732330591279,1.0,0.0,16.0,4.0,0.0,1.0,1.0,0.0002062742782345893,0.0005361400481195044,0.0001910175177387695,0.0004465947371511236
2025-07-04 17:00:00+00:00,96.99099731445312,97.01100158691406,96.98300170898438,96.9990005493164,0.0,-8.250842604518027e-05,8.250842604518027e-05,0.0007882425726402,0.0,96.9357083638509,-8.250842604518027e-05,-0.0001443218324955,0.0022733420430149,0.0,0.0,17.0,4.0,0.0,0.0,1.0,-8.250842604519652e-05,0.0002886615096147486,0.0001667317193540465,0.0004481272368407749
2025-07-04 18:00:00+00:00,96.96499633789062,97.00399780273438,96.96299743652344,96.99099731445312,0.0,-0.0002680761852381641,0.0002680761852381,0.0007916213983437,0.0,96.94370810190836,-0.0002680761852381,-0.0007832156308518,0.0019839594532771,0.0,0.0,18.0,4.0,0.0,0.0,1.0,-0.0002680761852381268,0.000422723421205896,0.0002390394687562958,0.0004114669255879749
2025-07-04 19:00:00+00:00,97.00700378417967,97.00900268554688,96.96099853515624,96.96499633789062,0.0,0.00043322279044555323,0.0004332227904457,0.0007918491340349,0.0,96.95437494913736,0.0004332227904457,0.0004847844487507,0.0026460122887577,1.0,0.0,19.0,4.0,0.0,0.0,1.0,0.00043322279044559925,0.0004950667993980093,0.000363371787156989,0.00042279180450183564
2025-07-04 20:00:00+00:00,96.98600006103516,97.01000213623048,96.9499969482422,97.00700378417967,0.0,-0.00021651759486607247,0.0002165175948662,0.0007889025814504,0.0,96.96558316548663,-0.0002165175948662,-1.0304996428622816e-05,0.0027812813094314,0.0,0.0,20.0,4.0,0.0,0.0,1.0,-0.0002165175948660979,0.0006185655225655692,0.00039086253121379383,0.0002676599407958639
