Datetime,Close,High,Low,Open,Volume,price_change,price_change_abs,volatility_24h,volume_ma_24h,price_ma_24h,momentum_1h,momentum_6h,momentum_24h,price_up,strong_move,hour,day_of_week,is_weekend,us_market_hours,extended_hours
,ETH-USD,ETH-USD,ETH-USD,ETH-USD,ETH-USD,,,,,,,,,,,,,,,
2025-05-15 00:00:00+00:00,2631.8515625,2641.900634765625,2608.322509765625,2610.742919921875,0,,,,,,,,,0.0,0.0,0.0,3.0,0.0,0.0,0.0
2025-05-15 01:00:00+00:00,2576.712890625,2635.822265625,2570.29833984375,2632.590576171875,0,-0.020950524969054,0.020950524969054,,,,-0.020950524969054,,,0.0,0.0,1.0,3.0,0.0,0.0,0.0
2025-05-15 02:00:00+00:00,2590.083251953125,2597.1962890625,2578.0205078125,2578.0205078125,0,0.0051889216593634,0.0051889216593634,,,,0.0051889216593634,,,1.0,0.0,2.0,3.0,0.0,0.0,0.0
2025-05-15 03:00:00+00:00,2575.56396484375,2592.694091796875,2573.538818359375,2590.604736328125,0,-0.0056057221706778,0.0056057221706778,,,,-0.0056057221706778,,,0.0,0.0,3.0,3.0,0.0,0.0,0.0
2025-05-15 04:00:00+00:00,2594.36962890625,2594.36962890625,2574.737548828125,2574.839599609375,0,0.007301571352603,0.007301571352603,,,,0.007301571352603,,,1.0,0.0,4.0,3.0,0.0,0.0,1.0
2025-05-15 05:00:00+00:00,2568.30517578125,2595.26513671875,2566.9638671875,2595.26513671875,555882496,-0.0100465457329564,0.0100465457329564,,,,-0.0100465457329564,,,0.0,0.0,5.0,3.0,0.0,0.0,1.0
2025-05-15 06:00:00+00:00,2572.5244140625,2581.779541015625,2559.298095703125,2568.328857421875,0,0.0016428103330696,0.0016428103330696,,,,0.0016428103330696,-0.0225419811978853,,1.0,0.0,6.0,3.0,0.0,0.0,1.0
2025-05-15 07:00:00+00:00,2530.63671875,2574.952880859375,2517.24951171875,2573.42626953125,1080860672,-0.0162827202274638,0.0162827202274638,,,,-0.0162827202274638,-0.0178817640268116,,0.0,0.0,7.0,3.0,0.0,0.0,1.0
2025-05-15 08:00:00+00:00,2564.042724609375,2564.042724609375,2536.811279296875,2536.811279296875,0,0.0132006327150251,0.0132006327150251,,,,0.0132006327150251,-0.0100539344919177,,1.0,0.0,8.0,3.0,0.0,0.0,1.0
2025-05-15 09:00:00+00:00,2538.5517578125,2566.471435546875,2524.20458984375,2564.893310546875,0,-0.0099417090644456,0.0099417090644456,,,,-0.0099417090644456,-0.0143705252661023,,0.0,0.0,9.0,3.0,0.0,1.0,1.0
2025-05-15 10:00:00+00:00,2540.66748046875,2543.135498046875,2518.9794921875,2539.8671875,0,0.000833436879803,0.000833436879803,,,,0.000833436879803,-0.020699497804459,,1.0,0.0,10.0,3.0,0.0,1.0,1.0
2025-05-15 11:00:00+00:00,2553.64111328125,2564.13330078125,2544.046875,2544.046875,0,0.0051063875584798,0.0051063875584798,,,,0.0051063875584798,-0.0057096261917314,,1.0,0.0,11.0,3.0,0.0,1.0,1.0
2025-05-15 12:00:00+00:00,2553.09423828125,2574.550537109375,2547.125732421875,2554.8154296875,0,-0.00021415499506,0.00021415499506,,,,-0.00021415499506,-0.0075529606930205,,0.0,0.0,12.0,3.0,0.0,1.0,1.0
2025-05-15 13:00:00+00:00,2528.43701171875,2565.1630859375,2516.6669921875,2552.9833984375,1737449472,-0.0096577816019433,0.0096577816019433,,,,-0.0096577816019433,-0.0008692306623673,,0.0,0.0,13.0,3.0,0.0,1.0,1.0
2025-05-15 14:00:00+00:00,2499.555908203125,2538.761962890625,2487.02978515625,2531.289306640625,41895936,-0.0114225125568749,0.0114225125568749,,,,-0.0114225125568749,-0.0251504453444996,,0.0,0.0,14.0,3.0,0.0,1.0,1.0
2025-05-15 15:00:00+00:00,2564.81884765625,2564.81884765625,2500.50634765625,2500.50634765625,0,0.0261098138429083,0.0261098138429083,,,,0.0261098138429083,0.0103472737015946,,1.0,0.0,15.0,3.0,0.0,1.0,1.0
2025-05-15 16:00:00+00:00,2595.916748046875,2596.2177734375,2557.36376953125,2564.293212890625,53698560,0.0121247940840119,0.0121247940840119,,,,0.0121247940840119,0.0217459655790657,,1.0,0.0,16.0,3.0,0.0,1.0,1.0
2025-05-15 17:00:00+00:00,2573.411865234375,2600.609375,2570.51708984375,2598.857666015625,538230784,-0.0086693391956549,0.0086693391956549,,,,-0.0086693391956549,0.007742181095965,,0.0,0.0,17.0,3.0,0.0,0.0,1.0
2025-05-15 18:00:00+00:00,2521.90625,2576.389892578125,2521.90625,2571.21337890625,90306560,-0.0200145246589527,0.0200145246589527,,,,-0.0200145246589527,-0.0122157607085611,,0.0,0.0,18.0,3.0,0.0,0.0,1.0
2025-05-15 19:00:00+00:00,2530.991943359375,2546.731689453125,2517.966552734375,2530.906494140625,1225918464,0.0036027086095586,0.0036027086095586,,,,0.0036027086095586,0.0010104786588644,,1.0,0.0,19.0,3.0,0.0,0.0,1.0
2025-05-15 20:00:00+00:00,2537.58203125,2543.197265625,2518.836669921875,2531.47412109375,0,0.0026037569609478,0.0026037569609478,,,,0.0026037569609478,0.015213151633088,,1.0,0.0,20.0,3.0,0.0,0.0,1.0
2025-05-15 21:00:00+00:00,2539.46728515625,2540.974609375,2516.05810546875,2538.41455078125,493248512,0.0007429331871968,0.0007429331871968,,,,0.0007429331871968,-0.0098843481765452,,1.0,0.0,21.0,3.0,0.0,0.0,0.0
2025-05-15 22:00:00+00:00,2544.059814453125,2563.25927734375,2534.052978515625,2535.66162109375,153798656,0.0018084616894729,0.0018084616894729,,,,0.0018084616894729,-0.0199763469428541,,1.0,0.0,22.0,3.0,0.0,0.0,0.0
2025-05-15 23:00:00+00:00,2543.35205078125,2548.683837890625,2519.470458984375,2540.612548828125,300781568,-0.0002782024494291,0.0002782024494291,,261336320.0,2557.0643615722656,-0.0002782024494291,-0.011680918573206,,0.0,0.0,23.0,3.0,0.0,0.0,0.0
2025-05-16 00:00:00+00:00,2542.416748046875,2564.041015625,2541.58740234375,2546.88671875,0,-0.0003677441092307,0.0003677441092307,0.0108855344773888,261336320.0,2553.337910970052,-0.0003677441092307,0.0081329343812344,-0.0339817091995001,0.0,0.0,0.0,4.0,0.0,0.0,0.0
2025-05-16 01:00:00+00:00,2565.54052734375,2567.270751953125,2536.29736328125,2541.316162109375,321120256,0.0090951962594798,0.0090951962594798,0.010246218983329,274716330.6666667,2552.872395833333,0.0090951962594798,0.0136502149187085,-0.004335897616649,1.0,0.0,1.0,4.0,0.0,0.0,0.0
2025-05-16 02:00:00+00:00,2574.55517578125,2580.631103515625,2558.940185546875,2567.1689453125,0,0.0035137423640052,0.0035137423640052,0.0102140596996298,274716330.6666667,2552.2253926595054,0.0035137423640052,0.0145702263319689,-0.0059952034978665,1.0,0.0,2.0,4.0,0.0,0.0,0.0
2025-05-16 03:00:00+00:00,2581.93994140625,2581.968017578125,2570.43701171875,2574.554443359375,14643200,0.0028683656479644,0.0028683656479644,0.010165441651796,275326464.0,2552.4910583496094,0.0028683656479644,0.0167250259525932,0.0024755652158252,1.0,0.0,3.0,4.0,0.0,0.0,0.0
2025-05-16 04:00:00+00:00,2573.098388671875,2587.37646484375,2565.729736328125,2581.65087890625,809570304,-0.003424383577861,0.003424383577861,0.0100728291901068,309058560.0,2551.604756673177,-0.003424383577861,0.0114142655191431,-0.0081990014057259,0.0,0.0,4.0,4.0,0.0,0.0,1.0
2025-05-16 05:00:00+00:00,2594.729736328125,2594.729736328125,2575.988037109375,2578.5634765625,0,0.0084067316475275,0.0084067316475275,0.0100000908564824,285896789.3333333,2552.705780029297,0.0084067316475275,0.0202007761886888,0.0102887152181347,1.0,0.0,5.0,4.0,0.0,0.0,1.0
2025-05-16 06:00:00+00:00,2596.34765625,2599.33935546875,2588.88037109375,2595.12451171875,273602560,0.0006235408255521,0.0006235408255521,0.0099970770943486,297296896.0,2553.698415120443,0.0006235408255521,0.0212124578885644,0.0092606476569365,1.0,0.0,6.0,4.0,0.0,0.0,1.0
2025-05-16 07:00:00+00:00,2600.829833984375,2616.652587890625,2586.0,2597.132080078125,431921152,0.0017263395846027,0.0017263395846027,0.0093423681131474,270257749.3333333,2556.6231282552085,0.0017263395846027,0.0137551156430812,0.0277373337367232,1.0,0.0,7.0,4.0,0.0,0.0,1.0
2025-05-16 08:00:00+00:00,2574.24462890625,2603.603271484375,2560.861083984375,2601.57080078125,0,-0.0102218164105712,0.0102218164105712,0.0092553007970371,270257749.3333333,2557.048207600912,-0.0102218164105712,-0.0001206215652013,0.0039788355314669,0.0,1.0,8.0,4.0,0.0,0.0,1.0
2025-05-16 09:00:00+00:00,2613.163818359375,2615.541259765625,2573.19775390625,2573.19775390625,2660859904,0.0151186833668022,0.0151186833668022,0.0094717363470877,381126912.0,2560.1570434570312,0.0151186833668022,0.01209318483842,0.0293915853073523,1.0,1.0,9.0,4.0,0.0,1.0,1.0
2025-05-16 10:00:00+00:00,2626.60498046875,2626.60498046875,2607.393798828125,2612.1513671875,38137856,0.0051436354716611,0.0051436354716611,0.0095042891224776,382715989.3333333,2563.7377726236978,0.0051436354716611,0.0207946155624825,0.0338247726869573,1.0,0.0,10.0,4.0,0.0,1.0,1.0
2025-05-16 11:00:00+00:00,2620.876220703125,2644.292724609375,2619.331298828125,2625.61962890625,0,-0.0021810511318692,0.0021810511318692,0.0094981432174874,382715989.3333333,2566.539235432943,-0.0021810511318692,0.0100767659956757,0.0263291137788279,0.0,0.0,11.0,4.0,0.0,1.0,1.0
2025-05-16 12:00:00+00:00,2599.114990234375,2622.17919921875,2595.51708984375,2620.887939453125,932741120,-0.0083030363268784,0.0083030363268784,0.0096893756672456,421580202.6666667,2568.4567667643228,-0.0083030363268784,0.0010658564840935,0.0180254811056665,0.0,0.0,12.0,4.0,0.0,1.0,1.0
2025-05-16 13:00:00+00:00,2608.152587890625,2613.007568359375,2596.399169921875,2599.4755859375,0,0.0034771826911108,0.0034771826911108,0.0094414004725654,349186474.6666667,2571.778249104818,0.0034771826911108,0.0028155451812208,0.0315276100620307,1.0,0.0,13.0,4.0,0.0,1.0,1.0
2025-05-16 14:00:00+00:00,2584.557373046875,2607.009521484375,2576.625732421875,2607.009521484375,559063040,-0.0090467156535626,0.0090467156535626,0.0093133917791211,370735104.0,2575.3199768066406,-0.0090467156535626,0.0040061243693869,0.0340066267630938,0.0,0.0,14.0,4.0,0.0,1.0,1.0
2025-05-16 15:00:00+00:00,2593.280517578125,2603.45703125,2585.244384765625,2585.244384765625,0,0.0033751019119248,0.0033751019119248,0.0077134007874822,370735104.0,2576.505879720052,0.0033751019119248,-0.0076088994656804,0.0110969513296752,1.0,0.0,15.0,4.0,0.0,1.0,1.0
2025-05-16 16:00:00+00:00,2587.241943359375,2599.4541015625,2572.65283203125,2598.152099609375,0,-0.0023285464791866,0.0023285464791866,0.0073195670086672,368497664.0,2576.14442952474,-0.0023285464791866,-0.0149862797802013,-0.0033417114374052,0.0,0.0,16.0,4.0,0.0,1.0,1.0
2025-05-16 17:00:00+00:00,2575.493896484375,2593.183837890625,2574.50048828125,2587.851806640625,0,-0.0045407608303326,0.0045407608303326,0.0071564478676637,346071381.3333333,2576.2311808268228,-0.0045407608303326,-0.0173157068083799,0.0008090548109018,0.0,0.0,17.0,4.0,0.0,0.0,1.0
2025-05-16 18:00:00+00:00,2589.216796875,2590.433349609375,2577.51806640625,2577.51806640625,717520896,0.0053282597211188,0.0053282597211188,0.0058086584813529,372205312.0,2579.0357869466147,0.0053282597211188,-0.003808293744819,0.0266903446053952,1.0,0.0,18.0,4.0,0.0,0.0,1.0
2025-05-16 19:00:00+00:00,2591.00244140625,2593.013916015625,2579.47314453125,2588.88232421875,0,0.0006896465886538,0.0006896465886538,0.0057847858231801,321125376.0,2581.5362243652344,0.0006896465886538,-0.006575591690456,0.0237102683018513,1.0,0.0,19.0,4.0,0.0,0.0,1.0
2025-05-16 20:00:00+00:00,2567.05224609375,2592.32177734375,2563.6494140625,2592.19580078125,492099584,-0.0092436019857631,0.0092436019857631,0.0061361675086453,341629525.3333333,2582.764149983724,-0.0092436019857631,-0.0067729689948761,0.0116135023344381,0.0,1.0,20.0,4.0,0.0,0.0,1.0
2025-05-16 21:00:00+00:00,2566.83349609375,2583.2734375,2559.812744140625,2571.79736328125,0,-8.521447131937254e-05,8.521447131937254e-05,0.0061370660295575,321077504.0,2583.9044087727866,-8.521447131937254e-05,-0.0101982879619494,0.0107763589227793,0.0,0.0,21.0,4.0,0.0,0.0,0.0
2025-05-16 22:00:00+00:00,2545.024169921875,2567.781005859375,2532.950439453125,2567.781005859375,1054351360,-0.0084965878016882,0.0084965878016882,0.0063940782051743,358600533.3333333,2583.944590250651,-0.0084965878016882,-0.0163176751002586,0.0003790616334062,0.0,1.0,22.0,4.0,0.0,0.0,0.0
2025-05-16 23:00:00+00:00,2532.760009765625,2557.447998046875,2532.760009765625,2547.213623046875,0,-0.0048188776755807,0.0048188776755807,0.0064704804850061,346067968.0,2583.503255208333,-0.0048188776755807,-0.0165925016468037,-0.004164598845988,0.0,0.0,23.0,4.0,0.0,0.0,0.0
2025-05-17 00:00:00+00:00,2503.89990234375,2535.258056640625,2488.962890625,2535.258056640625,1151580160,-0.0113947264291122,0.0113947264291122,0.0068657602846747,394050474.6666667,2581.8983866373696,-0.0113947264291122,-0.0329508500926695,-0.0151496979134967,0.0,1.0,0.0,5.0,1.0,0.0,0.0
2025-05-17 01:00:00+00:00,2476.420166015625,2501.73681640625,2466.713623046875,2501.73681640625,1714159616,-0.0109747743120253,0.0109747743120253,0.0068541055756811,452093781.3333333,2578.1850382486978,-0.0109747743120253,-0.0442231445094417,-0.0347374599536716,0.0,1.0,1.0,5.0,1.0,0.0,0.0
2025-05-17 02:00:00+00:00,2491.587646484375,2501.32373046875,2455.897216796875,2477.174560546875,474654720,0.0061247605220213,0.0061247605220213,0.0069562712747806,471871061.3333333,2574.728057861328,0.0061247605220213,-0.0293973758127472,-0.0322259666746891,1.0,0.0,2.0,5.0,1.0,0.0,0.0
2025-05-17 03:00:00+00:00,2496.919677734375,2496.919677734375,2478.060302734375,2494.68212890625,0,0.0021400135201037,0.0021400135201037,0.0069386764074998,471260928.0,2571.185546875,0.0021400135201037,-0.0272373796219236,-0.0329288308796094,1.0,0.0,3.0,5.0,1.0,0.0,0.0
2025-05-17 04:00:00+00:00,2507.023681640625,2513.012939453125,2492.795654296875,2496.818603515625,1252249600,0.0040465874799056,0.0040465874799056,0.0070097754493034,489705898.6666667,2568.4324340820312,0.0040465874799056,-0.0149312877772852,-0.0256790441135656,1.0,0.0,4.0,5.0,1.0,0.0,0.0
2025-05-17 05:00:00+00:00,2477.944091796875,2509.39404296875,2477.944091796875,2506.770263671875,0,-0.0115992481669419,0.0115992481669419,0.0070246087949773,489705898.6666667,2563.566365559896,-0.0115992481669419,-0.0216427603710556,-0.0450087895075025,0.0,1.0,5.0,5.0,1.0,0.0,0.0
2025-05-17 06:00:00+00:00,2494.08447265625,2496.613525390625,2479.37255859375,2479.37255859375,1292595200,0.0065136178466684,0.0065136178466684,0.0072166329111393,532163925.3333333,2559.3053995768228,0.0065136178466684,-0.0039200567396133,-0.0393873229371186,1.0,0.0,6.0,5.0,1.0,0.0,0.0
2025-05-17 07:00:00+00:00,2491.477294921875,2505.733154296875,2483.402587890625,2493.900146484375,0,-0.0010453445995749,0.0010453445995749,0.0071823827862797,514167210.6666667,2554.749043782552,-0.0010453445995749,0.0060801996013768,-0.0420452494175583,0.0,0.0,7.0,5.0,1.0,0.0,0.0
2025-05-17 08:00:00+00:00,2481.31640625,2494.363037109375,2479.991455078125,2492.69873046875,0,-0.004078258586817,0.004078258586817,0.0069742821441963,514167210.6666667,2550.8770345052085,-0.004078258586817,-0.0041223676192437,-0.0360992197916067,0.0,0.0,8.0,5.0,1.0,0.0,0.0
2025-05-17 09:00:00+00:00,2483.74169921875,2485.22705078125,2470.957763671875,2481.8935546875,446359552,0.0009774218888978,0.0009774218888978,0.0060438524304978,421896362.6666667,2545.484446207682,0.0009774218888978,-0.0052776942058393,-0.0495269826680365,1.0,0.0,9.0,5.0,1.0,0.0,0.0
2025-05-17 10:00:00+00:00,2484.805908203125,2490.786865234375,2476.70263671875,2480.166015625,0,0.0004284700718717,0.0004284700718717,0.0058724680835776,420307285.3333333,2539.576151529948,0.0004284700718717,-0.0088622112348617,-0.0539856862071125,1.0,0.0,10.0,5.0,1.0,0.0,0.0
2025-05-17 11:00:00+00:00,2481.75732421875,2487.895751953125,2476.58056640625,2486.29736328125,0,-0.0012268901865979,0.0012268901865979,0.0058764884815773,420307285.3333333,2533.779530843099,-0.0012268901865979,0.0015388694339386,-0.0530810632663347,0.0,0.0,11.0,5.0,1.0,0.0,0.0
2025-05-17 12:00:00+00:00,2471.741455078125,2485.52880859375,2471.741455078125,2481.91748046875,0,-0.0040357971518338,0.0040357971518338,0.0057486549577464,381443072.0,2528.4723002115884,-0.0040357971518338,-0.0089584045059746,-0.0490065024575016,0.0,0.0,12.0,5.0,1.0,0.0,0.0
2025-05-17 13:00:00+00:00,2460.8720703125,2479.39208984375,2452.173583984375,2473.54248046875,0,-0.0043974602373133,0.0043974602373133,0.0056416762256449,381443072.0,2522.3356119791665,-0.0043974602373133,-0.0122839668945626,-0.0564692872119264,0.0,0.0,13.0,5.0,1.0,0.0,0.0
2025-05-17 14:00:00+00:00,2483.077392578125,2485.2822265625,2461.95458984375,2461.95458984375,0,0.0090233549860254,0.0090233549860254,0.0059157069885169,358148778.6666667,2518.1072794596357,0.0090233549860254,0.0007096984180208,-0.0392639689592642,1.0,1.0,14.0,5.0,1.0,0.0,0.0
2025-05-17 15:00:00+00:00,2477.905029296875,2483.169921875,2474.21875,2483.169921875,0,-0.0020830455372474,0.0020830455372474,0.0058182043664717,358148778.6666667,2513.2999674479165,-0.0020830455372474,-0.0023499504492399,-0.0444901689189412,0.0,0.0,15.0,5.0,1.0,0.0,0.0
2025-05-17 16:00:00+00:00,2465.5322265625,2479.881103515625,2451.594482421875,2475.209716796875,0,-0.0049932513910292,0.0049932513910292,0.0058524962159962,358148778.6666667,2508.228729248047,-0.0049932513910292,-0.0077566145416012,-0.0470422633295911,0.0,0.0,16.0,5.0,1.0,0.0,0.0
2025-05-17 17:00:00+00:00,2471.9267578125,2479.9013671875,2465.780029296875,2468.3681640625,38189056,0.0025935703379207,0.0025935703379207,0.005898269669022,359739989.3333333,2503.9134318033853,0.0025935703379207,-0.0039611312154965,-0.0402125350843375,1.0,0.0,17.0,5.0,1.0,0.0,0.0
2025-05-17 18:00:00+00:00,2466.927978515625,2486.65625,2465.932861328125,2471.717041015625,1254402048,-0.0020222198255172,0.0020222198255172,0.0057055831042686,382110037.3333333,2498.8180643717446,-0.0020222198255172,-0.0019474029343201,-0.0472300421142675,0.0,0.0,18.0,5.0,1.0,0.0,0.0
2025-05-17 19:00:00+00:00,2471.7060546875,2479.617919921875,2463.946533203125,2465.8017578125,0,0.0019368527226928,0.0019368527226928,0.0057367238935831,382110037.3333333,2493.847381591797,0.0019368527226928,0.0044024980029231,-0.0460425605210941,1.0,0.0,19.0,5.0,1.0,0.0,0.0
2025-05-17 20:00:00+00:00,2489.712890625,2493.52490234375,2466.27001953125,2471.123046875,0,0.0072851850256832,0.0072851850256832,0.0058142089730207,361605888.0,2490.6249084472656,0.0072851850256832,0.0026722880513947,-0.0301276904614763,1.0,1.0,20.0,5.0,1.0,0.0,0.0
2025-05-17 21:00:00+00:00,2486.664306640625,2490.920166015625,2483.47509765625,2489.76806640625,785930240,-0.0012244721051388,0.0012244721051388,0.0058088694507168,394352981.3333333,2487.2845255533853,-0.0012244721051388,0.0035349528090007,-0.0312327190583759,0.0,0.0,21.0,5.0,1.0,0.0,0.0
2025-05-17 22:00:00+00:00,2462.78857421875,2485.89111328125,2456.95703125,2485.89111328125,0,-0.00960151008647,0.00960151008647,0.0058723758295718,350421674.6666667,2483.8580423990884,-0.00960151008647,-0.0011128032780067,-0.0323123044075646,0.0,1.0,22.0,5.0,1.0,0.0,0.0
2025-05-17 23:00:00+00:00,2475.73046875,2478.12890625,2460.711181640625,2462.127197265625,0,0.0052549758703324,0.0052549758703324,0.0059728966410276,350421674.6666667,2481.481811523437,0.0052549758703324,0.001538763608379,-0.0225167567379991,1.0,0.0,23.0,5.0,1.0,0.0,0.0
2025-05-18 00:00:00+00:00,2484.31982421875,2484.37744140625,2473.459716796875,2474.876220703125,0,0.0034694226924818,0.0034694226924818,0.0055997465198096,302439168.0,2480.665974934896,0.0034694226924818,0.0070500014003609,-0.0078198326165803,1.0,0.0,0.0,6.0,1.0,0.0,0.0
2025-05-18 01:00:00+00:00,2484.847412109375,2485.574462890625,2475.25390625,2484.143310546875,0,0.0002123671378708,0.0002123671378708,0.0051185097787532,231015850.66666663,2481.0171101888022,0.0002123671378708,0.0053167153096351,0.0034029952628389,1.0,0.0,1.0,6.0,1.0,0.0,0.0
2025-05-18 02:00:00+00:00,2481.3310546875,2487.1103515625,2477.5830078125,2485.617919921875,0,-0.0014151200611911,0.0014151200611911,0.0049652078125133,211238570.66666663,2480.5897521972656,-0.0014151200611911,-0.0033665873559404,-0.0041164884612214,0.0,0.0,2.0,6.0,1.0,0.0,0.0
2025-05-18 03:00:00+00:00,2478.095947265625,2486.48046875,2469.98291015625,2482.02685546875,0,-0.0013037790405934,0.0013037790405934,0.0049455708280591,211238570.66666663,2479.805430094401,-0.0013037790405934,-0.0034457241985249,-0.0075387809374108,0.0,0.0,3.0,6.0,1.0,0.0,0.0
2025-05-18 04:00:00+00:00,2486.458984375,2488.518798828125,2478.360107421875,2478.446044921875,0,0.0033747834173261,0.0033747834173261,0.0049217224785165,159061504.0,2478.948567708333,0.0033747834173261,0.0096112229868365,-0.0082028332704727,1.0,0.0,4.0,6.0,1.0,0.0,0.0
2025-05-18 05:00:00+00:00,2512.125244140625,2512.8779296875,2486.205810546875,2486.205810546875,0,0.0103224142955555,0.0103224142955555,0.0047715562227904,159061504.0,2480.3727823893228,0.0103224142955555,0.0147006210288314,0.0137941580106286,1.0,1.0,5.0,6.0,1.0,0.0,0.0
2025-05-18 06:00:00+00:00,2496.140869140625,2513.080322265625,2495.466064453125,2513.080322265625,754161664,-0.0063628893652029,0.0063628893652029,0.0047994301800787,136626773.33333334,2480.458465576172,-0.0063628893652029,0.004758262123353,0.0008245095572825,0.0,1.0,6.0,6.0,1.0,0.0,0.0
2025-05-18 07:00:00+00:00,2510.15478515625,2510.598876953125,2496.611083984375,2496.87158203125,0,0.0056142328299162,0.0056142328299162,0.0049245123615339,136626773.33333334,2481.236694335937,0.0056142328299162,0.0101846789157131,0.0074965524560242,1.0,1.0,7.0,6.0,1.0,0.0,0.0
2025-05-18 08:00:00+00:00,2518.653564453125,2526.85009765625,2509.75830078125,2509.75830078125,1092405248,0.0033857590564265,0.0033857590564265,0.0048698686367661,182143658.66666663,2482.792409261068,0.0033857590564265,0.0150413261846373,0.0150473184754187,1.0,0.0,8.0,6.0,1.0,0.0,0.0
2025-05-18 09:00:00+00:00,2507.703369140625,2523.3974609375,2505.630126953125,2519.3154296875,0,-0.00434763854269,0.00434763854269,0.0049737350881835,163545344.0,2483.790812174479,-0.00434763854269,0.0119476495281263,0.0096474081541619,0.0,0.0,9.0,6.0,1.0,0.0,0.0
2025-05-18 10:00:00+00:00,2505.4404296875,2512.619873046875,2500.7197265625,2507.19189453125,1040088064,-0.0009023951879525,0.0009023951879525,0.0049809568842366,206882346.66666663,2484.650583902994,-0.0009023951879525,0.0076339265725999,0.0083042789846297,0.0,0.0,10.0,6.0,1.0,0.0,0.0
2025-05-18 11:00:00+00:00,2501.837158203125,2512.024658203125,2501.837158203125,2505.536376953125,44848128,-0.0014381788693432,0.0014381788693432,0.0049840629473722,208751018.66666663,2485.487243652344,-0.0014381788693432,-0.0040953714236566,0.0080909739999239,0.0,0.0,11.0,6.0,1.0,0.0,0.0
2025-05-18 12:00:00+00:00,2508.38671875,2508.38671875,2492.451416015625,2502.058837890625,0,0.0026179004198574,0.0026179004198574,0.0049141951809868,208751018.66666663,2487.014129638672,0.0026179004198574,0.0049059128676463,0.0148256863987892,1.0,0.0,12.0,6.0,1.0,0.0,0.0
2025-05-18 13:00:00+00:00,2536.57470703125,2536.57470703125,2505.574951171875,2508.343017578125,0,0.0112374970217099,0.0112374970217099,0.0052446668830837,208751018.66666663,2490.16840616862,0.0112374970217099,0.0105252162261999,0.0307625242417159,1.0,1.0,13.0,6.0,1.0,0.0,0.0
2025-05-18 14:00:00+00:00,2559.567138671875,2567.5947265625,2530.85498046875,2541.6982421875,29621248,0.0090643621009431,0.0090643621009431,0.0052473064633227,209985237.3333333,2493.355478922526,0.0090643621009431,0.0162442246111895,0.0308044148452144,1.0,1.0,14.0,6.0,1.0,0.0,0.0
2025-05-18 15:00:00+00:00,2578.764892578125,2584.906494140625,2551.918212890625,2558.21923828125,853164032,0.007500390834136,0.007500390834136,0.0053441543984173,245533738.66666663,2497.557973225912,0.007500390834136,0.0283372923257076,0.0407036839946484,1.0,1.0,15.0,6.0,1.0,0.0,0.0
2025-05-18 16:00:00+00:00,2577.031494140625,2582.446044921875,2558.849609375,2579.45166015625,634333184,-0.0006721816488539,0.0006721816488539,0.0051799127270288,271964288.0,2502.2037760416665,-0.0006721816488539,0.0285742433165949,0.0452232042951552,0.0,0.0,16.0,6.0,1.0,0.0,0.0
2025-05-18 17:00:00+00:00,2492.71630859375,2573.091064453125,2492.71630859375,2573.091064453125,0,-0.0327179492134969,0.0327179492134969,0.0087478892118727,270373077.3333333,2503.0700073242188,-0.0327179492134969,-0.0036456607815057,0.0084102616372208,0.0,1.0,17.0,6.0,1.0,0.0,0.0
2025-05-18 18:00:00+00:00,2460.505126953125,2489.7958984375,2458.13916015625,2489.6171875,3245425664,-0.0129221209527837,0.0129221209527837,0.009151972237451,353332394.6666667,2502.8023885091147,-0.0129221209527837,-0.0190886004294966,-0.0026035829251751,0.0,1.0,18.0,6.0,1.0,0.0,0.0
2025-05-18 19:00:00+00:00,2410.962646484375,2470.711669921875,2410.339599609375,2463.50927734375,1258840064,-0.0201350852416629,0.0201350852416629,0.0100104667891172,405784064.0,2500.271413167318,-0.0201350852416629,-0.0495203473403267,-0.0245754984044026,0.0,1.0,19.0,6.0,1.0,0.0,0.0
2025-05-18 20:00:00+00:00,2396.877685546875,2405.75390625,2349.853759765625,2354.357177734375,3016431616,-0.0058420485933444,0.0058420485933444,0.0098967758946302,531468714.6666667,2496.403279622396,-0.0058420485933444,-0.0635613149844614,-0.0372875143265295,0.0,0.0,20.0,6.0,1.0,0.0,0.0
2025-05-18 21:00:00+00:00,2409.091552734375,2432.593505859375,2397.04248046875,2397.04248046875,373364736,0.005095740705147,0.005095740705147,0.0099890446423846,514278485.3333333,2493.1710815429688,0.005095740705147,-0.0657963586878673,-0.0311955070489781,1.0,0.0,21.0,6.0,1.0,0.0,0.0
2025-05-18 22:00:00+00:00,2447.238037109375,2447.238037109375,2380.10595703125,2408.1630859375,0,0.0158343855100495,0.0158343855100495,0.0104073915125923,514278485.3333333,2492.5231424967446,0.0158343855100495,-0.0503654911965028,-0.0063141989824717,1.0,1.0,22.0,6.0,1.0,0.0,0.0
2025-05-18 23:00:00+00:00,2506.7529296875,2506.7529296875,2438.484130859375,2456.10009765625,2461677568,0.0243192087061636,0.0243192087061636,0.011511706299162,616848384.0,2493.815745035807,0.0243192087061636,0.0056310543824655,0.0125306293754841,1.0,1.0,23.0,6.0,1.0,0.0,0.0
2025-05-19 00:00:00+00:00,2442.87353515625,2508.68603515625,2435.591552734375,2499.6982421875,1224558592,-0.0254829240547505,0.0254829240547505,0.0126561775530643,667871658.6666666,2492.0888163248696,-0.0254829240547505,-0.0071658423320208,-0.0166831535370184,0.0,1.0,0.0,0.0,0.0,0.0,0.0
2025-05-19 01:00:00+00:00,2430.60205078125,2445.330810546875,2419.8505859375,2443.300537109375,1997862912,-0.0050233809480502,0.0050233809480502,0.0126862326655984,751115946.6666666,2489.8285929361978,-0.0050233809480502,0.0081458766379116,-0.02183045971506,0.0,0.0,1.0,0.0,0.0,0.0,0.0
2025-05-19 02:00:00+00:00,2402.216552734375,2433.89794921875,2396.508544921875,2428.624755859375,0,-0.0116783815095322,0.0116783815095322,0.0128779368526227,751115946.6666666,2486.532155354818,-0.0116783815095322,0.0022274257963572,-0.0318838962675573,0.0,0.0,2.0,0.0,0.0,0.0,0.0
2025-05-19 03:00:00+00:00,2386.6416015625,2400.271484375,2382.482666015625,2400.271484375,1749037056,-0.0064835749941638,0.0064835749941638,0.0129218703527903,823992490.6666666,2482.7215576171875,-0.0064835749941638,-0.0093188451665083,-0.0369050866670588,0.0,0.0,3.0,0.0,0.0,0.0,0.0
2025-05-19 04:00:00+00:00,2364.790771484375,2402.610107421875,2354.592041015625,2390.582275390625,0,-0.0091554718830927,0.0091554718830927,0.0129700212462524,823992490.6666666,2477.6520487467446,-0.0091554718830927,-0.0336899248764476,-0.0489323224936315,0.0,0.0,4.0,0.0,0.0,0.0,1.0
2025-05-19 05:00:00+00:00,2378.786865234375,2384.310791015625,2361.212890625,2365.93701171875,833990656,0.0059185336473615,0.0059185336473615,0.0128182670665944,858742101.3333334,2472.0962829589844,0.0059185336473615,-0.051048534914479,-0.0530779184745081,1.0,0.0,5.0,0.0,0.0,0.0,1.0
2025-05-19 06:00:00+00:00,2355.550537109375,2397.56884765625,2355.550537109375,2378.792724609375,0,-0.0097681420999062,0.0097681420999062,0.0128851292776585,827318698.6666666,2466.238352457682,-0.0097681420999062,-0.0357460166439969,-0.0563230760608686,0.0,0.0,6.0,0.0,0.0,0.0,1.0
2025-05-19 07:00:00+00:00,2404.075927734375,2411.952392578125,2355.462646484375,2355.462646484375,2607472640,0.020600445569106,0.020600445569106,0.0136286531320575,935963392.0,2461.818400065104,0.020600445569106,-0.0109133961432925,-0.0422598869397099,1.0,1.0,7.0,0.0,0.0,0.0,1.0
2025-05-19 08:00:00+00:00,2402.466552734375,2420.818115234375,2392.453369140625,2403.508544921875,145221632,-0.0006694360113312,0.0006694360113312,0.0135878305943468,896497408.0,2456.9772745768228,-0.0006694360113312,0.0001040705508899,-0.0461306046049956,0.0,0.0,8.0,0.0,0.0,0.0,1.0
2025-05-19 09:00:00+00:00,2406.62060546875,2414.43505859375,2392.189208984375,2402.331298828125,333953024,0.00172907827984,0.00172907827984,0.0135964071442784,910412117.3333334,2452.7654927571616,0.00172907827984,0.0083711789374534,-0.0403088997350254,1.0,0.0,9.0,0.0,0.0,1.0,1.0
2025-05-19 10:00:00+00:00,2413.642333984375,2418.376708984375,2394.922119140625,2406.238037109375,259944448,0.0029176715680356,0.0029176715680356,0.013627545494064,877906133.3333334,2448.9405721028647,0.0029176715680356,0.0206578793731235,-0.0366395044222124,1.0,0.0,10.0,0.0,0.0,1.0,1.0
2025-05-19 11:00:00+00:00,2420.0,2420.278076171875,2408.755859375,2410.078369140625,179597312,0.0026340547338385,0.0026340547338385,0.0136532180151621,883520682.6666666,2445.530690511068,0.0026340547338385,0.0173252742260978,-0.0327108252968399,1.0,0.0,11.0,0.0,0.0,1.0,1.0
2025-05-19 12:00:00+00:00,2394.186279296875,2420.080322265625,2388.223876953125,2418.878173828125,1009909760,-0.0106668267368285,0.0106668267368285,0.0137565851372152,925600256.0,2440.7723388671875,-0.0106668267368285,0.0164020009670062,-0.0455274454291618,0.0,0.0,12.0,0.0,0.0,1.0,1.0
2025-05-19 13:00:00+00:00,2429.790771484375,2438.49853515625,2396.84130859375,2400.000732421875,0,0.014871228899514,0.014871228899514,0.0139258285191516,925600256.0,2436.323008219401,0.014871228899514,0.0106963525791108,-0.0420976899481319,1.0,1.0,13.0,0.0,0.0,1.0,1.0
2025-05-19 14:00:00+00:00,2449.29638671875,2453.116943359375,2420.205078125,2427.4189453125,1093468160,0.0080276933566831,0.0080276933566831,0.013892565551397,969927210.6666666,2431.7283935546875,0.0080276933566831,0.019492397898766,-0.0430817970300803,1.0,0.0,14.0,0.0,0.0,1.0,1.0
2025-05-19 15:00:00+00:00,2467.783447265625,2469.340576171875,2446.326171875,2447.866943359375,0,0.0075479066752071,0.0075479066752071,0.0138939430255949,934378709.3333334,2427.1041666666665,0.0075479066752071,0.0254144095907307,-0.0430366667515572,1.0,0.0,15.0,0.0,0.0,1.0,1.0
2025-05-19 16:00:00+00:00,2504.942626953125,2504.942626953125,2453.332275390625,2467.01708984375,165834752,0.0150577149419952,0.0150577149419952,0.0143111708726664,914857941.3333334,2424.1004638671875,0.0150577149419952,0.0378267698089442,-0.0279736073662304,1.0,1.0,16.0,0.0,0.0,1.0,1.0
2025-05-19 17:00:00+00:00,2508.569091796875,2541.70654296875,2508.531494140625,2508.531494140625,0,0.0014477237141998,0.0014477237141998,0.0126278117693962,914857941.3333334,2424.760996500651,0.0014477237141998,0.0365987982631714,0.0063596419490143,1.0,0.0,17.0,0.0,0.0,0.0,1.0
2025-05-19 18:00:00+00:00,2487.957275390625,2516.092041015625,2481.2744140625,2504.93310546875,487868416,-0.0082165631688804,0.0082165631688804,0.0124481888521589,799959722.6666666,2425.9048360188804,-0.0082165631688804,0.0391661237492717,0.0111571189739785,0.0,0.0,18.0,0.0,0.0,0.0,1.0
2025-05-19 19:00:00+00:00,2514.39501953125,2523.941650390625,2481.349853515625,2489.8076171875,52852736,0.0106262854278613,0.0106262854278613,0.0117936478507933,749710250.6666666,2430.2145182291665,0.0106262854278613,0.0348195610254908,0.0429008608647247,1.0,0.0,19.0,0.0,0.0,0.0,1.0
2025-05-19 20:00:00+00:00,2521.328857421875,2532.142578125,2508.564697265625,2521.028076171875,0,0.0027576565483007,0.0027576565483007,0.0116808869198441,624025600.0,2435.3999837239585,0.0027576565483007,0.0294094545248664,0.0519222038844275,1.0,0.0,20.0,0.0,0.0,0.0,1.0
2025-05-19 21:00:00+00:00,2520.66943359375,2520.66943359375,2505.519287109375,2519.930419921875,0,-0.0002615382068007,0.0002615382068007,0.0116738653120626,608468736.0,2440.049062093099,-0.0002615382068007,0.0214305620643999,0.0463153343976203,0.0,0.0,21.0,0.0,0.0,0.0,0.0
2025-05-19 22:00:00+00:00,2504.237548828125,2523.933349609375,2493.809814453125,2523.933349609375,0,-0.0065188574696197,0.0065188574696197,0.0114069032996737,608468736.0,2442.424041748047,-0.0065188574696197,-0.0002814747601056,0.0232913639190066,0.0,0.0,22.0,0.0,0.0,0.0,0.0
2025-05-19 23:00:00+00:00,2529.35791015625,2532.9326171875,2502.757568359375,2503.748779296875,0,0.0100311415504013,0.0100311415504013,0.0104727434803575,505898837.3333333,2443.3659159342446,0.0100311415504013,0.0082871220997482,0.0090176340081382,1.0,0.0,23.0,0.0,0.0,0.0,0.0
2025-05-20 00:00:00+00:00,2513.67333984375,2560.962890625,2513.175537109375,2529.448486328125,0,-0.0062010086629183,0.0062010086629183,0.0090403125147814,454875562.6666667,2446.315907796224,-0.0062010086629183,0.0103362162636364,0.0289821817087929,0.0,0.0,0.0,1.0,0.0,0.0,0.0
2025-05-20 01:00:00+00:00,2546.250244140625,2548.73291015625,2512.54638671875,2512.54638671875,0,0.0129598797825098,0.0129598797825098,0.0092424616468149,371631274.6666667,2451.1345825195312,0.0129598797825098,0.0126691408318624,0.047580060801069,1.0,1.0,1.0,1.0,0.0,0.0,0.0
2025-05-20 02:00:00+00:00,2564.151611328125,2585.337890625,2540.814697265625,2541.48388671875,0,0.0070304822664992,0.0070304822664992,0.0088197479139547,371631274.6666667,2457.881876627604,0.0070304822664992,0.016984200129307,0.0674106830249854,1.0,0.0,2.0,1.0,0.0,0.0,0.0
2025-05-20 03:00:00+00:00,2553.480712890625,2577.848388671875,2546.61962890625,2566.065673828125,2430384128,-0.0041615707863595,0.0041615707863595,0.0087261908698769,400020736.0,2464.833506266276,-0.0041615707863595,0.0130168910129939,0.069905389740503,0.0,0.0,3.0,1.0,0.0,0.0,0.0
2025-05-20 04:00:00+00:00,2571.4140625,2575.9873046875,2546.60693359375,2553.050537109375,0,0.0070230996924482,0.0070230996924482,0.0083758413317867,400020736.0,2473.4428100585938,0.0070230996924482,0.0268251363387275,0.0873748720213112,1.0,0.0,4.0,1.0,0.0,0.0,1.0
2025-05-20 05:00:00+00:00,2558.59765625,2574.57275390625,2558.59765625,2571.05517578125,402350080,-0.004984186108689,0.004984186108689,0.0085348107096866,382035712.0,2480.934926350912,-0.004984186108689,0.0115601457493785,0.0755892819333809,0.0,0.0,5.0,1.0,0.0,0.0,1.0
2025-05-20 06:00:00+00:00,2546.187255859375,2559.314453125,2536.662109375,2558.897705078125,156325888,-0.0048504696939394,0.0048504696939394,0.0082679114480024,388549290.6666667,2488.878122965494,-0.0048504696939394,0.0129348215220543,0.0809308549091631,0.0,0.0,6.0,1.0,0.0,0.0,1.0
2025-05-20 07:00:00+00:00,2532.388671875,2544.73193359375,2523.677734375,2544.710205078125,0,-0.0054193123277249,0.0054193123277249,0.0075749534299679,279904597.3333333,2494.2244873046875,-0.0054193123277249,-0.0054439159299142,0.0533729998542717,0.0,0.0,7.0,1.0,0.0,0.0,1.0
2025-05-20 08:00:00+00:00,2533.487548828125,2538.193603515625,2524.44140625,2532.61328125,0,0.0004339290272972,0.0004339290272972,0.0075601382293396,273853696.0,2499.6836954752603,0.0004339290272972,-0.011958755622924,0.0545360333714648,1.0,0.0,8.0,1.0,0.0,0.0,1.0
2025-05-20 09:00:00+00:00,2527.187255859375,2539.124267578125,2526.357666015625,2533.1669921875,0,-0.002486806367635,0.002486806367635,0.0076213126682623,259938986.66666663,2504.707305908203,-0.002486806367635,-0.0102971042226847,0.0500979049695877,0.0,0.0,9.0,1.0,0.0,1.0,1.0
2025-05-20 10:00:00+00:00,2515.7900390625,2530.579345703125,2510.185546875,2526.989501953125,0,-0.0045098426206645,0.0045098426206645,0.0077352061897338,249107968.0,2508.9634602864585,-0.0045098426206645,-0.0216316867239267,0.042320978398445,0.0,0.0,10.0,1.0,0.0,1.0,1.0
2025-05-20 11:00:00+00:00,2514.85302734375,2519.43310546875,2496.112060546875,2516.111083984375,601182208,-0.0003724522731234,0.0003724522731234,0.0077447267038358,266674005.3333333,2512.9156697591147,-0.0003724522731234,-0.0170971113021201,0.0391954658445248,0.0,0.0,11.0,1.0,0.0,1.0,1.0
2025-05-20 12:00:00+00:00,2485.144287109375,2514.562744140625,2482.994873046875,2514.562744140625,1008941056,-0.0118133107228751,0.0118133107228751,0.0078269834987105,266633642.66666663,2516.7055867513022,-0.0118133107228751,-0.023974265290004,0.037991199180714,0.0,1.0,12.0,1.0,0.0,1.0,1.0
2025-05-20 13:00:00+00:00,2478.22607421875,2492.441650390625,2466.826904296875,2485.048583984375,0,-0.0027838274528003,0.0027838274528003,0.0073382929612078,266633642.66666663,2518.7237243652344,-0.0027838274528003,-0.0213879481683779,0.019933939704934,0.0,0.0,13.0,1.0,0.0,1.0,1.0
2025-05-20 14:00:00+00:00,2470.113037109375,2488.076416015625,2467.889404296875,2476.6474609375,0,-0.0032737276045053,0.0032737276045053,0.0072192149141696,221072469.3333333,2519.591084798177,-0.0032737276045053,-0.0250147318655914,0.0084990328257139,0.0,0.0,14.0,1.0,0.0,1.0,1.0
2025-05-20 15:00:00+00:00,2484.182373046875,2492.473876953125,2470.15087890625,2470.15087890625,0,0.0056958267602054,0.0056958267602054,0.0071487906432901,221072469.3333333,2520.274373372396,0.0056958267602054,-0.0170168960423457,0.0066452045455691,1.0,0.0,15.0,1.0,0.0,1.0,1.0
2025-05-20 16:00:00+00:00,2476.064697265625,2490.3876953125,2473.17431640625,2483.463134765625,0,-0.0032677455042455,0.0032677455042455,0.0064483955116119,214162688.0,2519.0711263020835,-0.0032677455042455,-0.0157904042786012,-0.0115283796829412,0.0,0.0,16.0,1.0,0.0,1.0,1.0
2025-05-20 17:00:00+00:00,2499.601318359375,2506.78564453125,2475.941650390625,2475.941650390625,0,0.0095056567462643,0.0095056567462643,0.0067547132532575,214162688.0,2518.697469075521,0.0095056567462643,-0.006064652215674,-0.0035748560670801,1.0,1.0,17.0,1.0,0.0,0.0,1.0
2025-05-20 18:00:00+00:00,2451.253173828125,2503.5439453125,2449.399169921875,2499.950439453125,0,-0.0193423423872185,0.0193423423872185,0.0076556986928082,193834837.3333333,2517.1681315104165,-0.0193423423872185,-0.0136374831260485,-0.0147527057339589,0.0,1.0,18.0,1.0,0.0,0.0,1.0
2025-05-20 19:00:00+00:00,2503.542724609375,2510.9638671875,2450.680419921875,2453.608154296875,0,0.0213317626018978,0.0213317626018978,0.0085922803746274,191632640.0,2516.7159525553384,0.0213317626018978,0.0102156339383225,-0.0043160660268481,1.0,1.0,19.0,1.0,0.0,0.0,1.0
2025-05-20 20:00:00+00:00,2512.123291015625,2520.89794921875,2487.1767578125,2502.846435546875,1389873152,0.0034273696717472,0.0034273696717472,0.0086031972639057,249544021.3333333,2516.332387288412,0.0034273696717472,0.0170074216341986,-0.0036510772401434,1.0,0.0,20.0,1.0,0.0,0.0,1.0
2025-05-20 21:00:00+00:00,2513.9326171875,2525.101806640625,2493.751220703125,2514.56005859375,158887936,0.0007202378077326,0.0007202378077326,0.0086048140582387,256164352.0,2516.051686604818,0.0007202378077326,0.0119758695913037,-0.0026726298642997,1.0,0.0,21.0,1.0,0.0,0.0,0.0
2025-05-20 22:00:00+00:00,2514.193359375,2515.116455078125,2491.729248046875,2512.49462890625,0,0.0001037188450148,0.0001037188450148,0.0084947056846696,256164352.0,2516.466512044271,0.0001037188450148,0.0153988957362387,0.0039755855236391,1.0,0.0,22.0,1.0,0.0,0.0,0.0
2025-05-20 23:00:00+00:00,2523.771728515625,2539.362548828125,2515.01025390625,2515.536865234375,1048958976,0.0038097185743128,0.0038097185743128,0.0082737004066701,299870976.0,2516.233754475912,0.0038097185743128,0.0096697061162194,-0.0022085374387683,1.0,0.0,23.0,1.0,0.0,0.0,0.0
2025-05-21 00:00:00+00:00,2529.74560546875,2536.997314453125,2522.73486328125,2524.744140625,0,0.0023670432969935,0.0023670432969935,0.0081815106919395,299870976.0,2516.9034322102866,0.0023670432969935,0.0320213482959181,0.0063939356678697,1.0,0.0,0.0,2.0,0.0,0.0,0.0
2025-05-21 01:00:00+00:00,2535.126220703125,2547.53955078125,2528.663330078125,2529.884033203125,0,0.0021269392553715,0.0021269392553715,0.0077394467190634,299870976.0,2516.439931233724,0.0021269392553715,0.0126155211106604,-0.0043687863999614,1.0,0.0,1.0,2.0,0.0,0.0,0.0
2025-05-21 02:00:00+00:00,2539.85205078125,2540.201416015625,2515.89697265625,2535.125,0,0.0018641399546623,0.0018641399546623,0.0076015572109935,299870976.0,2515.427449544271,0.0018641399546623,0.0110379772620214,-0.0094766473400099,1.0,0.0,2.0,2.0,0.0,0.0,0.0
2025-05-21 03:00:00+00:00,2545.6533203125,2552.637451171875,2536.833740234375,2539.8916015625,0,0.0022840974258582,0.0022840974258582,0.0075755578385804,198604970.66666663,2515.101308186849,0.0022840974258582,0.0126179607631997,-0.0030653815157523,1.0,0.0,3.0,2.0,0.0,0.0,0.0
2025-05-21 04:00:00+00:00,2551.872314453125,2558.95166015625,2536.40966796875,2545.726806640625,644956160,0.0024429854964937,0.0024429854964937,0.0074448667039193,225478144.0,2514.287068684896,0.0024429854964937,0.0149864985275005,-0.0075996115646486,1.0,0.0,4.0,2.0,0.0,0.0,1.0
2025-05-21 05:00:00+00:00,2597.54833984375,2599.710205078125,2551.776123046875,2551.776123046875,185841664,0.0178990246227948,0.0178990246227948,0.00824052583201,216456960.0,2515.9100138346357,0.0178990246227948,0.0292326799981696,0.0152234500405343,1.0,1.0,5.0,2.0,0.0,0.0,1.0
2025-05-21 06:00:00+00:00,2599.185302734375,2613.537353515625,2585.66796875,2593.450439453125,1429587968,0.0006301953521001,0.0006301953521001,0.0081566300847968,269509546.6666667,2518.1182657877603,0.0006301953521001,0.0274492807164135,0.0208146697588871,1.0,0.0,6.0,2.0,0.0,0.0,1.0
2025-05-21 07:00:00+00:00,2552.972900390625,2598.53564453125,2548.5498046875,2598.53564453125,0,-0.0177795720432606,0.0177795720432606,0.008926262271852,269509546.6666667,2518.975941975912,-0.0177795720432606,0.0070397598122551,0.0081283843764725,0.0,1.0,7.0,2.0,0.0,0.0,1.0
2025-05-21 08:00:00+00:00,2539.19140625,2561.585693359375,2539.19140625,2552.91357421875,1645410304,-0.0053982140345149,0.0053982140345149,0.0090036544431126,338068309.3333333,2519.2136027018228,-0.0053982140345149,-0.000260111423044,0.0022513856144716,0.0,0.0,8.0,2.0,0.0,0.0,1.0
2025-05-21 09:00:00+00:00,2525.375,2543.16943359375,2520.06298828125,2538.417724609375,0,-0.0054412622128414,0.0054412622128414,0.0090610389583497,338068309.3333333,2519.138092041016,-0.0054412622128414,-0.0079658609248531,-0.0007171039087717,0.0,0.0,9.0,2.0,0.0,1.0,1.0
2025-05-21 10:00:00+00:00,2529.308837890625,2531.88525390625,2517.413818359375,2524.92236328125,975998976,0.001557724255061,0.001557724255061,0.0090139871677612,378734933.3333333,2519.701375325521,0.001557724255061,-0.0088419300741289,0.005373579916535,1.0,0.0,10.0,2.0,0.0,1.0,1.0
2025-05-21 11:00:00+00:00,2538.162109375,2554.234130859375,2529.745849609375,2529.745849609375,0,0.0035002730199442,0.0035002730199442,0.0090367660167584,353685674.6666667,2520.6725870768228,0.0035002730199442,-0.0228624159011117,0.0092685663049938,1.0,0.0,11.0,2.0,0.0,1.0,1.0
2025-05-21 12:00:00+00:00,2538.645263671875,2549.570556640625,2530.394775390625,2537.681884765625,0,0.000190355964692,0.000190355964692,0.008654128596604,311646464.0,2522.9017944335938,0.000190355964692,-0.0232919288204697,0.0215283180296668,1.0,0.0,12.0,2.0,0.0,1.0,1.0
2025-05-21 13:00:00+00:00,2554.212890625,2556.16015625,2523.6123046875,2541.0908203125,0,0.0061322576950384,0.0061322576950384,0.008679386985075,311646464.0,2526.067911783854,0.0061322576950384,0.0004857044249022,0.0306617774692747,1.0,0.0,13.0,2.0,0.0,1.0,1.0
2025-05-21 14:00:00+00:00,2573.97119140625,2577.25830078125,2535.9453125,2547.146484375,976732160,0.0077355731989965,0.0077355731989965,0.0087182517925088,352343637.3333333,2530.395334879557,0.0077355731989965,0.0136971892196242,0.0420459115581259,1.0,0.0,14.0,2.0,0.0,1.0,1.0
2025-05-21 15:00:00+00:00,2568.066650390625,2579.551513671875,2547.55419921875,2576.492919921875,1180133376,-0.0022939421526311,0.0022939421526311,0.0087137319404097,401515861.3333333,2533.8905131022134,-0.0022939421526311,0.0169050736586151,0.0337673587309392,0.0,0.0,15.0,2.0,0.0,1.0,1.0
2025-05-21 16:00:00+00:00,2590.880126953125,2611.725341796875,2557.37451171875,2568.174560546875,991279104,0.0088835219907668,0.0088835219907668,0.0087821967097561,442819157.3333333,2538.674489339193,0.0088835219907668,0.0243431281068264,0.0463701250675288,1.0,1.0,16.0,2.0,0.0,1.0,1.0
2025-05-21 17:00:00+00:00,2460.997314453125,2594.868408203125,2457.4140625,2586.88232421875,3816019968,-0.0501307687487425,0.0501307687487425,0.0136387462224669,601819989.3333334,2537.065989176432,-0.0501307687487425,-0.0304018386520142,-0.0154440644684841,0.0,1.0,17.0,2.0,0.0,0.0,1.0
2025-05-21 18:00:00+00:00,2476.156982421875,2496.85205078125,2463.58349609375,2471.871337890625,1978292224,0.0061599693261422,0.0061599693261422,0.0130941537141381,684248832.0,2538.1036478678384,0.0061599693261422,-0.0246148141074336,0.0101596231917806,1.0,0.0,18.0,2.0,0.0,0.0,1.0
2025-05-21 19:00:00+00:00,2517.292724609375,2517.292724609375,2466.673828125,2475.977294921875,0,0.0166127359773717,0.0166127359773717,0.0127999427421772,684248832.0,2538.6765645345054,0.0166127359773717,-0.0144546158040064,0.00549221703502,1.0,1.0,19.0,2.0,0.0,0.0,1.0
2025-05-21 20:00:00+00:00,2506.86181640625,2514.725830078125,2490.030517578125,2514.725830078125,0,-0.0041437009296341,0.0041437009296341,0.012813024503767,626337450.6666666,2538.457336425781,-0.0041437009296341,-0.0260723100647197,-0.002094433274112,0.0,0.0,20.0,2.0,0.0,0.0,1.0
2025-05-21 21:00:00+00:00,2506.776123046875,2519.9072265625,2502.07763671875,2506.928466796875,0,-3.418351933648367e-05,3.418351933648367e-05,0.0128120882883349,619717120.0,2538.159149169922,-3.418351933648367e-05,-0.0238664083482518,-0.0028467326815749,0.0,0.0,21.0,2.0,0.0,0.0,0.0
2025-05-21 22:00:00+00:00,2537.324462890625,2541.02685546875,2503.3876953125,2506.184814453125,0,0.0121863055750746,0.0121863055750746,0.0130530374119673,619717120.0,2539.12294514974,0.0121863055750746,-0.0206708382627803,0.0092002086591205,1.0,0.0,22.0,2.0,0.0,0.0,0.0
2025-05-21 23:00:00+00:00,2550.87890625,2594.835205078125,2527.705810546875,2537.035400390625,1585586176,0.005342022101475,0.005342022101475,0.0130738392717314,642076586.6666666,2540.252410888672,0.005342022101475,0.0365224257942142,0.0107407407049124,1.0,0.0,23.0,2.0,0.0,0.0,0.0
2025-05-22 00:00:00+00:00,2576.135498046875,2580.510009765625,2546.578125,2551.8427734375,837150720,0.0099011331878564,0.0099011331878564,0.0132096411023173,676957866.6666666,2542.1853230794272,0.0099011331878564,0.0403764851480512,0.0183377698049322,1.0,0.0,0.0,3.0,0.0,0.0,0.0
2025-05-22 01:00:00+00:00,2575.89306640625,2598.214111328125,2564.9072265625,2586.005615234375,1757353984,-9.410671170395624e-05,9.410671170395624e-05,0.0132080336689993,750180949.3333334,2543.8839416503906,-9.410671170395624e-05,0.0232791130026279,0.0160807952559529,0.0,0.0,1.0,3.0,0.0,0.0,0.0
2025-05-22 02:00:00+00:00,2594.86376953125,2600.552490234375,2575.97900390625,2575.97900390625,0,0.0073647091070698,0.0073647091070698,0.0132757525132645,750180949.3333334,2546.176096598307,0.0073647091070698,0.0351044291907387,0.0216594186000238,1.0,0.0,2.0,3.0,0.0,0.0,0.0
2025-05-22 03:00:00+00:00,2635.3505859375,2644.205810546875,2589.268310546875,2594.008544921875,853690368,0.0156026751314053,0.0156026751314053,0.0136068942349913,785751381.3333334,2549.913482666016,0.0156026751314053,0.0512907641446449,0.035235459954142,1.0,1.0,3.0,3.0,0.0,0.0,0.0
2025-05-22 04:00:00+00:00,2628.927978515625,2635.853515625,2615.999755859375,2629.816162109375,2975969280,-0.0024370979163632,0.0024370979163632,0.0136291713032768,882876928.0,2553.1241353352866,-0.0024370979163632,0.036102405098259,0.0301957365288525,0.0,0.0,4.0,3.0,0.0,0.0,1.0
2025-05-22 05:00:00+00:00,2613.529052734375,2645.31201171875,2613.529052734375,2628.982421875,0,-0.0058574924482885,0.0058574924482885,0.0132304192355789,875133525.3333334,2553.789998372396,-0.0058574924482885,0.0245602197465639,0.0061522292561402,0.0,0.0,5.0,3.0,0.0,0.0,1.0
2025-05-22 06:00:00+00:00,2607.84814453125,2621.3896484375,2604.49267578125,2607.57861328125,1525682176,-0.0021736541237915,0.0021736541237915,0.0132401322116601,879137450.6666666,2554.150950113932,-0.0021736541237915,0.0123101624539618,0.00333290657952,0.0,0.0,6.0,3.0,0.0,0.0,1.0
2025-05-22 07:00:00+00:00,2633.858642578125,2634.589111328125,2608.060546875,2608.42724609375,0,0.009973931228097,0.009973931228097,0.0128041134958557,879137450.6666666,2557.5211893717446,0.009973931228097,0.0225030988001164,0.0316829615289389,1.0,0.0,7.0,3.0,0.0,0.0,1.0
2025-05-22 08:00:00+00:00,2663.80908203125,2678.542724609375,2628.7978515625,2633.68798828125,0,0.0113713162008604,0.0113713162008604,0.0128754586666389,810578688.0,2562.713592529297,0.0113713162008604,0.0265699160432051,0.0490777006705813,1.0,0.0,8.0,3.0,0.0,0.0,1.0
2025-05-22 09:00:00+00:00,2665.08984375,2690.7509765625,2663.132568359375,2663.524658203125,3125129216,0.000480800867971,0.000480800867971,0.0127814634283174,940792405.3333334,2568.5350443522134,0.000480800867971,0.0112847444173809,0.0553243948918478,1.0,0.0,9.0,3.0,0.0,1.0,1.0
2025-05-22 10:00:00+00:00,2653.472900390625,2676.070068359375,2653.472900390625,2664.423583984375,0,-0.0043589312332634,0.0043589312332634,0.0128537866951037,900125781.3333334,2573.7085469563804,-0.0043589312332634,0.0093364755807645,0.0490901153073697,0.0,0.0,10.0,3.0,0.0,1.0,1.0
2025-05-22 11:00:00+00:00,2660.016845703125,2662.189453125,2638.71533203125,2656.509033203125,1000275968,0.0024661813246846,0.0024661813246846,0.0128505506684795,941803946.6666666,2578.7858276367188,0.0024661813246846,0.0177873641466173,0.0480090439763638,1.0,0.0,11.0,3.0,0.0,1.0,1.0
2025-05-22 12:00:00+00:00,2658.311279296875,2660.354736328125,2641.901611328125,2651.794921875,1400320000,-0.000641186317675,0.000641186317675,0.0128568645217769,1000150613.3333334,2583.7719116210938,-0.000641186317675,0.0193504882067032,0.0471377460007611,0.0,0.0,12.0,3.0,0.0,1.0,1.0
2025-05-22 13:00:00+00:00,2649.30322265625,2657.412353515625,2633.209228515625,2657.078125,92577792,-0.0033886387612994,0.0033886387612994,0.0128707609939445,1004008021.3333334,2587.7340087890625,-0.0033886387612994,0.0058638606599659,0.0372288200330794,0.0,0.0,13.0,3.0,0.0,1.0,1.0
2025-05-22 14:00:00+00:00,2660.121337890625,2670.8154296875,2644.18359375,2644.18359375,0,0.0040833812988489,0.0040833812988489,0.0128166062368496,963310848.0,2591.323598225912,0.0040833812988489,-0.0013843875544612,0.0334697399768908,1.0,0.0,14.0,3.0,0.0,1.0,1.0
2025-05-22 15:00:00+00:00,2661.953125,2676.116455078125,2661.16748046875,2666.270751953125,0,0.0006886103589649,0.0006886103589649,0.0127931323616745,914138624.0,2595.2355346679688,0.0006886103589649,-0.0011769654810535,0.0365592047991021,1.0,0.0,15.0,3.0,0.0,1.0,1.0
2025-05-22 16:00:00+00:00,2644.8310546875,2674.475830078125,2640.854736328125,2664.095703125,0,-0.0064321456872009,0.0064321456872009,0.0127948308190643,872835328.0,2597.4834899902344,-0.0064321456872009,-0.0032568057136942,0.020823397876698,0.0,0.0,16.0,3.0,0.0,1.0,1.0
2025-05-22 17:00:00+00:00,2659.7587890625,2672.4970703125,2645.0009765625,2645.357666015625,0,0.0056441164166396,0.0056441164166396,0.0067555076971457,713834496.0,2605.7652180989585,0.0056441164166396,-9.701316028953856e-05,0.0807646044317376,1.0,0.0,17.0,3.0,0.0,0.0,1.0
2025-05-22 18:00:00+00:00,2661.063720703125,2668.270751953125,2650.562744140625,2659.58544921875,0,0.0004906202945889,0.0004906202945889,0.0067489290938365,631405653.3333334,2613.469665527344,0.0004906202945889,0.0010354097459113,0.0746748851522316,1.0,0.0,18.0,3.0,0.0,0.0,1.0
2025-05-22 19:00:00+00:00,2631.66015625,2661.031494140625,2628.7158203125,2659.657958984375,0,-0.011049552937934,0.011049552937934,0.0066896978698834,631405653.3333334,2618.2349751790366,-0.011049552937934,-0.0066595119257661,0.0454327105157672,0.0,1.0,19.0,3.0,0.0,0.0,1.0
2025-05-22 20:00:00+00:00,2641.13427734375,2647.708740234375,2631.64794921875,2633.415771484375,0,0.0036000549201802,0.0036000549201802,0.0065725364442615,631405653.3333334,2623.829661051432,0.0036000549201802,-0.0071376670967689,0.0535619714093329,1.0,0.0,20.0,3.0,0.0,0.0,1.0
2025-05-22 21:00:00+00:00,2637.69775390625,2642.512451171875,2630.03271484375,2641.213623046875,883312640,-0.0013011543816531,0.0013011543816531,0.0065962819700518,668210346.6666666,2629.2847290039062,-0.0013011543816531,-0.009111870102427,0.0522270934590862,0.0,0.0,21.0,3.0,0.0,0.0,0.0
2025-05-22 22:00:00+00:00,2635.355712890625,2651.216796875,2635.355712890625,2635.545654296875,0,-0.0008879110626517,0.0008879110626517,0.0062623104341025,668210346.6666666,2633.3693644205728,-0.0008879110626517,-0.0035825886799392,0.0386356776335647,0.0,0.0,22.0,3.0,0.0,0.0,0.0
2025-05-22 23:00:00+00:00,2661.590576171875,2664.525390625,2636.23583984375,2636.23583984375,0,0.0099549609765863,0.0099549609765863,0.0064501465469356,602144256.0,2637.982350667318,0.0099549609765863,0.0006887042226939,0.0434013820297845,1.0,1.0,23.0,3.0,0.0,0.0,0.0
2025-05-23 00:00:00+00:00,2662.13671875,2672.437255859375,2647.7080078125,2664.70458984375,950306816,0.0002051940606546,0.0002051940606546,0.0062196665469349,606859093.3333334,2641.565734863281,0.0002051940606546,0.0004032214781355,0.0333838110488862,1.0,0.0,0.0,4.0,0.0,0.0,0.0
2025-05-23 01:00:00+00:00,2674.10986328125,2690.7431640625,2652.703369140625,2662.00732421875,0,0.0044975693573212,0.0044975693573212,0.0062426823186521,533636010.6666667,2645.65810139974,0.0044975693573212,0.0161303908980934,0.0381292213391555,1.0,0.0,1.0,4.0,0.0,0.0,0.0
2025-05-23 02:00:00+00:00,2700.69970703125,2726.254150390625,2673.848876953125,2674.53662109375,1210136576,0.0099434372966908,0.0099434372966908,0.0063675369832848,584058368.0,2650.0679321289062,0.0099434372966908,0.0225529728641462,0.0407867028484192,1.0,1.0,2.0,4.0,0.0,0.0,0.0
2025-05-23 03:00:00+00:00,2723.105224609375,2727.05322265625,2702.885009765625,2707.420654296875,510361600,0.0082961898799012,0.0082961898799012,0.0058247980953049,569753002.6666666,2653.724375406901,0.0082961898799012,0.0323795516664646,0.0332990377599635,1.0,1.0,3.0,4.0,0.0,0.0,0.0
2025-05-23 04:00:00+00:00,2695.16162109375,2722.947021484375,2680.040283203125,2722.505859375,0,-0.0102616686505875,0.0102616686505875,0.0062512231191623,445754282.6666667,2656.4841105143228,-0.0102616686505875,0.0226936758140805,0.0251941639783994,0.0,1.0,4.0,4.0,0.0,0.0,1.0
2025-05-23 05:00:00+00:00,2695.578857421875,2705.54931640625,2681.131591796875,2696.287109375,0,0.000154809390598,0.000154809390598,0.0060802559162247,445754282.6666667,2659.9028523763022,0.000154809390598,0.0127699134323224,0.0313942577380788,1.0,0.0,5.0,4.0,0.0,0.0,1.0
2025-05-23 06:00:00+00:00,2656.7216796875,2695.494384765625,2651.882080078125,2695.494384765625,0,-0.0144151515461651,0.0144151515461651,0.0068496716540716,382184192.0,2661.939249674479,-0.0144151515461651,-0.0020340950276372,0.0187409436622065,0.0,1.0,6.0,4.0,0.0,0.0,1.0
2025-05-23 07:00:00+00:00,2655.8037109375,2670.775390625,2652.292724609375,2656.73046875,0,-0.0003455268788666,0.0003455268788666,0.0065665651295843,382184192.0,2662.8536275227866,-0.0003455268788666,-0.0068456994213721,0.0083319081763226,0.0,0.0,7.0,4.0,0.0,0.0,1.0
2025-05-23 08:00:00+00:00,2668.0009765625,2672.731201171875,2654.1630859375,2656.6953125,0,0.0045926834030569,0.0045926834030569,0.0062086706580028,382184192.0,2663.028289794922,0.0045926834030569,-0.012107503245777,0.0015736467600198,1.0,0.0,8.0,4.0,0.0,0.0,1.0
2025-05-23 09:00:00+00:00,2683.96923828125,2686.3896484375,2665.3173828125,2668.947998046875,668022784,0.0059851034010203,0.0059851034010203,0.0063245465253145,279804757.3333333,2663.814931233724,0.0059851034010203,-0.0143718230108933,0.0070839617566833,1.0,0.0,9.0,4.0,0.0,1.0,1.0
2025-05-23 10:00:00+00:00,2670.9501953125,2682.720703125,2658.81298828125,2682.720703125,0,-0.0048506677286238,0.0048506677286238,0.0063411158655831,279804757.3333333,2664.5431518554688,-0.0048506677286238,-0.008983292724176,0.0065865737386283,0.0,0.0,10.0,4.0,0.0,1.0,1.0
2025-05-23 11:00:00+00:00,2559.0576171875,2670.9765625,2559.0576171875,2670.9765625,103546880,-0.041892424022496,0.041892424022496,0.0106683495358708,242441045.3333333,2660.3365173339844,-0.041892424022496,-0.0506463536981988,-0.0379543568224802,0.0,1.0,11.0,4.0,0.0,1.0,1.0
2025-05-23 12:00:00+00:00,2548.39501953125,2563.918701171875,2512.118896484375,2563.918701171875,3353978880,-0.0041666110151785,0.0041666110151785,0.0106794796080283,323843498.6666667,2655.7566731770835,-0.0041666110151785,-0.0407745609878834,-0.0413481523483201,0.0,0.0,12.0,4.0,0.0,1.0,1.0
2025-05-23 13:00:00+00:00,2583.271484375,2584.125,2543.613037109375,2547.740234375,0,0.0136856588466278,0.0136856588466278,0.0111218102507235,319986090.6666667,2653.0053507486978,0.0136856588466278,-0.0273108386225185,-0.024924190525479,1.0,1.0,13.0,4.0,0.0,1.0,1.0
2025-05-23 14:00:00+00:00,2577.06884765625,2590.557373046875,2573.76416015625,2582.482421875,771035136,-0.0024010781508125,0.0024010781508125,0.0110718329519764,352112554.6666667,2649.5448303222656,-0.0024010781508125,-0.0340824946111558,-0.0312213165058976,0.0,0.0,14.0,4.0,0.0,1.0,1.0
2025-05-23 15:00:00+00:00,2569.40869140625,2580.72265625,2566.870361328125,2576.24755859375,0,-0.0029724298041035,0.0029724298041035,0.0110690234196214,352112554.6666667,2645.6888122558594,-0.0029724298041035,-0.0426832562911048,-0.0347656135356441,0.0,0.0,15.0,4.0,0.0,1.0,1.0
2025-05-23 16:00:00+00:00,2566.921875,2574.713134765625,2549.2001953125,2568.7763671875,0,-0.0009678555282262,0.0009678555282262,0.0110173854613341,352112554.6666667,2642.442596435547,-0.0009678555282262,-0.0389480569480737,-0.029457147952577,0.0,0.0,16.0,4.0,0.0,1.0,1.0
2025-05-23 17:00:00+00:00,2577.2177734375,2586.021728515625,2566.86474609375,2566.86474609375,1119109120,0.004010990181577,0.004010990181577,0.0109783411370951,398742101.3333333,2639.003387451172,0.004010990181577,0.0070964233583605,-0.0310332711238426,1.0,0.0,17.0,4.0,0.0,0.0,1.0
2025-05-23 18:00:00+00:00,2558.782958984375,2581.395751953125,2555.369873046875,2577.241943359375,0,-0.0071529905788817,0.0071529905788817,0.0110362490055598,398742101.3333333,2634.741689046224,-0.0071529905788817,0.0040762673657381,-0.0384360437982013,0.0,0.0,18.0,4.0,0.0,0.0,1.0
2025-05-23 19:00:00+00:00,2563.781005859375,2574.720458984375,2557.832763671875,2560.136474609375,51490816,0.0019532906679133,0.0019532906679133,0.0108686673173327,400887552.0,2631.913391113281,0.0019532906679133,-0.0075448819969228,-0.025793281183901,1.0,0.0,19.0,4.0,0.0,0.0,1.0
2025-05-23 20:00:00+00:00,2541.489990234375,2561.17236328125,2531.358642578125,2560.410888671875,0,-0.0086945864619697,0.0086945864619697,0.0109304852573592,400887552.0,2627.761545817057,-0.0086945864619697,-0.0138059398196647,-0.0377278383625347,0.0,0.0,20.0,4.0,0.0,0.0,1.0
2025-05-23 21:00:00+00:00,2530.73876953125,2551.728271484375,2528.369873046875,2539.8779296875,79548416,-0.0042302825289245,0.0042302825289245,0.0109440129293966,367397376.0,2623.304921468099,-0.0042302825289245,-0.0150501249584532,-0.0405501290724462,0.0,0.0,21.0,4.0,0.0,0.0,0.0
2025-05-23 22:00:00+00:00,2540.5185546875,2556.648681640625,2532.53662109375,2533.15673828125,0,0.003864399310586,0.003864399310586,0.0110015250503578,367397376.0,2619.3533732096357,0.003864399310586,-0.0102859851597547,-0.0359864733778582,1.0,0.0,22.0,4.0,0.0,0.0,0.0
2025-05-23 23:00:00+00:00,2525.816650390625,2541.07763671875,2507.23388671875,2539.431396484375,669577216,-0.0057869698569013,0.0057869698569013,0.0107575022488628,395296426.6666667,2613.6961263020835,-0.0057869698569013,-0.0199444236248286,-0.051012325861377,0.0,0.0,23.0,4.0,0.0,0.0,0.0
2025-05-24 00:00:00+00:00,2517.708740234375,2542.255615234375,2517.708740234375,2526.52685546875,0,-0.0032100153251408,0.0032100153251408,0.0107479516008506,355700309.3333333,2607.678293863932,-0.0032100153251408,-0.0160522480446341,-0.0542526525773029,0.0,0.0,0.0,5.0,1.0,0.0,0.0
2025-05-24 01:00:00+00:00,2525.068115234375,2534.270263671875,2516.01806640625,2516.01806640625,785707008,0.0029230446248182,0.0029230446248182,0.0107096143060079,388438101.3333333,2601.468221028646,0.0029230446248182,-0.0150999209903357,-0.0557350878112368,1.0,0.0,1.0,5.0,1.0,0.0,0.0
2025-05-24 02:00:00+00:00,2539.176513671875,2543.53369140625,2519.762451171875,2524.56005859375,0,0.00558733380394,0.00558733380394,0.0105279210071155,338015744.0,2594.7380879720054,0.00558733380394,-0.0009102835625517,-0.0598079056841642,1.0,0.0,2.0,5.0,1.0,0.0,0.0
2025-05-24 03:00:00+00:00,2550.1904296875,2555.4404296875,2539.336181640625,2539.70751953125,0,0.0043375936868987,0.0043375936868987,0.0103812091466942,316750677.3333333,2587.5333048502603,0.0043375936868987,0.007686158836478,-0.0634991234856446,1.0,0.0,3.0,5.0,1.0,0.0,0.0
2025-05-24 04:00:00+00:00,2560.1416015625,2561.7529296875,2547.036865234375,2549.96240234375,0,0.0039021289387473,0.0039021289387473,0.0103337853451622,316750677.3333333,2581.907470703125,0.0039021289387473,0.0077240321031284,-0.0500971884114527,1.0,0.0,4.0,5.0,1.0,0.0,0.0
2025-05-24 05:00:00+00:00,2551.099365234375,2559.924072265625,2545.0009765625,2559.757080078125,0,-0.0035319282037393,0.0035319282037393,0.0103264098860877,316750677.3333333,2575.887491861979,-0.0035319282037393,0.0100097189714225,-0.053598688752769,0.0,0.0,5.0,5.0,1.0,0.0,0.0
2025-05-24 06:00:00+00:00,2546.334716796875,2554.979248046875,2538.50048828125,2551.014404296875,0,-0.0018676843804796,0.0018676843804796,0.0099955651651766,316750677.3333333,2571.2880350748696,-0.0018676843804796,0.0113698523205012,-0.0415500666609568,0.0,0.0,6.0,5.0,1.0,0.0,0.0
2025-05-24 07:00:00+00:00,2546.29443359375,2559.954833984375,2546.177734375,2546.8759765625,0,-1.5820073794414746e-05,1.5820073794414746e-05,0.0099977596309036,316750677.3333333,2566.7251485188804,-1.5820073794414746e-05,0.0084062359471854,-0.0412339499687999,0.0,0.0,7.0,5.0,1.0,0.0,0.0
2025-05-24 08:00:00+00:00,2557.12548828125,2557.268798828125,2546.55810546875,2546.854736328125,0,0.0042536536798745,0.0042536536798745,0.0099887112017988,316750677.3333333,2562.1053365071616,0.0042536536798745,0.0070688171983046,-0.0415575141295877,1.0,0.0,8.0,5.0,1.0,0.0,0.0
2025-05-24 09:00:00+00:00,2553.853515625,2560.135498046875,2553.853515625,2556.96044921875,262348800,-0.0012795510706239,0.0012795510706239,0.0098542902408026,299847594.6666667,2556.683848063151,-0.0012795510706239,0.0014363970215152,-0.0484788427528971,0.0,0.0,9.0,5.0,1.0,0.0,0.0
2025-05-24 10:00:00+00:00,2570.871826171875,2574.9814453125,2553.02099609375,2553.02099609375,0,0.0066637770893096,0.0066637770893096,0.0099898965183294,299847594.6666667,2552.513916015625,0.0066637770893096,0.0041912621562909,-0.0374692007796558,1.0,0.0,10.0,5.0,1.0,0.0,0.0
2025-05-24 11:00:00+00:00,2563.378662109375,2573.8212890625,2563.378662109375,2571.771728515625,0,-0.0029146393010411,0.0029146393010411,0.0051318084749782,295533141.3333333,2552.6939595540366,-0.0029146393010411,0.0048133353966288,0.0016885297512856,0.0,0.0,11.0,5.0,1.0,0.0,0.0
2025-05-24 12:00:00+00:00,2559.26318359375,2564.976806640625,2552.8837890625,2563.61376953125,0,-0.0016054898858518,0.0016054898858518,0.005065804311373,155784021.33333334,2553.146799723307,-0.0016054898858518,0.005077284895655,0.0042647093481209,0.0,0.0,12.0,5.0,1.0,0.0,0.0
2025-05-24 13:00:00+00:00,2546.59375,2561.4736328125,2545.927734375,2559.428466796875,0,-0.004950422322709,0.004950422322709,0.0042734776789629,155784021.33333334,2551.618560791016,-0.004950422322709,0.0001175498019008,-0.0141981725872972,0.0,1.0,13.0,5.0,1.0,0.0,0.0
2025-05-24 14:00:00+00:00,2560.922607421875,2560.922607421875,2544.856689453125,2546.79833984375,0,0.0056266757985543,0.0056266757985543,0.0044363718944966,123657557.33333331,2550.94580078125,0.0056266757985543,0.0014849170124917,-0.006265350748801,1.0,1.0,14.0,5.0,1.0,0.0,0.0
2025-05-24 15:00:00+00:00,2555.517578125,2562.443115234375,2551.09912109375,2559.275146484375,86820864,-0.0021105789301131,0.0021105789301131,0.0044168424122711,127275093.33333331,2550.3670043945312,-0.0021105789301131,0.0006515888596658,-0.0054063463425304,0.0,0.0,15.0,5.0,1.0,0.0,0.0
2025-05-24 16:00:00+00:00,2558.19921875,2561.44384765625,2547.8701171875,2555.966796875,0,0.0010493532300284,0.0010493532300284,0.0044211139575593,127275093.33333331,2550.0035603841147,0.0010493532300284,-0.0049293034731898,-0.0033980996207763,1.0,0.0,16.0,5.0,1.0,0.0,0.0
2025-05-24 17:00:00+00:00,2559.964599609375,2563.702880859375,2557.2421875,2558.908447265625,289696768,0.0006900873264426,0.0006900873264426,0.0043369629512635,92716245.33333331,2549.284678141276,0.0006900873264426,-0.0013318603881919,-0.0066944959040511,1.0,0.0,17.0,5.0,1.0,0.0,0.0
2025-05-24 18:00:00+00:00,2549.034423828125,2566.89306640625,2548.772705078125,2558.81396484375,0,-0.00426965895658,0.00426965895658,0.0041749393256368,92716245.33333331,2548.878489176432,-0.00426965895658,-0.0039967596264413,-0.0038098327652297,0.0,1.0,18.0,5.0,1.0,0.0,0.0
2025-05-24 19:00:00+00:00,2555.55078125,2555.55078125,2549.164794921875,2549.781005859375,0,0.0025564022835316,0.0025564022835316,0.0041899422376242,90570794.66666669,2548.535563151041,0.0025564022835316,0.0035172595746768,-0.003210190180271,1.0,0.0,19.0,5.0,1.0,0.0,0.0
2025-05-24 20:00:00+00:00,2552.37109375,2556.046875,2551.61376953125,2555.11572265625,0,-0.0012442278679528,0.0012442278679528,0.0037837718729443,90570794.66666669,2548.988942464193,-0.0012442278679528,-0.0033392315906352,0.0042813875157625,0.0,0.0,20.0,5.0,1.0,0.0,0.0
2025-05-24 21:00:00+00:00,2542.528564453125,2552.567138671875,2530.793701171875,2552.333740234375,548868096,-0.0038562297312394,0.0038562297312394,0.003765521249652,110125781.33333331,2549.480183919271,-0.0038562297312394,-0.0050827330569195,0.0046586376530908,0.0,1.0,21.0,5.0,1.0,0.0,0.0
2025-05-24 22:00:00+00:00,2525.63134765625,2540.55810546875,2525.63134765625,2540.55810546875,0,-0.0066458316469335,0.0066458316469335,0.0039285198997837,110125781.33333331,2548.8598836263022,-0.0066458316469335,-0.0127307798607113,-0.0058599087984544,0.0,1.0,22.0,5.0,1.0,0.0,0.0
2025-05-24 23:00:00+00:00,2531.123046875,2533.44775390625,2519.98291015625,2525.406494140625,0,0.0021743867028916,0.0021743867028916,0.0037725791412611,82226730.66666667,2549.080983479818,0.0021743867028916,-0.0112663873315966,0.0021008636884052,1.0,0.0,23.0,5.0,1.0,0.0,0.0
2025-05-25 00:00:00+00:00,2485.42333984375,2538.728271484375,2481.4560546875,2530.1318359375,0,-0.0180551107887355,0.0180551107887355,0.005261192338537,82226730.66666667,2547.735758463541,-0.0180551107887355,-0.0249549725141978,-0.0128233261753778,0.0,1.0,0.0,6.0,1.0,0.0,0.0
2025-05-25 01:00:00+00:00,2496.7421875,2503.057373046875,2481.76513671875,2481.76513671875,588964864,0.0045540924456601,0.0045540924456601,0.0053178873959636,74029141.33333333,2546.5555114746094,0.0045540924456601,-0.0230121014152709,-0.0112178865843173,1.0,0.0,1.0,6.0,1.0,0.0,0.0
2025-05-25 02:00:00+00:00,2509.650390625,2510.39599609375,2490.94189453125,2497.62451171875,208165888,0.0051700184302669,0.0051700184302669,0.0052979117395393,82702720.0,2545.325256347656,0.0051700184302669,-0.0167376535604913,-0.0116282278478456,1.0,0.0,2.0,6.0,1.0,0.0,0.0
2025-05-25 03:00:00+00:00,2514.12451171875,2519.705078125,2508.59228515625,2509.336181640625,0,0.0017827666795595,0.0017827666795595,0.0052221604299351,82702720.0,2543.822509765625,0.0017827666795595,-0.011171576646764,-0.0141424411090623,1.0,0.0,3.0,6.0,1.0,0.0,0.0
2025-05-25 04:00:00+00:00,2518.43212890625,2518.43212890625,2507.861328125,2514.177490234375,751852544,0.0017133666878554,0.0017133666878554,0.0051592121507285,114029909.33333331,2542.0846150716147,0.0017133666878554,-0.0028504630165763,-0.0162918616028089,1.0,0.0,4.0,6.0,1.0,0.0,0.0
2025-05-25 05:00:00+00:00,2512.984619140625,2518.295654296875,2507.967041015625,2518.20361328125,0,-0.0021630560153276,0.0021630560153276,0.0051337164946126,114029909.33333331,2540.496500651041,-0.0021630560153276,-0.0071661580249009,-0.0149405180422081,0.0,0.0,5.0,6.0,1.0,0.0,0.0
2025-05-25 06:00:00+00:00,2506.499267578125,2513.399169921875,2503.1103515625,2513.2939453125,239143936,-0.0025807366718852,0.0025807366718852,0.0051433398081032,123994240.0,2538.8366902669272,-0.0025807366718852,0.008479814040734,-0.0156442312772063,0.0,0.0,6.0,6.0,1.0,0.0,0.0
2025-05-25 07:00:00+00:00,2493.884033203125,2505.942626953125,2488.91455078125,2505.942626953125,0,-0.0050330094000742,0.0050330094000742,0.0052181137268327,123994240.0,2536.6529235839844,-0.0050330094000742,-0.0011447534756229,-0.020583008665127,0.0,0.0,7.0,6.0,1.0,0.0,0.0
2025-05-25 08:00:00+00:00,2476.881103515625,2494.2626953125,2471.86279296875,2494.2626953125,483656704,-0.0068178509750758,0.0068178509750758,0.0052363804675597,144146602.66666666,2533.3094075520835,-0.0068178509750758,-0.013057311580843,-0.0313806988094121,0.0,1.0,8.0,6.0,1.0,0.0,0.0
2025-05-25 09:00:00+00:00,2495.127197265625,2495.127197265625,2474.482177734375,2478.30615234375,1131181056,0.0073665601970567,0.0073665601970567,0.0055281713587261,180347946.66666663,2530.862477620443,0.0073665601970567,-0.0075562345319714,-0.0229951788542589,1.0,1.0,9.0,6.0,1.0,0.0,0.0
2025-05-25 10:00:00+00:00,2491.323974609375,2499.98876953125,2489.9609375,2494.023193359375,0,-0.0015242600298766,0.0015242600298766,0.0052849025666828,180347946.66666663,2527.5479838053384,-0.0015242600298766,-0.0107639010738986,-0.030941974917882,0.0,0.0,10.0,6.0,1.0,0.0,0.0
2025-05-25 11:00:00+00:00,2497.600830078125,2499.5263671875,2490.991455078125,2492.6328125,0,0.0025194858367363,0.0025194858367363,0.0053287346644755,180347946.66666663,2524.8072408040366,0.0025194858367363,-0.0061217203421487,-0.0256605990381156,1.0,0.0,11.0,6.0,1.0,0.0,0.0
2025-05-25 12:00:00+00:00,2516.659912109375,2516.91015625,2496.587890625,2497.7578125,819045376,0.0076309559965408,0.0076309559965408,0.0056141867962501,214474837.3333333,2523.0321044921875,0.0076309559965408,0.0040537193298555,-0.0166466941569295,1.0,1.0,12.0,6.0,1.0,0.0,0.0
2025-05-25 13:00:00+00:00,2516.292724609375,2522.986572265625,2512.300048828125,2516.67529296875,0,-0.0001459027094734,0.0001459027094734,0.0055406201872814,214474837.3333333,2521.769561767578,-0.0001459027094734,0.0089854584687598,-0.0118986490839478,0.0,0.0,13.0,6.0,1.0,0.0,0.0
2025-05-25 14:00:00+00:00,2506.646240234375,2517.543701171875,2500.2861328125,2514.650146484375,1002118144,-0.0038336097706984,0.0038336097706984,0.005422249884944,256229760.0,2519.508046468099,-0.0038336097706984,0.0120171843034782,-0.0211940677278572,0.0,0.0,14.0,6.0,1.0,0.0,0.0
2025-05-25 15:00:00+00:00,2511.561279296875,2513.911865234375,2481.400390625,2506.617919921875,0,0.0019608028383137,0.0019608028383137,0.0054456497794428,252612224.0,2517.6765340169272,0.0019608028383137,0.0065864706413605,-0.0172005464585284,1.0,0.0,15.0,6.0,1.0,0.0,0.0
2025-05-25 16:00:00+00:00,2511.42333984375,2513.0009765625,2498.201904296875,2512.323486328125,180214784,-5.492179476651593e-05,5.492179476651593e-05,0.0054348069013934,260121173.3333333,2515.7275390625,-5.492179476651593e-05,0.0080677444761179,-0.0182846897002438,0.0,0.0,16.0,6.0,1.0,0.0,0.0
2025-05-25 17:00:00+00:00,2514.216552734375,2516.158935546875,2509.638671875,2511.795166015625,28177408,0.001112203126534,0.001112203126534,0.0054403649751402,249224533.3333333,2513.8213704427085,0.001112203126534,0.0066526734200877,-0.0178705779298591,1.0,0.0,17.0,6.0,1.0,0.0,0.0
2025-05-25 18:00:00+00:00,2516.49755859375,2521.927001953125,2512.967529296875,2514.058349609375,725318656,0.0009072431954575,0.0009072431954575,0.005396654807159,279446144.0,2512.4656677246094,0.0009072431954575,-6.451150385633486e-05,-0.0127643883229757,1.0,0.0,18.0,6.0,1.0,0.0,0.0
2025-05-25 19:00:00+00:00,2530.28271484375,2533.7978515625,2516.28173828125,2516.71240234375,76628992,0.0054779136196354,0.0054779136196354,0.0055010308772722,282639018.6666667,2511.412831624349,0.0054779136196354,0.0055597626212373,-0.0098875227178583,1.0,0.0,19.0,6.0,1.0,0.0,0.0
2025-05-25 20:00:00+00:00,2523.50732421875,2526.977294921875,2514.943359375,2526.977294921875,130964480,-0.0026777207879785,0.0026777207879785,0.0055183579174421,288095872.0,2510.210174560547,-0.0026777207879785,0.0067265510839689,-0.0113086101005958,0.0,0.0,20.0,6.0,1.0,0.0,0.0
2025-05-25 21:00:00+00:00,2517.496826171875,2530.420654296875,2509.940673828125,2523.67041015625,0,-0.0023818032898857,0.0023818032898857,0.0054870124399239,265226368.0,2509.167185465494,-0.0023818032898857,0.0023632896891376,-0.00984521418214,0.0,0.0,21.0,6.0,1.0,0.0,0.0
2025-05-25 22:00:00+00:00,2549.5810546875,2553.711669921875,2515.777587890625,2515.777587890625,0,0.0127444961129952,0.0127444961129952,0.0059361783170853,265226368.0,2510.1650899251304,0.0127444961129952,0.0151936609962874,0.009482661455511,1.0,1.0,22.0,6.0,1.0,0.0,0.0
2025-05-25 23:00:00+00:00,2552.116943359375,2552.116943359375,2537.019287109375,2550.322998046875,1106630656,0.0009946295557903,0.0009946295557903,0.0059258103760354,311335978.6666667,2511.039835611979,0.0009946295557903,0.0150744336575865,0.0082943010259002,1.0,0.0,23.0,6.0,1.0,0.0,0.0
2025-05-26 00:00:00+00:00,2571.272705078125,2571.272705078125,2542.921875,2551.94970703125,0,0.0075058322733185,0.0075058322733185,0.0046265627393348,311335978.6666667,2514.6168924967446,0.0075058322733185,0.0217664214683299,0.0345411439001663,1.0,1.0,0.0,0.0,0.0,0.0,0.0
2025-05-26 01:00:00+00:00,2558.3828125,2573.441650390625,2557.044677734375,2573.441650390625,230714368,-0.0050130398664708,0.0050130398664708,0.0047556932106649,296408874.6666667,2517.1852518717446,-0.0050130398664708,0.0111055169809295,0.0246884221000491,0.0,1.0,1.0,0.0,0.0,0.0,0.0
2025-05-26 02:00:00+00:00,2554.1728515625,2563.7490234375,2550.02685546875,2559.69384765625,751167488,-0.0016455555114467,0.0016455555114467,0.0047007477811398,319033941.3333333,2519.040354410807,-0.0016455555114467,0.0121519470339732,0.0177405032604609,0.0,0.0,2.0,0.0,0.0,0.0,0.0
2025-05-26 03:00:00+00:00,2560.93115234375,2566.7802734375,2550.6455078125,2554.3466796875,0,0.0026459841107133,0.0026459841107133,0.004712333259628,319033941.3333333,2520.990631103516,0.0026459841107133,0.017252981501439,0.0186174711740911,1.0,0.0,3.0,0.0,0.0,0.0,0.0
2025-05-26 04:00:00+00:00,2565.544921875,2569.814697265625,2559.759521484375,2561.156494140625,128504832,0.0018015984252552,0.0018015984252552,0.0047131278409019,293061120.0,2522.9536641438804,0.0018015984252552,0.0062613687680765,0.0187071918389203,1.0,0.0,4.0,0.0,0.0,0.0,1.0
2025-05-26 05:00:00+00:00,2570.57958984375,2575.49072265625,2563.0458984375,2565.407958984375,227995648,0.0019624166101408,0.0019624166101408,0.0046760879995711,302560938.6666667,2525.353454589844,0.0019624166101408,0.0072342478397844,0.0229189507426514,1.0,0.0,5.0,0.0,0.0,0.0,1.0
2025-05-26 06:00:00+00:00,2585.14208984375,2585.14208984375,2567.263916015625,2570.189453125,0,0.0056650648194422,0.0056650648194422,0.0047078215482241,292596608.0,2528.630238850912,0.0056650648194422,0.0053939765853048,0.0313755616380502,1.0,1.0,6.0,0.0,0.0,0.0,1.0
2025-05-26 07:00:00+00:00,2580.60107421875,2596.673583984375,2579.157958984375,2584.4609375,1058202624,-0.0017565826044302,0.0017565826044302,0.0045614628405057,336688384.0,2532.243448893229,-0.0017565826044302,0.0086844945995547,0.0347718818762581,0.0,0.0,7.0,0.0,0.0,0.0,1.0
2025-05-26 08:00:00+00:00,2568.37255859375,2582.712158203125,2567.1396484375,2581.300048828125,0,-0.0047386307582244,0.0047386307582244,0.0044153046478438,316536021.3333333,2536.055592854818,-0.0047386307582244,0.0055594150656497,0.036938169921949,0.0,1.0,8.0,0.0,0.0,0.0,1.0
2025-05-26 09:00:00+00:00,2563.5693359375,2573.788818359375,2558.933349609375,2568.476318359375,0,-0.001870142491664,0.001870142491664,0.0042843101395195,269403477.3333333,2538.9073486328125,-0.001870142491664,0.0010301657626896,0.0274303204850157,0.0,0.0,9.0,0.0,0.0,1.0,1.0
2025-05-26 10:00:00+00:00,2559.975341796875,2568.257568359375,2558.399658203125,2563.73486328125,0,-0.0014019492627885,0.0014019492627885,0.0042810784823498,269403477.3333333,2541.767822265625,-0.0014019492627885,-0.0021709150483533,0.027556178115399,0.0,0.0,10.0,0.0,0.0,1.0,1.0
2025-05-26 11:00:00+00:00,2567.00146484375,2567.5068359375,2557.66943359375,2560.12646484375,883737600,0.0027446057515316,0.0027446057515316,0.0042844730298246,306225877.3333333,2544.6595153808594,0.0027446057515316,-0.0013919526219444,0.0277869201234426,1.0,0.0,11.0,0.0,0.0,1.0,1.0
2025-05-26 12:00:00+00:00,2570.886474609375,2573.178955078125,2562.911376953125,2567.424560546875,0,0.0015134427536687,0.0015134427536687,0.0040582259667604,272098986.6666667,2546.918955485026,0.0015134427536687,-0.0055144416588863,0.0215470363075593,1.0,0.0,12.0,0.0,0.0,1.0,1.0
2025-05-26 13:00:00+00:00,2550.93505859375,2570.8408203125,2547.69873046875,2569.987060546875,274665472,-0.0077605200434439,0.0077605200434439,0.0044244049017101,283543381.3333333,2548.3623860677085,-0.0077605200434439,-0.0114957774455631,0.0137672114398983,0.0,1.0,13.0,0.0,0.0,1.0,1.0
2025-05-26 14:00:00+00:00,2550.41748046875,2556.345703125,2544.43310546875,2552.398681640625,220002304,-0.0002028974133451,0.0002028974133451,0.0043279802228616,250955221.3333333,2550.1861877441406,-0.0002028974133451,-0.0069908386401819,0.0174620732402519,0.0,0.0,14.0,0.0,0.0,1.0,1.0
2025-05-26 15:00:00+00:00,2566.46435546875,2568.964111328125,2547.834228515625,2552.02685546875,693989376,0.0062918620668528,0.0062918620668528,0.0044694900096153,279871445.3333333,2552.4738159179688,0.0062918620668528,0.0011292924637014,0.0218601380043752,1.0,1.0,15.0,0.0,0.0,1.0,1.0
2025-05-26 16:00:00+00:00,2541.849853515625,2571.28466796875,2540.153564453125,2566.623291015625,0,-0.0095908216689919,0.0095908216689919,0.0049564267875505,272362496.0,2553.7415873209634,-0.0095908216689919,-0.0070803370584529,0.0121152468359906,0.0,1.0,16.0,0.0,0.0,1.0,1.0
2025-05-26 17:00:00+00:00,2533.331787109375,2548.232421875,2530.602294921875,2542.77880859375,238717952,-0.0033511288617101,0.0033511288617101,0.0050163646739952,281135018.6666667,2554.538055419922,-0.0033511288617101,-0.0131163453529328,0.0076028591706671,0.0,0.0,17.0,0.0,0.0,0.0,1.0
2025-05-26 18:00:00+00:00,2534.881103515625,2544.796142578125,2531.727783203125,2533.82763671875,61912064,0.0006115726388993,0.0006115726388993,0.0050152423882313,253493077.3333333,2555.304036458333,0.0006115726388993,-0.0140050412374668,0.0073052107120452,1.0,0.0,18.0,0.0,0.0,0.0,1.0
2025-05-26 19:00:00+00:00,2542.521728515625,2543.181884765625,2534.448486328125,2535.060302734375,53938176,0.0030141946260924,0.0030141946260924,0.0049294585889677,252547626.66666663,2555.813995361328,0.0030141946260924,-0.0032981357364554,0.0048370142988669,1.0,0.0,19.0,0.0,0.0,0.0,1.0
2025-05-26 20:00:00+00:00,2562.8408203125,2563.098388671875,2538.640869140625,2542.702880859375,0,0.0079917082198301,0.0079917082198301,0.0051343052124176,247090773.3333333,2557.452891031901,0.0079917082198301,0.0048711004919346,0.0155868365097482,1.0,1.0,20.0,0.0,0.0,0.0,1.0
2025-05-26 21:00:00+00:00,2564.995849609375,2568.03662109375,2557.171630859375,2566.86083984375,397487104,0.0008408752037172,0.0008408752037172,0.0050933465451351,263652736.0,2559.4320170084634,0.0008408752037172,-0.0005721902415071,0.0188675604051216,1.0,0.0,21.0,0.0,0.0,0.0,0.0
2025-05-26 22:00:00+00:00,2560.33349609375,2581.645751953125,2558.40478515625,2563.653076171875,425370624,-0.0018176846236749,0.0018176846236749,0.0044319461055503,281376512.0,2559.8800354003906,-0.0018176846236749,0.0072717287185788,0.0042173365645628,0.0,0.0,22.0,0.0,0.0,0.0,0.0
2025-05-26 23:00:00+00:00,2564.129638671875,2565.1162109375,2555.319580078125,2560.1826171875,0,0.0014826750436678,0.0014826750436678,0.0044369403411339,235266901.3333333,2560.3805643717446,0.0014826750436678,0.0121570540894848,0.0047069533172283,1.0,0.0,23.0,0.0,0.0,0.0,0.0
2025-05-27 00:00:00+00:00,2551.388427734375,2573.301513671875,2551.388427734375,2563.444091796875,0,-0.0049690197973373,0.0049690197973373,0.0042721300343013,235266901.3333333,2559.552052815756,-0.0049690197973373,0.0065120704067169,-0.0077332432707272,0.0,1.0,0.0,1.0,0.0,0.0,0.0
2025-05-27 01:00:00+00:00,2529.881103515625,2551.21533203125,2514.556396484375,2551.21533203125,1200497664,-0.0084296550007669,0.0084296550007669,0.004487020569659,275674538.6666667,2558.3644816080728,-0.0084296550007669,-0.0049716880914838,-0.0111405176915349,0.0,1.0,1.0,1.0,0.0,0.0,0.0
2025-05-27 02:00:00+00:00,2536.611328125,2543.5693359375,2529.70068359375,2529.70068359375,0,0.0026602928493446,0.0026602928493446,0.0045233677348235,244375893.3333333,2557.632751464844,0.0026602928493446,-0.010234538165465,-0.0068756205856455,1.0,0.0,2.0,1.0,0.0,0.0,0.0
2025-05-27 03:00:00+00:00,2549.9111328125,2563.33740234375,2537.196044921875,2537.196044921875,1119753216,0.005243138568387,0.005243138568387,0.0046262479564654,291032277.3333333,2557.173583984375,0.005243138568387,-0.0058809907233075,-0.0043031299459825,1.0,1.0,3.0,1.0,0.0,0.0,0.0
2025-05-27 04:00:00+00:00,2558.036865234375,2566.9443359375,2549.53564453125,2549.53564453125,0,0.0031866727892249,0.0031866727892249,0.0046604178156154,285677909.3333333,2556.860748291016,0.0031866727892249,-0.0008970045749426,-0.0029264958787538,1.0,0.0,4.0,1.0,0.0,0.0,1.0
2025-05-27 05:00:00+00:00,2570.34765625,2572.428955078125,2552.432861328125,2559.268310546875,0,0.0048125932753111,0.0048125932753111,0.0047510022893105,276178090.6666667,2556.851084391276,0.0048125932753111,0.0024250012496815,-9.02261866025933e-05,1.0,1.0,5.0,1.0,0.0,0.0,1.0
2025-05-27 06:00:00+00:00,2569.774658203125,2608.64013671875,2569.640625,2570.097900390625,2505148416,-0.0002229262821633,0.0002229262821633,0.0045956122320145,380559274.6666667,2556.2107747395835,-0.0002229262821633,0.0072063627274021,-0.0059445210771968,0.0,0.0,6.0,1.0,0.0,0.0,1.0
2025-05-27 07:00:00+00:00,2606.876220703125,2613.22265625,2570.115478515625,2570.115478515625,1188026368,0.0144376715606429,0.0144376715606429,0.0054688943520687,385968597.3333333,2557.3055725097656,0.0144376715606429,0.0304342828919921,0.0101817932058054,1.0,1.0,7.0,1.0,0.0,0.0,1.0
2025-05-27 08:00:00+00:00,2633.237060546875,2639.94580078125,2607.083740234375,2607.083740234375,1275475968,0.010112041237094,0.010112041237094,0.0056934266576024,439113429.3333333,2560.008260091146,0.010112041237094,0.0380924469391605,0.0252550985004449,1.0,1.0,8.0,1.0,0.0,0.0,1.0
2025-05-27 09:00:00+00:00,2638.105224609375,2642.95166015625,2623.213623046875,2634.081298828125,0,0.0018487374856743,0.0018487374856743,0.0056608599955194,439113429.3333333,2563.1139221191406,0.0018487374856743,0.0345871237087382,0.0290750429984438,1.0,0.0,9.0,1.0,0.0,1.0,1.0
2025-05-27 10:00:00+00:00,2637.95361328125,2640.053466796875,2632.662109375,2637.849609375,1170927616,-5.746978047371787e-05,5.746978047371787e-05,0.0056405018059278,487902080.0,2566.3630167643228,-5.746978047371787e-05,0.0312414371868534,0.0304605556980253,0.0,0.0,10.0,1.0,0.0,1.0,1.0
2025-05-27 11:00:00+00:00,2651.239990234375,2651.7509765625,2628.9453125,2637.384521484375,385613824,0.0050366226632008,0.0050366226632008,0.0056858416336528,467146922.6666667,2569.8729553222656,0.0050366226632008,0.0314713590543593,0.0328159241606635,1.0,0.0,11.0,1.0,0.0,1.0,1.0
2025-05-27 12:00:00+00:00,2647.0888671875,2652.025390625,2636.67333984375,2652.025390625,512661504,-0.0015657288899403,0.0015657288899403,0.0057169250970951,488507818.6666667,2573.048055013021,-0.0015657288899403,0.030085987787908,0.0296405124577519,0.0,0.0,12.0,1.0,0.0,1.0,1.0
2025-05-27 13:00:00+00:00,2656.06103515625,2681.55029296875,2647.097900390625,2647.4169921875,859957248,0.003389447207446,0.003389447207446,0.0053984341394824,512894976.0,2577.4283040364585,0.003389447207446,0.0188673378745458,0.0412107616022388,1.0,0.0,13.0,1.0,0.0,1.0,1.0
2025-05-27 14:00:00+00:00,2658.930908203125,2671.25,2635.76611328125,2655.44677734375,1275736064,0.0010804996605457,0.0010804996605457,0.0053851255693567,556883882.6666666,2581.949696858724,0.0010804996605457,0.0097575140655636,0.0425473196311494,1.0,0.0,14.0,1.0,0.0,1.0,1.0
2025-05-27 15:00:00+00:00,2667.189697265625,2669.903564453125,2657.055908203125,2662.009033203125,0,0.0031060562863896,0.0031060562863896,0.0053070395023539,527967658.6666667,2586.1465861002603,0.0031060562863896,0.0110247583701126,0.0392467331884989,1.0,0.0,15.0,1.0,0.0,1.0,1.0
2025-05-27 16:00:00+00:00,2671.58935546875,2682.2060546875,2660.37060546875,2669.0751953125,1143801856,0.0016495482895857,0.0016495482895857,0.0047405240373473,575626069.3333334,2591.5523986816406,0.0016495482895857,0.0127506950911322,0.0510413712177699,1.0,0.0,16.0,1.0,0.0,1.0,1.0
2025-05-27 17:00:00+00:00,2700.633544921875,2711.04833984375,2671.26220703125,2671.26220703125,0,0.0108715021616894,0.0108715021616894,0.004916837049999,565679488.0,2598.5233052571616,0.0108715021616894,0.0186303597069434,0.0660402078653099,1.0,1.0,17.0,1.0,0.0,0.0,1.0
2025-05-27 18:00:00+00:00,2681.469482421875,2707.3818359375,2678.125244140625,2698.289306640625,2738012160,-0.0070961358441373,0.0070961358441373,0.0052949787726342,677183658.6666666,2604.631154378256,-0.0070961358441373,0.0129880850093651,0.0578285027660456,0.0,1.0,18.0,1.0,0.0,0.0,1.0
2025-05-27 19:00:00+00:00,2686.105712890625,2687.4384765625,2673.861328125,2681.208984375,0,0.001728988712772,0.001728988712772,0.0052945587657084,674936234.6666666,2610.6138203938804,0.001728988712772,0.011311742214014,0.0564730608846466,1.0,0.0,19.0,1.0,0.0,0.0,1.0
2025-05-27 20:00:00+00:00,2668.768310546875,2693.50634765625,2668.4755859375,2687.63916015625,957075456,-0.0064544750642343,0.0064544750642343,0.0054391451341752,714814378.6666666,2615.0274658203125,-0.0064544750642343,0.0036997585433304,0.0413320598746584,0.0,1.0,20.0,1.0,0.0,0.0,1.0
2025-05-27 21:00:00+00:00,2661.595947265625,2675.5439453125,2660.900634765625,2669.3505859375,498800640,-0.0026875181531889,0.0026875181531889,0.0055106782538508,719035776.0,2619.0524698893228,-0.0026875181531889,-0.0020972449037781,0.0376609177246665,0.0,0.0,21.0,1.0,0.0,0.0,0.0
2025-05-27 22:00:00+00:00,2661.518798828125,2670.0859375,2655.665283203125,2663.67333984375,270739456,-2.8985781098445077e-05,2.8985781098445077e-05,0.0054750464093804,712592810.6666666,2623.268524169922,-2.8985781098445077e-05,-0.003769500211554,0.0395203604877065,0.0,0.0,22.0,1.0,0.0,0.0,0.0
2025-05-27 23:00:00+00:00,2663.94189453125,2664.232421875,2653.92822265625,2660.74658203125,0,0.0009104184062844,0.0009104184062844,0.0054769644335407,712592810.6666666,2627.4273681640625,0.0009104184062844,-0.0135863121672387,0.0389263687584353,1.0,0.0,23.0,1.0,0.0,0.0,0.0
2025-05-28 00:00:00+00:00,2658.70947265625,2662.127685546875,2643.870361328125,2662.127685546875,93052928,-0.0019641651665681,0.0019641651665681,0.0053530511378241,716470016.0,2631.8990783691406,-0.0019641651665681,-0.0084878869272337,0.0420637813338269,0.0,0.0,0.0,2.0,0.0,0.0,0.0
2025-05-28 01:00:00+00:00,2639.1923828125,2658.828125,2639.1259765625,2658.828125,0,-0.007340813294749,0.007340813294749,0.0052671087030125,666449280.0,2636.4537150065103,-0.007340813294749,-0.0174651838358363,0.0432080697962333,0.0,1.0,1.0,2.0,0.0,0.0,0.0
2025-05-28 02:00:00+00:00,2639.666259765625,2641.47314453125,2622.250732421875,2635.3310546875,0,0.0001795537741815,0.0001795537741815,0.0052733656000959,666449280.0,2640.7476704915366,0.0001795537741815,-0.0109046748892512,0.040627009151142,1.0,0.0,2.0,2.0,0.0,0.0,0.0
2025-05-28 03:00:00+00:00,2647.116943359375,2648.591552734375,2634.915283203125,2639.44677734375,2460635136,0.0028225854560914,0.0028225854560914,0.005225061152248,722319360.0,2644.797912597656,0.0028225854560914,-0.005439970676663,0.038121254225695,1.0,0.0,3.0,2.0,0.0,0.0,0.0
2025-05-28 04:00:00+00:00,2648.166748046875,2651.646240234375,2636.236572265625,2646.746337890625,99907584,0.0003965841743915,0.0003965841743915,0.0052186345117017,726482176.0,2648.5533243815103,0.0003965841743915,-0.0050167035405231,0.0352340046531121,1.0,0.0,4.0,2.0,0.0,0.0,1.0
2025-05-28 05:00:00+00:00,2641.162841796875,2647.522216796875,2636.96533203125,2647.522216796875,0,-0.0026448131542946,0.0026448131542946,0.0052321370193835,726482176.0,2651.5039571126304,-0.0026448131542946,-0.0085508819772449,0.0275508199735869,0.0,0.0,5.0,2.0,0.0,0.0,1.0
2025-05-28 06:00:00+00:00,2628.891845703125,2640.778076171875,2626.133544921875,2640.778076171875,0,-0.0046460581299869,0.0046460581299869,0.0053588241965476,622100992.0,2653.9671732584634,-0.0046460581299869,-0.0112150753061917,0.0230048137922478,0.0,0.0,6.0,2.0,0.0,0.0,1.0
2025-05-28 07:00:00+00:00,2636.49365234375,2642.47021484375,2627.810302734375,2629.021484375,0,0.0028916391722428,0.0028916391722428,0.0045543210789996,572599893.3333334,2655.201232910156,0.0028916391722428,-0.0010225592064925,0.0113612727007945,1.0,0.0,7.0,2.0,0.0,0.0,1.0
2025-05-28 08:00:00+00:00,2642.5556640625,2645.281494140625,2631.05419921875,2636.7646484375,0,0.0022992703636366,0.0022992703636366,0.0040916899285083,519455061.3333333,2655.5895080566406,0.0022992703636366,0.0010946097015807,0.0035388395732549,1.0,0.0,8.0,2.0,0.0,0.0,1.0
2025-05-28 09:00:00+00:00,2627.088134765625,2643.15966796875,2625.033935546875,2643.15966796875,0,-0.0058532463505787,0.0058532463505787,0.0042519882419805,519455061.3333333,2655.1304626464844,-0.0058532463505787,-0.0075662726741236,-0.0041761373810937,0.0,1.0,9.0,2.0,0.0,1.0,1.0
2025-05-28 10:00:00+00:00,2641.9072265625,2641.9072265625,2616.070068359375,2627.441162109375,0,0.0056408810959809,0.0056408810959809,0.0044142946899118,470666410.6666667,2655.295196533203,0.0056408810959809,-0.0023637187835666,0.0014987425333579,1.0,1.0,10.0,2.0,0.0,1.0,1.0
2025-05-28 11:00:00+00:00,2656.52197265625,2657.483642578125,2641.337158203125,2641.337158203125,0,0.0055318922431526,0.0055318922431526,0.0044395991368353,454599168.0,2655.5152791341147,0.0055318922431526,0.0058152911347661,0.0019922686898699,1.0,1.0,11.0,2.0,0.0,1.0,1.0
2025-05-28 12:00:00+00:00,2666.874267578125,2676.891845703125,2654.11474609375,2656.750732421875,0,0.0038969355527385,0.0038969355527385,0.004490632638818,433238272.0,2656.339670817057,0.0038969355527385,0.014448073220312,0.0074743997588742,1.0,0.0,12.0,2.0,0.0,1.0,1.0
2025-05-28 13:00:00+00:00,2658.980224609375,2686.291748046875,2658.980224609375,2667.225341796875,0,-0.0029600356734923,0.0029600356734923,0.004488972263839,397406720.0,2656.461303710937,-0.0029600356734923,0.0085289688619714,0.0010990671579025,0.0,0.0,13.0,2.0,0.0,1.0,1.0
2025-05-28 14:00:00+00:00,2629.225341796875,2658.6787109375,2623.333251953125,2657.75634765625,174848000,-0.0111903362564012,0.0111903362564012,0.0050329887320365,351536384.0,2655.223571777344,-0.0111903362564012,-0.0050444811615176,-0.0111719963518437,0.0,1.0,14.0,2.0,0.0,1.0,1.0
2025-05-28 15:00:00+00:00,2628.049072265625,2639.166748046875,2618.232421875,2629.64599609375,151945216,-0.0004473825474563,0.0004473825474563,0.0049755887338162,357867434.6666667,2653.592712402344,-0.0004473825474563,0.0003657804575656,-0.014674856100459,0.0,0.0,15.0,2.0,0.0,1.0,1.0
2025-05-28 16:00:00+00:00,2639.71630859375,2643.004638671875,2627.553466796875,2627.553466796875,0,0.0044395047456502,0.0044395047456502,0.0050623624883541,310209024.0,2652.264668782552,0.0044395047456502,-0.0008292940595043,-0.0119303690178865,1.0,0.0,16.0,2.0,0.0,1.0,1.0
2025-05-28 17:00:00+00:00,2653.593017578125,2661.795654296875,2639.77001953125,2639.77001953125,0,0.0052568940606225,0.0052568940606225,0.0046254893603306,310209024.0,2650.304646809896,0.0052568940606225,-0.0011025525511449,-0.0174183303885129,1.0,1.0,17.0,2.0,0.0,0.0,1.0
2025-05-28 18:00:00+00:00,2637.2041015625,2656.365478515625,2637.2041015625,2653.49658203125,0,-0.0061761226785947,0.0061761226785947,0.0045738879222702,196125184.0,2648.460255940756,-0.0061761226785947,-0.011125446136075,-0.0165078816483098,0.0,1.0,18.0,2.0,0.0,0.0,1.0
2025-05-28 19:00:00+00:00,2625.667724609375,2654.9208984375,2619.21484375,2636.607177734375,160993280,-0.0043744725507933,0.0043744725507933,0.004603514768627,202833237.3333333,2645.9420064290366,-0.0043744725507933,-0.0125282992673981,-0.0225002269982182,0.0,0.0,19.0,2.0,0.0,0.0,1.0
2025-05-28 20:00:00+00:00,2633.77978515625,2634.6181640625,2614.1025390625,2619.82421875,1955606528,0.0030895228938694,0.0030895228938694,0.0045176483960188,244438698.66666663,2644.4841512044272,0.0030895228938694,0.0017322377382313,-0.0131103645274681,1.0,0.0,20.0,2.0,0.0,0.0,1.0
2025-05-28 21:00:00+00:00,2650.607421875,2657.03759765625,2631.563720703125,2632.947509765625,0,0.0063891585825015,0.0063891585825015,0.0047060447871597,223655338.66666663,2644.026295979818,0.0063891585825015,0.0085836866013797,-0.0041285475362682,1.0,1.0,21.0,2.0,0.0,0.0,0.0
2025-05-28 22:00:00+00:00,2650.056396484375,2652.598876953125,2638.994140625,2652.598876953125,0,-0.0002078864588084,0.0002078864588084,0.0047059670639584,212374528.0,2643.5486958821616,-0.0002078864588084,0.0039171208879387,-0.0043067147783426,0.0,0.0,22.0,2.0,0.0,0.0,0.0
2025-05-28 23:00:00+00:00,2682.0185546875,2684.086181640625,2649.2705078125,2649.2705078125,1063307264,0.0120609350976554,0.0120609350976554,0.0053266787762296,256678997.3333333,2644.3018900553384,0.0120609350976554,0.0107120937238966,0.0067856810966331,1.0,1.0,23.0,2.0,0.0,0.0,0.0
2025-05-29 00:00:00+00:00,2714.97412109375,2716.15625,2674.29638671875,2681.9375,0,0.0122875982154007,0.0122875982154007,0.0058340615392865,252801792.0,2646.646250406901,0.0122875982154007,0.0294895717343881,0.0211623906320563,1.0,1.0,0.0,3.0,0.0,0.0,0.0
2025-05-29 01:00:00+00:00,2717.461669921875,2719.90380859375,2702.880859375,2719.90380859375,867387392,0.0009162329794594,0.0009162329794594,0.0055648760720015,288942933.3333333,2649.907470703125,0.0009162329794594,0.034960229145581,0.0296565296334956,1.0,0.0,1.0,3.0,0.0,0.0,0.0
2025-05-29 02:00:00+00:00,2771.623046875,2773.84619140625,2708.003173828125,2712.06396484375,2576171008,0.0199308706181979,0.0199308706181979,0.0067389040742674,396283392.0,2655.405670166016,0.0199308706181979,0.052336669335691,0.0499899510482402,1.0,1.0,2.0,3.0,0.0,0.0,0.0
2025-05-29 03:00:00+00:00,2759.59716796875,2772.486328125,2749.04541015625,2771.43603515625,530284544,-0.0043389301874254,0.0043389301874254,0.0068609456367405,315852117.3333333,2660.0923461914062,-0.0043389301874254,0.0411187809987538,0.0424915963352301,0.0,0.0,3.0,3.0,0.0,0.0,0.0
2025-05-29 04:00:00+00:00,2728.218505859375,2764.5888671875,2707.1201171875,2762.249755859375,1431934976,-0.0113707400752522,0.0113707400752522,0.0073644466413,371353258.6666667,2663.4278361002603,-0.0113707400752522,0.0294945079201678,0.0302291227965689,0.0,1.0,4.0,3.0,0.0,0.0,1.0
2025-05-29 05:00:00+00:00,2722.978271484375,2734.846923828125,2720.243896484375,2728.3701171875,336160768,-0.0019207531815159,0.0019207531815159,0.0073491896931582,385359957.3333333,2666.83681233724,-0.0019207531815159,0.0152719736876121,0.0309770485911569,0.0,0.0,5.0,3.0,0.0,0.0,1.0
2025-05-29 06:00:00+00:00,2727.890380859375,2731.602294921875,2719.47509765625,2723.563720703125,1076545536,0.0018039473272484,0.0018039473272484,0.0072394986265738,430216021.3333333,2670.9617513020835,0.0018039473272484,0.0047574154262735,0.037657895785276,1.0,0.0,6.0,3.0,0.0,0.0,1.0
2025-05-29 07:00:00+00:00,2732.1689453125,2734.853515625,2719.12890625,2728.1669921875,276955136,0.0015684517542002,0.0015684517542002,0.0072340042992113,441755818.6666667,2674.948221842448,0.0015684517542002,0.0054121371989941,0.0362888387323436,1.0,0.0,7.0,3.0,0.0,0.0,1.0
2025-05-29 08:00:00+00:00,2725.91455078125,2731.454345703125,2714.59765625,2731.454345703125,0,-0.0022891682968508,0.0022891682968508,0.0072728040719822,441755818.6666667,2678.4215087890625,-0.0022891682968508,-0.0164915990813708,0.0315447987917119,0.0,0.0,8.0,3.0,0.0,0.0,1.0
2025-05-29 09:00:00+00:00,2733.024169921875,2734.322021484375,2717.573486328125,2724.369384765625,0,0.0026081592097548,0.0026081592097548,0.0071132843380715,441755818.6666667,2682.8355102539062,0.0026081592097548,-0.0096293032748814,0.040324507485814,1.0,0.0,9.0,3.0,0.0,1.0,1.0
2025-05-29 10:00:00+00:00,2731.213623046875,2742.555419921875,2726.077392578125,2737.29931640625,0,-0.0006624701292164,0.0006624701292164,0.0070766731296034,441755818.6666667,2686.556610107422,-0.0006624701292164,0.0010978289242842,0.0338037594910458,0.0,0.0,10.0,3.0,0.0,1.0,1.0
2025-05-29 11:00:00+00:00,2716.4052734375,2731.505126953125,2712.4443359375,2731.505126953125,1073541120,-0.0054218935803546,0.0054218935803546,0.0071521081988886,486486698.6666667,2689.051747639974,-0.0054218935803546,-0.0024139002928186,0.0225419934025137,0.0,0.0,11.0,3.0,0.0,1.0,1.0
2025-05-29 12:00:00+00:00,2693.48095703125,2718.0546875,2683.01318359375,2716.98046875,0,-0.0084392106842143,0.0084392106842143,0.0073713118048627,486486698.6666667,2690.160359700521,-0.0084392106842143,-0.0126139320221821,0.0099767318529371,0.0,1.0,12.0,3.0,0.0,1.0,1.0
2025-05-29 13:00:00+00:00,2659.223876953125,2698.937255859375,2659.223876953125,2693.8193359375,1133453312,-0.0127185157885367,0.0127185157885367,0.0078223351441468,533713920.0,2690.1705118815103,-0.0127185157885367,-0.0266985936153489,9.163375548837394e-05,0.0,1.0,13.0,3.0,0.0,1.0,1.0
2025-05-29 14:00:00+00:00,2674.196533203125,2674.196533203125,2626.333251953125,2661.046630859375,0,0.0056304609701216,0.0056304609701216,0.0075207612045555,526428586.6666667,2692.044311523437,0.0056304609701216,-0.0189727214902252,0.0171043503542056,1.0,0.0,14.0,3.0,0.0,1.0,1.0
2025-05-29 15:00:00+00:00,2643.54931640625,2673.935546875,2642.62744140625,2673.935546875,729311232,-0.0114603457211748,0.0114603457211748,0.0079212804043576,550485504.0,2692.690155029297,-0.0114603457211748,-0.0327384054997884,0.0058980040761804,0.0,1.0,15.0,3.0,0.0,1.0,1.0
2025-05-29 16:00:00+00:00,2641.75048828125,2659.056396484375,2634.587158203125,2643.595947265625,1067106304,-0.0006804594542028,0.0006804594542028,0.0078730464513869,594948266.6666666,2692.774912516276,-0.0006804594542028,-0.0327558174178342,0.0007706054172857,0.0,0.0,16.0,3.0,0.0,1.0,1.0
2025-05-29 17:00:00+00:00,2658.91015625,2667.210205078125,2640.0380859375,2640.563232421875,0,0.0064955672554505,0.0064955672554505,0.0079125448522757,594948266.6666666,2692.996459960937,0.0064955672554505,-0.0211658833642088,0.0020037506266608,1.0,0.0,17.0,3.0,0.0,0.0,1.0
2025-05-29 18:00:00+00:00,2650.6845703125,2671.17919921875,2646.0556640625,2659.019775390625,0,-0.003093593034035,0.003093593034035,0.0078306078361008,594948266.6666666,2693.558146158854,-0.003093593034035,-0.0158888766623841,0.0051116516700444,0.0,0.0,18.0,3.0,0.0,0.0,1.0
2025-05-29 19:00:00+00:00,2653.92333984375,2655.622314453125,2632.329345703125,2649.308349609375,245022720,0.001221861540043,0.001221861540043,0.0077702598390185,598449493.3333334,2694.7354634602866,0.001221861540043,-0.0019932647097949,0.010761306531495,1.0,0.0,19.0,3.0,0.0,0.0,1.0
2025-05-29 20:00:00+00:00,2644.2119140625,2658.666015625,2641.948974609375,2650.016845703125,1053528064,-0.0036592714022485,0.0036592714022485,0.0077936083314836,560862890.6666666,2695.170135498047,-0.0036592714022485,-0.011212571240869,0.0039608964139843,0.0,0.0,20.0,3.0,0.0,0.0,1.0
2025-05-29 21:00:00+00:00,2657.995361328125,2657.995361328125,2644.083740234375,2644.083740234375,0,0.0052126863177348,0.0052126863177348,0.0077565584408796,560862890.6666666,2695.4779663085938,0.0052126863177348,0.0054646398431914,0.0027872627957477,1.0,0.0,21.0,3.0,0.0,0.0,0.0
2025-05-29 22:00:00+00:00,2646.873779296875,2666.511962890625,2646.873779296875,2660.85791015625,0,-0.0041841991875007,0.0041841991875007,0.0078067225020028,560862890.6666666,2695.3453572591147,-0.0041841991875007,0.0019393546204882,-0.0012009620594196,0.0,0.0,22.0,3.0,0.0,0.0,0.0
2025-05-29 23:00:00+00:00,2629.87451171875,2648.224853515625,2621.67822265625,2645.608642578125,54657024,-0.0064223944908474,0.0064223944908474,0.0074673344316835,518835797.3333333,2693.1726888020835,-0.0064223944908474,-0.0109201299874683,-0.0194420888243354,0.0,0.0,23.0,3.0,0.0,0.0,0.0
2025-05-30 00:00:00+00:00,2570.38818359375,2643.828125,2570.38818359375,2631.6787109375,0,-0.0226194549815696,0.0226194549815696,0.0081751467734772,518835797.3333333,2687.1482747395835,-0.0226194549815696,-0.0302926978253332,-0.0532549965676109,0.0,1.0,0.0,4.0,0.0,0.0,0.0
2025-05-30 01:00:00+00:00,2598.34130859375,2607.200927734375,2568.04736328125,2568.04736328125,990566400,0.010875059719936,0.010875059719936,0.0085850746112882,523968256.0,2682.184926350912,0.010875059719936,-0.0209433446759891,-0.0438351578778845,1.0,1.0,1.0,4.0,0.0,0.0,0.0
2025-05-30 02:00:00+00:00,2627.849609375,2631.8232421875,2597.876953125,2597.876953125,0,0.0113565914853657,0.0113565914853657,0.0077808511908141,416627797.3333333,2676.194366455078,0.0113565914853657,-0.0061879702608106,-0.0518733734957588,1.0,1.0,2.0,4.0,0.0,0.0,0.0
2025-05-30 03:00:00+00:00,2630.603515625,2640.597900390625,2627.02734375,2628.487548828125,0,0.0010479695033442,0.0010479695033442,0.0077937885163067,394532608.0,2670.819630940756,0.0010479695033442,-0.0103054527865835,-0.0467436529653703,1.0,0.0,3.0,4.0,0.0,0.0,0.0
2025-05-30 04:00:00+00:00,2634.80517578125,2636.415771484375,2622.5947265625,2630.80419921875,0,0.0015972228925009,0.0015972228925009,0.0075592308002046,334868650.6666667,2666.9274088541665,0.0015972228925009,-0.0045595689564127,-0.0342396805378681,1.0,0.0,4.0,4.0,0.0,0.0,1.0
2025-05-30 05:00:00+00:00,2641.9951171875,2647.240478515625,2630.669921875,2634.4677734375,142692352,0.0027288322766096,0.0027288322766096,0.0076053618719078,326807466.6666667,2663.5531107584634,0.0027288322766096,0.0046088151410801,-0.0297406538806969,1.0,0.0,5.0,4.0,0.0,0.0,1.0
2025-05-30 06:00:00+00:00,2620.92919921875,2644.058349609375,2608.853271484375,2644.058349609375,296828928,-0.0079734886077971,0.0079734886077971,0.0076971327644156,294319274.6666667,2659.096394856771,-0.0079734886077971,0.0196627948835093,-0.0392102198794838,0.0,1.0,6.0,4.0,0.0,0.0,1.0
2025-05-30 07:00:00+00:00,2623.069091796875,2635.26513671875,2616.604736328125,2620.6220703125,0,0.0008164633286404,0.0008164633286404,0.0076850391489005,282779477.3333333,2654.550567626953,0.0008164633286404,0.0095167571409269,-0.039931591237359,1.0,0.0,7.0,4.0,0.0,0.0,1.0
2025-05-30 08:00:00+00:00,2618.724365234375,2625.96240234375,2612.035888671875,2619.9697265625,370380800,-0.0016563523149608,0.0016563523149608,0.0076839010088077,298212010.6666667,2650.084309895833,-0.0016563523149608,-0.0034725138410014,-0.0393226506370694,0.0,0.0,8.0,4.0,0.0,0.0,1.0
2025-05-30 09:00:00+00:00,2616.87841796875,2621.820068359375,2591.616943359375,2618.548095703125,0,-0.0007049032307987,0.0007049032307987,0.0076338281494199,298212010.6666667,2645.244903564453,-0.0007049032307987,-0.0052174710383861,-0.0424971550677669,0.0,0.0,9.0,4.0,0.0,1.0,1.0
2025-05-30 10:00:00+00:00,2620.92333984375,2621.3125,2605.87646484375,2616.271728515625,1201188864,0.0015457049311979,0.0015457049311979,0.0076611378964781,348261546.6666667,2640.649475097656,0.0015457049311979,-0.0052686384804082,-0.0403814195537323,1.0,0.0,10.0,4.0,0.0,1.0,1.0
2025-05-30 11:00:00+00:00,2624.14404296875,2626.764404296875,2616.438232421875,2621.63916015625,511565824,0.0012288429333426,0.0012288429333426,0.0076404508901681,324845909.3333333,2636.8052571614585,0.0012288429333426,-0.0067566643490821,-0.0339644571341879,1.0,0.0,11.0,4.0,0.0,1.0,1.0
2025-05-30 12:00:00+00:00,2614.599365234375,2625.122314453125,2585.753662109375,2622.5830078125,0,-0.0036372537399192,0.0036372537399192,0.0075101534509008,324845909.3333333,2633.518524169922,-0.0036372537399192,-0.0024151106356714,-0.0292861145318131,0.0,0.0,12.0,4.0,0.0,1.0,1.0
2025-05-30 13:00:00+00:00,2579.138671875,2616.973876953125,2576.3916015625,2612.04052734375,0,-0.013562572465551,0.013562572465551,0.0075681392397403,277618688.0,2630.181640625,-0.013562572465551,-0.0167477174197426,-0.0301160070696584,0.0,1.0,13.0,4.0,0.0,1.0,1.0
2025-05-30 14:00:00+00:00,2596.861083984375,2603.180908203125,2576.15234375,2576.15234375,0,0.006871445999641,0.006871445999641,0.00762121509773,277618688.0,2626.9593302408853,0.006871445999641,-0.0083488287428231,-0.0289191344983602,1.0,0.0,14.0,4.0,0.0,1.0,1.0
2025-05-30 15:00:00+00:00,2598.8154296875,2614.497314453125,2596.525146484375,2596.525146484375,1666590720,0.0007525799955869,0.0007525799955869,0.0073071843611449,316672000.0,2625.095418294271,0.0007525799955869,-0.0069024942684462,-0.0169219036093349,1.0,0.0,15.0,4.0,0.0,1.0,1.0
2025-05-30 16:00:00+00:00,2543.113525390625,2603.2080078125,2540.8662109375,2597.67626953125,425291776,-0.0214335745665373,0.0214335745665373,0.0084458277420938,289929728.0,2620.985544840494,-0.0214335745665373,-0.0296879398455675,-0.037337728649309,0.0,1.0,16.0,4.0,0.0,1.0,1.0
2025-05-30 17:00:00+00:00,2548.587646484375,2557.469482421875,2541.35595703125,2541.35595703125,665110528,0.0021525272226725,0.0021525272226725,0.0083114095154417,317642666.6666667,2616.3887736002603,0.0021525272226725,-0.0287927778533438,-0.041491627502457,1.0,0.0,17.0,4.0,0.0,0.0,1.0
2025-05-30 18:00:00+00:00,2577.50341796875,2578.57666015625,2549.262451171875,2549.262451171875,0,0.0113458022619949,0.0113458022619949,0.0087209946929448,317642666.6666667,2613.339558919271,0.0113458022619949,-0.0141880043875477,-0.0276083971527107,1.0,1.0,18.0,4.0,0.0,0.0,1.0
2025-05-30 19:00:00+00:00,2577.404541015625,2584.07275390625,2573.06201171875,2577.576416015625,272619520,-3.836152163205764e-05,3.836152163205764e-05,0.0087100106723197,318792533.3333333,2610.1512756347656,-3.836152163205764e-05,-0.0006723682128011,-0.0288323319966845,0.0,0.0,19.0,4.0,0.0,0.0,1.0
2025-05-30 20:00:00+00:00,2576.28759765625,2586.54248046875,2567.5712890625,2574.4658203125,0,-0.0004333597390709,0.0004333597390709,0.0086949921514968,274895530.6666667,2607.3210957845054,-0.0004333597390709,-0.0079224439285596,-0.0256879246496899,0.0,0.0,20.0,4.0,0.0,0.0,1.0
2025-05-30 21:00:00+00:00,2569.758544921875,2585.463623046875,2568.470458984375,2577.351318359375,1124675584,-0.002534287220229,0.002534287220229,0.0085957273076852,321757013.3333333,2603.644561767578,-0.002534287220229,-0.0111808189353096,-0.0331967533465372,0.0,0.0,21.0,4.0,0.0,0.0,0.0
2025-05-30 22:00:00+00:00,2529.86279296875,2572.4345703125,2525.943359375,2571.206298828125,0,-0.0155250974967914,0.0155250974967914,0.00905653047138,321757013.3333333,2598.7691040039062,-0.0155250974967914,-0.0052104368482094,-0.044207240724266,0.0,1.0,22.0,4.0,0.0,0.0,0.0
2025-05-30 23:00:00+00:00,2529.38427734375,2535.28271484375,2510.457763671875,2528.435302734375,834834432,-0.0001891468684902,0.0001891468684902,0.0090087335340082,354264405.3333333,2594.582010904948,-0.0001891468684902,-0.0075349063106049,-0.0382110377994138,0.0,0.0,23.0,4.0,0.0,0.0,0.0
2025-05-31 00:00:00+00:00,2520.0283203125,2537.436279296875,2506.729736328125,2531.097412109375,362977280,-0.003698906929664,0.003698906929664,0.0078398117245903,369388458.6666667,2592.483683268229,-0.003698906929664,-0.0222987474063348,-0.0195923182353102,0.0,0.0,0.0,5.0,1.0,0.0,0.0
2025-05-31 01:00:00+00:00,2491.84375,2526.617431640625,2484.215576171875,2519.75927734375,0,-0.0111842276078091,0.0111842276078091,0.0077041285612088,328114858.6666667,2588.0462849934897,-0.0111842276078091,-0.0331964926941231,-0.0409867472920205,0.0,1.0,1.0,5.0,1.0,0.0,0.0
2025-05-31 02:00:00+00:00,2489.38330078125,2516.1796875,2487.680419921875,2493.012451171875,284850176,-0.000987401083535,0.000987401083535,0.0071883966960222,339983616.0,2582.27685546875,-0.000987401083535,-0.033732374038543,-0.0526918694661078,0.0,0.0,2.0,5.0,1.0,0.0,0.0
2025-05-31 03:00:00+00:00,2513.079345703125,2516.43505859375,2489.6923828125,2490.2724609375,0,0.009518841439339,0.009518841439339,0.0075548609375413,339983616.0,2577.3800150553384,0.009518841439339,-0.022056235334154,-0.0446757442631763,1.0,1.0,3.0,5.0,1.0,0.0,0.0
2025-05-31 04:00:00+00:00,2524.5927734375,2524.958740234375,2505.45751953125,2513.079345703125,595998720,0.0045814023954557,0.0045814023954557,0.0076385867076747,364816896.0,2572.787831624349,0.0045814023954557,-0.0020831246445052,-0.0418294313966005,1.0,0.0,4.0,5.0,1.0,0.0,0.0
2025-05-31 05:00:00+00:00,2514.0947265625,2525.53955078125,2514.0947265625,2523.47265625,0,-0.0041583129704937,0.0041583129704937,0.0075922110013582,358871381.3333333,2567.4586486816406,-0.0041583129704937,-0.0060447718119392,-0.0484105325528211,0.0,0.0,5.0,5.0,1.0,0.0,0.0
2025-05-31 06:00:00+00:00,2522.462890625,2526.358642578125,2512.967041015625,2512.967041015625,0,0.0033284999065814,0.0033284999065814,0.0075584605365892,346503509.3333333,2563.355885823568,0.0033284999065814,0.0009660884732429,-0.0375692363697199,1.0,0.0,6.0,5.0,1.0,0.0,0.0
2025-05-31 07:00:00+00:00,2524.193359375,2525.389404296875,2517.477294921875,2522.39208984375,0,0.0006860234719137,0.0006860234719137,0.0075567190607535,346503509.3333333,2559.2360636393228,0.0006860234719137,0.0129821981715345,-0.037694673285995,1.0,0.0,7.0,5.0,1.0,0.0,0.0
2025-05-31 08:00:00+00:00,2526.938720703125,2529.85107421875,2517.611083984375,2522.513671875,0,0.0010876192657462,0.0010876192657462,0.0075761230704454,331070976.0,2555.411661783854,0.0010876192657462,0.0150862343738262,-0.0350497538991795,1.0,0.0,8.0,5.0,1.0,0.0,0.0
2025-05-31 09:00:00+00:00,2523.8134765625,2528.6767578125,2518.87841796875,2525.699951171875,368631808,-0.0012367708464871,0.0012367708464871,0.0075746026179806,346430634.6666667,2551.5339558919272,-0.0012367708464871,0.004271305988698,-0.0355633417155422,0.0,0.0,9.0,5.0,1.0,0.0,0.0
2025-05-31 10:00:00+00:00,2519.89453125,2535.593505859375,2512.416259765625,2523.99365234375,0,-0.0015527872201703,0.0015527872201703,0.0075471454310242,296381098.6666667,2547.324422200521,-0.0015527872201703,-0.0018609901117251,-0.0385470292312223,0.0,0.0,10.0,5.0,1.0,0.0,0.0
2025-05-31 11:00:00+00:00,2519.880615234375,2521.471435546875,2512.609130859375,2520.0732421875,0,-5.522459552320669e-06,5.522459552320669e-06,0.0075311536818907,275065856.0,2542.9801127115884,-5.522459552320669e-06,0.002301380536996,-0.0397323569236769,0.0,0.0,11.0,5.0,1.0,0.0,0.0
2025-05-31 12:00:00+00:00,2536.04052734375,2536.291259765625,2518.10595703125,2519.904541015625,0,0.0064129673491979,0.0064129673491979,0.0076941133459238,275065856.0,2539.706827799479,0.0064129673491979,0.0053826903734492,-0.0300462238824046,1.0,0.0,12.0,5.0,1.0,0.0,0.0
2025-05-31 13:00:00+00:00,2532.532958984375,2546.413330078125,2529.62646484375,2537.1728515625,0,-0.001383088448925,0.001383088448925,0.0072340464866591,275065856.0,2537.764923095703,-0.001383088448925,0.0033038671852936,-0.0180702625255676,0.0,0.0,13.0,5.0,1.0,0.0,0.0
2025-05-31 14:00:00+00:00,2542.170166015625,2544.183349609375,2533.090087890625,2533.090087890625,0,0.0038053629261018,0.0038053629261018,0.0071200645396402,275065856.0,2535.4861348470054,0.0038053629261018,0.0060276274955579,-0.0210603941450874,1.0,0.0,14.0,5.0,1.0,0.0,0.0
2025-05-31 15:00:00+00:00,2537.107421875,2549.454345703125,2534.9794921875,2542.951904296875,0,-0.0019915048206863,0.0019915048206863,0.0071150398634345,205624576.0,2532.914967854818,-0.0019915048206863,0.005267404043902,-0.0237446673232658,0.0,0.0,15.0,5.0,1.0,0.0,0.0
2025-05-31 16:00:00+00:00,2541.4140625,2547.958984375,2535.242919921875,2537.235107421875,0,0.0016974608910398,0.0016974608910398,0.0056364753786236,187904085.3333333,2532.844156901041,0.0016974608910398,0.0085398539435399,-0.0006682607259398,1.0,0.0,16.0,5.0,1.0,0.0,0.0
2025-05-31 17:00:00+00:00,2527.52685546875,2541.393310546875,2526.619873046875,2541.393310546875,0,-0.0054643622368206,0.0054643622368206,0.0057230400178832,160191146.66666666,2531.966623942057,-0.0054643622368206,0.0030343660680385,-0.0082637107045061,0.0,0.0,17.0,5.0,1.0,0.0,0.0
2025-05-31 18:00:00+00:00,2541.02685546875,2542.026123046875,2527.27880859375,2528.13671875,42035200,0.0053411895390114,0.0053411895390114,0.0053065154729422,161942613.33333334,2530.446767171224,0.0053411895390114,0.0019661862936484,-0.014151896849373,1.0,1.0,18.0,5.0,1.0,0.0,0.0
2025-05-31 19:00:00+00:00,2538.5126953125,2542.62939453125,2537.783935546875,2540.70703125,0,-0.0009894268338168,0.0009894268338168,0.0053058446830271,150583466.66666666,2528.8262736002603,-0.0009894268338168,0.0023611682157624,-0.0150895387527328,0.0,0.0,19.0,5.0,1.0,0.0,0.0
2025-05-31 20:00:00+00:00,2542.500732421875,2543.115234375,2534.3798828125,2538.1484375,0,0.0015710132617179,0.0015710132617179,0.0053246480390842,150583466.66666666,2527.418487548828,0.0015710132617179,0.000130033154613,-0.0131145549375435,1.0,0.0,20.0,5.0,1.0,0.0,0.0
2025-05-31 21:00:00+00:00,2542.468994140625,2550.482177734375,2541.314453125,2542.73974609375,0,-1.2483096207271949e-05,1.2483096207271949e-05,0.0053083628126728,103721984.0,2526.281422932943,-1.2483096207271949e-05,0.0021132618269914,-0.0106194999663206,0.0,0.0,21.0,5.0,1.0,0.0,0.0
2025-05-31 22:00:00+00:00,2533.524658203125,2544.7060546875,2533.524658203125,2543.07275390625,0,-0.0035179724740451,0.0035179724740451,0.0042925902598013,103721984.0,2526.434000651041,-0.0035179724740451,-0.0031043364453229,0.0014474560614718,0.0,0.0,22.0,5.0,1.0,0.0,0.0
2025-05-31 23:00:00+00:00,2528.7314453125,2545.861328125,2527.233642578125,2532.71630859375,0,-0.0018919148369467,0.0018919148369467,0.0043110762514839,68937216.0,2526.4067993164062,-0.0018919148369467,0.0004765883460915,-0.0002580991892364,0.0,0.0,23.0,5.0,1.0,0.0,0.0
2025-06-01 00:00:00+00:00,2525.9423828125,2529.325927734375,2518.0380859375,2529.181640625,273583104,-0.001102949269354,0.001102949269354,0.004246364588819,65212458.66666666,2526.65321858724,-0.001102949269354,-0.0059363688438732,0.002346823824292,0.0,0.0,0.0,6.0,1.0,0.0,0.0
2025-06-01 01:00:00+00:00,2506.216064453125,2530.139404296875,2499.498046875,2526.212646484375,0,-0.0078094886461388,0.0078094886461388,0.0038978038021761,65212458.66666666,2527.2520650227866,-0.0078094886461388,-0.0127226587911151,0.0057677430429274,0.0,1.0,1.0,6.0,1.0,0.0,0.0
2025-06-01 02:00:00+00:00,2508.5908203125,2513.317626953125,2496.68896484375,2507.987060546875,215780352,0.0009475463401009,0.0009475463401009,0.0038911683170933,62334549.333333336,2528.0523783365884,0.0009475463401009,-0.01333722805935,0.0077157742342137,1.0,0.0,2.0,6.0,1.0,0.0,0.0
2025-06-01 03:00:00+00:00,2515.096435546875,2518.04541015625,2496.114990234375,2508.191650390625,0,0.0025933345453144,0.0025933345453144,0.0034065344501334,62334549.333333336,2528.1364237467446,0.0025933345453144,-0.0107661327067637,0.0008026367520781,1.0,0.0,3.0,6.0,1.0,0.0,0.0
2025-06-01 04:00:00+00:00,2523.762451171875,2526.200439453125,2513.422607421875,2514.48681640625,826717184,0.0034455997402405,0.0034455997402405,0.0033480734551994,71947818.66666667,2528.101826985677,0.0034455997402405,-0.0038532117694776,-0.0003288935444801,1.0,1.0,4.0,6.0,1.0,0.0,0.0
2025-06-01 05:00:00+00:00,2519.37158203125,2526.48828125,2517.456298828125,2523.34423828125,0,-0.0017398107886842,0.0017398107886842,0.0032527758489139,71947818.66666667,2528.321695963541,-0.0017398107886842,-0.0037014066078864,0.002098908769426,0.0,0.0,5.0,6.0,1.0,0.0,0.0
2025-06-01 06:00:00+00:00,2512.673095703125,2519.478271484375,2511.736572265625,2519.478271484375,0,-0.0026587925242549,0.0026587925242549,0.0032232592068253,71947818.66666667,2527.913787841797,-0.0026587925242549,-0.0052532026065457,-0.0038810461625659,0.0,0.0,6.0,6.0,1.0,0.0,0.0
2025-06-01 07:00:00+00:00,2510.135009765625,2515.460693359375,2507.724365234375,2513.122314453125,0,-0.0010101138671163,0.0010101138671163,0.0032225653811737,71947818.66666667,2527.32802327474,-0.0010101138671163,0.001563690125558,-0.0055694424348124,0.0,0.0,7.0,6.0,1.0,0.0,0.0
2025-06-01 08:00:00+00:00,2504.4716796875,2510.731201171875,2501.6611328125,2510.0400390625,0,-0.002256185446636,0.002256185446636,0.0032354834426714,71947818.66666667,2526.391896565756,-0.002256185446636,-0.0016420137519624,-0.0088910114169185,0.0,0.0,8.0,6.0,1.0,0.0,0.0
2025-06-01 09:00:00+00:00,2490.15869140625,2509.656494140625,2483.0126953125,2506.085205078125,453983232,-0.0057149731008481,0.0057149731008481,0.0034121304059125,75504128.0,2524.989613850912,-0.0057149731008481,-0.0099152238411894,-0.0133348939883183,0.0,1.0,9.0,6.0,1.0,0.0,0.0
2025-06-01 10:00:00+00:00,2493.550048828125,2496.951416015625,2489.108642578125,2492.03466796875,0,0.0013619041363022,0.0013619041363022,0.0034268600572061,75504128.0,2523.891927083333,0.0013619041363022,-0.011971175151497,-0.0104545972441182,1.0,0.0,10.0,6.0,1.0,0.0,0.0
2025-06-01 11:00:00+00:00,2497.457275390625,2502.745849609375,2492.724609375,2494.164306640625,0,0.001566933282264,0.001566933282264,0.0034503237638748,75504128.0,2522.9576212565103,0.001566933282264,-0.0086983225487351,-0.0088985723006819,1.0,0.0,11.0,6.0,1.0,0.0,0.0
2025-06-01 12:00:00+00:00,2484.378173828125,2500.66064453125,2474.08349609375,2497.912109375,399081472,-0.0052369670910403,0.0052369670910403,0.0032698256203254,92132522.66666669,2520.8050231933594,-0.0052369670910403,-0.0112608846424895,-0.0203712649536149,0.0,1.0,12.0,6.0,1.0,0.0,0.0
2025-06-01 13:00:00+00:00,2493.958251953125,2498.096435546875,2482.295166015625,2484.7490234375,0,0.0038561271492085,0.0038561271492085,0.0034049317811711,92132522.66666669,2519.197743733724,0.0038561271492085,-0.0064445767855373,-0.0152316702905693,1.0,1.0,13.0,6.0,1.0,0.0,0.0
2025-06-01 14:00:00+00:00,2510.1904296875,2516.381103515625,2494.390380859375,2494.390380859375,125844480,0.0065086004233081,0.0065086004233081,0.0035974324401873,97376042.66666669,2517.865254720052,0.0065086004233081,0.0022834157185254,-0.012579699327621,1.0,1.0,14.0,6.0,1.0,0.0,0.0
2025-06-01 15:00:00+00:00,2524.25146484375,2525.203369140625,2506.75439453125,2510.78955078125,0,0.0056015810553466,0.0056015810553466,0.0037911701519578,97376042.66666669,2517.32958984375,0.0056015810553466,0.0136910043344453,-0.0050671709524026,1.0,1.0,15.0,6.0,1.0,0.0,0.0
2025-06-01 16:00:00+00:00,2538.71337890625,2546.62890625,2522.629150390625,2523.872802734375,423492608,0.0057291891334587,0.0057291891334587,0.0039644854307465,115021568.0,2517.217061360677,0.0057291891334587,0.0181120607943481,-0.0010626696505697,1.0,1.0,16.0,6.0,1.0,0.0,0.0
2025-06-01 17:00:00+00:00,2540.77197265625,2545.85009765625,2537.585693359375,2539.7099609375,0,0.0008108807268691,0.0008108807268691,0.0037942363294123,115021568.0,2517.7689412434897,0.0008108807268691,0.0173435188230999,0.005240346767767,1.0,0.0,17.0,6.0,1.0,0.0,0.0
2025-06-01 18:00:00+00:00,2519.2001953125,2540.49169921875,2501.005126953125,2540.49169921875,482780160,-0.0084902453175275,0.0084902453175275,0.004026617495591,133385941.33333331,2516.8594970703125,-0.0084902453175275,0.0140163932573591,-0.0085897006988632,0.0,1.0,18.0,6.0,1.0,0.0,0.0
2025-06-01 19:00:00+00:00,2525.507568359375,2525.507568359375,2515.515625,2520.575927734375,1027290112,0.0025037204500901,0.0025037204500901,0.0040655048807817,176189696.0,2516.317616780599,0.0025037204500901,0.0126502985290721,-0.0051231285851512,1.0,0.0,19.0,6.0,1.0,0.0,0.0
2025-06-01 20:00:00+00:00,2527.3173828125,2536.444091796875,2521.6669921875,2526.709716796875,0,0.0007166141475081,0.0007166141475081,0.004052988743061,176189696.0,2515.684977213541,0.0007166141475081,0.0068229696529964,-0.0059718172017642,1.0,0.0,20.0,6.0,1.0,0.0,0.0
2025-06-01 21:00:00+00:00,2539.15234375,2540.59765625,2526.5380859375,2526.585693359375,0,0.0046828154698677,0.0046828154698677,0.0041759866243729,176189696.0,2515.5467834472656,0.0046828154698677,0.0059030881486177,-0.0013044998378617,1.0,1.0,21.0,6.0,1.0,0.0,0.0
2025-06-01 22:00:00+00:00,2535.731201171875,2547.4345703125,2534.29541015625,2539.956787109375,889703424,-0.0013473561704739,0.0013473561704739,0.0041206616211558,213260672.0,2515.6387227376304,-0.0013473561704739,-0.0011746807493722,0.000870938027623,0.0,0.0,22.0,6.0,1.0,0.0,0.0
2025-06-01 23:00:00+00:00,2536.07958984375,2544.53515625,2534.789794921875,2535.93310546875,0,0.000137391799144,0.000137391799144,0.004099969617716,213260672.0,2515.944895426432,0.000137391799144,-0.0018468335069024,0.0029058619668258,1.0,0.0,23.0,6.0,1.0,0.0,0.0
2025-06-02 00:00:00+00:00,2534.664794921875,2540.347412109375,2529.3984375,2538.97412109375,0,-0.000557866924816,0.000557866924816,0.0040943545786191,201861376.0,2516.3083292643228,-0.000557866924816,0.0061386941927641,0.0034531318563422,0.0,0.0,0.0,0.0,0.0,0.0,0.0
2025-06-02 01:00:00+00:00,2527.93408203125,2541.445068359375,2526.559326171875,2534.835693359375,0,-0.0026554647005433,0.0026554647005433,0.0037818731212664,201861376.0,2517.213246663412,-0.0026554647005433,0.0009608023758373,0.0086656605095474,0.0,0.0,1.0,0.0,0.0,0.0,0.0
2025-06-02 02:00:00+00:00,2509.02587890625,2527.579833984375,2509.02587890625,2527.24951171875,0,-0.0074797057642448,0.0074797057642448,0.004103148959805,192870528.0,2517.231374104818,-0.0074797057642448,-0.0072375175475168,0.0001734274837599,0.0,1.0,2.0,0.0,0.0,0.0,0.0
2025-06-02 03:00:00+00:00,2497.9287109375,2510.537841796875,2487.76806640625,2509.2841796875,898122752,-0.0044228989673026,0.0044228989673026,0.0041610216591681,230292309.3333333,2516.5160522460938,-0.0044228989673026,-0.0162351947546471,-0.0068258713132175,0.0,1.0,3.0,0.0,0.0,0.0,0.0
2025-06-02 04:00:00+00:00,2491.180419921875,2501.434814453125,2489.78466796875,2497.481689453125,0,-0.0027015546865195,0.0027015546865195,0.004110802533012,195845760.0,2515.158467610677,-0.0027015546865195,-0.0175692049809581,-0.0129101022304499,0.0,0.0,4.0,0.0,0.0,0.0,1.0
2025-06-02 05:00:00+00:00,2492.878662109375,2497.580322265625,2486.753662109375,2493.088134765625,1005587456,0.0006817018044615,0.0006817018044615,0.0041096158241141,237745237.3333333,2514.0545959472656,0.0006817018044615,-0.0170345315294448,-0.0105156857808624,1.0,0.0,5.0,0.0,0.0,0.0,1.0
2025-06-02 06:00:00+00:00,2495.637451171875,2499.591552734375,2486.60205078125,2493.15283203125,0,0.0011066680077262,0.0011066680077262,0.0040927607240109,237745237.3333333,2513.3447774251304,0.0011066680077262,-0.015397437889298,-0.0067798889399429,1.0,0.0,6.0,0.0,0.0,0.0,1.0
2025-06-02 07:00:00+00:00,2507.180908203125,2513.059814453125,2495.58544921875,2495.58544921875,556809216,0.0046254543206303,0.0046254543206303,0.0042087948439745,260945621.3333333,2513.221689860026,0.0046254543206303,-0.0082095391551703,-0.0011768695910806,1.0,1.0,7.0,0.0,0.0,0.0,1.0
2025-06-02 08:00:00+00:00,2496.558837890625,2515.414306640625,2493.08544921875,2507.348388671875,0,-0.004236658901536,0.004236658901536,0.004273048663427,260945621.3333333,2512.8919881184897,-0.004236658901536,-0.0049688770133609,-0.0031594854360111,0.0,0.0,8.0,0.0,0.0,0.0,1.0
2025-06-02 09:00:00+00:00,2482.90283203125,2495.1240234375,2478.720703125,2495.1240234375,1893777408,-0.0054699315121742,0.0054699315121742,0.0042593773114283,320937045.3333333,2512.5896606445312,-0.0054699315121742,-0.0060153353618368,-0.0029138140472896,0.0,1.0,9.0,0.0,0.0,1.0,1.0
2025-06-02 10:00:00+00:00,2483.51318359375,2489.537841796875,2478.54833984375,2482.99755859375,200481792,0.0002458217674192,0.0002458217674192,0.0042486548701936,329290453.3333333,2512.171457926432,0.0002458217674192,-0.0030777523244845,-0.0040251308527342,1.0,0.0,10.0,0.0,0.0,1.0,1.0
2025-06-02 11:00:00+00:00,2482.421630859375,2488.3251953125,2478.8125,2483.217529296875,171774976,-0.0004395196053662,0.0004395196053662,0.0042329203630897,336447744.0,2511.5449727376304,-0.0004395196053662,-0.0041947614253923,-0.0060203810809529,0.0,0.0,11.0,0.0,0.0,1.0,1.0
2025-06-02 12:00:00+00:00,2496.743896484375,2496.743896484375,2479.382568359375,2482.203369140625,0,0.0057694734234337,0.0057694734234337,0.004264450287179,319819349.3333333,2512.0602111816406,0.0057694734234337,0.0004433517825197,0.0049773914400463,1.0,1.0,12.0,0.0,0.0,1.0,1.0
2025-06-02 13:00:00+00:00,2504.732666015625,2515.92724609375,2489.650390625,2498.6298828125,0,0.0031996752019696,0.0031996752019696,0.0042421316893747,319819349.3333333,2512.509145100912,0.0031996752019696,-0.0009764920351338,0.0043202062641032,1.0,0.0,13.0,0.0,0.0,1.0,1.0
2025-06-02 14:00:00+00:00,2531.077880859375,2536.4716796875,2498.43701171875,2504.5390625,2588246016,0.0105181743350113,0.0105181743350113,0.0045682799827248,422419413.3333333,2513.3794555664062,0.0105181743350113,0.0138266490838707,0.0083210623882727,1.0,1.0,14.0,0.0,0.0,1.0,1.0
2025-06-02 15:00:00+00:00,2544.435302734375,2551.202392578125,2524.982666015625,2532.008544921875,659729408,0.0052773650214448,0.0052773650214448,0.0045525438939742,449908138.6666667,2514.220448811849,0.0052773650214448,0.0247824723180107,0.0079959695663183,1.0,1.0,15.0,0.0,0.0,1.0,1.0
2025-06-02 16:00:00+00:00,2550.297119140625,2553.13720703125,2532.767333984375,2544.862548828125,0,0.002303778917055,0.002303778917055,0.0044283019973399,432262613.3333333,2514.703104654948,0.002303778917055,0.0268909124332634,0.0045628389288141,1.0,0.0,16.0,0.0,0.0,1.0,1.0
2025-06-02 17:00:00+00:00,2550.8212890625,2551.161865234375,2541.21337890625,2548.406494140625,0,0.0002055328839691,0.0002055328839691,0.0044263894457459,432262613.3333333,2515.121826171875,0.0002055328839691,0.0275536022377658,0.0039552216863223,1.0,0.0,17.0,0.0,0.0,0.0,1.0
2025-06-02 18:00:00+00:00,2544.0029296875,2563.7412109375,2541.645751953125,2550.623291015625,609368064,-0.0026730055156102,0.0026730055156102,0.0040767900017824,437537109.3333333,2516.1552734375,-0.0026730055156102,0.018928266238948,0.0098454796967508,0.0,0.0,18.0,0.0,0.0,0.0,1.0
2025-06-02 19:00:00+00:00,2534.808349609375,2549.048828125,2528.36083984375,2544.816162109375,615408640,-0.0036142175666654,0.0036142175666654,0.0041314945527104,420375381.3333333,2516.5428059895835,-0.0036142175666654,0.0120075423624319,0.0036827374293089,0.0,0.0,19.0,0.0,0.0,0.0,1.0
2025-06-02 20:00:00+00:00,2539.865478515625,2547.52734375,2533.928955078125,2533.928955078125,484816896,0.0019950734764737,0.0019950734764737,0.0041471772466493,440576085.3333333,2517.065643310547,0.0019950734764737,0.0034718795982944,0.0049649861107514,1.0,0.0,20.0,0.0,0.0,0.0,1.0
2025-06-02 21:00:00+00:00,2559.860595703125,2560.875732421875,2540.300537109375,2540.300537109375,0,0.0078725103186116,0.0078725103186116,0.0043430776783279,440576085.3333333,2517.9284871419272,0.0078725103186116,0.0060623639957255,0.0081555768026668,1.0,1.0,21.0,0.0,0.0,0.0,0.0
2025-06-02 22:00:00+00:00,2582.86962890625,2584.630615234375,2560.77001953125,2560.77001953125,511491072,0.008988393056148,0.008988393056148,0.0046679965279458,424817237.3333333,2519.892588297526,0.008988393056148,0.0127720450770854,0.0185896784771943,1.0,1.0,22.0,0.0,0.0,0.0,0.0
2025-06-02 23:00:00+00:00,2608.157470703125,2615.20703125,2587.125244140625,2587.125244140625,800855040,0.0097905993836722,0.0097905993836722,0.0050134814792263,458186197.3333333,2522.895833333333,0.0097905993836722,0.0224775376803043,0.0284209853460537,1.0,1.0,23.0,0.0,0.0,0.0,0.0
2025-06-03 00:00:00+00:00,2622.300537109375,2623.60400390625,2604.322998046875,2607.602294921875,1709532160,0.0054226274928244,0.0054226274928244,0.0050716161578137,529416704.0,2526.547322591146,0.0054226274928244,0.0307773259645942,0.0345748843646211,1.0,1.0,0.0,1.0,0.0,0.0,0.0
2025-06-03 01:00:00+00:00,2649.0087890625,2649.714599609375,2620.733154296875,2622.936279296875,716361728,0.0101850461360795,0.0101850461360795,0.0052943380774674,559265109.3333334,2531.592102050781,0.0101850461360795,0.0450528890954315,0.0478947247445487,1.0,1.0,1.0,1.0,0.0,0.0,0.0
2025-06-03 02:00:00+00:00,2618.453125,2648.34716796875,2616.75634765625,2648.34716796875,0,-0.011534753749652,0.011534753749652,0.0056608605109498,559265109.3333334,2536.151570638021,-0.011534753749652,0.0309416570086633,0.0436134385913358,0.0,1.0,2.0,1.0,0.0,0.0,0.0
2025-06-03 03:00:00+00:00,2604.31689453125,2618.427978515625,2594.244873046875,2618.014404296875,1080778752,-0.0053986952578156,0.0053986952578156,0.0057107504192521,566875776.0,2540.5844116210938,-0.0053986952578156,0.0173666874292872,0.0425905603822542,0.0,0.0,3.0,1.0,0.0,0.0,0.0
2025-06-03 04:00:00+00:00,2592.27001953125,2604.98291015625,2592.186279296875,2604.6162109375,94720000,-0.0046257331530187,0.0046257331530187,0.0057890074013385,570822442.6666666,2544.7964782714844,-0.0046257331530187,0.0036395141743876,0.0405789957246633,0.0,0.0,4.0,1.0,0.0,0.0,1.0
2025-06-03 05:00:00+00:00,2616.04541015625,2616.04541015625,2592.46044921875,2592.46044921875,0,0.0091716489585831,0.0091716489585831,0.0059818676251564,528922965.3333333,2549.928426106771,0.0091716489585831,0.0030243340525748,0.0494074380429956,1.0,1.0,5.0,1.0,0.0,0.0,1.0
2025-06-03 06:00:00+00:00,2617.733642578125,2617.906005859375,2606.5205078125,2615.6455078125,55138304,0.0006453375829489,0.0006453375829489,0.0059856988037606,531220394.6666667,2555.0157674153647,0.0006453375829489,-0.001741560308066,0.0489238496356581,1.0,0.0,6.0,1.0,0.0,0.0,1.0
2025-06-03 07:00:00+00:00,2610.47314453125,2620.706787109375,2610.296875,2619.0849609375,0,-0.0027735816695714,0.0027735816695714,0.0060354340888015,508020010.6666667,2559.319610595703,-0.0027735816695714,-0.0145471939128174,0.041198557307998,0.0,0.0,7.0,1.0,0.0,0.0,1.0
2025-06-03 08:00:00+00:00,2608.366943359375,2611.86962890625,2599.0517578125,2611.09326171875,0,-0.0008068273662524,0.0008068273662524,0.005928382948743,508020010.6666667,2563.978281656901,-0.0008068273662524,-0.0038519618870874,0.0447848870100004,0.0,0.0,8.0,1.0,0.0,0.0,1.0
2025-06-03 09:00:00+00:00,2616.16064453125,2619.46630859375,2602.58935546875,2608.52783203125,2302394368,0.0029879619475001,0.0029879619475001,0.0057225218735007,525045717.3333333,2569.530690511068,0.0029879619475001,0.0045477376523841,0.0536701681519218,1.0,0.0,9.0,1.0,0.0,1.0,1.0
2025-06-03 10:00:00+00:00,2613.56494140625,2619.76904296875,2612.222900390625,2614.873046875,0,-0.000992180327468,0.000992180327468,0.0057463986302952,516692309.3333333,2574.949513753256,-0.000992180327468,0.0082147776715215,0.0523660428588139,0.0,0.0,10.0,1.0,0.0,1.0,1.0
2025-06-03 11:00:00+00:00,2603.09912109375,2616.967041015625,2603.09912109375,2613.26220703125,0,-0.0040044232866349,0.0040044232866349,0.0058610349267353,509535018.6666667,2579.977742513021,-0.0040044232866349,-0.0049488013519332,0.0486128096590097,0.0,0.0,11.0,1.0,0.0,1.0,1.0
2025-06-03 12:00:00+00:00,2612.68115234375,2613.072509765625,2599.820068359375,2603.45703125,260775936,0.0036810089836201,0.0036810089836201,0.005817922915804,520400682.6666667,2584.8084615071616,0.0036810089836201,-0.0019301009668037,0.046435381707601,1.0,0.0,12.0,1.0,0.0,1.0,1.0
2025-06-03 13:00:00+00:00,2629.470703125,2631.308349609375,2609.885009765625,2611.4052734375,1114294272,0.0064261767135989,0.0064261767135989,0.0058859193546785,566829610.6666666,2590.005879720052,0.0064261767135989,0.0072774388173839,0.0498009383603403,1.0,1.0,13.0,1.0,0.0,1.0,1.0
2025-06-03 14:00:00+00:00,2650.029052734375,2651.594482421875,2617.564208984375,2628.064453125,0,0.007818436457551,0.007818436457551,0.0057409286733084,458986026.6666667,2594.962178548177,0.007818436457551,0.0159724878744791,0.0469962511918489,1.0,1.0,14.0,1.0,0.0,1.0,1.0
2025-06-03 15:00:00+00:00,2624.494140625,2650.64697265625,2620.82080078125,2650.64697265625,23951360,-0.0096357102511865,0.0096357102511865,0.0061551288784607,432495274.6666667,2598.2979634602866,-0.0096357102511865,0.0031853915818089,0.0314642851420077,0.0,1.0,15.0,1.0,0.0,1.0,1.0
2025-06-03 16:00:00+00:00,2606.61279296875,2624.585693359375,2606.61279296875,2624.585693359375,80801792,-0.0068132549352888,0.0068132549352888,0.0063687470518968,435862016.0,2600.6444498697915,-0.0068132549352888,-0.0026600251355374,0.0220820050359864,0.0,1.0,16.0,1.0,0.0,1.0,1.0
2025-06-03 17:00:00+00:00,2621.065185546875,2627.64306640625,2606.441650390625,2606.441650390625,979843072,0.0055445107217726,0.0055445107217726,0.0064352414964647,476688810.6666667,2603.571278889974,0.0055445107217726,0.0069017980558405,0.027537756872882,1.0,0.0,17.0,1.0,0.0,0.0,1.0
2025-06-03 18:00:00+00:00,2619.28076171875,2621.355224609375,2609.208251953125,2620.657470703125,0,-0.0006808010109647,0.0006808010109647,0.0063964844235833,451298474.6666667,2606.7078552246094,-0.0006808010109647,0.0025259911141777,0.029590308703181,0.0,0.0,18.0,1.0,0.0,0.0,1.0
2025-06-03 19:00:00+00:00,2625.477783203125,2628.515869140625,2619.22265625,2619.69189453125,0,0.0023659248656904,0.0023659248656904,0.0063153186080298,425656448.0,2610.485748291016,0.0023659248656904,-0.001518526111407,0.0357697392024618,1.0,0.0,19.0,1.0,0.0,0.0,1.0
2025-06-03 20:00:00+00:00,2616.06884765625,2625.30224609375,2596.681884765625,2625.30224609375,59066368,-0.0035837041193301,0.0035837041193301,0.0063978412049995,407916842.6666667,2613.660888671875,-0.0035837041193301,-0.0128150312326138,0.030002915424151,0.0,0.0,20.0,1.0,0.0,0.0,1.0
2025-06-03 21:00:00+00:00,2590.651123046875,2616.4326171875,2586.63037109375,2616.4326171875,0,-0.0097159998797993,0.0097159998797993,0.0066103485794997,407916842.6666667,2614.9438273111978,-0.0097159998797993,-0.0128950631111203,0.0120282047371773,0.0,1.0,21.0,1.0,0.0,0.0,0.0
2025-06-03 22:00:00+00:00,2605.47314453125,2610.7197265625,2589.1240234375,2591.41552734375,609531904,0.0057213498770698,0.0057213498770698,0.0064602968728321,412001877.3333333,2615.88564046224,0.0057213498770698,-0.0004372143191249,0.0087513188323684,1.0,0.0,22.0,1.0,0.0,0.0,0.0
2025-06-03 23:00:00+00:00,2593.541259765625,2606.023681640625,2590.66455078125,2606.023681640625,0,-0.0045795462488912,0.0045795462488912,0.0062116240876108,378632917.3333333,2615.276631673177,-0.0045795462488912,-0.0105010458850939,-0.0056040369884413,0.0,0.0,23.0,1.0,0.0,0.0,0.0
2025-06-04 00:00:00+00:00,2600.600830078125,2601.568359375,2586.515869140625,2594.47802734375,0,0.002721981108231,0.002721981108231,0.0061289548002545,307402410.6666667,2614.372477213541,0.002721981108231,-0.0071317026848115,-0.0082750648616234,1.0,0.0,0.0,2.0,0.0,0.0,0.0
2025-06-04 01:00:00+00:00,2613.54296875,2617.18603515625,2600.380615234375,2600.380615234375,455951360,0.0049765956090563,0.0049765956090563,0.0058251949108175,296551978.6666667,2612.894734700521,0.0049765956090563,-0.00454576859476,-0.0133883362180355,1.0,0.0,1.0,2.0,0.0,0.0,0.0
2025-06-04 02:00:00+00:00,2613.775146484375,2621.330322265625,2612.61083984375,2613.885009765625,0,8.883639456147563e-05,8.883639456147563e-05,0.0053342955767008,296551978.6666667,2612.6998189290366,8.883639456147563e-05,-0.0008767740091893,-0.001786542776329,1.0,0.0,2.0,2.0,0.0,0.0,0.0
2025-06-04 03:00:00+00:00,2629.247314453125,2639.01318359375,2613.744140625,2613.845947265625,0,0.0059194716843034,0.0059194716843034,0.0053421730785454,251519530.66666663,2613.738586425781,0.0059194716843034,0.0148982589986323,0.0095727290231943,1.0,1.0,3.0,2.0,0.0,0.0,0.0
2025-06-04 04:00:00+00:00,2638.348388671875,2638.887451171875,2625.408935546875,2629.0966796875,1104654336,0.0034614751410873,0.0034614751410873,0.0052651796860085,293600128.0,2615.658518473307,0.0034614751410873,0.012617763575736,0.0177752968608406,1.0,0.0,4.0,2.0,0.0,0.0,1.0
2025-06-04 05:00:00+00:00,2625.807373046875,2644.6904296875,2622.443115234375,2638.2568359375,338312192,-0.0047533584566945,0.0047533584566945,0.0050597640482567,307696469.3333333,2616.0652669270835,-0.0047533584566945,0.0124409485138345,0.0037315724156492,0.0,0.0,5.0,2.0,0.0,0.0,1.0
2025-06-04 06:00:00+00:00,2630.60888671875,2633.583251953125,2624.416015625,2626.31103515625,0,0.0018285856461373,0.0018285856461373,0.0050703762531722,305399040.0,2616.601735432943,0.0018285856461373,0.0115388937408451,0.0049184699051139,1.0,0.0,6.0,2.0,0.0,0.0,1.0
2025-06-04 07:00:00+00:00,2628.58984375,2633.947021484375,2625.17138671875,2631.01025390625,0,-0.0007675192534106,0.0007675192534106,0.0050353503475579,305399040.0,2617.3565979003906,-0.0007675192534106,0.005757270945959,0.0069400059742821,0.0,0.0,7.0,2.0,0.0,0.0,1.0
2025-06-04 08:00:00+00:00,2641.45263671875,2645.497314453125,2628.82080078125,2628.82080078125,0,0.0048934195646133,0.0048934195646133,0.0051146661269011,305399040.0,2618.7351684570312,0.0048934195646133,0.0105890861620603,0.0126844474254697,1.0,0.0,8.0,2.0,0.0,0.0,1.0
2025-06-04 09:00:00+00:00,2643.60791015625,2647.688232421875,2633.435302734375,2641.9814453125,0,0.0008159424884397,0.0008159424884397,0.0050885783843973,209465941.3333333,2619.87880452474,0.0008159424884397,0.0054618656922016,0.0104914297531288,1.0,0.0,9.0,2.0,0.0,1.0,1.0
2025-06-04 10:00:00+00:00,2639.36083984375,2650.0703125,2637.089111328125,2643.980712890625,953019392,-0.0016065432003677,0.0016065432003677,0.0050976722489779,249175082.66666663,2620.9536336263022,-0.0016065432003677,0.0003837443061811,0.0098700047696616,0.0,0.0,10.0,2.0,0.0,1.0,1.0
2025-06-04 11:00:00+00:00,2627.00390625,2645.128662109375,2627.00390625,2639.509521484375,263455744,-0.0046817901543472,0.0046817901543472,0.0051250453948086,260152405.3333333,2621.949666341146,-0.0046817901543472,0.0004556820181886,0.0091832020388857,0.0,0.0,11.0,2.0,0.0,1.0,1.0
2025-06-04 12:00:00+00:00,2618.126708984375,2637.582763671875,2618.126708984375,2626.379150390625,270928896,-0.0033792097699226,0.0033792097699226,0.0051307666624043,260575445.3333333,2622.1765645345054,-0.0033792097699226,-0.0047449766468113,0.0020842790693154,0.0,0.0,12.0,2.0,0.0,1.0,1.0
2025-06-04 13:00:00+00:00,2616.6708984375,2627.441162109375,2612.443359375,2618.20068359375,0,-0.0005560504546548,0.0005560504546548,0.0049512389195599,214146517.3333333,2621.643239339193,-0.0005560504546548,-0.0045343496022552,-0.0048678255560284,0.0,0.0,13.0,2.0,0.0,1.0,1.0
2025-06-04 14:00:00+00:00,2639.157470703125,2639.157470703125,2597.82421875,2615.9921875,222268416,0.0085935805985584,0.0085935805985584,0.0050079641915056,223407701.3333333,2621.190256754557,0.0085935805985584,-0.0008689029603332,-0.0041024388091264,1.0,1.0,14.0,2.0,0.0,1.0,1.0
2025-06-04 15:00:00+00:00,2668.48486328125,2677.42529296875,2636.72607421875,2641.22509765625,1508171776,0.0111124072374171,0.0111124072374171,0.0050910962781612,285250218.6666667,2623.023203531901,0.0111124072374171,0.0094102279802641,0.0167616006358368,1.0,1.0,15.0,2.0,0.0,1.0,1.0
2025-06-04 16:00:00+00:00,2659.93896484375,2669.251708984375,2651.65283203125,2669.251708984375,304082944,-0.003202528354233,0.003202528354233,0.0049093633313373,294553600.0,2625.245127360026,-0.003202528354233,0.0077966319304858,0.0204580335133954,0.0,0.0,16.0,2.0,0.0,1.0,1.0
2025-06-04 17:00:00+00:00,2635.951904296875,2660.51123046875,2634.038818359375,2660.23388671875,0,-0.0090178988555416,0.0090178988555416,0.0051961934576723,253726805.3333333,2625.865407307943,-0.0090178988555416,0.0034061609217963,0.0056796446086455,0.0,1.0,17.0,2.0,0.0,0.0,1.0
2025-06-04 18:00:00+00:00,2630.502685546875,2642.3603515625,2629.1044921875,2636.02294921875,24492032,-0.0020672678970801,0.0020672678970801,0.0052146537696794,254747306.66666663,2626.332987467448,-0.0020672678970801,0.0047270349903349,0.0042843531675318,0.0,0.0,18.0,2.0,0.0,0.0,1.0
2025-06-04 19:00:00+00:00,2627.8466796875,2632.95556640625,2625.03515625,2630.234130859375,980926464,-0.0010096951711808,0.0010096951711808,0.0051989458627113,295619242.6666667,2626.4316914876304,-0.0010096951711808,0.0042709922966137,0.0009022725309391,0.0,0.0,19.0,2.0,0.0,0.0,1.0
2025-06-04 20:00:00+00:00,2605.00830078125,2625.8115234375,2602.81982421875,2625.8115234375,0,-0.0086909099692855,0.0086909099692855,0.0054525067909015,293158144.0,2625.9708353678384,-0.0086909099692855,-0.0129394211224451,-0.004227926526058,0.0,1.0,20.0,2.0,0.0,0.0,1.0
2025-06-04 21:00:00+00:00,2620.783935546875,2623.546875,2602.11328125,2605.539306640625,0,0.0060558865631614,0.0060558865631614,0.005195371614063,293158144.0,2627.2263692220054,0.0060558865631614,-0.0178756598513062,0.0116313664282825,1.0,1.0,21.0,2.0,0.0,0.0,0.0
2025-06-04 22:00:00+00:00,2607.775146484375,2620.28955078125,2606.97607421875,2619.972900390625,0,-0.0049637014658309,0.0049637014658309,0.0051858356170664,267760981.3333333,2627.322285970052,-0.0049637014658309,-0.0196109080128608,0.0008835254963026,0.0,0.0,22.0,2.0,0.0,0.0,0.0
2025-06-04 23:00:00+00:00,2608.171875,2615.04248046875,2603.72998046875,2607.0693359375,970326016,0.0001521329460325,0.0001521329460325,0.0050912732278468,308191232.0,2627.931894938151,0.0001521329460325,-0.0105388983962836,0.0056411731177536,1.0,0.0,23.0,2.0,0.0,0.0,0.0
2025-06-05 00:00:00+00:00,2612.704833984375,2614.759033203125,2605.361083984375,2608.647705078125,0,0.0017379832317894,0.0017379832317894,0.0050744083638094,308191232.0,2628.4362284342446,0.0017379832317894,-0.0067659507288432,0.0046543105601817,1.0,0.0,0.0,3.0,0.0,0.0,0.0
2025-06-05 01:00:00+00:00,2607.100341796875,2616.011474609375,2606.41943359375,2612.626220703125,0,-0.0021450919807703,0.0021450919807703,0.0049908376142576,289193258.6666667,2628.1677856445312,-0.0021450919807703,-0.0078948052985694,-0.0024650931819981,0.0,0.0,1.0,3.0,0.0,0.0,0.0
2025-06-05 02:00:00+00:00,2622.085693359375,2627.72265625,2607.506591796875,2607.506591796875,601575424,0.0057478998112407,0.0057478998112407,0.0051314020461205,314258901.3333333,2628.5140584309897,0.0057478998112407,0.006555600062005,0.0031795186690706,1.0,1.0,2.0,3.0,0.0,0.0,0.0
2025-06-05 03:00:00+00:00,2625.78515625,2631.121337890625,2619.717529296875,2620.64111328125,0,0.0014108855786041,0.0014108855786041,0.0049914253681937,314258901.3333333,2628.369801839193,0.0014108855786041,0.0019082918798802,-0.001316786817312,1.0,0.0,3.0,3.0,0.0,0.0,0.0
2025-06-05 04:00:00+00:00,2631.369384765625,2633.9033203125,2623.72021484375,2626.038818359375,45246464,0.0021266890409268,0.0021266890409268,0.0049580043547719,270116906.6666667,2628.0790100097656,0.0021266890409268,0.0090476505664447,-0.0026452169608135,1.0,0.0,4.0,3.0,0.0,0.0,1.0
2025-06-05 05:00:00+00:00,2614.56884765625,2631.8828125,2611.12353515625,2631.32080078125,0,-0.0063847125404141,0.0063847125404141,0.0050351768902456,256020565.3333333,2627.6107381184897,-0.0063847125404141,0.0024526653007674,-0.0042800265952427,0.0,1.0,5.0,3.0,0.0,0.0,1.0
2025-06-05 06:00:00+00:00,2605.5419921875,2617.88623046875,2604.718994140625,2614.335693359375,1530296320,-0.0034525216181787,0.0034525216181787,0.0050595323998771,319782912.0,2626.5662841796875,-0.0034525216181787,-0.0027415426739773,-0.0095289325060088,0.0,0.0,6.0,3.0,0.0,0.0,1.0
2025-06-05 07:00:00+00:00,2604.764892578125,2614.88818359375,2603.873291015625,2607.01806640625,134582272,-0.0002982487373855,0.0002982487373855,0.0050589030673393,325390506.6666667,2625.5735778808594,-0.0002982487373855,-0.0008958033495328,-0.0090637766209603,0.0,0.0,7.0,3.0,0.0,0.0,1.0
2025-06-05 08:00:00+00:00,2605.530517578125,2610.243408203125,2602.373291015625,2604.848388671875,0,0.0002939324781985,0.0002939324781985,0.004936599509574,325390506.6666667,2624.0768229166665,0.0002939324781985,-0.0063137432247837,-0.0135993803717214,1.0,0.0,8.0,3.0,0.0,0.0,1.0
2025-06-05 09:00:00+00:00,2610.4921875,2610.59716796875,2604.644287109375,2605.855712890625,0,0.0019042839407947,0.0019042839407947,0.0049547414074696,325390506.6666667,2622.6970011393228,0.0019042839407947,-0.0058241508120339,-0.0125267149220674,1.0,0.0,9.0,3.0,0.0,1.0,1.0
2025-06-05 10:00:00+00:00,2597.63134765625,2614.04296875,2588.939208984375,2610.278076171875,0,-0.0049265957988047,0.0049265957988047,0.0050323302445652,285681365.3333333,2620.958272298177,-0.0049265957988047,-0.012821475124208,-0.0158104536361805,0.0,0.0,10.0,3.0,0.0,1.0,1.0
2025-06-05 11:00:00+00:00,2609.012939453125,2609.0849609375,2594.37646484375,2597.09375,1055678464,0.0043815269657661,0.0043815269657661,0.0050567599769017,318690645.3333333,2620.2086486816406,0.0043815269657661,-0.0021249806476143,-0.0068484735611058,1.0,0.0,11.0,3.0,0.0,1.0,1.0
2025-06-05 12:00:00+00:00,2635.9482421875,2640.43896484375,2606.84326171875,2609.261474609375,0,0.0103239437133726,0.0103239437133726,0.0054492933629427,307401941.3333333,2620.951212565104,0.0103239437133726,0.0116698368674044,0.006806978876144,1.0,1.0,12.0,3.0,0.0,1.0,1.0
2025-06-05 13:00:00+00:00,2590.035400390625,2635.38623046875,2584.302978515625,2632.732666015625,500305920,-0.0174179602854315,0.0174179602854315,0.0065415818364579,328248021.3333333,2619.8414001464844,-0.0174179602854315,-0.0056548259804443,-0.0101791547659967,0.0,1.0,13.0,3.0,0.0,1.0,1.0
2025-06-05 14:00:00+00:00,2588.89208984375,2609.959716796875,2569.843994140625,2592.796630859375,1426085888,-0.000441426610116,0.000441426610116,0.006254863404566,378407082.6666667,2617.747009277344,-0.000441426610116,-0.0063858118805841,-0.0190459953289499,0.0,0.0,14.0,3.0,0.0,1.0,1.0
2025-06-05 15:00:00+00:00,2592.716552734375,2601.65087890625,2584.046875,2589.0126953125,0,0.0014772585175057,0.0014772585175057,0.0057468064058264,315566592.0,2614.5899963378906,0.0014772585175057,-0.0068093039507037,-0.0283937569178144,1.0,0.0,15.0,3.0,0.0,1.0,1.0
2025-06-05 16:00:00+00:00,2561.69921875,2591.20654296875,2556.290283203125,2590.11669921875,0,-0.0119632568209829,0.0119632568209829,0.0061450588809864,302896469.3333333,2610.4966735839844,-0.0119632568209829,-0.013832651403237,-0.0369330828233951,0.0,1.0,16.0,3.0,0.0,1.0,1.0
2025-06-05 17:00:00+00:00,2570.179931640625,2576.6552734375,2559.60302734375,2559.60302734375,147578880,0.0033105810504807,0.0033105810504807,0.0060072743441222,309045589.3333333,2607.756174723307,0.0033105810504807,-0.0148841760135692,-0.0249518864699446,1.0,0.0,17.0,3.0,0.0,0.0,1.0
2025-06-05 18:00:00+00:00,2576.291015625,2582.65380859375,2557.833251953125,2569.94384765625,41273344,0.0023776872230396,0.0023776872230396,0.006042479913102,309744810.6666667,2605.497355143229,0.0023776872230396,-0.0226321691783265,-0.0206088631727073,1.0,0.0,18.0,3.0,0.0,0.0,1.0
2025-06-05 19:00:00+00:00,2531.244384765625,2577.896728515625,2517.1767578125,2576.754150390625,1580070912,-0.0174850708193177,0.0174850708193177,0.0069318582196998,334709162.6666667,2601.4722595214844,-0.0174850708193177,-0.022698923580787,-0.0367610088018387,0.0,1.0,19.0,3.0,0.0,0.0,1.0
2025-06-05 20:00:00+00:00,2401.579345703125,2532.384765625,2401.579345703125,2529.54345703125,1336854528,-0.0512258080819431,0.0512258080819431,0.0122432738137321,390411434.6666667,2592.996053059896,-0.0512258080819431,-0.0723524726563361,-0.0780914805596266,0.0,1.0,20.0,3.0,0.0,0.0,1.0
2025-06-05 21:00:00+00:00,2439.6025390625,2442.0986328125,2395.753662109375,2399.105712890625,2695028736,0.0158325784352724,0.0158325784352724,0.0127216942179395,502704298.6666667,2585.4468282063804,0.0158325784352724,-0.0590554387869338,-0.069132519482789,1.0,1.0,21.0,3.0,0.0,0.0,0.0
2025-06-05 22:00:00+00:00,2433.49072265625,2439.171142578125,2414.42578125,2439.171142578125,2171076608,-0.0025052508793497,0.0025052508793497,0.0127142597989576,593165824.0,2578.184977213541,-0.0025052508793497,-0.0500482239114357,-0.066832611723861,0.0,0.0,22.0,3.0,0.0,0.0,0.0
2025-06-05 23:00:00+00:00,2417.934814453125,2435.49658203125,2414.73193359375,2431.982177734375,366788608,-0.0063924255220275,0.0063924255220275,0.0127184019273177,568018432.0,2570.2584330240884,-0.0063924255220275,-0.059235198016007,-0.0729388512967056,0.0,0.0,23.0,3.0,0.0,0.0,0.0
2025-06-06 00:00:00+00:00,2427.1064453125,2428.216796875,2395.123046875,2416.240966796875,0,0.0037931671294659,0.0037931671294659,0.0127590449351734,568018432.0,2562.5251668294272,0.0037931671294659,-0.057906723040102,-0.0710368757533308,1.0,0.0,0.0,4.0,0.0,0.0,0.0
2025-06-06 01:00:00+00:00,2422.96728515625,2428.42431640625,2419.03466796875,2427.22607421875,1472577536,-0.0017053888032987,0.0017053888032987,0.0127606201240867,629375829.3333334,2554.852956136068,-0.0017053888032987,-0.0427762330105477,-0.0706275296307606,0.0,0.0,1.0,4.0,0.0,0.0,0.0
2025-06-06 02:00:00+00:00,2434.42529296875,2434.42529296875,2406.266845703125,2422.39892578125,0,0.0047289156080212,0.0047289156080212,0.012732024502764,604310186.6666666,2547.0337727864585,0.0047289156080212,0.0136768111886007,-0.0715691332536876,1.0,0.0,2.0,4.0,0.0,0.0,0.0
2025-06-06 03:00:00+00:00,2456.699951171875,2456.699951171875,2429.951171875,2436.12939453125,0,0.0091498631186013,0.0091498631186013,0.0129450730242957,604310186.6666666,2539.988555908203,0.0091498631186013,0.0070082777155762,-0.0643941507078983,1.0,0.0,3.0,4.0,0.0,0.0,0.0
2025-06-06 04:00:00+00:00,2460.680419921875,2463.728515625,2448.950439453125,2456.421630859375,1825175552,0.001620250266257,0.001620250266257,0.0129372948297375,678473898.6666666,2532.8765157063804,0.001620250266257,0.0111731255075204,-0.0648669722434097,1.0,0.0,4.0,4.0,0.0,0.0,1.0
2025-06-06 05:00:00+00:00,2460.967041015625,2465.851318359375,2449.769775390625,2460.03173828125,0,0.0001164804220123,0.0001164804220123,0.0129250313647754,678473898.6666666,2526.4764404296875,0.0001164804220123,0.0177970995352216,-0.058748426830801,1.0,0.0,5.0,4.0,0.0,0.0,1.0
2025-06-06 06:00:00+00:00,2459.8857421875,2467.177001953125,2454.403564453125,2459.212890625,1217406976,-0.0004393796463355,0.0004393796463355,0.0129293781104299,665436842.6666666,2520.407430013021,-0.0004393796463355,0.0135055044406096,-0.055902476504596,0.0,0.0,6.0,4.0,0.0,0.0,1.0
2025-06-06 07:00:00+00:00,2455.376220703125,2467.275390625,2453.204345703125,2460.73388671875,179662848,-0.0018332239611928,0.0018332239611928,0.0129227779709193,667315200.0,2514.182902018229,-0.0018332239611928,0.0133757214740046,-0.0573520751529859,0.0,0.0,7.0,4.0,0.0,0.0,1.0
2025-06-06 08:00:00+00:00,2462.390625,2466.935546875,2455.72998046875,2456.47705078125,0,0.0028567533715326,0.0028567533715326,0.0129563450333787,667315200.0,2508.218739827474,0.0028567533715326,0.0114874472065424,-0.0549369472406623,1.0,0.0,8.0,4.0,0.0,0.0,1.0
2025-06-06 09:00:00+00:00,2470.877685546875,2480.338134765625,2461.87060546875,2462.533935546875,434663424,0.003446675137855,0.003446675137855,0.0129817472481526,685426176.0,2502.4014689127603,0.003446675137855,0.0057710484213739,-0.0534820608242578,1.0,0.0,9.0,4.0,0.0,1.0,1.0
2025-06-06 10:00:00+00:00,2483.8876953125,2486.6142578125,2470.172607421875,2470.172607421875,0,0.0052653394547717,0.0052653394547717,0.0130553393168611,685426176.0,2497.662150065104,0.0052653394547717,0.0094312431645884,-0.0437874498420943,1.0,0.0,10.0,4.0,0.0,1.0,1.0
2025-06-06 11:00:00+00:00,2477.69140625,2492.541259765625,2475.304931640625,2482.960205078125,153565184,-0.0024945930825267,0.0024945930825267,0.0129895189378813,647838122.6666666,2492.190419514974,-0.0024945930825267,0.0067958509625032,-0.0503337991227638,0.0,0.0,11.0,4.0,0.0,1.0,1.0
2025-06-06 12:00:00+00:00,2477.04052734375,2492.045166015625,2472.631103515625,2477.896484375,0,-0.0002626957112609,0.0002626957112609,0.0127275604396896,647838122.6666666,2485.569264729818,-0.0002626957112609,0.0069738138085204,-0.0602848387917802,0.0,0.0,12.0,4.0,0.0,1.0,1.0
2025-06-06 13:00:00+00:00,2503.699462890625,2518.450927734375,2477.2744140625,2477.2744140625,0,0.0107624139583468,0.0107624139583468,0.0125913943057502,626992042.6666666,2481.971934000651,0.0107624139583468,0.0196805857204489,-0.0333338831920903,1.0,0.0,13.0,4.0,0.0,1.0,1.0
2025-06-06 14:00:00+00:00,2519.383056640625,2522.060302734375,2500.13134765625,2504.390380859375,0,0.0062641678773587,0.0062641678773587,0.0126860977096209,567571797.3333334,2479.075724283854,0.0062641678773587,0.0231451626975818,-0.0268489495857358,1.0,0.0,14.0,4.0,0.0,1.0,1.0
2025-06-06 15:00:00+00:00,2508.07568359375,2528.914306640625,2499.748779296875,2520.673095703125,223631360,-0.0044881515802334,0.0044881515802334,0.0126927772078396,576889770.6666666,2475.549021402994,-0.0044881515802334,0.0150545687730561,-0.032645631490785,0.0,0.0,15.0,4.0,0.0,1.0,1.0
2025-06-06 16:00:00+00:00,2497.469970703125,2517.918212890625,2496.93310546875,2510.652587890625,0,-0.0042286255394926,0.0042286255394926,0.012507173795738,576889770.6666666,2472.872802734375,-0.0042286255394926,0.0054681519684876,-0.0250729076921903,0.0,0.0,16.0,4.0,0.0,1.0,1.0
2025-06-06 17:00:00+00:00,2500.846923828125,2500.846923828125,2486.578369140625,2497.807861328125,363436032,0.0013521496412824,0.0013521496412824,0.0124843268226448,585883818.6666666,2469.983927408854,0.0013521496412824,0.0093456019259359,-0.0269759354039631,1.0,0.0,17.0,4.0,0.0,0.0,1.0
2025-06-06 18:00:00+00:00,2495.3525390625,2504.446533203125,2491.35595703125,2501.840576171875,0,-0.0021970096263287,0.0021970096263287,0.0124644294326595,584164096.0,2466.6114908854165,-0.0021970096263287,0.0073926976634439,-0.0314166668561954,0.0,0.0,18.0,4.0,0.0,0.0,1.0
2025-06-06 19:00:00+00:00,2488.260009765625,2502.186767578125,2488.260009765625,2496.208251953125,0,-0.0028422955016766,0.0028422955016766,0.0119844721184496,518327808.0,2464.8204752604165,-0.0028422955016766,-0.0061666559240998,-0.0169815191526755,0.0,0.0,19.0,4.0,0.0,0.0,1.0
2025-06-06 20:00:00+00:00,2502.328125,2507.881103515625,2484.834228515625,2486.240966796875,0,0.0056537962990854,0.0056537962990854,0.0053145886334806,462625536.0,2469.018341064453,0.0056537962990854,-0.0067694873138371,0.041951051701512,1.0,1.0,20.0,4.0,0.0,0.0,1.0
2025-06-06 21:00:00+00:00,2493.8427734375,2501.546875,2490.297119140625,2501.546875,0,-0.0033909827722933,0.0033909827722933,0.0044792716590553,350332672.0,2471.278350830078,-0.0033909827722933,-0.0056748328008411,0.0222332259073003,0.0,0.0,21.0,4.0,0.0,0.0,0.0
2025-06-06 22:00:00+00:00,2485.13916015625,2493.505126953125,2481.041259765625,2493.40966796875,0,-0.0034900409015171,0.0034900409015171,0.0045164295719453,259871146.66666663,2473.4303690592446,-0.0034900409015171,-0.0049373208453046,0.0212240124933058,0.0,0.0,22.0,4.0,0.0,0.0,0.0
2025-06-06 23:00:00+00:00,2477.32421875,2484.4521484375,2475.897705078125,2484.4521484375,0,-0.0031446695346262,0.0031446695346262,0.004333858362645,244588288.0,2475.9049275716147,-0.0031446695346262,-0.0094058956004065,0.024562036967199,0.0,0.0,23.0,4.0,0.0,0.0,0.0
2025-06-07 00:00:00+00:00,2478.5498046875,2478.9130859375,2460.851806640625,2478.06396484375,0,0.0004947216550115,0.0004947216550115,0.0042942288876077,244588288.0,2478.0484008789062,0.0004947216550115,-0.0067336114284327,0.0211953453769417,1.0,0.0,0.0,5.0,1.0,0.0,0.0
2025-06-07 01:00:00+00:00,2474.135986328125,2481.62548828125,2469.6015625,2481.267333984375,1017790464,-0.0017808068052647,0.0017808068052647,0.0042962325691501,225638826.66666663,2480.180430094401,-0.0017808068052647,-0.0056762650937071,0.0211181972969045,0.0,0.0,1.0,5.0,1.0,0.0,0.0
2025-06-07 02:00:00+00:00,2483.35205078125,2483.35205078125,2471.364501953125,2473.87890625,0,0.0037249627765216,0.0037249627765216,0.0042618770841591,225638826.66666663,2482.219045003256,0.0037249627765216,-0.0075833676763513,0.0200978678433112,1.0,0.0,2.0,5.0,1.0,0.0,0.0
2025-06-07 03:00:00+00:00,2490.869384765625,2494.31640625,2480.989013671875,2482.853515625,599805952,0.003027091540247,0.003027091540247,0.0039115622102227,250630741.3333333,2483.642771402994,0.003027091540247,-0.0011922919534244,0.0139086719065757,1.0,0.0,3.0,5.0,1.0,0.0,0.0
2025-06-07 04:00:00+00:00,2491.095703125,2491.442626953125,2482.652099609375,2490.687744140625,0,9.085918384932334e-05,9.085918384932334e-05,0.0039063840258562,174581760.0,2484.9100748697915,9.085918384932334e-05,0.0023968649580072,0.0123605174230998,1.0,0.0,4.0,5.0,1.0,0.0,0.0
2025-06-07 05:00:00+00:00,2496.181640625,2496.85546875,2487.573486328125,2491.479248046875,60435456,0.0020416467715871,0.0020416467715871,0.0039175032100802,177099904.0,2486.377349853516,0.0020416467715871,0.007612012078304,0.0143092528353578,1.0,0.0,5.0,5.0,1.0,0.0,0.0
2025-06-07 06:00:00+00:00,2499.6953125,2500.073974609375,2486.67578125,2496.01171875,0,0.0014076186675742,0.0014076186675742,0.0039143479075329,126374613.33333331,2488.0360819498696,0.0014076186675742,0.00853140323124,0.0161835038228639,1.0,0.0,6.0,5.0,1.0,0.0,0.0
2025-06-07 07:00:00+00:00,2492.55224609375,2502.356689453125,2490.26416015625,2502.356689453125,0,-0.0028575748294323,0.0028575748294323,0.0039483398969369,118888661.33333331,2489.5850830078125,-0.0028575748294323,0.0074435115399442,0.0151406636087643,0.0,0.0,7.0,5.0,1.0,0.0,0.0
2025-06-07 08:00:00+00:00,2485.638427734375,2493.73828125,2485.109130859375,2493.13525390625,0,-0.0027737907481016,0.0027737907481016,0.0039776817876025,118888661.33333331,2490.553741455078,-0.0027737907481016,0.0009206817665685,0.0094411514153547,0.0,0.0,8.0,5.0,1.0,0.0,0.0
2025-06-07 09:00:00+00:00,2487.455810546875,2491.861572265625,2485.029296875,2485.511962890625,499124224,0.0007311533295517,0.0007311533295517,0.0039255052667692,121574528.0,2491.244496663412,0.0007311533295517,-0.001370434852838,0.0067094073887072,1.0,0.0,9.0,5.0,1.0,0.0,0.0
2025-06-07 10:00:00+00:00,2496.590576171875,2496.803955078125,2486.89404296875,2487.406982421875,0,0.003672332825479,0.003672332825479,0.0038504002615297,121574528.0,2491.7737833658853,0.003672332825479,0.0022058056781928,0.0051141123986191,1.0,0.0,10.0,5.0,1.0,0.0,0.0
2025-06-07 11:00:00+00:00,2495.938232421875,2501.96630859375,2495.2646484375,2496.380615234375,0,-0.0002612938445839,0.0002612938445839,0.0038087128331667,115175978.66666669,2492.5340677897134,-0.0002612938445839,-9.751221592357862e-05,0.0073644466481366,0.0,0.0,11.0,5.0,1.0,0.0,0.0
2025-06-07 12:00:00+00:00,2499.300048828125,2507.051025390625,2495.169921875,2496.809326171875,0,0.0013469149046159,0.0013469149046159,0.0038123101167346,115175978.66666669,2493.4615478515625,0.0013469149046159,-0.0001581247402027,0.0089863372192158,1.0,0.0,12.0,5.0,1.0,0.0,0.0
2025-06-07 13:00:00+00:00,2508.881591796875,2514.20166015625,2494.821044921875,2499.386474609375,0,0.0038336905459761,0.0038336905459761,0.0032060088098796,115175978.66666669,2493.6774698893228,0.0038336905459761,0.006551255135661,0.0020697887198757,1.0,1.0,13.0,5.0,1.0,0.0,0.0
2025-06-07 14:00:00+00:00,2517.0244140625,2518.582275390625,2507.29638671875,2509.625,0,0.0032455984739372,0.0032455984739372,0.0030062950576028,115175978.66666669,2493.5791931152344,0.0032455984739372,0.0126269315673288,-0.000936198476015,1.0,1.0,14.0,5.0,1.0,0.0,0.0
2025-06-07 15:00:00+00:00,2520.22119140625,2523.480224609375,2515.1005859375,2517.34326171875,0,0.0012700621121868,0.0012700621121868,0.0028617204791737,105858005.33333331,2494.085255940756,0.0012700621121868,0.0131722464055237,0.0048425603309933,1.0,0.0,15.0,5.0,1.0,0.0,0.0
2025-06-07 16:00:00+00:00,2512.63037109375,2525.951416015625,2511.6689453125,2521.035888671875,0,-0.0030119659093352,0.0030119659093352,0.0027896299623807,105858005.33333331,2494.7169392903647,-0.0030119659093352,0.0064246797512428,0.0060703033744011,0.0,1.0,16.0,5.0,1.0,0.0,0.0
2025-06-07 17:00:00+00:00,2508.411865234375,2514.29541015625,2508.411865234375,2511.95751953125,557492224,-0.0016789201897366,0.0016789201897366,0.0028064050520085,113943680.0,2495.0321451822915,-0.0016789201897366,0.0049975727165316,0.0030249518009963,0.0,0.0,17.0,5.0,1.0,0.0,0.0
2025-06-07 18:00:00+00:00,2517.21435546875,2523.80078125,2508.999267578125,2508.999267578125,0,0.0035091885652329,0.0035091885652329,0.0028422082117091,113943680.0,2495.9430541992188,0.0035091885652329,0.0071677294805099,0.0087610131490531,1.0,1.0,18.0,5.0,1.0,0.0,0.0
2025-06-07 19:00:00+00:00,2518.268310546875,2524.40234375,2517.767578125,2517.767578125,0,0.000418698978033,0.000418698978033,0.0027588188625159,113943680.0,2497.193400065104,0.000418698978033,0.0037413956803267,0.0120599538084753,1.0,0.0,19.0,5.0,1.0,0.0,0.0
2025-06-07 20:00:00+00:00,2522.89111328125,2526.53857421875,2518.4306640625,2518.4306640625,0,0.0018357069876209,0.0018357069876209,0.0025511708595183,113943680.0,2498.0501912434897,0.0018357069876209,0.0023308074351495,0.0082175427258366,1.0,0.0,20.0,5.0,1.0,0.0,0.0
2025-06-07 21:00:00+00:00,2524.146728515625,2524.50341796875,2520.439697265625,2523.123046875,0,0.0004976890313517,0.0004976890313517,0.0024239472126691,113943680.0,2499.312856038412,0.0004976890313517,0.0015576161024122,0.0121515098709907,1.0,0.0,21.0,5.0,1.0,0.0,0.0
2025-06-07 22:00:00+00:00,2535.58642578125,2542.84619140625,2521.773193359375,2523.40673828125,206835712,0.0045321047054789,0.0045321047054789,0.0024019324592083,122561834.66666669,2501.414825439453,0.0045321047054789,0.0091362641125392,0.0202995737356728,1.0,1.0,22.0,5.0,1.0,0.0,0.0
2025-06-07 23:00:00+00:00,2526.3251953125,2536.617919921875,2524.659912109375,2536.617919921875,32523264,-0.0036525004135469,0.0036525004135469,0.0024404928125705,123916970.66666669,2503.456532796224,-0.0036525004135469,0.0071413033586695,0.0197797995884545,0.0,1.0,23.0,5.0,1.0,0.0,0.0
2025-06-08 00:00:00+00:00,2518.738525390625,2526.76123046875,2517.43408203125,2526.76123046875,33193984,-0.0030030456633024,0.0030030456633024,0.0025621265374074,125300053.33333331,2505.131062825521,-0.0030030456633024,0.000605498661075,0.016214610909621,0.0,1.0,0.0,6.0,1.0,0.0,0.0
2025-06-08 01:00:00+00:00,2520.4248046875,2521.686767578125,2513.576171875,2518.851806640625,2354447360,0.0006694935896982,0.0006694935896982,0.002508327552592,180994090.66666663,2507.059763590494,0.0006694935896982,0.0008563401014869,0.0187090841470167,1.0,0.0,1.0,6.0,1.0,0.0,0.0
2025-06-08 02:00:00+00:00,2513.96826171875,2519.5126953125,2513.96826171875,2519.5126953125,0,-0.0025616883934573,0.0025616883934573,0.002515188294102,180994090.66666663,2508.335439046224,-0.0025616883934573,-0.0035367565074558,0.0123285826219718,0.0,1.0,2.0,6.0,1.0,0.0,0.0
2025-06-08 03:00:00+00:00,2513.010498046875,2515.430419921875,2510.3388671875,2513.726806640625,0,-0.0003809768350934,0.0003809768350934,0.0024627784811882,156002176.0,2509.257985432943,-0.0003809768350934,-0.004411879207711,0.0088889097985895,0.0,0.0,3.0,6.0,1.0,0.0,0.0
2025-06-08 04:00:00+00:00,2517.560302734375,2520.203369140625,2510.584228515625,2512.997314453125,0,0.0018104996740109,0.0018104996740109,0.0024792128779,156002176.0,2510.360677083333,0.0018104996740109,-0.0071092520702862,0.0106236783982951,1.0,0.0,4.0,6.0,1.0,0.0,0.0
2025-06-08 05:00:00+00:00,2511.68017578125,2517.710205078125,2511.43994140625,2517.3974609375,0,-0.0023356449284406,0.0023356449284406,0.0025172397428161,153484032.0,2511.0064493815103,-0.0023356449284406,-0.0057969653148467,0.0062088971828064,0.0,0.0,5.0,6.0,1.0,0.0,0.0
2025-06-08 06:00:00+00:00,2514.2021484375,2518.075439453125,2512.092529296875,2512.092529296875,0,0.0010040978467593,0.0010040978467593,0.0025105868003305,153484032.0,2511.6109008789062,0.0010040978467593,-0.0018010511640629,0.0058034416694534,1.0,0.0,6.0,6.0,1.0,0.0,0.0
2025-06-08 07:00:00+00:00,2514.425537109375,2516.642333984375,2514.037841796875,2514.35693359375,0,8.885072030251351e-05,8.885072030251351e-05,0.0024228235273432,153484032.0,2512.522288004557,8.885072030251351e-05,-0.0023802604890126,0.0087754593910334,1.0,0.0,7.0,6.0,1.0,0.0,0.0
2025-06-08 08:00:00+00:00,2518.244140625,2520.524658203125,2515.0888671875,2515.0888671875,35535872,0.0015186783061449,0.0015186783061449,0.002337839939937,154964693.33333334,2513.880859375,0.0015186783061449,0.0017008484042382,0.0131176411367057,1.0,0.0,8.0,6.0,1.0,0.0,0.0
2025-06-08 09:00:00+00:00,2499.928955078125,2518.313232421875,2498.09716796875,2517.791259765625,468771840,-0.0072729983766901,0.0072729983766901,0.0028294714381227,153700010.66666666,2514.4005737304688,-0.0072729983766901,-0.0052055265900866,0.00501441853896,0.0,1.0,9.0,6.0,1.0,0.0,0.0
2025-06-08 10:00:00+00:00,2504.5009765625,2504.638427734375,2494.18115234375,2498.62744140625,83569664,0.0018288605662524,0.0018288605662524,0.0027555133917909,157182080.0,2514.7301737467446,0.0018288605662524,-0.0051872942855394,0.0031684812344179,1.0,0.0,10.0,6.0,1.0,0.0,0.0
2025-06-08 11:00:00+00:00,2513.887939453125,2516.833740234375,2504.26611328125,2504.26611328125,0,0.0037480372251676,0.0037480372251676,0.0028503176249334,157182080.0,2515.4780782063804,0.0037480372251676,0.0008789987249027,0.0071915670019737,1.0,1.0,11.0,6.0,1.0,0.0,0.0
2025-06-08 12:00:00+00:00,2508.420654296875,2514.65673828125,2502.98876953125,2514.351318359375,1018328064,-0.0021748324857469,0.0021748324857469,0.002884658550982,199612416.0,2515.8581034342446,-0.0021748324857469,-0.0022995343251209,0.0036492639101202,0.0,0.0,12.0,6.0,1.0,0.0,0.0
2025-06-08 13:00:00+00:00,2513.166015625,2521.816162109375,2507.2587890625,2508.51806640625,0,0.0018917725462019,0.0018917725462019,0.0028030912704258,199612416.0,2516.03662109375,0.0018917725462019,-0.0005009181881849,0.0017077026839902,1.0,0.0,13.0,6.0,1.0,0.0,0.0
2025-06-08 14:00:00+00:00,2514.766845703125,2516.505859375,2506.71337890625,2509.765869140625,17050624,0.0006369774492303,0.0006369774492303,0.0027242650284603,200322858.66666663,2515.942555745443,0.0006369774492303,-0.0013808410653194,-0.0008969195319529,1.0,0.0,14.0,6.0,1.0,0.0,0.0
2025-06-08 15:00:00+00:00,2514.787353515625,2521.693115234375,2514.214111328125,2515.58984375,828502016,8.154955810413256e-06,8.154955810413256e-06,0.0027101463403593,234843776.0,2515.716145833333,8.154955810413256e-06,0.0059435282780009,-0.002156095627302,1.0,0.0,15.0,6.0,1.0,0.0,0.0
2025-06-08 16:00:00+00:00,2527.954833984375,2530.01123046875,2514.921142578125,2515.5283203125,0,0.0052360214275541,0.0052360214275541,0.002842743123038,234843776.0,2516.354665120443,0.0052360214275541,0.0093646828814841,0.0060989722431612,1.0,1.0,16.0,6.0,1.0,0.0,0.0
2025-06-08 17:00:00+00:00,2524.6962890625,2534.797607421875,2524.6962890625,2528.2841796875,0,-0.0012890044070681,0.0012890044070681,0.0028322915922912,211614933.3333333,2517.033182779948,-0.0012890044070681,0.0042994556120612,0.0064919258491082,0.0,0.0,17.0,6.0,1.0,0.0,0.0
2025-06-08 18:00:00+00:00,2532.658935546875,2533.390380859375,2522.2109375,2524.461669921875,1049518080,0.0031539027164855,0.0031539027164855,0.0028155231520965,255344853.3333333,2517.6767069498696,0.0031539027164855,0.0096627657759396,0.0061355839817816,1.0,1.0,18.0,6.0,1.0,0.0,0.0
2025-06-08 19:00:00+00:00,2533.554931640625,2540.37646484375,2530.834228515625,2533.386962890625,147911680,0.0003537768473971,0.0003537768473971,0.0028153939323746,261507840.0,2518.313649495443,0.0003537768473971,0.0081128408902801,0.0060702908541268,1.0,0.0,19.0,6.0,1.0,0.0,0.0
2025-06-08 20:00:00+00:00,2531.84033203125,2538.177001953125,2531.640380859375,2533.901611328125,0,-0.0006767564373528,0.0006767564373528,0.0028007740823047,261507840.0,2518.686533610026,-0.0006767564373528,0.0067892919605241,0.0035472076868037,0.0,0.0,20.0,6.0,1.0,0.0,0.0
2025-06-08 21:00:00+00:00,2539.233642578125,2546.244384765625,2532.035888671875,2532.035888671875,799661056,0.0029201330168175,0.0029201330168175,0.0028568879562328,294827050.6666667,2519.315155029297,0.0029201330168175,0.0097210163826872,0.0059770352856516,1.0,1.0,21.0,6.0,1.0,0.0,0.0
2025-06-08 22:00:00+00:00,2508.516357421875,2539.923583984375,2505.29296875,2539.923583984375,662824960,-0.0120970692263915,0.0120970692263915,0.0036735716080544,313826602.6666667,2518.1872355143228,-0.0120970692263915,-0.0076894081734294,-0.0106760582420433,0.0,1.0,22.0,6.0,1.0,0.0,0.0
2025-06-08 23:00:00+00:00,2509.457275390625,2512.60986328125,2505.171142578125,2505.171142578125,0,0.0003750894292422,0.0003750894292422,0.0036119451039879,312471466.6666667,2517.484405517578,0.0003750894292422,-0.0060359789563178,-0.0066768601101603,1.0,0.0,23.0,6.0,1.0,0.0,0.0
2025-06-09 00:00:00+00:00,2505.59619140625,2512.029052734375,2500.50439453125,2510.907470703125,256388096,-0.0015386131584065,0.0015386131584065,0.0035760078129105,321771221.3333333,2516.936808268229,-0.0015386131584065,-0.0106855067458111,-0.005217823863768,0.0,0.0,0.0,0.0,0.0,0.0,0.0
2025-06-09 01:00:00+00:00,2495.83056640625,2505.87451171875,2494.068115234375,2505.87451171875,0,-0.0038975254805599,0.0038975254805599,0.0036478638381879,223669248.0,2515.912048339844,-0.0038975254805599,-0.0148898943390765,-0.0097579734319029,0.0,1.0,1.0,0.0,0.0,0.0,0.0
2025-06-09 02:00:00+00:00,2495.9423828125,2505.297119140625,2492.938232421875,2496.023193359375,1075472384,4.480128088624191e-05,4.480128088624191e-05,0.0036194627065406,268480597.3333333,2515.1609700520835,4.480128088624191e-05,-0.0141785991654338,-0.0071702889733087,1.0,0.0,2.0,0.0,0.0,0.0,0.0
2025-06-09 03:00:00+00:00,2497.498291015625,2498.48388671875,2484.62255859375,2493.973388671875,0,0.0006233750481738,0.0006233750481738,0.0036242102264325,268480597.3333333,2514.514628092448,0.0006233750481738,-0.016436199829223,-0.0061727585472906,1.0,0.0,3.0,0.0,0.0,0.0,0.0
2025-06-09 04:00:00+00:00,2487.661865234375,2498.160400390625,2485.857177734375,2498.160400390625,0,-0.0039385115163582,0.0039385115163582,0.0036716667177386,268480597.3333333,2513.268859863281,-0.0039385115163582,-0.0083134766595396,-0.0118759568410443,0.0,1.0,4.0,0.0,0.0,0.0,1.0
2025-06-09 05:00:00+00:00,2483.940185546875,2492.655029296875,2482.09375,2487.09912109375,1520812032,-0.0014960552877025,0.0014960552877025,0.0036573006131984,331847765.3333333,2512.113026936849,-0.0014960552877025,-0.0101683699077036,-0.0110443958995481,0.0,0.0,5.0,0.0,0.0,0.0,1.0
2025-06-09 06:00:00+00:00,2494.313232421875,2494.396484375,2480.493408203125,2482.721435546875,0,0.0041760453554222,0.0041760453554222,0.0037680032600056,331847765.3333333,2511.2843221028647,0.0041760453554222,-0.004503103502102,-0.0079106272453014,1.0,1.0,6.0,0.0,0.0,0.0,1.0
2025-06-09 07:00:00+00:00,2493.08837890625,2494.80126953125,2485.532470703125,2494.80126953125,1024736256,-0.0004910584202914,0.0004910584202914,0.0037670997066046,374545109.3333333,2510.395273844401,-0.0004910584202914,-0.0010987073950089,-0.0084858978276424,0.0,0.0,7.0,0.0,0.0,0.0,1.0
2025-06-09 08:00:00+00:00,2497.541015625,2497.990234375,2486.97998046875,2493.170654296875,0,0.0017859923284,0.0017859923284,0.0037732496055697,373064448.0,2509.532643636068,0.0017859923284,0.0006404926746339,-0.0082212541135354,1.0,0.0,8.0,0.0,0.0,0.0,1.0
2025-06-09 09:00:00+00:00,2513.498779296875,2522.31640625,2493.595703125,2497.026611328125,839915520,0.0063893900328526,0.0063893900328526,0.0037114446585362,388528768.0,2510.098052978516,0.0063893900328526,0.0064066062983143,0.0054280839426199,1.0,1.0,9.0,0.0,0.0,1.0,1.0
2025-06-09 10:00:00+00:00,2536.26025390625,2539.9208984375,2511.037353515625,2511.9267578125,1070931968,0.0090556935204648,0.0090556935204648,0.0041175626712105,429668864.0,2511.421356201172,0.0090556935204648,0.0195357694512459,0.0126808803993123,1.0,1.0,10.0,0.0,0.0,1.0,1.0
2025-06-09 11:00:00+00:00,2543.291748046875,2547.724365234375,2531.68896484375,2536.669677734375,420776960,0.0027723866782973,0.0027723866782973,0.0040891626080054,447201237.3333333,2512.646514892578,0.0027723866782973,0.0238941190473687,0.0116965470625338,1.0,0.0,11.0,0.0,0.0,1.0,1.0
2025-06-09 12:00:00+00:00,2547.070068359375,2548.1064453125,2536.951416015625,2542.8671875,250622976,0.0014856023951643,0.0014856023951643,0.0040534517222516,415213525.3333333,2514.256907145182,0.0014856023951643,0.021150846353918,0.015407867893407,1.0,0.0,12.0,0.0,0.0,1.0,1.0
2025-06-09 13:00:00+00:00,2519.380126953125,2546.4794921875,2513.25146484375,2546.4794921875,0,-0.0108712915872336,0.0108712915872336,0.0046727184312038,415213525.3333333,2514.515828450521,-0.0108712915872336,0.0105458547997441,0.0024726226956317,0.0,1.0,13.0,0.0,0.0,1.0,1.0
2025-06-09 14:00:00+00:00,2530.8955078125,2539.645751953125,2516.87158203125,2519.3154296875,459393024,0.0045707198910476,0.0045707198910476,0.0047600588861018,433644458.6666667,2515.187856038412,0.0045707198910476,0.0133549327033386,0.0064135814964052,1.0,0.0,14.0,0.0,0.0,1.0,1.0
2025-06-09 15:00:00+00:00,2537.35791015625,2543.24755859375,2531.3427734375,2531.3427734375,1142686720,0.0025534054344802,0.0025534054344802,0.0047821042377431,446735488.0,2516.128295898437,0.0025534054344802,0.0094923980293515,0.008975135257091,1.0,0.0,15.0,0.0,0.0,1.0,1.0
2025-06-09 16:00:00+00:00,2560.718017578125,2571.38330078125,2536.096923828125,2536.096923828125,0,0.009206469189219,0.009206469189219,0.0050200386498786,446735488.0,2517.493428548177,0.009206469189219,0.0096432389516045,0.0129603516460423,1.0,1.0,16.0,0.0,0.0,1.0,1.0
2025-06-09 17:00:00+00:00,2573.250732421875,2576.51171875,2559.342041015625,2560.34716796875,1390867456,0.0048942190267411,0.0048942190267411,0.0050799281569611,504688298.6666667,2519.516530354818,0.0048942190267411,0.0117796097903464,0.0192317957489471,1.0,0.0,17.0,0.0,0.0,0.0,1.0
2025-06-09 18:00:00+00:00,2584.23046875,2584.23046875,2572.225830078125,2573.33642578125,0,0.0042668738766047,0.0042668738766047,0.0051072959801146,460958378.6666667,2521.665344238281,0.0042668738766047,0.0145894692306445,0.0203626048810987,1.0,0.0,18.0,0.0,0.0,0.0,1.0
2025-06-09 19:00:00+00:00,2582.095703125,2589.51806640625,2576.1708984375,2584.994384765625,1297502208,-0.0008260740095803,0.0008260740095803,0.0051179753235697,508857984.0,2523.6878763834634,-0.0008260740095803,0.0248932566788646,0.019159154940028,0.0,0.0,19.0,0.0,0.0,0.0,1.0
2025-06-09 20:00:00+00:00,2589.902587890625,2590.12841796875,2578.791259765625,2581.739013671875,0,0.0030234684005618,0.0030234684005618,0.0051271657463839,508857984.0,2526.107137044271,0.0030234684005618,0.0233147041811796,0.0229328268156596,1.0,0.0,20.0,0.0,0.0,0.0,1.0
2025-06-09 21:00:00+00:00,2645.9775390625,2647.564208984375,2591.90625,2591.90625,1792872448,0.0216513746246904,0.0216513746246904,0.0066410246058158,550241792.0,2530.5547993977866,0.0216513746246904,0.0428081621719504,0.0420378395648524,1.0,1.0,21.0,0.0,0.0,0.0,0.0
2025-06-09 22:00:00+00:00,2662.484130859375,2664.607177734375,2643.69970703125,2644.23193359375,841277440,0.0062383718505498,0.0062383718505498,0.0060043458421398,557677312.0,2536.970123291016,0.0062383718505498,0.0397412415512654,0.0613780225040032,1.0,1.0,22.0,0.0,0.0,0.0,0.0
2025-06-09 23:00:00+00:00,2681.351318359375,2693.806640625,2659.552490234375,2665.594482421875,101040128,0.0070863098417455,0.0070863098417455,0.0060570186002117,561887317.3333334,2544.1323750813804,0.0070863098417455,0.042009348166301,0.0684984935405974,1.0,1.0,23.0,0.0,0.0,0.0,0.0
2025-06-10 00:00:00+00:00,2699.666259765625,2723.524169921875,2681.267333984375,2681.267333984375,1574803456,0.006830489268917,0.006830489268917,0.0060383481039442,616821290.6666666,2552.2186279296875,0.006830489268917,0.0446693096500256,0.0774546469319361,1.0,1.0,0.0,1.0,0.0,0.0,0.0
2025-06-10 01:00:00+00:00,2709.109619140625,2714.6474609375,2699.17822265625,2699.68701171875,1696825344,0.0034979728849224,0.0034979728849224,0.0058498583383445,687522346.6666666,2561.105255126953,0.0034979728849224,0.049190243360037,0.0854541392372942,1.0,0.0,1.0,1.0,0.0,0.0,0.0
2025-06-10 02:00:00+00:00,2692.634521484375,2709.234375,2679.35400390625,2709.140380859375,493441024,-0.0060813698861975,0.0060813698861975,0.0061312790704265,663271040.0,2569.300760904948,-0.0060813698861975,0.0396663311099361,0.078804759287046,0.0,0.0,2.0,1.0,0.0,0.0,0.0
2025-06-10 03:00:00+00:00,2688.863037109375,2693.94287109375,2677.86181640625,2693.307861328125,0,-0.0014006670214273,0.0014006670214273,0.0061817368663267,663271040.0,2577.2742919921875,-0.0014006670214273,0.0162078088017594,0.0766225733896019,0.0,0.0,3.0,1.0,0.0,0.0,0.0
2025-06-10 04:00:00+00:00,2690.103515625,2691.48095703125,2686.742919921875,2689.473876953125,1201604608,0.0004613394206045,0.0004613394206045,0.0060272631371015,713337898.6666666,2585.7093607584634,0.0004613394206045,0.0103735396750366,0.0813782826435505,1.0,0.0,4.0,1.0,0.0,0.0,1.0
2025-06-10 05:00:00+00:00,2671.326416015625,2698.753662109375,2667.693359375,2690.39794921875,501571584,-0.006980065822862,0.006980065822862,0.0063134573654847,670869546.6666666,2593.517120361328,-0.006980065822862,-0.0037387500381277,0.0754391074145346,0.0,1.0,5.0,1.0,0.0,0.0,1.0
2025-06-10 06:00:00+00:00,2676.23291015625,2678.955810546875,2659.201904296875,2670.015625,0,0.0018367257970455,0.0018367257970455,0.0063134390294132,670869546.6666666,2601.0971069335938,0.0018367257970455,-0.0086800912981774,0.0729337740624254,1.0,0.0,6.0,1.0,0.0,0.0,1.0
2025-06-10 07:00:00+00:00,2677.890625,2684.60400390625,2668.052978515625,2676.513671875,1470603264,0.0006194209918946,0.0006194209918946,0.0062911036440033,689447338.6666666,2608.797200520833,0.0006194209918946,-0.011523710196167,0.0741258302984129,1.0,0.0,7.0,1.0,0.0,0.0,1.0
2025-06-10 08:00:00+00:00,2675.2724609375,2684.405029296875,2670.96728515625,2678.048828125,0,-0.0009776964145054,0.0009776964145054,0.0063394521646181,689447338.6666666,2616.202677408854,-0.0009776964145054,-0.0064479826015539,0.0711625731872209,0.0,0.0,8.0,1.0,0.0,0.0,1.0
2025-06-10 09:00:00+00:00,2691.928466796875,2692.531982421875,2673.921630859375,2673.921630859375,996966400,0.006225910109185,0.006225910109185,0.0063356126387078,695991125.3333334,2623.637247721354,0.006225910109185,0.001140046794944,0.0709885713769529,1.0,0.0,9.0,1.0,0.0,1.0,1.0
2025-06-10 10:00:00+00:00,2693.8603515625,2696.57958984375,2683.596923828125,2692.52978515625,0,0.0007176582845545,0.0007176582845545,0.0062096456176867,651368960.0,2630.2039184570312,0.0007176582845545,0.001396539544177,0.062138772002408,1.0,0.0,10.0,1.0,0.0,1.0,1.0
2025-06-10 11:00:00+00:00,2774.627685546875,2793.46533203125,2690.49462890625,2694.84375,1289998336,0.0299820047975123,0.0299820047975123,0.008365024221502,687586517.3333334,2639.8429158528647,0.0299820047975123,0.038670403179454,0.0909592608388931,1.0,1.0,11.0,1.0,0.0,1.0,1.0
2025-06-10 12:00:00+00:00,2767.091552734375,2777.171630859375,2750.422119140625,2774.241455078125,2202421248,-0.0027160879464138,0.0027160879464138,0.0084561383161555,768911445.3333334,2649.0104777018228,-0.0027160879464138,0.0339502000118592,0.0863821875605961,0.0,0.0,12.0,1.0,0.0,1.0,1.0
2025-06-10 13:00:00+00:00,2745.16845703125,2776.658935546875,2724.245361328125,2765.120361328125,571305984,-0.0079227937656999,0.0079227937656999,0.0082574738287019,792715861.3333334,2658.418324788412,-0.0079227937656999,0.0251234428333868,0.089620588676782,0.0,0.0,13.0,1.0,0.0,1.0,1.0
2025-06-10 14:00:00+00:00,2736.52001953125,2750.95849609375,2732.346435546875,2743.913818359375,1612038144,-0.0031504214168892,0.0031504214168892,0.0083682820628595,840742741.3333334,2666.986012776693,-0.0031504214168892,0.0228939517331581,0.0812457531668209,0.0,0.0,14.0,1.0,0.0,1.0,1.0
2025-06-10 15:00:00+00:00,2732.92138671875,2752.56103515625,2698.881591796875,2737.29150390625,1258153984,-0.001315039826793,0.001315039826793,0.0084202457413297,845553877.3333334,2675.134490966797,-0.001315039826793,0.0152280866403007,0.07707366618628,0.0,0.0,15.0,1.0,0.0,1.0,1.0
2025-06-10 16:00:00+00:00,2730.6455078125,2747.34423828125,2730.6455078125,2732.994384765625,970735616,-0.0008327641319322,0.0008327641319322,0.0083544662971538,886001194.6666666,2682.214803059896,-0.0008327641319322,0.0136551830642088,0.0663593137033842,0.0,0.0,16.0,1.0,0.0,1.0,1.0
2025-06-10 17:00:00+00:00,2740.15869140625,2749.21044921875,2730.97021484375,2730.97021484375,0,0.003483858877519,0.003483858877519,0.0083434147616928,828048384.0,2689.169301350912,0.003483858877519,-0.0124229259010767,0.0648626878373743,1.0,0.0,17.0,1.0,0.0,0.0,1.0
2025-06-10 18:00:00+00:00,2757.68505859375,2760.9609375,2734.427978515625,2740.5302734375,0,0.0063961139340091,0.0063961139340091,0.0083725696381443,828048384.0,2696.3965759277344,0.0063961139340091,-0.0033994155817973,0.0671204027432006,1.0,0.0,18.0,1.0,0.0,0.0,1.0
2025-06-10 19:00:00+00:00,2764.576171875,2804.20361328125,2755.037353515625,2755.037353515625,1394339840,0.0024988760989133,0.0024988760989133,0.0083383723776569,832083285.3333334,2703.999928792318,0.0024988760989133,0.007069771909276,0.07067145827676,1.0,0.0,19.0,1.0,0.0,0.0,1.0
2025-06-10 20:00:00+00:00,2773.346923828125,2773.769287109375,2755.816650390625,2773.769287109375,850354176,0.0031725484876679,0.0031725484876679,0.0083385377119534,867514709.3333334,2711.6434427897134,0.0031725484876679,0.0134575680185169,0.0708305929324193,1.0,0.0,20.0,1.0,0.0,0.0,1.0
2025-06-10 21:00:00+00:00,2770.119384765625,2778.13525390625,2740.23779296875,2773.752685546875,562073600,-0.0011637704013044,0.0011637704013044,0.0073481758512618,816231424.0,2716.8160196940103,-0.0011637704013044,0.0136110750304223,0.0469171955809988,0.0,0.0,21.0,1.0,0.0,0.0,0.0
2025-06-10 22:00:00+00:00,2804.00634765625,2820.875,2772.628662109375,2772.628662109375,316370944,0.012233033376463,0.012233033376463,0.0075983423529768,794360320.0,2722.7127787272134,0.012233033376463,0.0268657501070208,0.0531542010547854,1.0,1.0,22.0,1.0,0.0,0.0,0.0
2025-06-10 23:00:00+00:00,2813.156982421875,2813.156982421875,2791.204345703125,2803.297607421875,0,0.0032634144260312,0.0032634144260312,0.0075309545851858,790150314.6666666,2728.2046813964844,0.0032634144260312,0.0266401691422339,0.0491564321169026,1.0,0.0,23.0,1.0,0.0,0.0,0.0
2025-06-11 00:00:00+00:00,2794.02197265625,2831.619873046875,2794.02197265625,2813.786865234375,954986496,-0.0068019701300676,0.0068019701300676,0.0076659040189621,764324608.0,2732.1361694335938,-0.0068019701300676,0.0131766004059323,0.0349508805206228,0.0,0.0,0.0,2.0,0.0,0.0,0.0
2025-06-11 01:00:00+00:00,2783.09423828125,2797.157958984375,2780.78515625,2795.1005859375,0,-0.0039111125402536,0.0039111125402536,0.0077291993862186,693623552.0,2735.2188618977866,-0.0039111125402536,0.006698338282244,0.0273095701325272,0.0,0.0,1.0,2.0,0.0,0.0,0.0
2025-06-11 02:00:00+00:00,2781.286376953125,2801.030517578125,2774.498291015625,2784.528076171875,0,-0.0006495868171684,0.0006495868171684,0.0075864056808106,673063509.3333334,2738.9126892089844,-0.0006495868171684,0.0028627695499563,0.0329238352852576,0.0,0.0,2.0,2.0,0.0,0.0,0.0
2025-06-11 03:00:00+00:00,2791.4091796875,2795.473388671875,2781.8154296875,2781.8154296875,0,0.0036396118063413,0.0036396118063413,0.007575901000029,673063509.3333334,2743.18544514974,0.0036396118063413,0.0076855153026829,0.0381373618376508,1.0,0.0,3.0,2.0,0.0,0.0,0.0
2025-06-11 04:00:00+00:00,2797.3779296875,2801.4619140625,2787.506103515625,2791.490966796875,0,0.0021382569217847,0.0021382569217847,0.0075727916487674,622996650.6666666,2747.655212402344,0.0021382569217847,-0.0023639097587244,0.0398774297864059,1.0,0.0,4.0,2.0,0.0,0.0,1.0
2025-06-11 05:00:00+00:00,2795.07666015625,2799.227294921875,2789.0478515625,2797.669921875,818878464,-0.0008226523512706,0.0008226523512706,0.0073689882428553,636217770.6666666,2752.8114725748696,-0.0008226523512706,-0.0064270577072664,0.0463253922840334,0.0,0.0,5.0,2.0,0.0,0.0,1.0
2025-06-11 06:00:00+00:00,2791.82421875,2797.01904296875,2781.98388671875,2793.844482421875,0,-0.0011636322726361,0.0011636322726361,0.007395763658085,636217770.6666666,2757.6277770996094,-0.0011636322726361,-0.0007865914898874,0.0431917970050674,0.0,0.0,6.0,2.0,0.0,0.0,1.0
2025-06-11 07:00:00+00:00,2792.770751953125,2800.290771484375,2789.25390625,2792.28955078125,853157888,0.0003390375356615,0.0003390375356615,0.0073979131317716,610490880.0,2762.4144490559897,0.0003390375356615,0.0034768904116775,0.0428994843481052,1.0,0.0,7.0,2.0,0.0,0.0,1.0
2025-06-11 08:00:00+00:00,2770.25048828125,2792.888916015625,2768.045654296875,2791.87255859375,0,-0.0080637709543919,0.0080637709543919,0.0076497760775794,610490880.0,2766.371866861979,-0.0080637709543919,-0.003967908074236,0.035502188554831,0.0,1.0,8.0,2.0,0.0,0.0,1.0
2025-06-11 09:00:00+00:00,2757.908203125,2772.958740234375,2755.684814453125,2769.73583984375,0,-0.0044552957245059,0.0044552957245059,0.0076724793071908,568950613.3333334,2769.121022542318,-0.0044552957245059,-0.012001456757497,0.0245102115980944,0.0,0.0,9.0,2.0,0.0,1.0,1.0
2025-06-11 10:00:00+00:00,2770.161865234375,2771.391845703125,2758.802734375,2758.802734375,921366528,0.0044431000623916,0.0044431000623916,0.0077033547390244,607340885.3333334,2772.300252278646,0.0044431000623916,-0.0097291339022487,0.0283242275820341,1.0,0.0,10.0,2.0,0.0,1.0,1.0
2025-06-11 11:00:00+00:00,2772.461181640625,2773.39111328125,2763.2451171875,2770.5244140625,0,0.0008300296221337,0.0008300296221337,0.0046660043923123,553590954.6666666,2772.209981282552,0.0008300296221337,-0.0080911836294181,-0.000780826889869,1.0,0.0,11.0,2.0,0.0,1.0,1.0
2025-06-11 12:00:00+00:00,2800.8544921875,2820.13916015625,2764.954833984375,2772.221923828125,910383104,0.0102411931805923,0.0102411931805923,0.0050726442338763,499756032.0,2773.616770426432,0.0102411931805923,0.0032345422669708,0.0122015982520569,1.0,1.0,12.0,2.0,0.0,1.0,1.0
2025-06-11 13:00:00+00:00,2795.326904296875,2817.65087890625,2789.7666015625,2805.626953125,0,-0.001973536256897,0.001973536256897,0.0047791140268308,475951616.0,2775.7067057291665,-0.001973536256897,0.0009152746755036,0.0182715370844195,0.0,0.0,13.0,2.0,0.0,1.0,1.0
2025-06-11 14:00:00+00:00,2838.0048828125,2849.816162109375,2792.2021484375,2795.86474609375,1510936576,0.0152676162669997,0.0152676162669997,0.0055409762246595,471739050.6666667,2779.9352416992188,0.0152676162669997,0.0244578585286296,0.0370853721357513,1.0,1.0,14.0,2.0,0.0,1.0,1.0
2025-06-11 15:00:00+00:00,2863.364990234375,2876.94677734375,2830.76220703125,2840.27001953125,0,0.0089358928081697,0.0089358928081697,0.0057045647676397,419315968.0,2785.370391845703,0.0089358928081697,0.0382379612888788,0.0477304631408519,1.0,1.0,15.0,2.0,0.0,1.0,1.0
2025-06-11 16:00:00+00:00,2868.850830078125,2873.12646484375,2849.18798828125,2865.2900390625,518236160,0.0019158716623481,0.0019158716623481,0.0056735617088026,400461824.0,2791.128946940104,0.0019158716623481,0.0356257033505154,0.0506126928120891,1.0,0.0,16.0,2.0,0.0,1.0,1.0
2025-06-11 17:00:00+00:00,2838.00244140625,2869.4931640625,2838.00244140625,2868.547119140625,0,-0.0107528730139778,0.0107528730139778,0.0062361849300394,400461824.0,2795.205769856771,-0.0107528730139778,0.0236401000669161,0.0357073297640972,0.0,1.0,17.0,2.0,0.0,0.0,1.0
2025-06-11 18:00:00+00:00,2826.2890625,2832.083984375,2804.2451171875,2831.08740234375,1692581888,-0.0041273322162633,0.0041273322162633,0.0062455608044767,470986069.3333333,2798.0642700195312,-0.0041273322162633,0.009081003809175,0.0248773889869911,0.0,0.0,18.0,2.0,0.0,0.0,1.0
2025-06-11 19:00:00+00:00,2810.59375,2824.72314453125,2805.9873046875,2824.08642578125,0,-0.0055533288184318,0.0055533288184318,0.0063788124725599,412888576.0,2799.9816691080728,-0.0055533288184318,0.0054615600342333,0.0166454368641215,0.0,0.0,19.0,2.0,0.0,0.0,1.0
2025-06-11 20:00:00+00:00,2815.46337890625,2824.93212890625,2790.833984375,2811.96044921875,0,0.0017325979274842,0.0017325979274842,0.0063613670047339,377457152.0,2801.736521402994,0.0017325979274842,-0.0079427290780103,0.0151861473644958,1.0,0.0,20.0,2.0,0.0,0.0,1.0
2025-06-11 21:00:00+00:00,2784.54248046875,2830.678955078125,2779.66064453125,2818.178466796875,0,-0.0109825255299581,0.0109825255299581,0.0067845771999565,354037418.6666667,2802.3374837239585,-0.0109825255299581,-0.0275279295634515,0.0052066693523915,0.0,1.0,21.0,2.0,0.0,0.0,0.0
2025-06-11 22:00:00+00:00,2758.140625,2782.861572265625,2750.56640625,2782.861572265625,755451904,-0.0094815775496107,0.0094815775496107,0.0065596324793404,372332458.6666667,2800.4264119466147,-0.0094815775496107,-0.0385904362532192,-0.0163572107083805,0.0,1.0,22.0,2.0,0.0,0.0,0.0
2025-06-11 23:00:00+00:00,2776.65966796875,2778.168212890625,2758.3837890625,2758.3837890625,0,0.0067143215254841,0.0067143215254841,0.0066861213001268,372332458.6666667,2798.905690511068,0.0067143215254841,-0.0216147712005153,-0.0129737923198669,1.0,1.0,23.0,2.0,0.0,0.0,0.0
2025-06-12 00:00:00+00:00,2775.815185546875,2783.4619140625,2763.129638671875,2772.8447265625,0,-0.0003041360925923,0.0003041360925923,0.0065509860209243,332541354.6666667,2798.1470743815103,-0.0003041360925923,-0.0178587100742194,-0.0065163364095043,0.0,0.0,0.0,3.0,0.0,0.0,0.0
2025-06-12 01:00:00+00:00,2774.4423828125,2776.086181640625,2755.65380859375,2776.086181640625,801568768,-0.0004945584063099,0.0004945584063099,0.0065049706246095,365940053.3333333,2797.786580403646,-0.0004945584063099,-0.0128625373864508,-0.0031087181130068,0.0,0.0,1.0,3.0,0.0,0.0,0.0
2025-06-12 02:00:00+00:00,2760.322021484375,2783.9619140625,2760.322021484375,2774.952392578125,0,-0.0050894411848664,0.0050894411848664,0.0065836550802376,365940053.3333333,2796.913065592448,-0.0050894411848664,-0.0195851801287844,-0.0075376471989613,0.0,0.0,2.0,3.0,0.0,0.0,0.0
2025-06-12 03:00:00+00:00,2767.1474609375,2773.916259765625,2747.79345703125,2759.43994140625,651960320,0.0024726968085608,0.0024726968085608,0.0065575953865,393105066.6666667,2795.9021606445312,0.0024726968085608,-0.006246993771243,-0.0086915665845578,1.0,0.0,3.0,3.0,0.0,0.0,0.0
2025-06-12 04:00:00+00:00,2761.091796875,2766.435302734375,2750.93310546875,2765.321533203125,155604992,-0.0021884139345607,0.0021884139345607,0.0065458765395049,399588608.0,2794.3902384440103,-0.0021884139345607,0.0010699860073306,-0.0129714803378582,0.0,0.0,4.0,3.0,0.0,0.0,1.0
2025-06-12 05:00:00+00:00,2765.228271484375,2769.139404296875,2752.788330078125,2761.398681640625,660527104,0.0014981300563989,0.0014981300563989,0.0065583930145725,392990634.6666667,2793.146555582682,0.0014981300563989,-0.0041169598911405,-0.0106789159300576,1.0,0.0,5.0,3.0,0.0,0.0,1.0
2025-06-12 06:00:00+00:00,2769.125,2774.94091796875,2755.843017578125,2764.8974609375,32622592,0.001409188729845,0.001409188729845,0.006566844783683,394349909.3333333,2792.200754801432,0.001409188729845,-0.0024101696617662,-0.0081306045694249,1.0,0.0,6.0,3.0,0.0,0.0,1.0
2025-06-12 07:00:00+00:00,2742.53662109375,2772.055908203125,2738.047119140625,2768.31005859375,0,-0.009601725782061,0.009601725782061,0.0068316675941385,358801664.0,2790.107666015625,-0.009601725782061,-0.0114998826129546,-0.0179872017150866,0.0,1.0,7.0,3.0,0.0,0.0,1.0
2025-06-12 08:00:00+00:00,2757.734130859375,2759.521240234375,2733.938232421875,2742.164794921875,678586368,0.0055414063202423,0.0055414063202423,0.0067610847013182,387076096.0,2789.586151123047,0.0055414063202423,-0.0009375321447488,-0.0045181320154339,1.0,0.0,8.0,3.0,0.0,0.0,1.0
2025-06-12 09:00:00+00:00,2752.989501953125,2760.499755859375,2750.257568359375,2757.174072265625,0,-0.0017204809024761,0.0017204809024761,0.006708505654431,387076096.0,2789.3812052408853,-0.0017204809024761,-0.0051164454313462,-0.0017834898080731,0.0,0.0,9.0,3.0,0.0,1.0,1.0
2025-06-12 10:00:00+00:00,2750.19873046875,2752.91552734375,2735.437744140625,2752.58349609375,0,-0.0010137239834714,0.0010137239834714,0.006641641846064,348685824.0,2788.5494079589844,-0.0010137239834714,-0.0039452025530548,-0.0072064867458335,0.0,0.0,10.0,3.0,0.0,1.0,1.0
2025-06-12 11:00:00+00:00,2729.769775390625,2751.645263671875,2726.8095703125,2751.645263671875,1592735744,-0.0074281741358535,0.0074281741358535,0.0067938007365242,415049813.3333333,2786.7705993652344,-0.0074281741358535,-0.0128229905861319,-0.0153983783551974,0.0,1.0,11.0,3.0,0.0,1.0,1.0
2025-06-12 12:00:00+00:00,2735.203125,2743.918701171875,2715.332763671875,2729.958740234375,0,0.001990405805778,0.001990405805778,0.0064184625597213,377117184.0,2784.035125732422,0.001990405805778,-0.0122500338554597,-0.0234397636045082,1.0,0.0,12.0,3.0,0.0,1.0,1.0
2025-06-12 13:00:00+00:00,2745.427978515625,2753.247802734375,2735.521728515625,2736.873046875,0,0.0037382428464523,0.0037382428464523,0.0064851076700939,377117184.0,2781.9560038248696,0.0037382428464523,0.0010542639247317,-0.0178508373044122,1.0,0.0,13.0,3.0,0.0,1.0,1.0
2025-06-12 14:00:00+00:00,2763.77587890625,2769.2138671875,2748.790771484375,2749.15966796875,0,0.0066830747461621,0.0066830747461621,0.0057606622247562,314161493.3333333,2778.8631286621094,0.0066830747461621,0.0021908377530912,-0.0261553474963327,1.0,1.0,14.0,3.0,0.0,1.0,1.0
2025-06-12 15:00:00+00:00,2718.78125,2771.36767578125,2716.849365234375,2764.564453125,0,-0.016280129387357,0.016280129387357,0.0061400347707518,314161493.3333333,2772.838806152344,-0.016280129387357,-0.0124258563023418,-0.0504943451943723,0.0,1.0,15.0,3.0,0.0,1.0,1.0
2025-06-12 16:00:00+00:00,2742.750244140625,2743.94189453125,2719.680908203125,2719.680908203125,0,0.0088160804186159,0.0088160804186159,0.0064897269379819,292568320.0,2767.5846150716147,0.0088160804186159,-0.0027083447627275,-0.0439550863416854,1.0,1.0,16.0,3.0,0.0,1.0,1.0
2025-06-12 17:00:00+00:00,2763.399169921875,2769.9892578125,2742.72802734375,2742.8740234375,281972736,0.0075285476048585,0.0075285476048585,0.0064722998206091,304317184.0,2764.476145426432,0.0075285476048585,0.0123194984553001,-0.0262872471129406,1.0,1.0,17.0,3.0,0.0,0.0,1.0
2025-06-12 18:00:00+00:00,2735.379150390625,2763.56298828125,2720.039794921875,2762.939208984375,0,-0.0101396931128274,0.0101396931128274,0.0067071028477739,233792938.66666663,2760.688232421875,-0.0101396931128274,6.435550947436752e-05,-0.0321658224261606,0.0,1.0,18.0,3.0,0.0,0.0,1.0
2025-06-12 19:00:00+00:00,2701.084228515625,2742.871337890625,2697.0322265625,2735.462890625,0,-0.0125375386699508,0.0125375386699508,0.007041073512613,233792938.66666663,2756.1253356933594,-0.0125375386699508,-0.0161518533165001,-0.0389631270916954,0.0,1.0,19.0,3.0,0.0,0.0,1.0
2025-06-12 20:00:00+00:00,2638.004150390625,2701.798583984375,2624.004638671875,2696.12939453125,3509356544,-0.0233536138781075,0.0233536138781075,0.0082741472555189,380016128.0,2748.731201171875,-0.0233536138781075,-0.0455072097110126,-0.0630302030724918,0.0,1.0,20.0,3.0,0.0,0.0,1.0
2025-06-12 21:00:00+00:00,2638.787109375,2659.55517578125,2637.757568359375,2640.860107421875,0,0.0002967997545642,0.0002967997545642,0.0081003291940606,380016128.0,2742.6580607096357,0.0002967997545642,-0.0294227939908736,-0.0523444594995776,1.0,0.0,21.0,3.0,0.0,0.0,0.0
2025-06-12 22:00:00+00:00,2641.046142578125,2649.114501953125,2634.5009765625,2634.5009765625,560672768,0.0008560877060144,0.0008560877060144,0.0079704412529713,371900330.6666667,2737.779123942057,0.0008560877060144,-0.0370810655398798,-0.0424541378929419,1.0,0.0,22.0,3.0,0.0,0.0,0.0
2025-06-12 23:00:00+00:00,2651.903564453125,2658.702392578125,2640.95703125,2640.95703125,0,0.0041110307389029,0.0041110307389029,0.0078669242439442,371900330.6666667,2732.58095296224,0.0041110307389029,-0.0403472674821357,-0.0449302825819087,1.0,0.0,23.0,3.0,0.0,0.0,0.0
2025-06-13 00:00:00+00:00,2532.68017578125,2643.788818359375,2503.740478515625,2643.788818359375,3962642432,-0.0449576637212527,0.0449576637212527,0.0117828574745361,537010432.0,2722.4503275553384,-0.0449576637212527,-0.0741026978217731,-0.0875904891044552,0.0,1.0,0.0,4.0,0.0,0.0,0.0
2025-06-13 01:00:00+00:00,2502.54296875,2532.44482421875,2468.490478515625,2532.44482421875,2245908480,-0.0118993338833055,0.0118993338833055,0.0118757073258795,597191253.3333334,2711.1211853027344,-0.0118993338833055,-0.0735042830836611,-0.0980014635542263,0.0,1.0,1.0,4.0,0.0,0.0,0.0
2025-06-13 02:00:00+00:00,2476.00146484375,2499.001953125,2449.043212890625,2499.001953125,1587200000,-0.0106058134616194,0.0106058134616194,0.0119464492134741,663324586.6666666,2699.2744954427085,-0.0106058134616194,-0.0614110806167178,-0.1030026766542732,0.0,0.0,2.0,4.0,0.0,0.0,0.0
2025-06-13 03:00:00+00:00,2517.69482421875,2522.41357421875,2477.377197265625,2477.377197265625,801804288,0.0168389881698358,0.0168389881698358,0.0126477102087233,669568085.3333334,2688.8806355794272,0.0168389881698358,-0.0458893727068914,-0.0901479376289676,1.0,1.0,3.0,4.0,0.0,0.0,0.0
2025-06-13 04:00:00+00:00,2510.035888671875,2519.373046875,2498.44091796875,2517.200927734375,1392340992,-0.0030420428533277,0.0030420428533277,0.0126440318494652,721098752.0,2678.4199727376304,-0.0030420428533277,-0.049605439221278,-0.0909263170776393,0.0,0.0,4.0,4.0,0.0,0.0,1.0
2025-06-13 05:00:00+00:00,2511.759765625,2520.495849609375,2506.42333984375,2509.593505859375,1233727488,0.0006867937470158,0.0006867937470158,0.0126300867036862,744982101.3333334,2667.8587849934897,0.0006867937470158,-0.0528464913681826,-0.0916627782498813,1.0,0.0,5.0,4.0,0.0,0.0,1.0
2025-06-13 06:00:00+00:00,2528.072265625,2528.072265625,2494.50390625,2509.369873046875,0,0.0064944507127022,0.0064944507127022,0.0127653122069352,743622826.6666666,2657.8149210611978,0.0064944507127022,-0.0018193809863216,-0.0870501455784769,1.0,0.0,6.0,4.0,0.0,0.0,1.0
2025-06-13 07:00:00+00:00,2529.2744140625,2540.36181640625,2518.740966796875,2531.39892578125,2796429312,0.0004755198076598,0.0004755198076598,0.0127287130221282,860140714.6666666,2648.928995768229,0.0004755198076598,0.0106817128202405,-0.0777609332145212,1.0,0.0,7.0,4.0,0.0,0.0,1.0
2025-06-13 08:00:00+00:00,2521.1669921875,2540.37060546875,2514.409912109375,2527.895751953125,522690560,-0.0032054338706483,0.0032054338706483,0.0125893628507975,853645056.0,2639.072031656901,-0.0032054338706483,0.0182413168913857,-0.0857831565503941,0.0,0.0,8.0,4.0,0.0,0.0,1.0
2025-06-13 09:00:00+00:00,2522.9130859375,2525.649169921875,2509.7255859375,2519.1806640625,311930880,0.0006925736198397,0.0006925736198397,0.0126150758531572,866642176.0,2629.4855143229165,0.0006925736198397,0.0020726347246511,-0.0835732994449837,1.0,0.0,9.0,4.0,0.0,1.0,1.0
2025-06-13 10:00:00+00:00,2533.76806640625,2533.76806640625,2511.376220703125,2522.3505859375,0,0.0043025582328835,0.0043025582328835,0.0127079224200917,866642176.0,2620.467569986979,0.0043025582328835,0.0094549157011982,-0.0786963726165385,1.0,0.0,10.0,4.0,0.0,1.0,1.0
2025-06-13 11:00:00+00:00,2544.4267578125,2544.56982421875,2524.658203125,2533.12646484375,0,0.0042066563027483,0.0042066563027483,0.0127666059267416,800278186.6666666,2612.744944254557,0.0042066563027483,0.013005619659399,-0.0678969410713776,1.0,0.0,11.0,4.0,0.0,1.0,1.0
2025-06-13 12:00:00+00:00,2540.08984375,2562.9150390625,2540.08984375,2545.77734375,0,-0.0017044758899755,0.0017044758899755,0.0127279678413879,800278186.6666666,2604.615224202474,-0.0017044758899755,0.0047536529269383,-0.0713341102408984,0.0,0.0,12.0,4.0,0.0,1.0,1.0
2025-06-13 13:00:00+00:00,2545.12939453125,2561.21435546875,2538.09912109375,2541.873291015625,311504896,0.0019840049333885,0.0019840049333885,0.0126925777911079,813257557.3333334,2596.2694498697915,0.0019840049333885,0.0062685884855349,-0.0729571438594687,1.0,0.0,13.0,4.0,0.0,1.0,1.0
2025-06-13 14:00:00+00:00,2538.28662109375,2550.0107421875,2509.07568359375,2543.923828125,1748144128,-0.0026885758548084,0.0026885758548084,0.0125224009020102,886096896.0,2586.874064127604,-0.0026885758548084,0.0067903589723725,-0.0815873890258193,0.0,0.0,14.0,4.0,0.0,1.0,1.0
2025-06-13 15:00:00+00:00,2551.09814453125,2559.411376953125,2532.9853515625,2540.05615234375,191352832,0.0050473115727094,0.0050473115727094,0.012328577427367,894069930.6666666,2579.8872680664062,0.0050473115727094,0.0111716328044952,-0.061675835622579,1.0,0.0,15.0,4.0,0.0,1.0,1.0
2025-06-13 16:00:00+00:00,2563.3876953125,2584.031494140625,2549.3271484375,2551.922119140625,0,0.0048173571085827,0.0048173571085827,0.0121942305558137,894069930.6666666,2572.413828531901,0.0048173571085827,0.0116899527225713,-0.0653951446039607,1.0,0.0,16.0,4.0,0.0,1.0,1.0
2025-06-13 17:00:00+00:00,2544.11083984375,2563.53662109375,2525.08642578125,2563.53662109375,1495117824,-0.0075200702195771,0.0075200702195771,0.0120289660526545,944617642.6666666,2563.276814778646,-0.0075200702195771,-0.0001241607634332,-0.0793545617531341,0.0,0.0,17.0,4.0,0.0,0.0,1.0
2025-06-13 18:00:00+00:00,2527.690673828125,2545.57373046875,2511.638427734375,2544.578857421875,0,-0.006454186570202,0.006454186570202,0.011962105103055,944617642.6666666,2554.6231282552085,-0.006454186570202,-0.0048813902990021,-0.0759267601103274,0.0,0.0,18.0,4.0,0.0,0.0,1.0
2025-06-13 19:00:00+00:00,2528.458740234375,2539.87255859375,2523.865966796875,2530.331298828125,649322496,0.0003038609170824,0.0003038609170824,0.0118132484987403,971672746.6666666,2547.4303995768228,0.0003038609170824,-0.0065500223024791,-0.0639097020592045,1.0,0.0,19.0,4.0,0.0,0.0,1.0
2025-06-13 20:00:00+00:00,2548.3681640625,2552.970458984375,2526.9111328125,2528.287109375,0,0.0078741343535941,0.0078741343535941,0.0111376122319563,825449557.3333334,2543.695566813151,0.0078741343535941,0.0039717906106309,-0.0339787131551146,1.0,0.0,20.0,4.0,0.0,0.0,1.0
2025-06-13 21:00:00+00:00,2555.40771484375,2559.094970703125,2544.4619140625,2547.953125,193650688,0.0027623758923545,0.0027623758923545,0.0111650763668312,833518336.0,2540.221425374349,0.0027623758923545,0.0016893000850393,-0.0315976208292901,1.0,0.0,21.0,4.0,0.0,0.0,0.0
2025-06-13 22:00:00+00:00,2572.95751953125,2573.682373046875,2555.0703125,2555.0703125,0,0.0068677121797657,0.0068677121797657,0.0112818125562284,810156970.6666666,2537.3843994140625,0.0068677121797657,0.0037332722772485,-0.0257809289846062,1.0,0.0,22.0,4.0,0.0,0.0,0.0
2025-06-13 23:00:00+00:00,2578.971923828125,2582.732177734375,2570.940185546875,2573.033447265625,665841664,0.0023375451212155,0.0023375451212155,0.0112524756840183,837900373.3333334,2534.3455810546875,0.0023375451212155,0.0137026592703468,-0.0275016186872693,1.0,0.0,23.0,4.0,0.0,0.0,0.0
2025-06-14 00:00:00+00:00,2563.0751953125,2579.788818359375,2562.021728515625,2579.788818359375,0,-0.0061639788974625,0.0061639788974625,0.0064323087939792,672790272.0,2535.6120402018228,-0.0061639788974625,0.0139987546145374,0.0120011282205714,0.0,0.0,0.0,5.0,1.0,0.0,0.0
2025-06-14 01:00:00+00:00,2560.279052734375,2566.463623046875,2552.744140625,2563.12646484375,0,-0.0010909327136553,0.0010909327136553,0.0058798414508222,579210752.0,2538.0177103678384,-0.0010909327136553,0.0125848652357485,0.0230709660954249,0.0,0.0,1.0,5.0,1.0,0.0,0.0
2025-06-14 02:00:00+00:00,2555.3203125,2567.01123046875,2554.56787109375,2558.80712890625,0,-0.0019367967835689,0.0019367967835689,0.0053832792415043,513077418.6666667,2541.322662353516,-0.0019367967835689,0.0027280785153183,0.0320350568375997,0.0,0.0,2.0,5.0,1.0,0.0,0.0
2025-06-14 03:00:00+00:00,2550.317138671875,2559.983154296875,2549.819580078125,2555.89013671875,0,-0.0019579439038036,0.0019579439038036,0.0042836327368581,479668906.6666667,2542.681925455729,-0.0019579439038036,-0.0019920798322338,0.0129572155208477,0.0,0.0,3.0,5.0,1.0,0.0,0.0
2025-06-14 04:00:00+00:00,2553.093017578125,2556.7119140625,2550.119873046875,2550.119873046875,0,0.0010884445954417,0.0010884445954417,0.0042156716069271,421654698.6666667,2544.4759724934897,0.0010884445954417,-0.0077204935574466,0.0171539893515357,1.0,0.0,4.0,5.0,1.0,0.0,0.0
2025-06-14 05:00:00+00:00,2553.6669921875,2556.7119140625,2549.749755859375,2553.048095703125,0,0.0002248153927111,0.0002248153927111,0.0042168722369534,370249386.6666667,2546.2221069335938,0.0002248153927111,-0.0098120229254234,0.0166844087304951,1.0,0.0,5.0,5.0,1.0,0.0,0.0
2025-06-14 06:00:00+00:00,2545.3662109375,2556.262939453125,2544.306640625,2553.65087890625,0,-0.0032505339480028,0.0032505339480028,0.0041020963881201,370249386.6666667,2546.942687988281,-0.0032505339480028,-0.0069092722708202,0.0068407638292826,0.0,0.0,6.0,5.0,1.0,0.0,0.0
2025-06-14 07:00:00+00:00,2539.258056640625,2545.263671875,2530.1953125,2545.263671875,0,-0.0023997153221521,0.0023997153221521,0.0041383341467056,253731498.66666663,2547.358673095703,-0.0023997153221521,-0.0082104316212326,0.0039472358248742,0.0,0.0,7.0,5.0,1.0,0.0,0.0
2025-06-14 08:00:00+00:00,2537.03515625,2538.84765625,2529.52685546875,2538.84765625,0,-0.0008754133455682,0.0008754133455682,0.0040826021926608,231952725.3333333,2548.019846598307,-0.0008754133455682,-0.0071557198369822,0.0062939758102782,0.0,0.0,8.0,5.0,1.0,0.0,0.0
2025-06-14 09:00:00+00:00,2525.280517578125,2536.986083984375,2524.889404296875,2536.986083984375,162516992,-0.0046332186776826,0.0046332186776826,0.0042016093880494,225727146.66666663,2548.118489583333,-0.0046332186776826,-0.0098170618524675,0.0009383722546054,0.0,1.0,9.0,5.0,1.0,0.0,0.0
2025-06-14 10:00:00+00:00,2533.841064453125,2535.706298828125,2521.68798828125,2524.42041015625,693725184,0.0033899389851588,0.0033899389851588,0.004165399605748,254632362.66666663,2548.12153116862,0.0033899389851588,-0.0075406391355308,2.88100745458042e-05,1.0,0.0,10.0,5.0,1.0,0.0,0.0
2025-06-14 11:00:00+00:00,2540.2607421875,2540.2607421875,2533.0595703125,2533.068359375,0,0.0025335755365385,0.0025335755365385,0.0041056746841127,254632362.66666663,2547.9479471842446,0.0025335755365385,-0.005249803533904,-0.0016373100983192,1.0,0.0,11.0,5.0,1.0,0.0,0.0
2025-06-14 12:00:00+00:00,2538.095458984375,2540.029296875,2531.591552734375,2539.94189453125,0,-0.0008523862008198,0.0008523862008198,0.0040945066434753,254632362.66666663,2547.8648478190103,-0.0008523862008198,-0.0028564659662261,-0.000785163080169,0.0,0.0,12.0,5.0,1.0,0.0,0.0
2025-06-14 13:00:00+00:00,2535.2509765625,2545.689208984375,2529.283447265625,2536.892578125,0,-0.0011207153032034,0.0011207153032034,0.0040772934127649,241652992.0,2547.4532470703125,-0.0011207153032034,-0.0015780515366076,-0.0038813028484822,0.0,0.0,13.0,5.0,1.0,0.0,0.0
2025-06-14 14:00:00+00:00,2530.133056640625,2537.41748046875,2526.838134765625,2536.12353515625,0,-0.0020187034613884,0.0020187034613884,0.0040614509150998,168813653.33333334,2547.113515218099,-0.0020187034613884,-0.0027205376292762,-0.0032122315838436,0.0,0.0,14.0,5.0,1.0,0.0,0.0
2025-06-14 15:00:00+00:00,2518.496337890625,2533.111572265625,2509.03564453125,2530.2685546875,0,-0.0045992516952648,0.0045992516952648,0.0040041308878596,160840618.66666666,2545.7551066080728,-0.0045992516952648,-0.0026865053764428,-0.0127795187772422,0.0,1.0,15.0,5.0,1.0,0.0,0.0
2025-06-14 16:00:00+00:00,2499.00390625,2526.497314453125,2496.05859375,2520.613525390625,0,-0.0077397101386896,0.0077397101386896,0.0040946636274118,160840618.66666666,2543.0724487304688,-0.0077397101386896,-0.0137487542892291,-0.025116680235391,0.0,1.0,16.0,5.0,1.0,0.0,0.0
2025-06-14 17:00:00+00:00,2512.88525390625,2518.170654296875,2492.646728515625,2499.12939453125,714506240,0.0055547522841132,0.0055547522841132,0.0040662777882839,128315136.0,2541.77138264974,0.0055547522841132,-0.0107766450217532,-0.0122736735555978,1.0,1.0,17.0,5.0,1.0,0.0,0.0
2025-06-14 18:00:00+00:00,2509.118408203125,2522.62158203125,2492.0078125,2512.51806640625,0,-0.0014990122200245,0.0014990122200245,0.0038723283361594,128315136.0,2540.9975382486978,-0.0014990122200245,-0.0114168482823121,-0.0073475231037161,0.0,0.0,18.0,5.0,1.0,0.0,0.0
2025-06-14 19:00:00+00:00,2509.726318359375,2520.728515625,2508.89990234375,2509.250244140625,0,0.0002422803779456,0.0002422803779456,0.003871931161492,101260032.0,2540.2170206705728,0.0002422803779456,-0.0100679019312452,-0.0074086326096283,1.0,0.0,19.0,5.0,1.0,0.0,0.0
2025-06-14 20:00:00+00:00,2508.85302734375,2513.601318359375,2499.846923828125,2509.237548828125,645750784,-0.0003479626480531,0.0003479626480531,0.0034586917989354,128166314.66666669,2538.570556640625,-0.0003479626480531,-0.0084106364449976,-0.0155060549240878,0.0,0.0,20.0,5.0,1.0,0.0,0.0
2025-06-14 21:00:00+00:00,2531.39501953125,2531.39501953125,2508.74951171875,2510.167724609375,0,0.0089849791684952,0.0089849791684952,0.0039267978724577,120097536.0,2537.570027669271,0.0089849791684952,0.0051215804631379,-0.009396815691295,1.0,1.0,21.0,5.0,1.0,0.0,0.0
2025-06-14 22:00:00+00:00,2526.763916015625,2533.718505859375,2520.71142578125,2528.83984375,1205037056,-0.0018294669460487,0.0018294669460487,0.003617414931647,170307413.33333334,2535.645294189453,-0.0018294669460487,0.0111084299212966,-0.0179535041542546,0.0,0.0,22.0,5.0,1.0,0.0,0.0
2025-06-14 23:00:00+00:00,2533.804931640625,2539.3291015625,2527.405029296875,2527.405029296875,0,0.0027865743927919,0.0027865743927919,0.0036351866869514,142564010.66666666,2533.7633361816406,0.0027865743927919,0.0083249633869495,-0.0175135649094061,1.0,0.0,23.0,5.0,1.0,0.0,0.0
2025-06-15 00:00:00+00:00,2538.365234375,2541.325927734375,2531.520751953125,2533.134765625,0,0.0017997844575281,0.0017997844575281,0.0034776186726728,142564010.66666666,2532.733754475912,0.0017997844575281,0.0116562160144604,-0.0096407475608562,1.0,0.0,0.0,6.0,1.0,0.0,0.0
2025-06-15 01:00:00+00:00,2530.22265625,2539.553466796875,2526.816650390625,2538.3662109375,0,-0.0032078039892493,0.0032078039892493,0.0035225188944674,142564010.66666666,2531.481404622396,-0.0032078039892493,0.0081667621448155,-0.0117395002127892,0.0,0.0,1.0,6.0,1.0,0.0,0.0
2025-06-15 02:00:00+00:00,2530.118896484375,2538.039306640625,2530.006103515625,2530.71630859375,0,-4.100815608809594e-05,4.100815608809594e-05,0.0035098035401802,142564010.66666666,2530.4313456217446,-4.100815608809594e-05,0.008476331179567,-0.0098623315019826,0.0,0.0,2.0,6.0,1.0,0.0,0.0
2025-06-15 03:00:00+00:00,2531.964111328125,2535.296142578125,2529.805419921875,2530.7392578125,0,0.0007292996571481,0.0007292996571481,0.0035010270344827,142564010.66666666,2529.6666361490884,0.0007292996571481,0.0002248135089482,-0.0071963706260107,1.0,0.0,3.0,6.0,1.0,0.0,0.0
2025-06-15 04:00:00+00:00,2545.031982421875,2545.031982421875,2530.965087890625,2531.52783203125,0,0.0051611596844061,0.0051611596844061,0.0036658243405081,142564010.66666666,2529.3307596842446,0.0051611596844061,0.0072298271676509,-0.0031573605429765,1.0,1.0,4.0,6.0,1.0,0.0,0.0
2025-06-15 05:00:00+00:00,2550.22412109375,2551.491943359375,2536.367431640625,2544.3330078125,371208192,0.0020401074358735,0.0020401074358735,0.0036919969453848,158031018.66666666,2529.1873067220054,0.0020401074358735,0.0064800526860187,-0.001348206756904,1.0,0.0,5.0,6.0,1.0,0.0,0.0
2025-06-15 06:00:00+00:00,2536.779541015625,2552.10498046875,2535.366455078125,2552.10498046875,1023453184,-0.0052719209919318,0.0052719209919318,0.0037899490421439,200674901.3333333,2528.8295288085938,-0.0052719209919318,-0.0006246907804682,-0.0033734516805392,0.0,1.0,6.0,6.0,1.0,0.0,0.0
2025-06-15 07:00:00+00:00,2530.714111328125,2536.65869140625,2525.325927734375,2536.65869140625,0,-0.002390995981098,0.002390995981098,0.0037897228088688,200674901.3333333,2528.47353108724,-0.002390995981098,0.0001942339251888,-0.0033647408502479,0.0,0.0,7.0,6.0,1.0,0.0,0.0
2025-06-15 08:00:00+00:00,2521.03271484375,2530.2685546875,2520.7685546875,2530.2685546875,910672896,-0.0038255591340952,0.0038255591340952,0.0038619882618397,238619605.3333333,2527.8067626953125,-0.0038255591340952,-0.0035912073749776,-0.0063075363251581,0.0,0.0,8.0,6.0,1.0,0.0,0.0
2025-06-15 09:00:00+00:00,2511.158447265625,2521.700927734375,2510.700439453125,2521.700927734375,0,-0.0039167550345482,0.0039167550345482,0.0038293165182011,231848064.0,2527.2183430989585,-0.0039167550345482,-0.0082172033834976,-0.0055922778535684,0.0,1.0,9.0,6.0,1.0,0.0,0.0
2025-06-15 10:00:00+00:00,2520.691650390625,2523.45849609375,2511.09033203125,2511.09033203125,932611072,0.0037963367605817,0.0037963367605817,0.0038468625995857,241801642.66666663,2526.670450846354,0.0037963367605817,-0.0095638609649563,-0.0051895180984202,1.0,0.0,10.0,6.0,1.0,0.0,0.0
2025-06-15 11:00:00+00:00,2515.989501953125,2522.834716796875,2513.9130859375,2520.989990234375,0,-0.0018654199282055,0.0018654199282055,0.003815140250776,241801642.66666663,2525.659149169922,-0.0018654199282055,-0.0134241609815619,-0.0095546255670881,0.0,0.0,11.0,6.0,1.0,0.0,0.0
2025-06-15 12:00:00+00:00,2526.376708984375,2526.376708984375,2516.4736328125,2516.4736328125,0,0.0041284778903833,0.0041284778903833,0.0039230121303859,241801642.66666663,2525.170867919922,0.0041284778903833,-0.0041008025581462,-0.0046171431253768,1.0,1.0,12.0,6.0,1.0,0.0,0.0
2025-06-15 13:00:00+00:00,2542.564208984375,2543.754638671875,2525.189208984375,2526.731689453125,332706816,0.0064073975755212,0.0064073975755212,0.0041399430438232,255664426.66666663,2525.4755859375,0.0064073975755212,0.0046825113920241,0.0028846187180218,1.0,1.0,13.0,6.0,1.0,0.0,0.0
2025-06-15 14:00:00+00:00,2550.934814453125,2553.431884765625,2538.31591796875,2543.234130859375,400898048,0.0032921903954958,0.0032921903954958,0.0041620752354142,272368512.0,2526.342325846354,0.0032921903954958,0.0118610517956838,0.0082216062739877,1.0,0.0,14.0,6.0,1.0,0.0,0.0
2025-06-15 15:00:00+00:00,2540.425048828125,2552.189453125,2540.425048828125,2549.465087890625,0,-0.0041199663611369,0.0041199663611369,0.0041383803383823,272368512.0,2527.2560221354165,-0.0041199663611369,0.0116546216326445,0.0087070648496023,0.0,0.0,15.0,6.0,1.0,0.0,0.0
2025-06-15 16:00:00+00:00,2550.8740234375,2554.420166015625,2537.641357421875,2542.092529296875,0,0.0041130812397693,0.0041130812397693,0.0038238613967678,272368512.0,2529.417277018229,0.0041130812397693,0.0119738457665767,0.0207563169700426,1.0,1.0,16.0,6.0,1.0,0.0,0.0
2025-06-15 17:00:00+00:00,2554.279541015625,2557.79541015625,2546.90380859375,2551.55322265625,831715328,0.0013350394989462,0.0013350394989462,0.0036935633803447,277252224.0,2531.14203898112,0.0013350394989462,0.0152186799796962,0.0164728122961557,1.0,0.0,17.0,6.0,1.0,0.0,0.0
2025-06-15 18:00:00+00:00,2548.434814453125,2554.09814453125,2542.885986328125,2554.09814453125,0,-0.0022882094417027,0.0022882094417027,0.0037173129316491,277252224.0,2532.7802225748696,-0.0022882094417027,0.0087311228726525,0.0156694104676216,0.0,0.0,18.0,6.0,1.0,0.0,0.0
2025-06-15 19:00:00+00:00,2536.666748046875,2552.3564453125,2532.526123046875,2549.203857421875,0,-0.0046177623769337,0.0046177623769337,0.0038699943116002,277252224.0,2533.902740478516,-0.0046177623769337,-0.0023194934140348,0.0107344093618586,0.0,1.0,19.0,6.0,1.0,0.0,0.0
2025-06-15 20:00:00+00:00,2499.556884765625,2537.40283203125,2493.260498046875,2537.40283203125,3317252096,-0.0146293805876641,0.0146293805876641,0.0049465920687066,388564778.6666667,2533.5154012044272,-0.0146293805876641,-0.020140824217225,-0.0037053356560975,0.0,1.0,20.0,6.0,1.0,0.0,0.0
2025-06-15 21:00:00+00:00,2516.48291015625,2516.82275390625,2499.46630859375,2502.2802734375,0,0.0067716103977413,0.0067716103977413,0.0047870744960944,388564778.6666667,2532.8940633138022,0.0067716103977413,-0.009424461738369,-0.0058908662061606,1.0,1.0,21.0,6.0,1.0,0.0,0.0
2025-06-15 22:00:00+00:00,2545.055419921875,2549.36572265625,2516.01171875,2517.195068359375,1860161536,0.0113541441709417,0.0113541441709417,0.0053226233716989,415861632.0,2533.656209309896,0.0113541441709417,-0.002281023469667,0.0072391028660458,1.0,1.0,22.0,6.0,1.0,0.0,0.0
2025-06-15 23:00:00+00:00,2546.92578125,2550.084228515625,2541.0712890625,2544.72021484375,1105459200,0.0007349000393015,0.0007349000393015,0.0052976050707743,461922432.0,2534.202911376953,0.0007349000393015,-0.0028789956805984,0.0051783187590843,1.0,0.0,23.0,6.0,1.0,0.0,0.0
2025-06-16 00:00:00+00:00,2544.359619140625,2552.201171875,2539.175537109375,2547.73828125,235075584,-0.0010075527635184,0.0010075527635184,0.0052923976214565,471717248.0,2534.452677408854,-0.0010075527635184,-0.0015990973319733,0.0023615138926613,0.0,0.0,0.0,0.0,0.0,0.0,0.0
2025-06-16 01:00:00+00:00,2556.114013671875,2556.711669921875,2518.221435546875,2544.89892578125,0,0.0046197850503617,0.0046197850503617,0.0053200532484115,471717248.0,2535.531483968099,0.0046197850503617,0.0076664645208022,0.0102328375559834,1.0,0.0,1.0,0.0,0.0,0.0,0.0
2025-06-16 02:00:00+00:00,2575.126953125,2577.215576171875,2555.358154296875,2555.358154296875,2438827008,0.0074382204203062,0.0074382204203062,0.0055065690126868,573335040.0,2537.4068196614585,0.0074382204203062,0.0302333860933359,0.0177889097240309,1.0,1.0,2.0,0.0,0.0,0.0,0.0
2025-06-16 03:00:00+00:00,2569.702880859375,2574.85498046875,2566.943115234375,2574.85498046875,253294592,-0.0021063319845426,0.0021063319845426,0.0055373566961277,583888981.3333334,2538.9792683919272,-0.0021063319845426,0.0211485524055556,0.014904938566232,0.0,0.0,3.0,0.0,0.0,0.0,0.0
2025-06-16 04:00:00+00:00,2575.6767578125,2577.400146484375,2568.005615234375,2569.051513671875,196926464,0.0023247345043746,0.0023247345043746,0.0054662861631846,592094250.6666666,2540.256134033203,0.0023247345043746,0.0120316978761763,0.0120410177955654,1.0,0.0,4.0,0.0,0.0,0.0,1.0
2025-06-16 05:00:00+00:00,2606.2314453125,2617.277099609375,2574.77197265625,2575.999755859375,0,0.011862780299322,0.011862780299322,0.0059333558912657,576627242.6666666,2542.589772542318,0.011862780299322,0.0232851952338373,0.0219617263265197,1.0,1.0,5.0,0.0,0.0,0.0,1.0
2025-06-16 06:00:00+00:00,2608.654296875,2619.47705078125,2604.339111328125,2607.50537109375,288877568,0.0009296379133394,0.0009296379133394,0.0057850470816977,546019925.3333334,2545.5845540364585,0.0009296379133394,0.0252694930585681,0.0283330713991012,1.0,0.0,6.0,0.0,0.0,0.0,1.0
2025-06-16 07:00:00+00:00,2627.094970703125,2632.7314453125,2607.8974609375,2607.8974609375,1929849856,0.0070690370319346,0.0070690370319346,0.0058529796278754,626430336.0,2549.6004231770835,0.0070690370319346,0.0277690888010451,0.0380844517140732,1.0,1.0,7.0,0.0,0.0,0.0,1.0
2025-06-16 08:00:00+00:00,2628.18310546875,2630.16650390625,2623.145263671875,2628.49951171875,295692288,0.0004141969657587,0.0004141969657587,0.0057458938548481,600806144.0,2554.0650227864585,0.0004141969657587,0.020603315218834,0.0425025784053108,1.0,0.0,8.0,0.0,0.0,0.0,1.0
2025-06-16 09:00:00+00:00,2621.62939453125,2630.135009765625,2621.138671875,2630.135009765625,108449792,-0.0024936279834776,0.0024936279834776,0.0056919429121187,605324885.3333334,2558.667978922526,-0.0024936279834776,0.0202072052993571,0.0439920258261343,0.0,0.0,9.0,0.0,0.0,1.0,1.0
2025-06-16 10:00:00+00:00,2616.049072265625,2631.7353515625,2613.7314453125,2621.68212890625,0,-0.0021285702232609,0.0021285702232609,0.0057304471003578,566466090.6666666,2562.6412048339844,-0.0021285702232609,0.0156744491833722,0.0378298638233767,0.0,0.0,10.0,0.0,0.0,1.0,1.0
2025-06-16 11:00:00+00:00,2617.290771484375,2619.45947265625,2596.267578125,2617.53369140625,2976595968,0.000474646760993,0.000474646760993,0.0056893175545412,690490922.6666666,2566.862091064453,0.000474646760993,0.0042434167509435,0.0402629937257732,1.0,0.0,11.0,0.0,0.0,1.0,1.0
2025-06-16 12:00:00+00:00,2615.397705078125,2618.431396484375,2607.84716796875,2616.739501953125,323954688,-0.0007232923551617,0.0007232923551617,0.0056840475642722,703989034.6666666,2570.571299235026,-0.0007232923551617,0.0025850141244101,0.0352366279253488,0.0,0.0,12.0,0.0,0.0,1.0,1.0
2025-06-16 13:00:00+00:00,2642.65966796875,2642.65966796875,2609.68359375,2615.515869140625,0,0.0104236395243799,0.0104236395243799,0.0058913922917185,690126250.6666666,2574.741943359375,0.0104236395243799,0.0059246800893,0.0393679178801773,1.0,1.0,13.0,0.0,0.0,1.0,1.0
2025-06-16 14:00:00+00:00,2640.424072265625,2655.934814453125,2632.094482421875,2642.83251953125,851597312,-0.0008459642875026,0.0008459642875026,0.0059010795271896,708905386.6666666,2578.470662434896,-0.0008459642875026,0.0046575776137529,0.0350809661248379,0.0,0.0,14.0,0.0,0.0,1.0,1.0
2025-06-16 15:00:00+00:00,2632.54345703125,2647.084228515625,2631.999267578125,2640.599853515625,1216249856,-0.0029846021012878,0.0029846021012878,0.0058588489574064,759582464.0,2582.3089294433594,-0.0029846021012878,0.0041630836619268,0.036261021849717,0.0,0.0,15.0,0.0,0.0,1.0,1.0
2025-06-16 16:00:00+00:00,2640.13623046875,2645.578125,2630.214599609375,2633.361083984375,196546560,0.0028841968086872,0.0028841968086872,0.0058403750330063,767771904.0,2586.0281880696616,0.0028841968086872,0.0092074565643618,0.0349927931411375,1.0,0.0,16.0,0.0,0.0,1.0,1.0
2025-06-16 17:00:00+00:00,2632.653076171875,2642.65478515625,2632.57421875,2637.314697265625,0,-0.0028343818817055,0.0028343818817055,0.0059056047272213,733117098.6666666,2589.2937520345054,-0.0028343818817055,0.0058695445133087,0.030683225503614,0.0,0.0,17.0,0.0,0.0,0.0,1.0
2025-06-16 18:00:00+00:00,2652.6328125,2652.6328125,2634.41650390625,2634.41650390625,1183137792,0.007589202128059,0.007589202128059,0.0059899370177648,782414506.6666666,2593.6353352864585,0.007589202128059,0.0142368815838518,0.0408870564222123,1.0,1.0,18.0,0.0,0.0,0.0,1.0
2025-06-16 19:00:00+00:00,2652.967529296875,2669.804931640625,2648.103759765625,2655.141845703125,1191256064,0.0001261828607781,0.0001261828607781,0.0058494183966599,832050176.0,2598.481201171875,0.0001261828607781,0.0039005633048647,0.0458478755002196,1.0,0.0,19.0,0.0,0.0,0.0,1.0
2025-06-16 20:00:00+00:00,2671.12158203125,2679.37255859375,2646.485595703125,2661.03369140625,1162358784,0.0068429230791176,0.0068429230791176,0.0047528704145047,742262954.6666666,2605.6297302246094,0.0068429230791176,0.0116259770875686,0.0686380447315613,1.0,1.0,20.0,0.0,0.0,0.0,1.0
2025-06-16 21:00:00+00:00,2649.597900390625,2670.741943359375,2647.365234375,2670.32958984375,32468992,-0.0080579191098659,0.0080579191098659,0.0051581445180331,743615829.3333334,2611.176188151041,-0.0080579191098659,0.0064783140858792,0.0528972359387529,0.0,1.0,21.0,0.0,0.0,0.0,0.0
2025-06-16 22:00:00+00:00,2572.8955078125,2658.05322265625,2554.122802734375,2649.921142578125,0,-0.0289486916361222,0.0289486916361222,0.0078787235350107,666109098.6666666,2612.336191813151,-0.0289486916361222,-0.0254686564580463,0.0109388925964839,0.0,1.0,22.0,0.0,0.0,0.0,0.0
2025-06-16 23:00:00+00:00,2543.04052734375,2595.699462890625,2543.04052734375,2572.409423828125,817747968,-0.0116036505867014,0.0116036505867014,0.0082551705813106,654121130.6666666,2612.174306233724,-0.0116036505867014,-0.0340388749430023,-0.0015254680504837,0.0,1.0,23.0,0.0,0.0,0.0,0.0
2025-06-17 00:00:00+00:00,2587.0419921875,2587.0419921875,2529.819091796875,2542.63134765625,2996527104,0.0173026990213602,0.0173026990213602,0.0089756223198666,769181610.6666666,2613.9527384440103,0.0173026990213602,-0.0247266866350354,0.0167752910106675,1.0,1.0,0.0,1.0,0.0,0.0,0.0
2025-06-17 01:00:00+00:00,2582.64404296875,2589.412353515625,2575.199951171875,2587.7998046875,896806912,-0.0016999914311522,0.0016999914311522,0.0089492785162032,806548565.3333334,2615.0581563313804,-0.0016999914311522,-0.0265074809817831,0.0103790477087384,0.0,0.0,1.0,1.0,0.0,0.0,0.0
2025-06-17 02:00:00+00:00,2612.8310546875,2612.8310546875,2561.300537109375,2581.67431640625,0,0.0116884135856563,0.0116884135856563,0.0091333439290796,704930773.3333334,2616.629160563151,0.0116884135856563,-0.0218224912470749,0.0146416476736204,1.0,1.0,2.0,1.0,0.0,0.0,0.0
2025-06-17 03:00:00+00:00,2607.19775390625,2616.8837890625,2602.9150390625,2609.693115234375,2107619328,-0.0021560141713501,0.0021560141713501,0.009134000492616,782194304.0,2618.191446940104,-0.0021560141713501,-0.0160024834251732,0.0145911316542306,0.0,0.0,3.0,1.0,0.0,0.0,0.0
2025-06-17 04:00:00+00:00,2594.048828125,2609.904296875,2588.82373046875,2607.274658203125,0,-0.0050433173937609,0.0050433173937609,0.0091986474497048,773989034.6666666,2618.9569498697915,-0.0050433173937609,0.0082216010126601,0.0071329099262065,0.0,0.0,4.0,1.0,0.0,0.0,1.0
2025-06-17 05:00:00+00:00,2580.022705078125,2597.220703125,2578.70947265625,2593.584228515625,0,-0.005407038948073,0.005407038948073,0.008929361431814,773989034.6666666,2617.864919026693,-0.005407038948073,0.0145425042726328,-0.0100561829539403,0.0,0.0,5.0,1.0,0.0,0.0,1.0
2025-06-17 06:00:00+00:00,2581.6865234375,2587.8017578125,2578.35791015625,2580.536865234375,0,0.0006448851617082,0.0006448851617082,0.0089277310519944,761952469.3333334,2616.7412618001304,0.0006448851617082,-0.0020701128030286,-0.0103378103682828,1.0,0.0,6.0,1.0,0.0,0.0,1.0
2025-06-17 07:00:00+00:00,2583.727783203125,2586.476318359375,2571.947021484375,2582.296630859375,0,0.000790669102191,0.000790669102191,0.0087904570558224,681542058.6666666,2614.934295654297,0.000790669102191,0.000419624313821,-0.0165076588336633,1.0,0.0,7.0,1.0,0.0,0.0,1.0
2025-06-17 08:00:00+00:00,2572.248046875,2585.3193359375,2570.65625,2583.64990234375,227651584,-0.0044430904845143,0.0044430904845143,0.008820608828101,678707029.3333334,2612.6036682128906,-0.0044430904845143,-0.0155321974376003,-0.0212827859966681,0.0,0.0,8.0,1.0,0.0,0.0,1.0
2025-06-17 09:00:00+00:00,2566.60107421875,2575.373046875,2563.505126953125,2572.1494140625,48556032,-0.0021953452984871,0.0021953452984871,0.0088184145140406,676211456.0,2610.310821533203,-0.0021953452984871,-0.0155710013276422,-0.0209901218026048,0.0,0.0,9.0,1.0,0.0,1.0,1.0
2025-06-17 10:00:00+00:00,2556.871826171875,2568.802490234375,2548.7763671875,2566.890625,169897984,-0.0037907129957219,0.0037907129957219,0.0088354355035947,683290538.6666666,2607.8451029459634,-0.0037907129957219,-0.0143316507962562,-0.0226208471091483,0.0,0.0,10.0,1.0,0.0,1.0,1.0
2025-06-17 11:00:00+00:00,2552.41552734375,2557.28564453125,2544.575439453125,2557.28564453125,0,-0.0017428714190953,0.0017428714190953,0.0088318625810682,559265706.6666666,2605.141967773437,-0.0017428714190953,-0.0107003623185319,-0.0247871749090498,0.0,0.0,11.0,1.0,0.0,1.0,1.0
2025-06-17 12:00:00+00:00,2548.017578125,2557.5859375,2547.63623046875,2552.426025390625,0,-0.0017230537785228,0.0017230537785228,0.0088328206634849,545767594.6666666,2602.334462483724,-0.0017230537785228,-0.0130414537190479,-0.0257628607772721,0.0,0.0,12.0,1.0,0.0,1.0,1.0
2025-06-17 13:00:00+00:00,2556.22412109375,2563.1337890625,2548.33544921875,2548.340087890625,852662272,0.0032207560258625,0.0032207560258625,0.008543681891546,581295189.3333334,2598.732981363932,0.0032207560258625,-0.0106449535002011,-0.032707785994039,1.0,0.0,13.0,1.0,0.0,1.0,1.0
2025-06-17 14:00:00+00:00,2544.49462890625,2566.7578125,2543.66796875,2554.39697265625,0,-0.0045886008549521,0.0045886008549521,0.0085682134849253,545811968.0,2594.7359212239585,-0.0045886008549521,-0.0107895574077575,-0.0363310743781631,0.0,0.0,14.0,1.0,0.0,1.0,1.0
2025-06-17 15:00:00+00:00,2498.89306640625,2536.918701171875,2486.766845703125,2533.75146484375,901353472,-0.0179216579913166,0.0179216579913166,0.009199569465081,532691285.3333333,2589.1671549479165,-0.0179216579913166,-0.0263804174683086,-0.0507685410730955,0.0,1.0,15.0,1.0,0.0,1.0,1.0
2025-06-17 16:00:00+00:00,2467.00537109375,2499.9853515625,2462.615234375,2498.8740234375,362467328,-0.0127607282365063,0.0127607282365063,0.0093814789688573,539604650.6666666,2581.953369140625,-0.0127607282365063,-0.0351470316807676,-0.065576487067965,0.0,1.0,16.0,1.0,0.0,1.0,1.0
2025-06-17 17:00:00+00:00,2469.610595703125,2485.98095703125,2457.14111328125,2462.81689453125,1649741824,0.0010560271330986,0.0010560271330986,0.0094140461584489,608343893.3333334,2575.1599324544272,0.0010560271330986,-0.0324417912183752,-0.0619308643225521,1.0,0.0,17.0,1.0,0.0,0.0,1.0
2025-06-17 18:00:00+00:00,2496.147216796875,2496.147216796875,2465.49267578125,2469.119140625,250681344,0.0107452653223634,0.0107452653223634,0.0095833416120013,569491541.3333334,2568.6396993001304,0.0107452653223634,-0.0203571442259415,-0.0589925582484383,1.0,1.0,18.0,1.0,0.0,0.0,1.0
2025-06-17 19:00:00+00:00,2530.68896484375,2542.124267578125,2497.081787109375,2497.081787109375,1552347136,0.013838025183146,0.013838025183146,0.0101384918288211,584537002.6666666,2563.5447591145835,0.013838025183146,-0.0099894043089907,-0.0460912405081462,1.0,1.0,19.0,1.0,0.0,0.0,1.0
2025-06-17 20:00:00+00:00,2511.362548828125,2532.614990234375,2508.320068359375,2529.722412109375,0,-0.0076368199664624,0.0076368199664624,0.0100248774315863,536105386.6666667,2556.88813273112,-0.0076368199664624,-0.0130210846986015,-0.0598097197363949,0.0,0.0,20.0,1.0,0.0,0.0,1.0
2025-06-17 21:00:00+00:00,2521.196533203125,2525.417236328125,2505.876220703125,2511.237060546875,1315506176,0.003915796378977,0.003915796378977,0.0100351293894364,589565269.3333334,2551.538075764974,0.003915796378977,0.0089253386216123,-0.0484606993267053,1.0,0.0,21.0,1.0,0.0,0.0,0.0
2025-06-17 22:00:00+00:00,2494.14306640625,2520.880615234375,2494.14306640625,2520.880615234375,0,-0.0107304077411625,0.0107304077411625,0.0084777033722372,589565269.3333334,2548.2567240397134,-0.0107304077411625,0.0110002578958587,-0.0306084880505722,0.0,1.0,22.0,1.0,0.0,0.0,0.0
2025-06-17 23:00:00+00:00,2511.918212890625,2518.640625,2494.64599609375,2494.64599609375,0,0.0071267549659799,0.0071267549659799,0.0083451974214871,555492437.3333334,2546.9599609375,0.0071267549659799,0.017131290763455,-0.0122382298349105,1.0,0.0,23.0,1.0,0.0,0.0,0.0
2025-06-18 00:00:00+00:00,2524.600341796875,2527.390869140625,2507.802734375,2510.182861328125,137619456,0.005048782576267,0.005048782576267,0.0075465789966284,436371285.3333333,2544.358225504557,0.005048782576267,0.0113988168680658,-0.0241363111148523,1.0,0.0,0.0,2.0,0.0,0.0,0.0
2025-06-18 01:00:00+00:00,2520.10986328125,2534.732666015625,2519.916748046875,2526.13623046875,0,-0.0017786888646418,0.0017786888646418,0.0075469179165654,399004330.6666667,2541.7526346842446,-0.0017786888646418,-0.0041803246900209,-0.0242132398608121,0.0,0.0,1.0,2.0,0.0,0.0,0.0
2025-06-18 02:00:00+00:00,2519.125,2528.287353515625,2516.53125,2519.935302734375,373297152,-0.0003908017247976,0.0003908017247976,0.0070508746951157,414558378.6666667,2537.848215738932,-0.0003908017247976,0.0030909321218861,-0.0358638016489387,0.0,0.0,2.0,2.0,0.0,0.0,0.0
2025-06-18 03:00:00+00:00,2527.20849609375,2531.980712890625,2514.815185546875,2516.97412109375,0,0.0032088507294198,0.0032088507294198,0.0071138263220197,326740906.6666667,2534.5153299967446,0.0032088507294198,0.0023845673319988,-0.0306801652052114,1.0,0.0,3.0,2.0,0.0,0.0,0.0
2025-06-18 04:00:00+00:00,2536.5986328125,2542.693603515625,2526.7939453125,2528.237060546875,792512512,0.0037156161564286,0.0037156161564286,0.0071366425408593,359762261.3333333,2532.121571858724,0.0037156161564286,0.0170221054991135,-0.0221469213260822,1.0,0.0,4.0,2.0,0.0,0.0,1.0
2025-06-18 05:00:00+00:00,2537.982421875,2543.196044921875,2534.8291015625,2536.895751953125,0,0.0005455293733112,0.0005455293733112,0.007076681005395,359762261.3333333,2530.3698933919272,0.0005455293733112,0.0103762172074788,-0.0162945400133026,1.0,0.0,5.0,2.0,0.0,0.0,1.0
2025-06-18 06:00:00+00:00,2525.25341796875,2539.43994140625,2521.603759765625,2537.554443359375,0,-0.0050154027059202,0.0050154027059202,0.0071254462327649,359762261.3333333,2528.018513997396,-0.0050154027059202,0.0002586849732462,-0.0218590076511727,0.0,0.0,6.0,2.0,0.0,0.0,1.0
2025-06-18 07:00:00+00:00,2532.650634765625,2533.110107421875,2520.432373046875,2525.03076171875,787916800,0.0029292968160103,0.0029292968160103,0.0071607428546582,392592128.0,2525.8902994791665,0.0029292968160103,0.004976279672207,-0.0197687808946258,1.0,0.0,7.0,2.0,0.0,0.0,1.0
2025-06-18 08:00:00+00:00,2533.73876953125,2546.62744140625,2528.059326171875,2533.424072265625,0,0.0004296426639696,0.0004296426639696,0.0071221396580623,383106645.3333333,2524.2857462565103,0.0004296426639696,0.0058011291743165,-0.0149710590277382,1.0,0.0,8.0,2.0,0.0,0.0,1.0
2025-06-18 09:00:00+00:00,2526.063720703125,2540.700927734375,2523.60595703125,2533.693359375,0,-0.0030291397520608,0.0030291397520608,0.0071322663293149,381083477.3333333,2522.596689860026,-0.0030291397520608,-0.0004529801923325,-0.0157941777250928,0.0,0.0,9.0,2.0,0.0,1.0,1.0
2025-06-18 10:00:00+00:00,2494.27001953125,2528.158447265625,2493.870849609375,2526.665771484375,0,-0.0125862625361743,0.0125862625361743,0.0075168737090166,374004394.6666667,2519.98828125,-0.0125862625361743,-0.0166871544964594,-0.0244837484616317,0.0,1.0,10.0,2.0,0.0,1.0,1.0
2025-06-18 11:00:00+00:00,2513.5537109375,2515.370361328125,2494.775634765625,2495.34814453125,44066816,0.0077311964042585,0.0077311964042585,0.0077224066067682,375840512.0,2518.36903889974,0.0077311964042585,-0.0096252482786908,-0.015225505404558,1.0,1.0,11.0,2.0,0.0,1.0,1.0
2025-06-18 12:00:00+00:00,2493.687255859375,2515.359619140625,2493.474609375,2513.66845703125,0,-0.0079037320713211,0.0079037320713211,0.0078629033904553,375840512.0,2516.1052754720054,-0.0079037320713211,-0.012500195776298,-0.0213225853432317,0.0,1.0,12.0,2.0,0.0,1.0,1.0
2025-06-18 13:00:00+00:00,2503.825439453125,2503.825439453125,2470.9970703125,2494.1650390625,500066304,0.0040655393213115,0.0040655393213115,0.0078838657506838,361149013.3333333,2513.9219970703125,0.0040655393213115,-0.0113814337109182,-0.020498469288446,1.0,0.0,13.0,2.0,0.0,1.0,1.0
2025-06-18 14:00:00+00:00,2507.780029296875,2537.463623046875,2498.596435546875,2502.514404296875,0,0.0015794191485705,0.0015794191485705,0.0078565943437109,361149013.3333333,2512.3922220865884,0.0015794191485705,-0.0102452314921074,-0.0144290340377557,1.0,0.0,14.0,2.0,0.0,1.0,1.0
2025-06-18 15:00:00+00:00,2508.934814453125,2520.118408203125,2492.728515625,2506.432861328125,574330880,0.0004604810401069,0.0004604810401069,0.0069338913134819,347523072.0,2512.8106282552085,0.0004604810401069,-0.0067808686335244,0.0040184784942864,1.0,0.0,15.0,2.0,0.0,1.0,1.0
2025-06-18 16:00:00+00:00,2502.119873046875,2513.27587890625,2498.190673828125,2509.458984375,0,-0.0027162688193377,0.0027162688193377,0.0064008532397242,332420266.6666667,2514.273732503256,-0.0027162688193377,0.0031471546601438,0.0142336544397376,0.0,0.0,16.0,2.0,0.0,1.0,1.0
2025-06-18 17:00:00+00:00,2497.360107421875,2501.183837890625,2472.72705078125,2501.183837890625,0,-0.0019022932019655,0.0019022932019655,0.006420319369197,263681024.0,2515.429962158203,-0.0019022932019655,-0.0064425134204055,0.0112363915862003,0.0,0.0,17.0,2.0,0.0,0.0,1.0
2025-06-18 18:00:00+00:00,2478.01953125,2510.879638671875,2474.944091796875,2496.834716796875,1184151552,-0.0077444082310744,0.0077444082310744,0.0062425368456472,302575616.0,2514.6746419270835,-0.0077444082310744,-0.0062829549184889,-0.007262266193633,0.0,1.0,18.0,2.0,0.0,0.0,1.0
2025-06-18 19:00:00+00:00,2496.22998046875,2507.01611328125,2477.859375,2477.859375,0,0.0073487916415106,0.0073487916415106,0.0057231560552384,237894485.3333333,2513.2388509114585,0.0073487916415106,-0.0030335417416454,-0.0136164439224666,1.0,1.0,19.0,2.0,0.0,0.0,1.0
2025-06-18 20:00:00+00:00,2529.225830078125,2536.4208984375,2485.136962890625,2492.02978515625,773271552,0.0132182731028569,0.0132182731028569,0.0061672249491985,270114133.3333333,2513.983154296875,0.0132182731028569,0.0085517072991696,0.0071129838494785,1.0,1.0,20.0,2.0,0.0,0.0,1.0
2025-06-18 21:00:00+00:00,2526.932861328125,2536.750732421875,2512.59130859375,2529.1328125,0,-0.0009065891715683,0.0009065891715683,0.0061231612897244,215301376.0,2514.22216796875,-0.0009065891715683,0.0071735809042623,0.002275240366808,0.0,0.0,21.0,2.0,0.0,0.0,0.0
2025-06-18 22:00:00+00:00,2525.35009765625,2534.087890625,2522.341064453125,2530.22900390625,900188160,-0.0006263576275006,0.0006263576275006,0.0056762714086902,252809216.0,2515.5224609375,-0.0006263576275006,0.0092842172989446,0.0125121255754447,0.0,0.0,22.0,2.0,0.0,0.0,0.0
2025-06-18 23:00:00+00:00,2523.708251953125,2533.404296875,2517.298828125,2525.65576171875,0,-0.000650145777668,0.000650145777668,0.005502861124761,252809216.0,2516.013712565104,-0.000650145777668,0.010550398580063,0.0046936397061003,0.0,0.0,23.0,2.0,0.0,0.0,0.0
2025-06-19 00:00:00+00:00,2529.89013671875,2545.97119140625,2515.512451171875,2525.1484375,1060978688,0.0024495243302551,0.0024495243302551,0.0054285570225444,291282517.3333333,2516.234120686849,0.0024495243302551,0.0209322827421722,0.0020952999309624,1.0,0.0,0.0,3.0,0.0,0.0,0.0
2025-06-19 01:00:00+00:00,2515.350830078125,2530.20166015625,2511.471923828125,2529.950927734375,0,-0.0057470110775175,0.0057470110775175,0.0055474429827491,291282517.3333333,2516.0358276367188,-0.0057470110775175,0.00765989101925,-0.00188842291063,0.0,1.0,1.0,3.0,0.0,0.0,0.0
2025-06-19 02:00:00+00:00,2516.358154296875,2526.14501953125,2509.69873046875,2514.928955078125,0,0.0004004706646503,0.0004004706646503,0.0055477676909903,275728469.3333333,2515.9205423990884,0.0004004706646503,-0.0050875946418957,-0.0010983360107675,1.0,0.0,2.0,3.0,0.0,0.0,0.0
2025-06-19 03:00:00+00:00,2526.35595703125,2526.35595703125,2515.718994140625,2515.718994140625,0,0.0039731239042037,0.0039731239042037,0.0055693251716014,275728469.3333333,2515.885019938151,0.0039731239042037,-0.0002283021863002,-0.0003373441739443,1.0,0.0,3.0,3.0,0.0,0.0,0.0
2025-06-19 04:00:00+00:00,2524.900634765625,2525.973388671875,2516.50048828125,2525.973388671875,0,-0.0005760559043845,0.0005760559043845,0.0055134827141222,242707114.66666663,2515.3976033528647,-0.0005760559043845,-0.0001779804277601,-0.0046116866482359,0.0,0.0,4.0,3.0,0.0,0.0,1.0
2025-06-19 05:00:00+00:00,2523.21142578125,2530.84326171875,2523.21142578125,2525.001953125,959713280,-0.0006690199848327,0.0006690199848327,0.0055121265978446,282695168.0,2514.7821451822915,-0.0006690199848327,-0.000196863552469,-0.0058199757281366,0.0,0.0,5.0,3.0,0.0,0.0,1.0
2025-06-19 06:00:00+00:00,2519.037109375,2526.96240234375,2517.3662109375,2522.734130859375,0,-0.0016543664805883,0.0016543664805883,0.0054272669039143,282695168.0,2514.5231323242188,-0.0016543664805883,-0.0042899204144202,-0.0024616573328907,0.0,0.0,6.0,3.0,0.0,0.0,1.0
2025-06-19 07:00:00+00:00,2519.546142578125,2525.587890625,2519.17333984375,2519.44775390625,0,0.0002020745153894,0.0002020745153894,0.0053897535605358,249865301.3333333,2513.9771118164062,0.0002020745153894,0.0016678836406569,-0.0051742202448356,1.0,0.0,7.0,3.0,0.0,0.0,1.0
2025-06-19 08:00:00+00:00,2524.125244140625,2530.094970703125,2519.3056640625,2519.3056640625,0,0.0018174311178975,0.0018174311178975,0.0054042522388227,249865301.3333333,2513.5765482584634,0.0018174311178975,0.003086639249062,-0.0037942054272641,1.0,0.0,8.0,3.0,0.0,0.0,1.0
2025-06-19 09:00:00+00:00,2540.0234375,2541.7841796875,2523.689208984375,2524.02783203125,1257506816,0.006298496239947,0.006298496239947,0.0055218949464496,302261418.6666667,2514.158203125,0.006298496239947,0.0054099583357252,0.0055262726282254,1.0,1.0,9.0,3.0,0.0,1.0,1.0
2025-06-19 10:00:00+00:00,2539.31494140625,2544.328125,2535.798095703125,2539.261962890625,0,-0.0002789328961654,0.0002789328961654,0.0048032621712542,302261418.6666667,2516.0350748697915,-0.0002789328961654,0.005708860951656,0.0180593606635521,0.0,0.0,10.0,3.0,0.0,1.0,1.0
2025-06-19 11:00:00+00:00,2533.0712890625,2538.904296875,2529.24169921875,2538.904296875,453685248,-0.0024587940006733,0.0024587940006733,0.0046063158178414,319328853.3333333,2516.8483072916665,-0.0024587940006733,0.0039076643282864,0.0077649337828236,0.0,0.0,11.0,3.0,0.0,1.0,1.0
2025-06-19 12:00:00+00:00,2526.2705078125,2536.718505859375,2521.678466796875,2532.572998046875,0,-0.0026847966258845,0.0026847966258845,0.0043145414893613,319328853.3333333,2518.2059427897134,-0.0026847966258845,0.0028714934014191,0.0130662944507433,0.0,0.0,12.0,3.0,0.0,1.0,1.0
2025-06-19 13:00:00+00:00,2510.153076171875,2526.07177734375,2510.006103515625,2526.07177734375,472968192,-0.0063799310449066,0.0063799310449066,0.0044685797065815,318199765.3333333,2518.4695943196616,-0.0063799310449066,-0.0037280787390694,0.0025271876461692,0.0,1.0,13.0,3.0,0.0,1.0,1.0
2025-06-19 14:00:00+00:00,2499.1298828125,2521.70263671875,2497.098876953125,2510.533447265625,0,-0.0043914426829243,0.0043914426829243,0.0045489765486906,318199765.3333333,2518.109171549479,-0.0043914426829243,-0.0099025836321505,-0.0034493242562427,0.0,0.0,14.0,3.0,0.0,1.0,1.0
2025-06-19 15:00:00+00:00,2493.5517578125,2505.702392578125,2491.508056640625,2498.365966796875,524809216,-0.00223202684997,0.00223202684997,0.0045668425306619,316136362.6666667,2517.46821085612,-0.00223202684997,-0.0182957680631637,-0.006131309810047,0.0,0.0,15.0,3.0,0.0,1.0,1.0
2025-06-19 16:00:00+00:00,2486.359619140625,2502.67578125,2486.359619140625,2493.67041015625,0,-0.0028842949216278,0.0028842949216278,0.0045709207245055,316136362.6666667,2516.811533610026,-0.0028842949216278,-0.0208541766135943,-0.0062987605334265,0.0,0.0,16.0,3.0,0.0,1.0,1.0
2025-06-19 17:00:00+00:00,2508.144775390625,2520.364990234375,2488.37890625,2488.37890625,0,0.008761868589842,0.008761868589842,0.0049094453292894,316136362.6666667,2517.2608947753906,0.008761868589842,-0.0098404311712444,0.0043184272611302,1.0,1.0,17.0,3.0,0.0,0.0,1.0
2025-06-19 18:00:00+00:00,2503.2919921875,2516.76806640625,2500.993408203125,2508.86474609375,1152020480,-0.0019348098446068,0.0019348098446068,0.0046368194334971,314797568.0,2518.31391398112,-0.0019348098446068,-0.0090958254683886,0.0101986528430435,0.0,0.0,18.0,3.0,0.0,0.0,1.0
2025-06-19 19:00:00+00:00,2506.810791015625,2510.5361328125,2499.9228515625,2505.074462890625,0,0.0014056685512944,0.0014056685512944,0.0044042968614989,314797568.0,2518.75478108724,0.0014056685512944,-0.0013315065077015,0.0042387162359487,1.0,0.0,19.0,3.0,0.0,0.0,1.0
2025-06-19 20:00:00+00:00,2507.5078125,2516.17822265625,2504.194091796875,2505.916015625,0,0.0002780510945912,0.0002780510945912,0.0034219802831004,282577920.0,2517.849863688151,0.0002780510945912,0.0033523386459897,-0.0085868242051972,1.0,0.0,20.0,3.0,0.0,0.0,1.0
2025-06-19 21:00:00+00:00,2508.78466796875,2515.03955078125,2505.534423828125,2507.59375,546900992,0.0005092129573374,0.0005092129573374,0.0034242366956801,305365461.3333333,2517.093688964844,0.0005092129573374,0.0061089207827846,-0.0071819056363201,1.0,0.0,21.0,3.0,0.0,0.0,0.0
2025-06-19 22:00:00+00:00,2526.1494140625,2531.13525390625,2513.87109375,2513.919189453125,67487744,0.0069215769354209,0.0069215769354209,0.0037257886115717,270669610.6666667,2517.126993815104,0.0069215769354209,0.0160032340517288,0.0003165170670758,1.0,1.0,22.0,3.0,0.0,0.0,0.0
2025-06-19 23:00:00+00:00,2521.647705078125,2529.37646484375,2521.102294921875,2524.713623046875,61508608,-0.0017820438329241,0.0017820438329241,0.0037417678452233,273232469.3333333,2517.0411376953125,-0.0017820438329241,0.0053836324840526,-0.0008164758638029,0.0,0.0,23.0,3.0,0.0,0.0,0.0
2025-06-20 00:00:00+00:00,2526.000732421875,2530.04931640625,2521.189453125,2521.52587890625,0,0.0017262630838494,0.0017262630838494,0.003723821615317,229025024.0,2516.879079182943,0.0017262630838494,0.0090715507041314,-0.001537380710895,1.0,0.0,0.0,4.0,0.0,0.0,0.0
2025-06-20 01:00:00+00:00,2527.744140625,2529.577392578125,2518.05322265625,2526.103271484375,0,0.0006901851534513,0.0006901851534513,0.003522591952876,229025024.0,2517.395467122396,0.0006901851534513,0.0083505901938829,0.0049270703707324,1.0,0.0,1.0,4.0,0.0,0.0,0.0
2025-06-20 02:00:00+00:00,2518.111328125,2527.888427734375,2515.614013671875,2527.811767578125,863681536,-0.0038108336778176,0.0038108336778176,0.0036163709328611,265011754.66666663,2517.468516031901,-0.0038108336778176,0.0042287069145472,0.0006967107703375,0.0,1.0,2.0,4.0,0.0,0.0,0.0
2025-06-20 03:00:00+00:00,2518.187744140625,2522.611328125,2514.35693359375,2518.130126953125,0,3.0346559650284988e-05,3.0346559650284988e-05,0.0035179220224141,265011754.66666663,2517.128173828125,3.0346559650284988e-05,0.0037480602827058,-0.0032331995291049,1.0,0.0,3.0,4.0,0.0,0.0,0.0
2025-06-20 04:00:00+00:00,2505.841064453125,2519.772216796875,2505.33544921875,2517.917724609375,0,-0.004903002056232,0.004903002056232,0.003650216815997,265011754.66666663,2516.334025065104,-0.004903002056232,-0.0080392511608073,-0.0075486417366555,0.0,1.0,4.0,4.0,0.0,0.0,1.0
2025-06-20 05:00:00+00:00,2516.10107421875,2516.15673828125,2505.18505859375,2505.18505859375,0,0.0040944375567826,0.0040944375567826,0.0037577279219592,225023701.3333333,2516.0377604166665,0.0040944375567826,-0.0021996057768914,-0.0028179769201458,1.0,1.0,5.0,4.0,0.0,0.0,1.0
2025-06-20 06:00:00+00:00,2521.639404296875,2523.582275390625,2516.072021484375,2516.072021484375,938665984,0.0022011556430994,0.0022011556430994,0.0037712600421684,264134784.0,2516.1461893717446,0.0022011556430994,-0.0017265743707122,0.0010330514434226,1.0,0.0,6.0,4.0,0.0,0.0,1.0
2025-06-20 07:00:00+00:00,2549.2080078125,2549.943359375,2520.560546875,2521.58837890625,0,0.0109328096113376,0.0109328096113376,0.0043774794832969,264134784.0,2517.382100423177,0.0109328096113376,0.0084913131999952,0.0117727017311235,1.0,1.0,7.0,4.0,0.0,0.0,1.0
2025-06-20 08:00:00+00:00,2551.714111328125,2568.4111328125,2546.036865234375,2549.207275390625,440030208,0.0009830910258969,0.0009830910258969,0.0043698430760303,282469376.0,2518.5316365559897,0.0009830910258969,0.0133444390753547,0.0109300706260686,1.0,0.0,8.0,4.0,0.0,0.0,1.0
2025-06-20 09:00:00+00:00,2554.66552734375,2554.958740234375,2547.601806640625,2554.89306640625,283873280,0.0011566405509624,0.0011566405509624,0.0041937593605886,241901312.0,2519.1417236328125,0.0011566405509624,0.0144857281940167,0.0057645491091065,1.0,0.0,9.0,4.0,0.0,1.0,1.0
2025-06-20 10:00:00+00:00,2552.967041015625,2556.480224609375,2548.833251953125,2554.36962890625,132472832,-0.0006648566358081,0.0006648566358081,0.004196606268466,247421013.3333333,2519.7105611165366,-0.0006648566358081,0.0188064507486172,0.0053762923955444,0.0,0.0,10.0,4.0,0.0,1.0,1.0
2025-06-20 11:00:00+00:00,2550.870361328125,2554.8681640625,2543.452392578125,2553.696044921875,46062592,-0.0008212717413954,0.0008212717413954,0.0041641448711405,230436736.0,2520.452189127604,-0.0008212717413954,0.0138187163725809,0.0070266764076003,0.0,0.0,11.0,4.0,0.0,1.0,1.0
2025-06-20 12:00:00+00:00,2552.1728515625,2556.750244140625,2549.182373046875,2550.24853515625,0,0.0005106062048942,0.0005106062048942,0.0041153568615191,230436736.0,2521.531453450521,0.0005106062048942,0.0121085700094929,0.0102531948458792,1.0,0.0,12.0,4.0,0.0,1.0,1.0
2025-06-20 13:00:00+00:00,2535.3642578125,2559.194091796875,2533.02880859375,2552.30517578125,263469056,-0.0065859934759942,0.0065859934759942,0.0041303768210707,221707605.3333333,2522.5819193522134,-0.0065859934759942,-0.0054306082350178,0.0100436829450549,0.0,1.0,13.0,4.0,0.0,1.0,1.0
2025-06-20 14:00:00+00:00,2492.903564453125,2539.95703125,2492.903564453125,2536.421630859375,0,-0.0167473739635384,0.0167473739635384,0.0053475003104656,221707605.3333333,2522.3224894205728,-0.0167473739635384,-0.0230474670394756,-0.0024913944658082,0.0,1.0,14.0,4.0,0.0,1.0,1.0
2025-06-20 15:00:00+00:00,2493.890380859375,2507.011962890625,2489.27099609375,2491.343505859375,3506096128,0.0003958502127083,0.0003958502127083,0.0053286082217923,345927893.3333333,2522.336598714193,0.0003958502127083,-0.0237898644005921,0.0001357994859396,1.0,0.0,15.0,4.0,0.0,1.0,1.0
2025-06-20 16:00:00+00:00,2484.1103515625,2495.31201171875,2479.39013671875,2494.11376953125,567941120,-0.0039215955007232,0.0039215955007232,0.0053573130694498,369592106.6666667,2522.242879231771,-0.0039215955007232,-0.0269712410488982,-0.0009046429007331,0.0,0.0,16.0,4.0,0.0,1.0,1.0
2025-06-20 17:00:00+00:00,2421.082275390625,2486.287353515625,2374.88427734375,2482.509765625,1998590976,-0.02537249447563,0.02537249447563,0.0071533837788764,452866730.6666667,2518.615275065104,-0.02537249447563,-0.0508799223610584,-0.0347119117102961,0.0,1.0,17.0,4.0,0.0,0.0,1.0
2025-06-20 18:00:00+00:00,2421.187744140625,2432.247314453125,2416.65185546875,2421.8623046875,2509328384,4.356264595872794e-05,4.356264595872794e-05,0.0071589050370505,509421226.6666667,2515.194264729818,4.356264595872794e-05,-0.051322976553756,-0.0327985102429574,1.0,0.0,18.0,4.0,0.0,0.0,1.0
2025-06-20 19:00:00+00:00,2423.716796875,2423.716796875,2399.95458984375,2419.811279296875,0,0.0010445504445062,0.0010445504445062,0.0071532084278262,509421226.6666667,2511.7320149739585,0.0010445504445062,-0.0440360632968096,-0.0331472939395477,1.0,0.0,19.0,4.0,0.0,0.0,1.0
2025-06-20 20:00:00+00:00,2430.17138671875,2436.04052734375,2416.573974609375,2416.573974609375,1339201536,0.0026630957263951,0.0026630957263951,0.0071936799591892,565221290.6666666,2508.50966389974,0.0026630957263951,-0.0251643018321636,-0.0308419480871507,1.0,0.0,20.0,4.0,0.0,0.0,1.0
2025-06-20 21:00:00+00:00,2418.23876953125,2427.3212890625,2413.3046875,2427.3212890625,0,-0.0049101957387506,0.0049101957387506,0.0072201026600475,542433749.3333334,2504.7369181315103,-0.0049101957387506,-0.0303347781076311,-0.036091538502111,0.0,0.0,21.0,4.0,0.0,0.0,0.0
2025-06-20 22:00:00+00:00,2390.27685546875,2417.57373046875,2386.280517578125,2416.652099609375,0,-0.0115629252226073,0.0115629252226073,0.0072678474960646,539621760.0,2499.075561523437,-0.0115629252226073,-0.0377734813732123,-0.0537864299860405,0.0,1.0,22.0,4.0,0.0,0.0,0.0
2025-06-20 23:00:00+00:00,2406.986572265625,2407.2470703125,2387.173828125,2390.613525390625,928038912,0.0069907035072713,0.0069907035072713,0.0075103054250255,575727189.3333334,2494.2980143229165,0.0069907035072713,-0.0058220669608287,-0.0454707184439737,1.0,0.0,23.0,4.0,0.0,0.0,0.0
2025-06-21 00:00:00+00:00,2412.038818359375,2417.88916015625,2397.71875,2406.756103515625,0,0.002098992222044,0.002098992222044,0.0075185323194405,575727189.3333334,2489.549601236979,0.002098992222044,-0.0037786932481344,-0.0451155506804765,1.0,0.0,0.0,5.0,1.0,0.0,0.0
2025-06-21 01:00:00+00:00,2427.36376953125,2429.880126953125,2411.244384765625,2411.880859375,476186624,0.0063535259280358,0.0063535259280358,0.0076900920061764,595568298.6666666,2485.36708577474,0.0063535259280358,0.0015047024722327,-0.0397114444774977,1.0,0.0,1.0,5.0,1.0,0.0,0.0
2025-06-21 02:00:00+00:00,2423.110595703125,2431.921875,2420.044677734375,2430.571044921875,19206144,-0.0017521781784467,0.0017521781784467,0.0076765085223685,560381824.0,2481.408721923828,-0.0017521781784467,-0.0029054703936575,-0.037726978692643,0.0,0.0,2.0,5.0,1.0,0.0,0.0
2025-06-21 03:00:00+00:00,2426.923095703125,2430.462158203125,2423.498291015625,2423.498291015625,11626496,0.0015733908335677,0.0015733908335677,0.007696952077171,560866261.3333334,2477.606028238932,0.0015733908335677,0.003591178125706,-0.0362421938752806,1.0,0.0,3.0,5.0,1.0,0.0,0.0
2025-06-21 04:00:00+00:00,2422.92236328125,2427.06640625,2420.29345703125,2426.433837890625,0,-0.0016484792735947,0.0016484792735947,0.0076631388511274,560866261.3333334,2474.151082356771,-0.0016484792735947,0.0136576262025087,-0.0330901677477183,0.0,0.0,4.0,5.0,1.0,0.0,0.0
2025-06-21 05:00:00+00:00,2423.86181640625,2427.4794921875,2420.6796875,2422.85205078125,0,0.0003877355458172,0.0003877355458172,0.007585117122315,560866261.3333334,2470.3077799479165,0.0003877355458172,0.007010942368798,-0.0366595995517152,1.0,0.0,5.0,5.0,1.0,0.0,0.0
2025-06-21 06:00:00+00:00,2427.97802734375,2428.287109375,2421.96875,2424.225830078125,0,0.0016982036309325,0.0016982036309325,0.0075750567259771,521755178.6666667,2466.4052225748696,0.0016982036309325,0.0066081892476408,-0.0371430493961689,1.0,0.0,6.0,5.0,1.0,0.0,0.0
2025-06-21 07:00:00+00:00,2426.74462890625,2427.920166015625,2421.972900390625,2425.345947265625,305514496,-0.0005079940689781,0.0005079940689781,0.0071006087537009,534484949.3333333,2461.3025817871094,-0.0005079940689781,-0.0002550670949165,-0.0480397749147732,0.0,0.0,7.0,5.0,1.0,0.0,0.0
2025-06-21 08:00:00+00:00,2434.732666015625,2434.732666015625,2425.472900390625,2426.968505859375,0,0.003291667781696,0.003291667781696,0.007158528587828,516150357.3333333,2456.4283548990884,0.003291667781696,0.0047963433171847,-0.0458442600576493,1.0,0.0,8.0,5.0,1.0,0.0,0.0
2025-06-21 09:00:00+00:00,2444.73583984375,2448.031494140625,2434.366455078125,2441.687255859375,168407040,0.0041085306685826,0.0041085306685826,0.007238752896706,511339264.0,2451.847951253256,0.0041085306685826,0.0073396409520196,-0.0430309511454131,1.0,0.0,9.0,5.0,1.0,0.0,0.0
2025-06-21 10:00:00+00:00,2438.876220703125,2447.15087890625,2434.033935546875,2444.9814453125,0,-0.0023968312016072,0.0023968312016072,0.0072355183463981,505819562.6666667,2447.094167073568,-0.0023968312016072,0.0065845516404698,-0.0446894998954284,0.0,0.0,10.0,5.0,1.0,0.0,0.0
2025-06-21 11:00:00+00:00,2442.74951171875,2446.20703125,2436.83642578125,2439.095703125,282408960,0.0015881457954878,0.0015881457954878,0.0072674595657443,515667328.0,2442.589131673177,0.0015881457954878,0.0077923977285569,-0.0423858661139805,1.0,0.0,11.0,5.0,1.0,0.0,0.0
2025-06-21 12:00:00+00:00,2436.304443359375,2445.476318359375,2435.8984375,2442.646240234375,0,-0.0026384483257312,0.0026384483257312,0.0072527672234467,515667328.0,2437.7612813313804,-0.0026384483257312,0.0034293621778505,-0.0453999062532882,0.0,0.0,12.0,5.0,1.0,0.0,0.0
2025-06-21 13:00:00+00:00,2420.403076171875,2442.608154296875,2419.736572265625,2436.258544921875,0,-0.0065268391357419,0.0065268391357419,0.0072511184237426,504689450.6666667,2432.971232096354,-0.0065268391357419,-0.0026131932708688,-0.0453430631462056,0.0,0.0,13.0,5.0,1.0,0.0,0.0
2025-06-21 14:00:00+00:00,2420.682861328125,2432.9775390625,2416.94140625,2420.939453125,0,0.0001155944474722,0.0001155944474722,0.00653181991794,504689450.6666667,2429.9620361328125,0.0001155944474722,-0.0057705738636563,-0.0289705162104187,1.0,0.0,14.0,5.0,1.0,0.0,0.0
2025-06-21 15:00:00+00:00,2424.80224609375,2427.487548828125,2415.544189453125,2420.00439453125,0,0.0017017449214165,0.0017017449214165,0.0065511331922331,358602112.0,2427.083363850912,0.0017017449214165,-0.0081536800112007,-0.0277029557096322,1.0,0.0,15.0,5.0,1.0,0.0,0.0
2025-06-21 16:00:00+00:00,2419.3935546875,2427.868408203125,2416.7451171875,2424.39208984375,194961408,-0.0022305701072997,0.0022305701072997,0.0065290743645674,343061290.6666667,2424.3868306477866,-0.0022305701072997,-0.0079883783564908,-0.0260523035276163,0.0,0.0,16.0,5.0,1.0,0.0,0.0
2025-06-21 17:00:00+00:00,2398.530029296875,2423.72900390625,2398.530029296875,2418.326904296875,0,-0.0086234524970948,0.0086234524970948,0.0043514462979905,259786666.66666663,2423.4471537272134,-0.0086234524970948,-0.0181023400924811,-0.0093149441152764,0.0,1.0,17.0,5.0,1.0,0.0,0.0
2025-06-21 18:00:00+00:00,2385.970458984375,2411.145263671875,2385.970458984375,2399.665283203125,0,-0.005236361504376,0.005236361504376,0.0044611467668272,155231317.33333334,2421.979766845703,-0.005236361504376,-0.0206599731458829,-0.0145454582121842,0.0,1.0,18.0,5.0,1.0,0.0,0.0
2025-06-21 19:00:00+00:00,2385.109375,2399.427001953125,2385.109375,2387.807861328125,0,-0.0003608946544717,0.0003608946544717,0.0044478146499021,155231317.33333334,2420.371124267578,-0.0003608946544717,-0.0145817452966122,-0.0159290152730624,0.0,0.0,19.0,5.0,1.0,0.0,0.0
2025-06-21 20:00:00+00:00,2404.72216796875,2408.235107421875,2382.712158203125,2385.2431640625,0,0.0082230161745726,0.0082230161745726,0.0047620773789485,99431253.33333331,2419.310740152994,0.0082230161745726,-0.0065934673287264,-0.0104721909282134,1.0,1.0,20.0,5.0,1.0,0.0,0.0
2025-06-21 21:00:00+00:00,2286.35205078125,2405.364013671875,2251.8388671875,2404.05224609375,3556248576,-0.0492240304365332,0.0492240304365332,0.0110350245086284,247608277.3333333,2413.815460205078,-0.0492240304365332,-0.057097520235119,-0.0545383360864588,0.0,1.0,21.0,5.0,1.0,0.0,0.0
2025-06-21 22:00:00+00:00,2287.628662109375,2307.068603515625,2282.9775390625,2283.333251953125,934957056,0.0005583616607462,0.0005583616607462,0.0108675196715651,286564821.3333333,2409.538452148437,0.0005583616607462,-0.0544619507325853,-0.0429440602767519,1.0,0.0,22.0,5.0,1.0,0.0,0.0
2025-06-21 23:00:00+00:00,2298.56298828125,2298.56298828125,2228.645751953125,2287.5751953125,1059352576,0.0047797644578349,0.0047797644578349,0.0107991923510599,292036224.0,2405.020802815756,0.0047797644578349,-0.0416784613052896,-0.0450453630417717,1.0,0.0,23.0,5.0,1.0,0.0,0.0
2025-06-22 00:00:00+00:00,2295.56640625,2313.613525390625,2274.85107421875,2307.244384765625,3015620608,-0.0013036762736229,0.0013036762736229,0.0107672297872695,417687082.6666667,2400.1677856445312,-0.0013036762736229,-0.037889845783278,-0.0482879509329776,0.0,0.0,0.0,6.0,1.0,0.0,0.0
2025-06-22 01:00:00+00:00,2267.253173828125,2298.94970703125,2267.253173828125,2295.00537109375,0,-0.0123338764432117,0.0123338764432117,0.0108122558235497,397845973.3333333,2393.496510823568,-0.0123338764432117,-0.0494133319030181,-0.0659606927123428,0.0,1.0,1.0,6.0,1.0,0.0,0.0
2025-06-22 02:00:00+00:00,2269.013671875,2283.2080078125,2256.138427734375,2267.141357421875,210067456,0.0007764893957133,0.0007764893957133,0.0108350193529868,405798528.0,2387.0758056640625,0.0007764893957133,-0.0564341685294904,-0.0635946721133502,1.0,0.0,2.0,6.0,1.0,0.0,0.0
2025-06-22 03:00:00+00:00,2263.721923828125,2274.576904296875,2256.224609375,2267.83984375,2624647168,-0.0023321798861185,0.0023321798861185,0.0107976840989935,514674389.3333333,2380.275756835937,-0.0023321798861185,-0.0098979188027461,-0.0672461241824877,0.0,0.0,3.0,6.0,1.0,0.0,0.0
2025-06-22 04:00:00+00:00,2285.516357421875,2288.599609375,2264.142822265625,2264.9921875,0,0.00962769912874,0.00962769912874,0.011093028167125,514674389.3333333,2374.550506591797,0.00962769912874,-0.0009233599501906,-0.0567108579052002,1.0,0.0,4.0,6.0,1.0,0.0,0.0
2025-06-22 05:00:00+00:00,2289.91064453125,2294.49072265625,2281.37744140625,2283.796142578125,1102151680,0.0019226671010712,0.0019226671010712,0.0111140182338523,560597376.0,2368.969207763672,0.0019226671010712,-0.0037642404380964,-0.0552635348138794,1.0,0.0,5.0,6.0,1.0,0.0,0.0
2025-06-22 06:00:00+00:00,2286.27490234375,2297.589111328125,2286.197998046875,2290.138671875,0,-0.0015877222965807,0.0015877222965807,0.0110827525517228,560597376.0,2363.064910888672,-0.0015877222965807,-0.0040475866352428,-0.0583626060055517,0.0,0.0,6.0,6.0,1.0,0.0,0.0
2025-06-22 07:00:00+00:00,2271.4404296875,2288.8984375,2269.83349609375,2287.10888671875,1056421888,-0.0064884903565369,0.0064884903565369,0.0111045880458934,591885184.0,2356.5939025878906,-0.0064884903565369,0.0018468408855747,-0.0639969271462842,0.0,0.0,7.0,6.0,1.0,0.0,0.0
2025-06-22 08:00:00+00:00,2274.40478515625,2276.4853515625,2266.786865234375,2272.376953125,114917376,0.001305055342859,0.001305055342859,0.0110653864935385,596673408.0,2349.91357421875,0.001305055342859,0.0023759721451106,-0.0658503017999702,1.0,0.0,8.0,6.0,1.0,0.0,0.0
2025-06-22 09:00:00+00:00,2242.7158203125,2279.641845703125,2242.7158203125,2275.333740234375,0,-0.0139328606106379,0.0139328606106379,0.011189615189631,589656448.0,2341.496073404948,-0.0139328606106379,-0.0092794540241506,-0.0826347027923318,0.0,1.0,9.0,6.0,1.0,0.0,0.0
2025-06-22 10:00:00+00:00,2260.546875,2264.580810546875,2241.505615234375,2242.7568359375,1359083520,0.0079506527425374,0.0079506527425374,0.0114317332132775,646284928.0,2334.065684000651,0.0079506527425374,-0.0109250946031475,-0.0731194737106063,1.0,0.0,10.0,6.0,1.0,0.0,0.0
2025-06-22 11:00:00+00:00,2273.890869140625,2278.7587890625,2260.1826171875,2260.1826171875,362188800,0.0059029937791601,0.0059029937791601,0.0115419778830027,649609088.0,2327.0299072265625,0.0059029937791601,-0.0069958080804958,-0.0691264666180667,1.0,0.0,11.0,6.0,1.0,0.0,0.0
2025-06-22 12:00:00+00:00,2279.98828125,2283.994873046875,2268.379638671875,2273.671875,264689664,0.0026814884531725,0.0026814884531725,0.011598462674336,660637824.0,2320.5167338053384,0.0026814884531725,-0.0027497223047435,-0.0641611776128575,1.0,0.0,12.0,6.0,1.0,0.0,0.0
2025-06-22 13:00:00+00:00,2201.639892578125,2284.311767578125,2182.028076171875,2280.37890625,2295318528,-0.0343635049864907,0.0343635049864907,0.0132699197058185,756276096.0,2311.401601155599,-0.0343635049864907,-0.0307296357840113,-0.0903829555281128,0.0,1.0,13.0,6.0,1.0,0.0,0.0
2025-06-22 14:00:00+00:00,2197.765380859375,2206.722900390625,2164.972412109375,2200.514892578125,1348182016,-0.0017598299030696,0.0017598299030696,0.0132510421919982,812450346.6666666,2302.1133728027344,-0.0017598299030696,-0.0336964663445386,-0.0920886763111318,0.0,0.0,14.0,6.0,1.0,0.0,0.0
2025-06-22 15:00:00+00:00,2172.021484375,2205.040771484375,2172.021484375,2201.979248046875,1765650432,-0.0117136691243668,0.0117136691243668,0.0132860044764801,886019114.6666666,2291.580841064453,-0.0117136691243668,-0.0315217538027843,-0.1042479905839615,0.0,0.0,15.0,6.0,1.0,0.0,0.0
2025-06-22 16:00:00+00:00,2191.919677734375,2195.61669921875,2174.76220703125,2174.76220703125,730173440,0.0091611402108671,0.0091611402108671,0.0135706785964326,908319616.0,2282.1027628580728,0.0091611402108671,-0.0303586702954898,-0.0940210312259456,1.0,0.0,16.0,6.0,1.0,0.0,0.0
2025-06-22 17:00:00+00:00,2194.250732421875,2214.904052734375,2188.25390625,2197.53857421875,0,0.001063476326792,0.001063476326792,0.0135717234675389,908319616.0,2273.591125488281,0.001063476326792,-0.0350237286228465,-0.0851685383880243,1.0,0.0,17.0,6.0,1.0,0.0,0.0
2025-06-22 18:00:00+00:00,2183.2177734375,2195.47998046875,2181.29150390625,2192.843017578125,0,-0.005028121363413,0.005028121363413,0.0135707062541873,908319616.0,2265.143096923828,-0.005028121363413,-0.04244342333174,-0.084977030953342,0.0,0.0,18.0,6.0,1.0,0.0,0.0
2025-06-22 19:00:00+00:00,2184.27490234375,2189.595703125,2173.2119140625,2183.098876953125,1146943488,0.0004842068066281,0.0004842068066281,0.0135805777379423,956108928.0,2256.7749938964844,0.0004842068066281,-0.0078872981421319,-0.0842034645292734,1.0,0.0,19.0,6.0,1.0,0.0,0.0
2025-06-22 20:00:00+00:00,2185.966552734375,2193.488037109375,2128.142578125,2184.896240234375,310206464,0.0007744677141185,0.0007744677141185,0.0133830782528917,969034197.3333334,2247.660176595052,0.0007744677141185,-0.0053685567293749,-0.0909691847766165,1.0,0.0,20.0,6.0,1.0,0.0,0.0
2025-06-22 21:00:00+00:00,2177.364013671875,2194.946533203125,2177.364013671875,2187.270263671875,0,-0.0039353479822182,0.0039353479822182,0.009273065488778,820857173.3333334,2243.1190083821616,-0.0039353479822182,0.0024597037070341,-0.0476689655349156,0.0,0.0,21.0,6.0,1.0,0.0,0.0
2025-06-22 22:00:00+00:00,2233.336181640625,2233.336181640625,2178.0888671875,2178.0888671875,36630528,0.025706389752607,0.025706389752607,0.0108589245381003,783426901.3333334,2240.8568216959634,0.025706389752607,0.0188950828476794,-0.0237330828066684,1.0,1.0,22.0,6.0,1.0,0.0,0.0
2025-06-22 23:00:00+00:00,2227.14306640625,2235.178466796875,2222.19189453125,2234.44580078125,0,-0.0027730331354886,0.0027730331354886,0.0107951053773248,739287210.6666666,2237.8809916178384,-0.0027730331354886,0.0149902349345785,-0.0310715530699483,0.0,0.0,23.0,6.0,1.0,0.0,0.0
2025-06-23 00:00:00+00:00,2240.2666015625,2257.889892578125,2223.78125,2228.14794921875,0,0.0058925424927578,0.0058925424927578,0.010893279724258,613636352.0,2235.576833089193,0.0058925424927578,0.026130617302174,-0.0240898300902725,1.0,0.0,0.0,0.0,0.0,0.0,0.0
2025-06-23 01:00:00+00:00,2247.892333984375,2248.1328125,2229.073974609375,2241.2998046875,0,0.0034039396992109,0.0034039396992109,0.0106496931057778,613636352.0,2234.7701314290366,0.0034039396992109,0.0291251946228758,-0.0085393374093553,1.0,0.0,1.0,0.0,0.0,0.0,0.0
2025-06-23 02:00:00+00:00,2242.26416015625,2247.546142578125,2237.0146484375,2247.279052734375,0,-0.0025037559597657,0.0025037559597657,0.010656289644575,604883541.3333334,2233.655568440756,-0.0025037559597657,0.0257541028482131,-0.0117890482769306,0.0,0.0,2.0,0.0,0.0,0.0,0.0
2025-06-23 03:00:00+00:00,2234.4072265625,2243.09619140625,2234.4072265625,2241.03759765625,0,-0.0035040178286587,0.0035040178286587,0.0106680182914093,495523242.6666667,2232.434122721354,-0.0035040178286587,0.0261982895521581,-0.0129497783968322,0.0,0.0,3.0,0.0,0.0,0.0,0.0
2025-06-23 04:00:00+00:00,2234.256103515625,2243.6103515625,2229.90380859375,2234.79931640625,0,-6.763451401270437e-05,6.763451401270437e-05,0.0104496380228811,495523242.6666667,2230.2982788085938,-6.763451401270437e-05,0.0004119047918367,-0.0224283032321295,0.0,0.0,4.0,0.0,0.0,0.0,1.0
2025-06-23 05:00:00+00:00,2248.222412109375,2249.311279296875,2234.697265625,2234.697265625,33286144,0.00625098822457,0.00625098822457,0.0105373108957827,450987178.6666667,2228.561269124349,0.00625098822457,0.0094647470210069,-0.0182051786699339,1.0,0.0,5.0,0.0,0.0,0.0,1.0
2025-06-23 06:00:00+00:00,2251.257080078125,2254.616943359375,2237.405517578125,2247.837890625,130535424,0.0013498077202702,0.0013498077202702,0.0105437514925997,456426154.6666667,2227.1021931966147,0.0013498077202702,0.0049058797323315,-0.0153165405567488,1.0,0.0,6.0,0.0,0.0,0.0,1.0
2025-06-23 07:00:00+00:00,2258.545654296875,2271.18359375,2251.73828125,2251.73828125,1297166336,0.0032375574887684,0.0032375574887684,0.0104939502670891,466457173.3333333,2226.564910888672,0.0032375574887684,0.004739248473532,-0.0056769155035243,1.0,0.0,7.0,0.0,0.0,0.0,1.0
2025-06-23 08:00:00+00:00,2262.9697265625,2271.869140625,2258.926025390625,2259.755615234375,0,0.0019588146279923,0.0019588146279923,0.0104988310722832,461668949.3333333,2226.088450113932,0.0019588146279923,0.0092342226104202,-0.0050277147974626,1.0,0.0,8.0,0.0,0.0,0.0,1.0
2025-06-23 09:00:00+00:00,2253.837158203125,2263.092041015625,2247.209228515625,2263.092041015625,0,-0.0040356564439099,0.0040356564439099,0.0101218011954926,461668949.3333333,2226.5518391927085,-0.0040356564439099,0.0086957880415186,0.0049588707538859,0.0,0.0,9.0,0.0,0.0,1.0,1.0
2025-06-23 10:00:00+00:00,2248.400390625,2253.09375,2240.483642578125,2253.09375,12388352,-0.0024122273245594,0.0024122273245594,0.0099995613889002,405556650.6666667,2226.0457356770835,-0.0024122273245594,0.0063306471836952,-0.0053732503888025,0.0,0.0,10.0,0.0,0.0,1.0,1.0
2025-06-23 11:00:00+00:00,2254.110595703125,2257.466796875,2242.908447265625,2247.774169921875,0,0.002539674473432,0.002539674473432,0.0099340132410308,390465450.6666667,2225.2215576171875,0.002539674473432,0.0026190396297247,-0.0086988666456871,1.0,0.0,11.0,0.0,0.0,1.0,1.0
2025-06-23 12:00:00+00:00,2263.2841796875,2263.60498046875,2247.660400390625,2254.032470703125,1142747136,0.0040697133502951,0.0040697133502951,0.0099562443706771,427051178.6666667,2224.5255533854165,0.0040697133502951,0.0053423927972533,-0.0073263979906694,1.0,0.0,12.0,0.0,0.0,1.0,1.0
2025-06-23 13:00:00+00:00,2296.050048828125,2296.050048828125,2235.989013671875,2266.66259765625,0,0.0144771343495844,0.0144771343495844,0.0073262847871987,331412906.6666667,2228.459309895833,0.0144771343495844,0.0166055507710893,0.0428817430898953,1.0,1.0,13.0,0.0,0.0,1.0,1.0
2025-06-23 14:00:00+00:00,2274.716796875,2307.1064453125,2274.15771484375,2296.022216796875,0,-0.0092912835083944,0.0092912835083944,0.0076389716646476,275238656.0,2231.6656188964844,-0.0092912835083944,0.0051909975527353,0.0350134808227506,0.0,1.0,14.0,0.0,0.0,1.0,1.0
2025-06-23 15:00:00+00:00,2253.00732421875,2287.764404296875,2250.147216796875,2275.408935546875,101304320,-0.0095438134039693,0.0095438134039693,0.0074875834225967,205890901.3333333,2235.040028889974,-0.0095438134039693,-0.0003681871963796,0.0372859294561966,0.0,1.0,15.0,0.0,0.0,1.0,1.0
2025-06-23 16:00:00+00:00,2220.2333984375,2250.776611328125,2192.191650390625,2250.776611328125,857839616,-0.0145467462217925,0.0145467462217925,0.0079874204924368,211210325.3333333,2236.219767252604,-0.0145467462217925,-0.0125275695133953,0.0129173167204696,0.0,1.0,16.0,0.0,0.0,1.0,1.0
2025-06-23 17:00:00+00:00,2278.28369140625,2284.24755859375,2222.283447265625,2222.572509765625,842250240,0.0261460317683732,0.0261460317683732,0.0095446009286404,246304085.3333333,2239.72114054362,0.0261460317683732,0.0107240060666076,0.0382968809091497,1.0,1.0,17.0,0.0,0.0,0.0,1.0
2025-06-23 18:00:00+00:00,2308.40673828125,2311.0078125,2276.77685546875,2277.38720703125,0,0.0132218156099808,0.0132218156099808,0.0097181224923328,246304085.3333333,2244.9373474121094,0.0132218156099808,0.0199367622496173,0.057341492162112,1.0,1.0,18.0,0.0,0.0,0.0,1.0
2025-06-23 19:00:00+00:00,2318.015380859375,2320.880859375,2298.705810546875,2307.317138671875,1707886592,0.004162456476487,0.004162456476487,0.0097160798279895,269676714.6666667,2250.5098673502603,0.004162456476487,0.0095665737088181,0.0612287759073366,1.0,0.0,19.0,0.0,0.0,0.0,1.0
2025-06-23 20:00:00+00:00,2348.7216796875,2367.809814453125,2308.113037109375,2314.707763671875,0,0.0132468054706096,0.0132468054706096,0.0099491859780955,256751445.3333333,2257.291330973307,0.0132468054706096,0.0325336687688628,0.0744545367126219,1.0,1.0,20.0,0.0,0.0,0.0,1.0
2025-06-23 21:00:00+00:00,2343.537353515625,2363.397705078125,2339.04736328125,2347.938232421875,1089232896,-0.0022072969380368,0.0022072969380368,0.0099026263029771,302136149.3333333,2264.2152201334634,-0.0022072969380368,0.0401818619601102,0.0763185846740976,0.0,0.0,21.0,0.0,0.0,0.0,0.0
2025-06-23 22:00:00+00:00,2415.381103515625,2432.386474609375,2342.7578125,2342.7578125,451149824,0.0306561147370767,0.0306561147370767,0.0104310155271041,319407786.6666667,2271.8004252115884,0.0306561147370767,0.0878951308522162,0.0815125476278579,1.0,1.0,22.0,0.0,0.0,0.0,0.0
2025-06-23 23:00:00+00:00,2423.643798828125,2428.589599609375,2412.254150390625,2412.494140625,1534990336,0.0034208660904373,0.0034208660904373,0.0103499670620147,383365717.3333333,2279.9879557291665,0.0034208660904373,0.0638024614626253,0.0882299549525353,1.0,0.0,23.0,0.0,0.0,0.0,0.0
2025-06-24 00:00:00+00:00,2404.123291015625,2419.172119140625,2395.734619140625,2412.763427734375,0,-0.0080541983198763,0.0080541983198763,0.0106029241542212,383365717.3333333,2286.8153177897134,-0.0080541983198763,0.0414643360492188,0.0731416025837465,0.0,0.0,0.0,1.0,0.0,0.0,0.0
2025-06-24 01:00:00+00:00,2415.833984375,2417.02978515625,2399.1123046875,2404.392822265625,0,0.0048710868544632,0.0048710868544632,0.0106095878915037,383365717.3333333,2293.8128865559897,0.0048710868544632,0.042199290101069,0.0747107180587023,1.0,0.0,1.0,1.0,0.0,0.0,0.0
2025-06-24 02:00:00+00:00,2394.38427734375,2415.66552734375,2393.195068359375,2415.66552734375,1135882240,-0.0088788001038073,0.0088788001038073,0.0108324081855108,430694144.0,2300.1512247721357,-0.0088788001038073,0.0194414681190857,0.0678421926776458,0.0,0.0,2.0,1.0,0.0,0.0,0.0
2025-06-24 03:00:00+00:00,2401.6552734375,2410.68701171875,2393.56591796875,2393.56591796875,0,0.0030366872028646,0.0030366872028646,0.0107490136591883,430694144.0,2307.1198933919272,0.0030366872028646,0.024799229180064,0.0748511931427562,1.0,0.0,3.0,1.0,0.0,0.0,0.0
2025-06-24 04:00:00+00:00,2405.548095703125,2407.73974609375,2395.54150390625,2400.7294921875,1198383104,0.0016208913530098,0.0016208913530098,0.0107331187802586,480626773.3333333,2314.2570597330728,0.0016208913530098,-0.0040709964146808,0.0766662299447096,1.0,0.0,4.0,1.0,0.0,0.0,1.0
2025-06-24 05:00:00+00:00,2424.560302734375,2424.92041015625,2403.65185546875,2405.368896484375,196208640,0.0079034823977164,0.0079034823977164,0.010759230177663,487415210.6666667,2321.604471842448,0.0079034823977164,0.0003781512393419,0.0784343620431897,1.0,0.0,5.0,1.0,0.0,0.0,1.0
2025-06-24 06:00:00+00:00,2430.08740234375,2434.79052734375,2415.890380859375,2422.695556640625,0,0.0022796296727045,0.0022796296727045,0.0107539276744309,481976234.6666667,2329.055735270182,0.0022796296727045,0.0107998252107763,0.0794357622894934,1.0,0.0,6.0,1.0,0.0,0.0,1.0
2025-06-24 07:00:00+00:00,2395.24951171875,2430.08740234375,2395.24951171875,2430.08740234375,0,-0.0143360648639221,0.0143360648639221,0.0113369423490801,427927637.3333333,2334.7517293294272,-0.0143360648639221,-0.0085206486825606,0.0605273828145986,0.0,1.0,7.0,1.0,0.0,0.0,1.0
2025-06-24 08:00:00+00:00,2404.243408203125,2413.16845703125,2382.3984375,2395.962890625,294649856,0.0037548891839336,0.0037548891839336,0.0113390548790493,440204714.6666667,2340.63813273112,0.0037548891839336,0.0041176059134135,0.0624284452338754,1.0,0.0,8.0,1.0,0.0,0.0,1.0
2025-06-24 09:00:00+00:00,2417.318359375,2441.024658203125,2401.367431640625,2404.184814453125,1931552768,0.0054382809690833,0.0054382809690833,0.0112631098598539,520686080.0,2347.4498494466147,0.0054382809690833,0.0065217877481147,0.0725346108421651,1.0,0.0,9.0,1.0,0.0,1.0,1.0
2025-06-24 10:00:00+00:00,2414.922119140625,2420.633056640625,2410.581298828125,2417.495361328125,0,-0.000991280368629,0.000991280368629,0.0112372248255768,520169898.6666667,2354.388254801432,-0.000991280368629,0.0038968347605454,0.0740623107921343,0.0,0.0,10.0,1.0,0.0,1.0,1.0
2025-06-24 11:00:00+00:00,2410.16943359375,2420.021240234375,2400.923583984375,2415.572021484375,0,-0.0019680492009267,0.0019680492009267,0.0112835533161105,520169898.6666667,2360.8907063802085,-0.0019680492009267,-0.0059354552346646,0.0692329995644891,0.0,0.0,11.0,1.0,0.0,1.0,1.0
2025-06-24 12:00:00+00:00,2414.535888671875,2418.416748046875,2405.3994140625,2411.51416015625,200724480,0.0018116797173111,0.0018116797173111,0.0112823868546504,480918954.6666667,2367.192860921224,0.0018116797173111,-0.0063995696849734,0.0668284214336967,1.0,0.0,12.0,1.0,0.0,1.0,1.0
2025-06-24 13:00:00+00:00,2422.33837890625,2430.4755859375,2408.60009765625,2415.171142578125,82900992,0.0032314658361392,0.0032314658361392,0.0110046915189269,484373162.6666667,2372.454874674479,0.0032314658361392,0.011309413509936,0.0550024291250015,1.0,0.0,13.0,1.0,0.0,1.0,1.0
2025-06-24 14:00:00+00:00,2430.146240234375,2437.3466796875,2422.74951171875,2422.74951171875,0,0.0032232744178584,0.0032232744178584,0.010724956655091,484373162.6666667,2378.93110148112,0.0032232744178584,0.0107737976707646,0.0683291403892139,1.0,0.0,14.0,1.0,0.0,1.0,1.0
2025-06-24 15:00:00+00:00,2439.160888671875,2444.35986328125,2427.77783203125,2431.546142578125,100591616,0.003709508624728,0.003709508624728,0.0103972743836717,484343466.6666667,2386.6875,0.003709508624728,0.0090358513234982,0.0826244825980204,1.0,0.0,15.0,1.0,0.0,1.0,1.0
2025-06-24 16:00:00+00:00,2470.829345703125,2478.177001953125,2436.67041015625,2439.410400390625,0,0.012983340778514,0.012983340778514,0.0098389107640171,448600149.3333333,2397.1289978027344,0.012983340778514,0.0231507368785852,0.1128691908886621,1.0,1.0,16.0,1.0,0.0,1.0,1.0
2025-06-24 17:00:00+00:00,2460.402587890625,2480.34423828125,2447.27490234375,2480.34423828125,88115200,-0.0042199425187468,0.0042199425187468,0.0088373642242353,417177856.0,2404.71728515625,-0.0042199425187468,0.0208421671923593,0.0799368828260205,0.0,0.0,17.0,1.0,0.0,0.0,1.0
2025-06-24 18:00:00+00:00,2442.282958984375,2462.25927734375,2438.992919921875,2458.643310546875,0,-0.0073644975807737,0.0073644975807737,0.0088261134794714,417177856.0,2410.2954610188804,-0.0073644975807737,0.0114916785634371,0.0579950744740955,0.0,0.0,18.0,1.0,0.0,0.0,1.0
2025-06-24 19:00:00+00:00,2430.031982421875,2441.705078125,2424.2041015625,2437.716552734375,813654016,-0.0050161986830529,0.0050161986830529,0.0089439889503137,379918165.3333333,2414.962819417318,-0.0050161986830529,0.0031761060232629,0.0483243564678035,0.0,0.0,19.0,1.0,0.0,0.0,1.0
2025-06-24 20:00:00+00:00,2450.92333984375,2450.92333984375,2432.83349609375,2436.234375,0,0.008597153277404,0.008597153277404,0.0087379067904306,379918165.3333333,2419.221221923828,0.008597153277404,0.0085497322199716,0.0435137381496169,1.0,0.0,20.0,1.0,0.0,0.0,1.0
2025-06-24 21:00:00+00:00,2445.440185546875,2448.917236328125,2439.273681640625,2448.917236328125,191920128,-0.0022371790287102,0.0022371790287102,0.0087385066066756,342530133.3333333,2423.4671732584634,-0.0022371790287102,0.002574367645924,0.0434824867964582,0.0,0.0,21.0,1.0,0.0,0.0,0.0
2025-06-24 22:00:00+00:00,2442.822998046875,2446.23388671875,2436.658935546875,2446.23388671875,0,-0.0010702316562344,0.0010702316562344,0.0062228777675998,323732224.0,2424.610585530599,-0.0010702316562344,-0.0113347964338185,0.0113613104330856,0.0,0.0,22.0,1.0,0.0,0.0,0.0
2025-06-24 23:00:00+00:00,2447.513671875,2448.391357421875,2433.267822265625,2442.7734375,0,0.0019201857162287,0.0019201857162287,0.0061996375099818,259774293.3333333,2425.6051635742188,0.0019201857162287,-0.0052385394484059,0.0098487546141956,1.0,0.0,23.0,1.0,0.0,0.0,0.0
2025-06-25 00:00:00+00:00,2460.03369140625,2460.19970703125,2439.511962890625,2449.7001953125,0,0.005115403307087,0.005115403307087,0.0059958086405675,259774293.3333333,2427.934763590494,0.005115403307087,0.0072680900288706,0.0232560453948289,1.0,0.0,0.0,2.0,0.0,0.0,0.0
2025-06-25 01:00:00+00:00,2460.345947265625,2463.00537109375,2447.820556640625,2459.720703125,998909952,0.0001269315377532,0.0001269315377532,0.0059397384723547,301395541.3333333,2429.789428710937,0.0001269315377532,0.0124747184658606,0.0184250917813546,1.0,0.0,1.0,2.0,0.0,0.0,0.0
2025-06-25 02:00:00+00:00,2453.720458984375,2468.284423828125,2453.720458984375,2461.774658203125,0,-0.0026929092181583,0.0026929092181583,0.0056285418660701,254067114.66666663,2432.2617696126304,-0.0026929092181583,0.0011412511746708,0.0247813946165944,0.0,0.0,2.0,2.0,0.0,0.0,0.0
2025-06-25 03:00:00+00:00,2446.625732421875,2460.245361328125,2446.42333984375,2453.148681640625,0,-0.0028914159869036,0.0028914159869036,0.0056668562410976,254067114.66666663,2434.135538736979,-0.0028914159869036,0.0004847989666674,0.01872477681612,0.0,0.0,3.0,2.0,0.0,0.0,0.0
2025-06-25 04:00:00+00:00,2436.517333984375,2447.199462890625,2432.61083984375,2445.80859375,1104723968,-0.0041315671226485,0.0041315671226485,0.0057511528483674,250164650.66666663,2435.4259236653647,-0.0041315671226485,-0.0025813020704085,0.0128740881699969,0.0,0.0,4.0,2.0,0.0,0.0,1.0
2025-06-25 05:00:00+00:00,2432.364990234375,2440.36767578125,2426.692626953125,2436.691650390625,0,-0.0017042126859034,0.0017042126859034,0.0055477561770195,241989290.66666663,2435.7511189778647,-0.0017042126859034,-0.0061894165555446,0.0032190115012598,0.0,0.0,5.0,2.0,0.0,0.0,1.0
2025-06-25 06:00:00+00:00,2445.3359375,2445.91845703125,2428.310546875,2431.270263671875,0,0.0053326483968079,0.0053326483968079,0.0056330893903918,241989290.66666663,2436.386474609375,0.0053326483968079,-0.0059746148833629,0.0062748916526802,1.0,0.0,6.0,2.0,0.0,0.0,1.0
2025-06-25 07:00:00+00:00,2446.59228515625,2451.130615234375,2442.666748046875,2445.354248046875,0,0.0005137730309294,0.0005137730309294,0.0046959201461472,241989290.66666663,2438.525756835937,0.0005137730309294,-0.0055901334219524,0.0214352505600379,1.0,0.0,7.0,2.0,0.0,0.0,1.0
2025-06-25 08:00:00+00:00,2437.864013671875,2446.284912109375,2427.16455078125,2446.25732421875,0,-0.0035675218700436,0.0035675218700436,0.0047396749196134,229712213.3333333,2439.9266153971357,-0.0035675218700436,-0.0064622052827741,0.0139838609327318,0.0,0.0,8.0,2.0,0.0,0.0,1.0
2025-06-25 09:00:00+00:00,2420.3671875,2447.0341796875,2413.380126953125,2439.038818359375,0,-0.0071771132736487,0.0071771132736487,0.0048761309743814,149230848.0,2440.053649902344,-0.0071771132736487,-0.0107325548709413,0.0012612439371817,0.0,1.0,9.0,2.0,0.0,1.0,1.0
2025-06-25 10:00:00+00:00,2426.003662109375,2431.90087890625,2417.0048828125,2421.075927734375,2239133696,0.0023287683945165,0.0023287683945165,0.0048919635365844,242528085.3333333,2440.515380859375,0.0023287683945165,-0.0043150408693408,0.0045887786114997,1.0,0.0,10.0,2.0,0.0,1.0,1.0
2025-06-25 11:00:00+00:00,2429.283203125,2430.08935546875,2416.193603515625,2426.76953125,0,0.0013518285511462,0.0013518285511462,0.0048748349413979,242528085.3333333,2441.311787923177,0.0013518285511462,-0.0012669920516649,0.0079304671550621,1.0,0.0,11.0,2.0,0.0,1.0,1.0
2025-06-25 12:00:00+00:00,2426.5390625,2430.0849609375,2417.573974609375,2430.0849609375,0,-0.0011296091873808,0.0011296091873808,0.0048732144284182,234164565.3333333,2441.811920166016,-0.0011296091873808,-0.0076868272828055,0.0049712136748265,0.0,0.0,12.0,2.0,0.0,1.0,1.0
2025-06-25 13:00:00+00:00,2438.416015625,2444.54052734375,2426.3603515625,2428.25341796875,0,0.0048946061938781,0.0048946061938781,0.0049294301097721,230710357.3333333,2442.4818216959634,0.0048946061938781,-0.0033419011336119,0.0066372381574573,1.0,0.0,13.0,2.0,0.0,1.0,1.0
2025-06-25 14:00:00+00:00,2429.623291015625,2440.64453125,2399.76171875,2436.78466796875,737290240,-0.0036059165265617,0.0036059165265617,0.0049496478254309,261430784.0,2442.460032145182,-0.0036059165265617,-0.0033803044837754,-0.0002151924892798,0.0,0.0,14.0,2.0,0.0,1.0,1.0
2025-06-25 15:00:00+00:00,2406.63720703125,2433.3759765625,2400.406494140625,2433.3759765625,842835968,-0.0094607604682479,0.0094607604682479,0.005242252116773,292357632.0,2441.1048787434897,-0.0094607604682479,-0.0056726849296497,-0.0133339632459973,0.0,1.0,15.0,2.0,0.0,1.0,1.0
2025-06-25 16:00:00+00:00,2412.7255859375,2420.0458984375,2404.06884765625,2406.94189453125,0,0.0025298282967047,0.0025298282967047,0.0044425407970668,292357632.0,2438.683888753256,0.0025298282967047,-0.0054732300611326,-0.0235158935062309,1.0,0.0,16.0,2.0,0.0,1.0,1.0
2025-06-25 17:00:00+00:00,2423.0869140625,2431.230712890625,2410.391845703125,2412.162841796875,0,0.0042944494746484,0.0042944494746484,0.0045121130551301,288686165.3333333,2437.1290690104165,0.0042944494746484,-0.002550665585029,-0.0151664910497907,1.0,0.0,17.0,2.0,0.0,0.0,1.0
2025-06-25 18:00:00+00:00,2417.9697265625,2424.098388671875,2414.376708984375,2423.83544921875,0,-0.0021118464510299,0.0021118464510299,0.0042931701575419,288686165.3333333,2436.1160176595054,-0.0021118464510299,-0.0035315054556225,-0.0099551251145713,0.0,0.0,18.0,2.0,0.0,0.0,1.0
2025-06-25 19:00:00+00:00,2430.636962890625,2438.442138671875,2419.87158203125,2419.87158203125,981412864,0.0052387902912802,0.0052387902912802,0.0043247924000432,295676117.3333333,2436.1412251790366,0.0052387902912802,-0.0031902073659818,0.000248959879181,1.0,1.0,19.0,2.0,0.0,0.0,1.0
2025-06-25 20:00:00+00:00,2439.753662109375,2439.753662109375,2427.912841796875,2432.195068359375,0,0.0037507449108764,0.0037507449108764,0.0040084361679081,295676117.3333333,2435.675821940104,0.0037507449108764,0.0041695233706438,-0.004557334598269,1.0,0.0,20.0,2.0,0.0,0.0,1.0
2025-06-25 21:00:00+00:00,2429.874267578125,2448.12451171875,2429.46240234375,2441.558349609375,1043112960,-0.0040493409989221,0.0040493409989221,0.0040654828236657,331142485.3333333,2435.02724202474,-0.0040493409989221,0.0096554065062175,-0.0063652826434881,0.0,0.0,21.0,2.0,0.0,0.0,0.0
2025-06-25 22:00:00+00:00,2418.2236328125,2429.153564453125,2413.575439453125,2429.153564453125,116594688,-0.0047947479921408,0.0047947479921408,0.0041676343655502,336000597.3333333,2434.002268473307,-0.0047947479921408,0.0022787700793844,-0.0100700563463022,0.0,1.0,22.0,2.0,0.0,0.0,0.0
2025-06-25 23:00:00+00:00,2419.0986328125,2419.157958984375,2410.643798828125,2417.90771484375,0,0.0003618358484829,0.0003618358484829,0.0041417575171353,336000597.3333333,2432.8183085123696,0.0003618358484829,-0.0016459505545813,-0.0116097570318092,1.0,0.0,23.0,2.0,0.0,0.0,0.0
2025-06-26 00:00:00+00:00,2426.58349609375,2428.46826171875,2419.10986328125,2419.308349609375,47555584,0.0030940711468832,0.0030940711468832,0.0040424269591824,337982080.0,2431.424550374349,0.0030940711468832,0.0035623975919234,-0.0135974541443693,1.0,0.0,0.0,3.0,0.0,0.0,0.0
2025-06-26 01:00:00+00:00,2457.267822265625,2472.900390625,2421.9091796875,2427.838134765625,508467200,0.0126450732980216,0.0126450732980216,0.0048601392852481,317546965.3333333,2431.296295166016,0.0126450732980216,0.0109563294649026,-0.0012510943850887,1.0,1.0,1.0,3.0,0.0,0.0,0.0
2025-06-26 02:00:00+00:00,2494.672607421875,2496.219970703125,2460.19873046875,2460.19873046875,0,0.0152221035156689,0.0152221035156689,0.0057325677751755,317546965.3333333,2433.0026346842446,0.0152221035156689,0.0225100370440751,0.0166898182258505,1.0,1.0,2.0,3.0,0.0,0.0,0.0
2025-06-26 03:00:00+00:00,2488.03173828125,2516.430419921875,2485.405029296875,2494.75,4029887488,-0.0026620203071408,0.0026620203071408,0.0057264975806203,485458944.0,2434.7278849283853,-0.0026620203071408,0.0239343539207446,0.0169237187816166,0.0,0.0,3.0,3.0,0.0,0.0,0.0
2025-06-26 04:00:00+00:00,2480.352294921875,2489.907470703125,2473.8525390625,2489.605224609375,0,-0.0030865536163457,0.0030865536163457,0.0056919110136586,439428778.6666667,2436.5543416341147,-0.0030865536163457,0.0256918596222288,0.0179908266303272,0.0,0.0,4.0,3.0,0.0,0.0,1.0
2025-06-26 05:00:00+00:00,2475.58935546875,2482.773681640625,2469.7294921875,2480.649658203125,0,-0.0019202673196369,0.0019202673196369,0.0056961449821711,439428778.6666667,2438.3553568522134,-0.0019202673196369,0.0233519716352252,0.0177705095279347,0.0,0.0,5.0,3.0,0.0,0.0,1.0
2025-06-26 06:00:00+00:00,2488.16015625,2488.16015625,2475.75927734375,2476.334716796875,697694208,0.0050779022593065,0.0050779022593065,0.0056874643675292,468499370.6666667,2440.1396993001304,0.0050779022593065,0.0253758670391415,0.0175126117002073,1.0,0.0,6.0,3.0,0.0,0.0,1.0
2025-06-26 07:00:00+00:00,2491.930419921875,2499.150634765625,2483.22998046875,2488.762451171875,0,0.0015152817484054,0.0015152817484054,0.0056894130963078,468499370.6666667,2442.0287882486978,0.0015152817484054,0.0141061537298325,0.0185311361605677,1.0,0.0,7.0,3.0,0.0,0.0,1.0
2025-06-26 08:00:00+00:00,2488.35498046875,2499.69970703125,2486.778564453125,2491.363037109375,990392320,-0.0014348070975581,0.0014348070975581,0.0056349380429767,509765717.3333333,2444.132578531901,-0.0014348070975581,-0.0025324473176678,0.0207111498072554,0.0,0.0,8.0,3.0,0.0,0.0,1.0
2025-06-26 09:00:00+00:00,2465.81494140625,2488.61279296875,2465.1923828125,2487.678466796875,0,-0.009058208832509,0.009058208832509,0.0057633503560412,509765717.3333333,2446.0262349446616,-0.009058208832509,-0.0089294668284044,0.0187772145238809,0.0,1.0,9.0,3.0,0.0,1.0,1.0
2025-06-26 10:00:00+00:00,2452.95068359375,2467.26611328125,2451.436279296875,2465.10595703125,907237376,-0.005217041066822,0.005217041066822,0.005880463811552,454270037.3333333,2447.1490275065103,-0.005217041066822,-0.0110474674844478,0.0111075765899484,0.0,0.0,10.0,3.0,0.0,1.0,1.0
2025-06-26 11:00:00+00:00,2451.23974609375,2453.669921875,2444.877685546875,2451.69873046875,0,-0.0006975017930215,0.0006975017930215,0.0058820853726548,454270037.3333333,2448.063883463541,-0.0006975017930215,-0.0098358838557817,0.009038280485579,0.0,0.0,11.0,3.0,0.0,1.0,1.0
2025-06-26 12:00:00+00:00,2440.369140625,2451.41552734375,2436.09326171875,2451.41552734375,292362240,-0.0044347377632372,0.0044347377632372,0.0059574542489202,466451797.3333333,2448.64013671875,-0.0044347377632372,-0.01920737115935,0.0056995077222252,0.0,0.0,12.0,3.0,0.0,1.0,1.0
2025-06-26 13:00:00+00:00,2431.922119140625,2443.160888671875,2427.435791015625,2441.205322265625,0,-0.0034613703901417,0.0034613703901417,0.0059184860254607,466451797.3333333,2448.369557698568,-0.0034613703901417,-0.0240810498967026,-0.0026631618406224,0.0,0.0,13.0,3.0,0.0,1.0,1.0
2025-06-26 14:00:00+00:00,2446.46875,2457.141357421875,2427.522216796875,2434.6259765625,297740288,0.0059815364747435,0.0059815364747435,0.0059942392866623,448137216.0,2449.0714518229165,0.0059815364747435,-0.0168328999670536,0.0069333624873728,1.0,0.0,14.0,3.0,0.0,1.0,1.0
2025-06-26 15:00:00+00:00,2434.0478515625,2448.34716796875,2411.265380859375,2447.01025390625,0,-0.005077072183121,0.005077072183121,0.0057453415969687,413019050.6666667,2450.2135620117188,-0.005077072183121,-0.0128829983590063,0.0113896039050533,0.0,0.0,15.0,3.0,0.0,1.0,1.0
2025-06-26 16:00:00+00:00,2425.66796875,2436.52490234375,2421.146728515625,2434.33984375,752982016,-0.0034427765284568,0.0034427765284568,0.0057822762305531,444393301.3333333,2450.75282796224,-0.0034427765284568,-0.0111224065882069,0.0053642166717733,0.0,0.0,16.0,3.0,0.0,1.0,1.0
2025-06-26 17:00:00+00:00,2422.136474609375,2434.193115234375,2422.136474609375,2428.014404296875,0,-0.0014558852184723,0.0014558852184723,0.0057257827437666,444393301.3333333,2450.7132263183594,-0.0014558852184723,-0.0118728784202987,-0.0003922432363482,0.0,0.0,17.0,3.0,0.0,0.0,1.0
2025-06-26 18:00:00+00:00,2426.478759765625,2435.76220703125,2420.9013671875,2421.77783203125,1381052416,0.0017927499964469,0.0017927499964469,0.0057186567892133,501937152.0,2451.0677693684897,0.0017927499964469,-0.0056919179267352,0.0035190817774306,1.0,0.0,18.0,3.0,0.0,0.0,1.0
2025-06-26 19:00:00+00:00,2440.26123046875,2441.248291015625,2424.12548828125,2426.584716796875,0,0.0056800294037835,0.0056800294037835,0.0057363697103339,461044949.3333333,2451.468780517578,0.0056800294037835,0.0034290207167784,0.0039595660417668,1.0,0.0,19.0,3.0,0.0,0.0,1.0
2025-06-26 20:00:00+00:00,2446.37353515625,2457.1474609375,2431.9306640625,2433.5712890625,1128722432,0.0025047747393527,0.0025047747393527,0.0057082212601149,508075050.6666667,2451.7446085611978,0.0025047747393527,-3.891929694588292e-05,0.0027133366575835,1.0,0.0,20.0,3.0,0.0,0.0,1.0
2025-06-26 21:00:00+00:00,2414.911865234375,2445.92529296875,2401.45703125,2445.92529296875,171513856,-0.0128605339576098,0.0128605339576098,0.006246572007498,471758421.3333333,2451.1211751302085,-0.0128605339576098,-0.0078617954514907,-0.0061576858290133,0.0,1.0,21.0,3.0,0.0,0.0,0.0
2025-06-26 22:00:00+00:00,2414.614013671875,2422.82080078125,2413.393310546875,2413.393310546875,0,-0.0001233384815354,0.0001233384815354,0.0061707530992466,466900309.3333333,2450.970774332682,-0.0001233384815354,-0.0045570767394934,-0.0014926738336548,0.0,0.0,22.0,3.0,0.0,0.0,0.0
2025-06-26 23:00:00+00:00,2416.13037109375,2417.663330078125,2408.296875,2414.4912109375,791285760,0.0006279916430904,0.0006279916430904,0.0061717533019208,499870549.3333333,2450.847096761068,0.0006279916430904,-0.0024796718015624,-0.0012270114490119,1.0,0.0,23.0,3.0,0.0,0.0,0.0
2025-06-27 00:00:00+00:00,2401.844970703125,2420.529052734375,2401.844970703125,2416.3115234375,0,-0.0059125122392125,0.0059125122392125,0.0062467159867618,497889066.6666667,2449.8163248697915,-0.0059125122392125,-0.0101520728188362,-0.0101947966886152,0.0,0.0,0.0,4.0,0.0,0.0,0.0
2025-06-27 01:00:00+00:00,2427.880126953125,2430.580322265625,2392.9521484375,2401.799560546875,2817905664,0.0108396489230437,0.0108396489230437,0.0060916331901359,594115669.3333334,2448.591837565104,0.0108396489230437,-0.0050736795557115,-0.0119595003223557,1.0,1.0,1.0,4.0,0.0,0.0,0.0
2025-06-27 02:00:00+00:00,2439.24365234375,2439.489501953125,2425.06103515625,2427.035400390625,0,0.004680430991824,0.004680430991824,0.0052289121890868,594115669.3333334,2446.282297770182,0.004680430991824,-0.0029144702188926,-0.022218929615541,1.0,0.0,2.0,4.0,0.0,0.0,0.0
2025-06-27 03:00:00+00:00,2447.391357421875,2448.380126953125,2435.808349609375,2438.64453125,0,0.0033402588012461,0.0033402588012461,0.005285341520435,426203690.6666667,2444.5889485677085,0.0033402588012461,0.0134495559258631,-0.0163343498533703,1.0,0.0,3.0,4.0,0.0,0.0,0.0
2025-06-27 04:00:00+00:00,2451.098388671875,2452.966552734375,2442.81103515625,2447.2353515625,852630528,0.0015146867454436,0.0015146867454436,0.0052774168621988,461729962.6666667,2443.3700358072915,0.0015146867454436,0.0151098166387755,-0.0117942545137207,1.0,0.0,4.0,4.0,0.0,0.0,1.0
2025-06-27 05:00:00+00:00,2439.87841796875,2452.0478515625,2436.672119140625,2450.72607421875,0,-0.0045775276728914,0.0045775276728914,0.0053364721982982,461729962.6666667,2441.882080078125,-0.0045775276728914,0.0098289592147502,-0.0144252266318369,0.0,0.0,5.0,4.0,0.0,0.0,1.0
2025-06-27 06:00:00+00:00,2450.0615234375,2450.621826171875,2438.52978515625,2440.489013671875,205727744,0.0041736118462933,0.0041736118462933,0.0052977536711353,441231360.0,2440.294637044271,0.0041736118462933,0.0200747980500421,-0.0153119696562941,1.0,0.0,6.0,4.0,0.0,0.0,1.0
2025-06-27 07:00:00+00:00,2442.968994140625,2457.826904296875,2439.687744140625,2449.9384765625,0,-0.0028948372230767,0.0028948372230767,0.0052966184219298,441231360.0,2438.2545776367188,-0.0028948372230767,0.0062148320339174,-0.019647990726316,0.0,0.0,7.0,4.0,0.0,0.0,1.0
2025-06-27 08:00:00+00:00,2449.337158203125,2460.2294921875,2437.927490234375,2442.9736328125,1424675840,0.0026067314312108,0.0026067314312108,0.0053400590847183,459326506.6666667,2436.628835042318,0.0026067314312108,0.0041379654097599,-0.0156801672477915,1.0,0.0,8.0,4.0,0.0,0.0,1.0
2025-06-27 09:00:00+00:00,2461.727783203125,2462.02099609375,2445.161376953125,2449.293212890625,20722688,0.0050587665967105,0.0050587665967105,0.0051470116347774,460189952.0,2436.458536783854,0.0050587665967105,0.0058578395064499,-0.001657528362933,1.0,0.0,9.0,4.0,0.0,1.0,1.0
2025-06-27 10:00:00+00:00,2447.418212890625,2461.72265625,2447.418212890625,2461.72265625,0,-0.0058128158645879,0.0058128158645879,0.0051743475280482,422388394.6666667,2436.228017171224,-0.0058128158645879,-0.0015014394355846,-0.002255434950294,0.0,1.0,10.0,4.0,0.0,1.0,1.0
2025-06-27 11:00:00+00:00,2446.60009765625,2454.846435546875,2444.399169921875,2447.12451171875,0,-0.0003342768432734,0.0003342768432734,0.005172997674553,422388394.6666667,2436.034698486328,-0.0003342768432734,0.0027549240314588,-0.0018927762757167,0.0,0.0,11.0,4.0,0.0,1.0,1.0
2025-06-27 12:00:00+00:00,2429.812744140625,2456.5517578125,2428.87744140625,2447.949951171875,0,-0.0068615028388605,0.0068615028388605,0.0052846163988553,410206634.6666667,2435.5948486328125,-0.0068615028388605,-0.0082646003388786,-0.0043257375733211,0.0,1.0,12.0,4.0,0.0,1.0,1.0
2025-06-27 13:00:00+00:00,2429.46533203125,2436.5,2419.44775390625,2430.578857421875,1137588224,-0.0001429789642073,0.0001429789642073,0.0052378855960325,457606144.0,2435.492482503256,-0.0001429789642073,-0.0055275618076868,-0.0010102244187997,0.0,0.0,13.0,4.0,0.0,1.0,1.0
2025-06-27 14:00:00+00:00,2423.611328125,2435.712158203125,2418.003173828125,2429.14892578125,0,-0.0024095852816123,0.0024095852816123,0.0050974115630665,445200298.6666667,2434.5400899251304,-0.0024095852816123,-0.0105031804184108,-0.0093430263006629,0.0,0.0,14.0,4.0,0.0,1.0,1.0
2025-06-27 15:00:00+00:00,2440.8173828125,2442.958740234375,2422.07177734375,2424.30712890625,0,0.0070993457110184,0.0070993457110184,0.0052140645042021,445200298.6666667,2434.8221537272134,0.0070993457110184,-0.0084941968536492,0.0027811824840067,1.0,1.0,15.0,4.0,0.0,1.0,1.0
2025-06-27 16:00:00+00:00,2434.655029296875,2446.712158203125,2434.222412109375,2439.497314453125,0,-0.002524708959801,0.002524708959801,0.0051900350514667,413826048.0,2435.196614583333,-0.002524708959801,-0.0052149581655174,0.0037049838076175,0.0,0.0,16.0,4.0,0.0,1.0,1.0
2025-06-27 17:00:00+00:00,2404.625732421875,2434.388916015625,2401.4052734375,2434.388916015625,392894464,-0.0123341075074904,0.0123341075074904,0.0057794704889725,430196650.6666667,2434.467000325521,-0.0123341075074904,-0.0171562018960862,-0.0072294614160104,0.0,1.0,17.0,4.0,0.0,0.0,1.0
2025-06-27 18:00:00+00:00,2393.694091796875,2408.023681640625,2391.07177734375,2406.145751953125,426019840,-0.0045460881822927,0.0045460881822927,0.005824992466924,390403626.6666667,2433.1009724934897,-0.0045460881822927,-0.0148647884207737,-0.0135112116010925,0.0,0.0,18.0,4.0,0.0,0.0,1.0
2025-06-27 19:00:00+00:00,2417.325439453125,2417.325439453125,2394.166015625,2394.7109375,0,0.0098723340368487,0.0098723340368487,0.0060773449951356,390403626.6666667,2432.1453145345054,0.0098723340368487,-0.0049969400337048,-0.0093989080878932,1.0,1.0,19.0,4.0,0.0,0.0,1.0
2025-06-27 20:00:00+00:00,2425.30224609375,2427.5625,2413.088134765625,2414.49072265625,879050752,0.0032998480512536,0.0032998480512536,0.0060958679957306,380000640.0,2431.267344156901,0.0032998480512536,0.0006976852885309,-0.0086132754298104,1.0,0.0,20.0,4.0,0.0,0.0,1.0
2025-06-27 21:00:00+00:00,2422.02685546875,2428.43115234375,2420.177001953125,2426.307373046875,0,-0.0013505082223361,0.0013505082223361,0.0054909686393373,372854229.3333333,2431.563802083333,-0.0013505082223361,-0.0076984568677964,0.0029462732519576,0.0,0.0,21.0,4.0,0.0,0.0,0.0
2025-06-27 22:00:00+00:00,2424.0302734375,2425.591552734375,2421.10595703125,2421.10595703125,777325568,0.0008271658773009,0.0008271658773009,0.0054924366249999,405242794.6666667,2431.9561462402344,0.0008271658773009,-0.004363967679825,0.003899695650033,1.0,0.0,22.0,4.0,0.0,0.0,0.0
2025-06-27 23:00:00+00:00,2424.249267578125,2424.580078125,2418.360595703125,2423.986328125,0,9.034298912213856e-05,9.034298912213856e-05,0.0054916120495624,372272554.6666667,2432.29443359375,9.034298912213856e-05,0.0081607440574487,0.0033602890727704,1.0,0.0,23.0,4.0,0.0,0.0,0.0
2025-06-28 00:00:00+00:00,2419.687255859375,2424.061279296875,2419.3154296875,2423.891845703125,0,-0.0018818245218271,0.0018818245218271,0.0053580196711709,372272554.6666667,2433.0378621419272,-0.0018818245218271,0.0108590166770172,0.0074285748555313,0.0,0.0,0.0,5.0,1.0,0.0,0.0
2025-06-28 01:00:00+00:00,2418.975341796875,2419.890869140625,2408.65869140625,2419.223876953125,0,-0.0002942173872991,0.0002942173872991,0.0048673284021834,254859818.66666663,2432.6668294270835,-0.0002942173872991,0.0006825321559198,-0.0036677202706152,0.0,0.0,1.0,5.0,1.0,0.0,0.0
2025-06-28 02:00:00+00:00,2419.977783203125,2422.719970703125,2416.93115234375,2418.611328125,0,0.0004144074513405,0.0004144074513405,0.0047602893490618,254859818.66666663,2431.864084879557,0.0004144074513405,-0.0021953811732953,-0.0078982963108721,1.0,0.0,2.0,5.0,1.0,0.0,0.0
2025-06-28 03:00:00+00:00,2421.609619140625,2422.807861328125,2418.412841796875,2419.758544921875,0,0.0006743185614457,0.0006743185614457,0.0047019236548789,254859818.66666663,2430.7898457845054,0.0006743185614457,-0.000172267424361,-0.0105343749797371,1.0,0.0,3.0,5.0,1.0,0.0,0.0
2025-06-28 04:00:00+00:00,2421.9228515625,2422.175048828125,2419.3271484375,2421.680419921875,0,0.0001293488510283,0.0001293488510283,0.0046854795567284,219333546.66666663,2429.574198404948,0.0001293488510283,-0.0008693876054656,-0.0119030460972983,1.0,0.0,4.0,5.0,1.0,0.0,0.0
2025-06-28 05:00:00+00:00,2422.943359375,2428.727783203125,2420.764404296875,2421.703857421875,0,0.0004213626424316,0.0004213626424316,0.0046062332261488,219333546.66666663,2428.868570963541,0.0004213626424316,-0.0005386856131464,-0.0069409436425315,1.0,0.0,5.0,5.0,1.0,0.0,0.0
2025-06-28 06:00:00+00:00,2427.495849609375,2427.562255859375,2423.05126953125,2423.05126953125,117784576,0.0018789090618895,0.0018789090618895,0.004533003116698,215669248.0,2427.9283345540366,0.0018789090618895,0.0032271086815418,-0.0092102478293952,1.0,0.0,6.0,5.0,1.0,0.0,0.0
2025-06-28 07:00:00+00:00,2432.875,2433.53173828125,2425.946533203125,2427.673095703125,0,0.0022159256797453,0.0022159256797453,0.0045295545880481,215669248.0,2427.507751464844,0.0022159256797453,0.0057460933821673,-0.0041318551994867,1.0,0.0,7.0,5.0,1.0,0.0,0.0
2025-06-28 08:00:00+00:00,2424.271484375,2432.685546875,2421.744384765625,2432.685546875,0,-0.0035363574474643,0.0035363574474643,0.0045398133184067,156307754.66666666,2426.463348388672,-0.0035363574474643,0.0017742729712963,-0.010233655968586,0.0,0.0,8.0,5.0,1.0,0.0,0.0
2025-06-28 09:00:00+00:00,2428.62890625,2429.10595703125,2421.95849609375,2424.841796875,0,0.0017974149772765,0.0017974149772765,0.0044158492850396,155444309.33333334,2425.084228515625,0.0017974149772765,0.0028986039095211,-0.013445384651774,1.0,0.0,9.0,5.0,1.0,0.0,0.0
2025-06-28 10:00:00+00:00,2426.641357421875,2430.26416015625,2425.73486328125,2428.217529296875,0,-0.0008183830897384,0.0008183830897384,0.0042726337282,155444309.33333334,2424.2185262044272,-0.0008183830897384,0.0019482477967169,-0.0084892951107896,0.0,0.0,10.0,5.0,1.0,0.0,0.0
2025-06-28 11:00:00+00:00,2428.667236328125,2429.03369140625,2426.763427734375,2426.763427734375,0,0.0008348489157881,0.0008348489157881,0.0042794374231614,155444309.33333334,2423.4713236490884,0.0008348489157881,0.002362365150212,-0.0073297067817924,1.0,0.0,11.0,5.0,1.0,0.0,0.0
2025-06-28 12:00:00+00:00,2427.248291015625,2428.32763671875,2424.712646484375,2428.32763671875,0,-0.0005842485505117,0.0005842485505117,0.0040463035289055,155444309.33333334,2423.364471435547,-0.0005842485505117,-0.0001019810574711,-0.001055411834177,0.0,0.0,12.0,5.0,1.0,0.0,0.0
2025-06-28 13:00:00+00:00,2423.369140625,2429.0,2422.089599609375,2427.175048828125,0,-0.0015981679356757,0.0015981679356757,0.0040588573943197,108044800.0,2423.1104634602866,-0.0015981679356757,-0.0039072535066536,-0.0025092728535266,0.0,0.0,13.0,5.0,1.0,0.0,0.0
2025-06-28 14:00:00+00:00,2426.713623046875,2427.751953125,2423.5859375,2423.5859375,0,0.0013800961503589,0.0013800961503589,0.0040386346062152,108044800.0,2423.2397257486978,0.0013800961503589,0.0010073701264958,0.0012800298818025,1.0,0.0,14.0,5.0,1.0,0.0,0.0
2025-06-28 15:00:00+00:00,2440.236328125,2440.236328125,2425.07958984375,2426.71533203125,0,0.0055724354739257,0.0055724354739257,0.0039336008162681,108044800.0,2423.2155151367188,0.0055724354739257,0.004779413538696,-0.0002380574194495,1.0,1.0,15.0,5.0,1.0,0.0,0.0
2025-06-28 16:00:00+00:00,2434.417236328125,2441.630126953125,2433.696533203125,2437.475341796875,992229376,-0.0023846427207917,0.0023846427207917,0.0039297980948854,149387690.66666666,2423.205607096354,-0.0023846427207917,0.003204379123626,-9.76700870918279e-05,0.0,0.0,16.0,5.0,1.0,0.0,0.0
2025-06-28 17:00:00+00:00,2445.093017578125,2447.251708984375,2434.734619140625,2434.734619140625,0,0.0043853539527605,0.0043853539527605,0.003025529385517,133017088.0,2424.8917439778647,0.0043853539527605,0.0067632901717873,0.0168289329231674,1.0,1.0,17.0,5.0,1.0,0.0,0.0
2025-06-28 18:00:00+00:00,2437.83984375,2445.210693359375,2434.572021484375,2445.210693359375,562914304,-0.0029664204085411,0.0029664204085411,0.0029218465925675,138721024.0,2426.7311503092446,-0.0029664204085411,0.0043636049816491,0.0184425203305682,0.0,1.0,18.0,5.0,1.0,0.0,0.0
2025-06-28 19:00:00+00:00,2434.385009765625,2439.70849609375,2434.159423828125,2437.6826171875,0,-0.0014171702022314,0.0014171702022314,0.0022153742022738,138721024.0,2427.441965738932,-0.0014171702022314,0.0045456835097701,0.0070572087787896,0.0,0.0,19.0,5.0,1.0,0.0,0.0
2025-06-28 20:00:00+00:00,2431.49267578125,2435.16650390625,2429.635009765625,2434.379638671875,0,-0.0011881169054082,0.0011881169054082,0.0021388361949143,102093909.33333331,2427.6999003092446,-0.0011881169054082,0.0019693517558014,0.0025524363808553,0.0,0.0,20.0,5.0,1.0,0.0,0.0
2025-06-28 21:00:00+00:00,2436.276611328125,2436.276611328125,2430.4873046875,2431.03271484375,0,0.001967489186591,0.001967489186591,0.0021476506604111,102093909.33333331,2428.2936401367188,0.001967489186591,-0.0016226775870997,0.0058834012625417,1.0,0.0,21.0,5.0,1.0,0.0,0.0
2025-06-28 22:00:00+00:00,2441.603759765625,2441.92529296875,2436.049560546875,2436.962646484375,0,0.0021865942531853,0.0021865942531853,0.0021812903015432,69705344.0,2429.025868733724,0.0021865942531853,0.0029520508359279,0.0072496975473841,1.0,1.0,22.0,5.0,1.0,0.0,0.0
2025-06-28 23:00:00+00:00,2437.128662109375,2442.30029296875,2436.4287109375,2440.946533203125,0,-0.0018328517222956,0.0018328517222956,0.0022243545962504,69705344.0,2429.562510172526,-0.0018328517222956,-0.0032572811796905,0.0053127352469479,0.0,0.0,23.0,5.0,1.0,0.0,0.0
2025-06-29 00:00:00+00:00,2440.003662109375,2442.26953125,2433.21826171875,2436.9814453125,27124224,0.0011796668943655,0.0011796668943655,0.0021858405535165,70835520.0,2430.4090270996094,0.0011796668943655,0.0008875966011148,0.0083962942734863,1.0,0.0,0.0,6.0,1.0,0.0,0.0
2025-06-29 01:00:00+00:00,2430.33935546875,2439.850830078125,2430.33935546875,2439.850830078125,0,-0.0039607754655048,0.0039607754655048,0.0023545023350223,70835520.0,2430.882527669271,-0.0039607754655048,-0.0016618793989634,0.0046978625517668,0.0,1.0,1.0,6.0,1.0,0.0,0.0
2025-06-29 02:00:00+00:00,2432.640625,2432.719970703125,2427.316650390625,2430.431396484375,44859904,0.0009468922626265,0.0009468922626265,0.0023591349245448,72704682.66666667,2431.410146077474,0.0009468922626265,0.0004721170786095,0.0052326272930134,1.0,0.0,2.0,6.0,1.0,0.0,0.0
2025-06-29 03:00:00+00:00,2429.179443359375,2433.3388671875,2428.45068359375,2432.212890625,0,-0.0014228084514641,0.0014228084514641,0.0023803241182467,72704682.66666667,2431.725555419922,-0.0014228084514641,-0.0029131207580246,0.0031259473694345,0.0,0.0,3.0,6.0,1.0,0.0,0.0
2025-06-29 04:00:00+00:00,2430.519775390625,2431.8232421875,2428.237548828125,2429.033447265625,10500608,0.0005517632857112,0.0005517632857112,0.0023818589632698,73142208.0,2432.0837605794272,0.0005517632857112,-0.004539632743711,0.0035496274468771,1.0,0.0,4.0,6.0,1.0,0.0,0.0
2025-06-29 05:00:00+00:00,2434.546142578125,2434.83154296875,2428.915771484375,2430.62646484375,0,0.0016565868865858,0.0016565868865858,0.0024012359514843,73142208.0,2432.567209879557,0.0016565868865858,-0.0010596566243715,0.0047887141720548,1.0,0.0,5.0,6.0,1.0,0.0,0.0
2025-06-29 06:00:00+00:00,2436.286376953125,2436.286376953125,2434.013916015625,2434.4990234375,0,0.0007148085405179,0.0007148085405179,0.0023775268873088,68234517.33333333,2432.9334818522134,0.0007148085405179,-0.0015234752365234,0.0036212326975408,1.0,0.0,6.0,6.0,1.0,0.0,0.0
2025-06-29 07:00:00+00:00,2439.728515625,2440.093994140625,2436.716552734375,2437.3564453125,248489984,0.0014128629148186,0.0014128629148186,0.0023527581980764,78588266.66666667,2433.219045003256,0.0014128629148186,0.0038633123950868,0.0028170438781276,1.0,0.0,7.0,6.0,1.0,0.0,0.0
2025-06-29 08:00:00+00:00,2443.560791015625,2447.0185546875,2439.469482421875,2440.053466796875,0,0.0015707794396309,0.0015707794396309,0.0022357392888854,78588266.66666667,2434.022766113281,0.0015707794396309,0.0044890173679579,0.0079567436093479,1.0,0.0,8.0,6.0,1.0,0.0,0.0
2025-06-29 09:00:00+00:00,2451.4775390625,2457.186767578125,2440.514404296875,2444.048583984375,587521024,0.0032398408404583,0.0032398408404583,0.0022954177004752,103068309.33333331,2434.9747924804688,0.0032398408404583,0.0091792707056208,0.009408037907191,1.0,1.0,9.0,6.0,1.0,0.0,0.0
2025-06-29 10:00:00+00:00,2457.35302734375,2458.074951171875,2448.3671875,2448.3671875,0,0.0023967130792057,0.0023967130792057,0.0023153916219514,103068309.33333331,2436.2544453938804,0.0023967130792057,0.0110401290393995,0.0126560399327009,1.0,1.0,10.0,6.0,1.0,0.0,0.0
2025-06-29 11:00:00+00:00,2462.52001953125,2462.52001953125,2454.58740234375,2457.484130859375,296781824,0.0021026658074787,0.0021026658074787,0.0023370879725787,115434218.66666669,2437.664978027344,0.0021026658074787,0.011490386837976,0.0139388314285109,1.0,0.0,11.0,6.0,1.0,0.0,0.0
2025-06-29 12:00:00+00:00,2454.774658203125,2462.5,2451.661376953125,2462.5,1203204608,-0.003145298826687,0.003145298826687,0.0024483566506221,165567744.0,2438.8119099934897,-0.003145298826687,0.0075887142927433,0.0113405650709026,0.0,1.0,12.0,6.0,1.0,0.0,0.0
2025-06-29 13:00:00+00:00,2447.946044921875,2456.470458984375,2447.946044921875,2454.888427734375,134263808,-0.0027817678736542,0.0027817678736542,0.0025031927215368,171162069.33333334,2439.835947672526,-0.0027817678736542,0.0033682146370985,0.0101416263353657,0.0,1.0,13.0,6.0,1.0,0.0,0.0
2025-06-29 14:00:00+00:00,2441.656982421875,2451.918701171875,2438.830078125,2447.851806640625,244592640,-0.0025691181033365,0.0025691181033365,0.0025665784021984,181353429.3333333,2440.4585876464844,-0.0025691181033365,-0.0007791124332776,0.0061578586088941,0.0,1.0,14.0,6.0,1.0,0.0,0.0
2025-06-29 15:00:00+00:00,2437.8466796875,2444.523193359375,2436.58349609375,2441.390380859375,0,-0.0015605397325694,0.0015605397325694,0.0023262800697826,181353429.3333333,2440.3590189615884,-0.0015605397325694,-0.0055602628038814,-0.0009792692658321,0.0,0.0,15.0,6.0,1.0,0.0,0.0
2025-06-29 16:00:00+00:00,2439.5029296875,2439.700927734375,2431.85107421875,2437.70166015625,824929280,0.0006793905514239,0.0006793905514239,0.0022754307448051,174382592.0,2440.5709228515625,0.0006793905514239,-0.0072639533097712,0.0020890804104911,1.0,0.0,16.0,6.0,1.0,0.0,0.0
2025-06-29 17:00:00+00:00,2439.864013671875,2440.284423828125,2434.02490234375,2439.863525390625,0,0.0001480153928001,0.0001480153928001,0.0020839435601323,174382592.0,2440.3530476888022,0.0001480153928001,-0.0092003336743177,-0.0021385705446205,1.0,0.0,17.0,6.0,1.0,0.0,0.0
2025-06-29 18:00:00+00:00,2440.96435546875,2442.642333984375,2435.375244140625,2439.64501953125,952590336,0.0004509848871532,0.0004509848871532,0.0019934395609004,190619093.3333333,2440.4832356770835,0.0004509848871532,-0.0056258942906327,0.0012816722668473,1.0,0.0,18.0,6.0,1.0,0.0,0.0
2025-06-29 19:00:00+00:00,2438.30078125,2439.387939453125,2435.259521484375,2438.93505859375,0,-0.0010911975067486,0.0010911975067486,0.0019840593678647,190619093.3333333,2440.6463928222656,-0.0010911975067486,-0.003940145532163,0.0016085259598077,0.0,0.0,19.0,6.0,1.0,0.0,0.0
2025-06-29 20:00:00+00:00,2434.129638671875,2438.74560546875,2434.090087890625,2438.169921875,2950144,-0.0017106759798463,0.0017106759798463,0.0020012461675411,190742016.0,2440.756266276041,-0.0017106759798463,-0.0030828833878761,0.0010845037358697,0.0,0.0,20.0,6.0,1.0,0.0,0.0
2025-06-29 21:00:00+00:00,2432.070556640625,2437.71484375,2419.599609375,2434.11767578125,346555392,-0.0008459212683402,0.0008459212683402,0.0019659535053868,205181824.0,2440.581013997396,-0.0008459212683402,-0.0023693545188885,-0.001726427396603,0.0,0.0,21.0,6.0,1.0,0.0,0.0
2025-06-29 22:00:00+00:00,2501.224609375,2505.972412109375,2431.66943359375,2431.66943359375,1164694528,0.0284342296507615,0.0284342296507615,0.0061417846265799,253710762.66666663,2443.065216064453,0.0284342296507615,0.0253009246008188,0.0244187245251858,1.0,1.0,22.0,6.0,1.0,0.0,0.0
2025-06-29 23:00:00+00:00,2502.796630859375,2516.499267578125,2496.228515625,2510.869140625,1673955328,0.0006285007265971,0.0006285007265971,0.0061124951311948,323458901.3333333,2445.8013814290366,0.0006285007265971,0.0257934937500019,0.0269448100016038,1.0,0.0,23.0,6.0,1.0,0.0,0.0
2025-06-30 00:00:00+00:00,2519.19921875,2521.603271484375,2500.5654296875,2500.5654296875,767495168,0.0065537038400891,0.0065537038400891,0.0062121646205373,354307690.6666667,2449.1011962890625,0.0065537038400891,0.0320508011950162,0.0324571466307392,1.0,1.0,0.0,0.0,0.0,0.0,0.0
2025-06-30 01:00:00+00:00,2512.002197265625,2519.02392578125,2506.825927734375,2519.02392578125,0,-0.0028568687346394,0.0028568687346394,0.0061751092929723,354307690.6666667,2452.5038146972656,-0.0028568687346394,0.0302265481692713,0.0336014152151704,0.0,0.0,1.0,0.0,0.0,0.0,0.0
2025-06-30 02:00:00+00:00,2500.91552734375,2511.23095703125,2500.91552734375,2509.826904296875,1133327360,-0.0044134793886498,0.0044134793886498,0.0062879675831696,399660501.3333333,2455.348602294922,-0.0044134793886498,0.0274372768035129,0.0280661687723602,0.0,0.0,2.0,0.0,0.0,0.0,0.0
2025-06-30 03:00:00+00:00,2501.13818359375,2504.2392578125,2496.86279296875,2501.49560546875,241110016,8.902989627812552e-05,8.902989627812552e-05,0.0062683781343894,409706752.0,2458.346883138021,8.902989627812552e-05,0.0283986937650884,0.0296226532095387,1.0,0.0,3.0,0.0,0.0,0.0,0.0
2025-06-30 04:00:00+00:00,2496.10400390625,2505.489013671875,2496.10400390625,2500.562744140625,179943424,-0.0020127555208752,0.0020127555208752,0.0063023089676121,416766869.3333333,2461.079559326172,-0.0020127555208752,-0.0020472393600946,0.026983622671856,0.0,0.0,4.0,0.0,0.0,0.0,1.0
2025-06-30 05:00:00+00:00,2503.744140625,2503.744140625,2496.00244140625,2496.49365234375,201768960,0.0030608246718861,0.0030608246718861,0.0063139298831232,425173909.3333333,2463.9628092447915,0.0030608246718861,0.0003785804063911,0.028423366818423,1.0,0.0,5.0,0.0,0.0,0.0,1.0
2025-06-30 06:00:00+00:00,2466.7705078125,2503.925537109375,2461.1396484375,2503.52734375,0,-0.0147673367308491,0.0147673367308491,0.0071055720654149,425173909.3333333,2465.232981363932,-0.0147673367308491,-0.0208116573501934,0.0125125400477341,0.0,1.0,6.0,0.0,0.0,0.0,1.0
2025-06-30 07:00:00+00:00,2481.3125,2482.465576171875,2462.570068359375,2465.527587890625,1838686208,0.0058951540653839,0.0058951540653839,0.0071878810240005,491432085.3333333,2466.965647379557,0.0058951540653839,-0.0122172254861208,0.0170445129893261,1.0,0.0,7.0,0.0,0.0,0.0,1.0
2025-06-30 08:00:00+00:00,2468.1513671875,2485.48828125,2468.1513671875,2481.91064453125,0,-0.0053041012820835,0.0053041012820835,0.0072891501065308,491432085.3333333,2467.990254720052,-0.0053041012820835,-0.0131008663819401,0.0100634190327035,0.0,0.0,8.0,0.0,0.0,0.0,1.0
2025-06-30 09:00:00+00:00,2454.920166015625,2476.20751953125,2454.920166015625,2470.6826171875,723628032,-0.005360773795228,0.005360773795228,0.0073567480756803,497103210.6666667,2468.1336975097656,-0.005360773795228,-0.0184787941271269,0.0014043069529576,0.0,0.0,9.0,0.0,0.0,1.0,1.0
2025-06-30 10:00:00+00:00,2457.39697265625,2457.39697265625,2448.184814453125,2452.430419921875,179657728,0.0010089153508583,0.0010089153508583,0.00734322236967,504588949.3333333,2468.135528564453,0.0010089153508583,-0.0155069785511444,1.788319057571819e-05,1.0,0.0,10.0,0.0,0.0,1.0,1.0
2025-06-30 11:00:00+00:00,2460.370849609375,2466.403076171875,2454.377685546875,2457.082275390625,0,0.0012101736049223,0.0012101736049223,0.0073345049341581,492223040.0,2468.0459798177085,0.0012101736049223,-0.017323371949978,-0.0008727522638716,1.0,0.0,11.0,0.0,0.0,1.0,1.0
2025-06-30 12:00:00+00:00,2460.257568359375,2465.11328125,2458.471923828125,2459.09228515625,888498176,-4.604234764771231e-05,4.604234764771231e-05,0.0073041397350028,479110272.0,2468.274434407552,-4.604234764771231e-05,-0.0026402697099295,0.0022335696427073,0.0,0.0,12.0,0.0,0.0,1.0,1.0
2025-06-30 13:00:00+00:00,2461.972900390625,2474.07177734375,2460.4130859375,2460.4130859375,206530560,0.0006972164432335,0.0006972164432335,0.0072785605669487,482121386.6666667,2468.85888671875,0.0006972164432335,-0.0077941007468326,0.0057300509126203,1.0,0.0,13.0,0.0,0.0,1.0,1.0
2025-06-30 14:00:00+00:00,2440.2958984375,2468.837158203125,2440.2958984375,2462.523681640625,162024448,-0.0088047280900962,0.0088047280900962,0.0074922181688251,478681045.3333333,2468.802174886068,-0.0088047280900962,-0.011285964515921,-0.0005574427506295,0.0,1.0,14.0,0.0,0.0,1.0,1.0
2025-06-30 15:00:00+00:00,2475.16845703125,2480.197265625,2438.5078125,2438.5078125,680687616,0.0142902992280888,0.0142902992280888,0.0080278519894944,507043029.3333333,2470.357248942057,0.0142902992280888,0.0082480445987327,0.0153093209900034,1.0,1.0,15.0,0.0,0.0,1.0,1.0
2025-06-30 16:00:00+00:00,2475.933349609375,2481.929931640625,2464.98681640625,2475.2861328125,995867648,0.0003090264729062,0.0003090264729062,0.0080281767969069,514165461.3333333,2471.8751831054688,0.0003090264729062,0.0075430942413381,0.0149335421894909,1.0,0.0,16.0,0.0,0.0,1.0,1.0
2025-06-30 17:00:00+00:00,2490.177490234375,2497.35302734375,2475.142333984375,2476.70751953125,0,0.0057530387993873,0.0057530387993873,0.0080942410686546,514165461.3333333,2473.97157796224,0.0057530387993873,0.0121146942664078,0.0206214265551549,1.0,0.0,17.0,0.0,0.0,0.0,1.0
2025-06-30 18:00:00+00:00,2486.68310546875,2495.800048828125,2481.78466796875,2488.709716796875,405149696,-0.0014032673491463,0.0014032673491463,0.0081073725877121,491355434.6666667,2475.8765258789062,-0.0014032673491463,0.0107409636491828,0.0187297900920067,0.0,0.0,18.0,0.0,0.0,0.0,1.0
2025-06-30 19:00:00+00:00,2513.031494140625,2515.9208984375,2486.439697265625,2486.7578125,1679575040,0.0105957967116634,0.0105957967116634,0.008336296192839,561337728.0,2478.990305582682,0.0105957967116634,0.0207388934873731,0.030648685127482,1.0,1.0,19.0,0.0,0.0,0.0,1.0
2025-06-30 20:00:00+00:00,2503.20703125,2520.84375,2503.20703125,2517.763671875,538419200,-0.0039094069905337,0.0039094069905337,0.0083826784428599,583648938.6666666,2481.868530273437,-0.0039094069905337,0.0257801248007594,0.0283786826636791,0.0,0.0,20.0,0.0,0.0,0.0,1.0
2025-06-30 21:00:00+00:00,2490.03515625,2504.762939453125,2485.67626953125,2504.762939453125,0,-0.0052619998408292,0.0052619998408292,0.0084774723936248,569209130.6666666,2484.283721923828,-0.0052619998408292,0.0060063383469992,0.0238334366785148,0.0,0.0,21.0,0.0,0.0,0.0,0.0
2025-06-30 22:00:00+00:00,2492.65283203125,2495.68896484375,2486.32080078125,2492.21142578125,0,0.0010512605714338,0.0010512605714338,0.0061501330339189,520680192.0,2483.9265645345054,0.0010512605714338,0.0067527998782814,-0.0034270322271824,1.0,0.0,22.0,0.0,0.0,0.0,0.0
2025-06-30 23:00:00+00:00,2486.239990234375,2494.604248046875,2486.239990234375,2492.12109375,29356032,-0.0025726975351193,0.0025726975351193,0.0061677710403865,452155221.3333333,2483.2367045084634,-0.0025726975351193,-0.0015812125904444,-0.0066152560782835,0.0,0.0,23.0,0.0,0.0,0.0,0.0
2025-07-01 00:00:00+00:00,2492.91552734375,2495.8837890625,2480.247314453125,2487.191162109375,0,0.0026849930560186,0.0026849930560186,0.0060310364151623,420176256.0,2482.1415506998696,0.0026849930560186,0.0025063193059435,-0.0104333516820046,1.0,0.0,0.0,1.0,0.0,0.0,0.0
2025-07-01 01:00:00+00:00,2489.841796875,2499.875732421875,2489.841796875,2494.016357421875,0,-0.001232986210337,0.001232986210337,0.0060115804459304,420176256.0,2481.2182006835938,-0.001232986210337,-0.009227778211174,-0.008821807725625,0.0,0.0,1.0,1.0,0.0,0.0,0.0
2025-07-01 02:00:00+00:00,2484.15576171875,2495.717041015625,2484.15576171875,2489.327880859375,422503424,-0.0022836933508733,0.0022836933508733,0.005964552445623,390558592.0,2480.5198771158853,-0.0022836933508733,-0.0076107446541233,-0.0067014521049419,0.0,0.0,2.0,1.0,0.0,0.0,0.0
2025-07-01 03:00:00+00:00,2486.552490234375,2488.1875,2481.338134765625,2484.105712890625,763846656,0.0009648060530498,0.0009648060530498,0.0059694772566642,412339285.3333333,2479.912139892578,0.0009648060530498,-0.0013986413030689,-0.0058316223609915,1.0,0.0,3.0,1.0,0.0,0.0,0.0
2025-07-01 04:00:00+00:00,2467.12109375,2486.401611328125,2467.12109375,2486.371826171875,0,-0.0078145933217534,0.0078145933217534,0.0061594111188588,404841642.6666667,2478.704518636068,-0.0078145933217534,-0.010242797534081,-0.0116112590304304,0.0,1.0,4.0,1.0,0.0,0.0,1.0
2025-07-01 05:00:00+00:00,2460.6005859375,2465.966064453125,2453.8837890625,2464.270751953125,279130112,-0.0026429622076591,0.0026429622076591,0.0061272746969199,408065024.0,2476.9068705240884,-0.0026429622076591,-0.0103125218794578,-0.0172316148393383,0.0,0.0,5.0,1.0,0.0,0.0,1.0
2025-07-01 06:00:00+00:00,2460.459228515625,2462.6181640625,2458.191162109375,2461.771728515625,483268608,-5.744834114196351e-05,5.744834114196351e-05,0.0053453915103921,428201216.0,2476.6439005533853,-5.744834114196351e-05,-0.013019413803687,-0.0025585190340514,0.0,0.0,6.0,1.0,0.0,0.0,1.0
2025-07-01 07:00:00+00:00,2465.856201171875,2467.01708984375,2449.266357421875,2460.397705078125,0,0.0021934818483075,0.0021934818483075,0.0052169551911341,351589290.6666667,2475.9998881022134,0.0021934818483075,-0.0096333814193453,-0.0062290819185915,1.0,0.0,7.0,1.0,0.0,0.0,1.0
2025-07-01 08:00:00+00:00,2453.73486328125,2464.546630859375,2452.8603515625,2464.546630859375,1168254976,-0.0049156710293424,0.0049156710293424,0.0052011640500728,400266581.3333333,2475.399200439453,-0.0049156710293424,-0.0122459706055034,-0.0058410128721877,0.0,0.0,8.0,1.0,0.0,0.0,1.0
2025-07-01 09:00:00+00:00,2457.401611328125,2458.769287109375,2451.68115234375,2453.712890625,0,0.0014943538121194,0.0014943538121194,0.005094347122331,370115413.3333333,2475.5025939941406,0.0014943538121194,-0.0117234118405851,0.001010804891683,1.0,0.0,9.0,1.0,0.0,1.0,1.0
2025-07-01 10:00:00+00:00,2456.32373046875,2461.365478515625,2451.5419921875,2457.499755859375,0,-0.0004386262523822,0.0004386262523822,0.0050911240370607,362629674.6666667,2475.4578755696616,-0.0004386262523822,-0.0043765031674379,-0.0004367394439898,0.0,0.0,10.0,1.0,0.0,1.0,1.0
2025-07-01 11:00:00+00:00,2448.661865234375,2458.474365234375,2445.555419921875,2456.603759765625,96327680,-0.0031192408147735,0.0031192408147735,0.0051227678841525,366643328.0,2474.970001220703,-0.0031192408147735,-0.0048519539381383,-0.0047590323128966,0.0,0.0,11.0,1.0,0.0,1.0,1.0
2025-07-01 12:00:00+00:00,2437.6533203125,2453.26806640625,2437.12255859375,2449.436767578125,423021568,-0.0044957391129303,0.0044957391129303,0.0051974519341179,347248469.3333333,2474.0281575520835,-0.0044957391129303,-0.0092689640774432,-0.0091877567363601,0.0,0.0,12.0,1.0,0.0,1.0,1.0
2025-07-01 13:00:00+00:00,2444.253662109375,2447.889892578125,2429.30419921875,2438.51025390625,0,0.0027076622183621,0.0027076622183621,0.0052315173288552,338643029.3333333,2473.2898559570312,0.0027076622183621,-0.0087606645725056,-0.007197170317528,1.0,0.0,13.0,1.0,0.0,1.0,1.0
2025-07-01 14:00:00+00:00,2419.329833984375,2453.54833984375,2411.877197265625,2444.468017578125,1048089600,-0.0101969073469612,0.0101969073469612,0.0053367195876011,375562410.6666667,2472.416269938151,-0.0101969073469612,-0.0140214942582944,-0.0085916074630741,0.0,1.0,14.0,1.0,0.0,1.0,1.0
2025-07-01 15:00:00+00:00,2424.69677734375,2430.72607421875,2418.456787109375,2420.123779296875,0,0.0022183595159226,0.0022183595159226,0.0043804867518417,347200426.6666667,2470.3132832845054,0.0022183595159226,-0.0133087053551248,-0.0203912099574977,1.0,0.0,15.0,1.0,0.0,1.0,1.0
2025-07-01 16:00:00+00:00,2424.060302734375,2431.375,2422.041748046875,2424.909423828125,0,-0.0002624965790866,0.0002624965790866,0.0043754691464641,305705941.3333333,2468.1519063313804,-0.0002624965790866,-0.0131348434793723,-0.0209509060020472,0.0,0.0,16.0,1.0,0.0,1.0,1.0
2025-07-01 17:00:00+00:00,2430.872314453125,2431.691650390625,2420.0,2425.15869140625,360636416,0.0028101659480441,0.0028101659480441,0.0042201958987037,320732458.6666667,2465.680857340494,0.0028101659480441,-0.007265009119398,-0.0238156420631961,1.0,0.0,17.0,1.0,0.0,0.0,1.0
2025-07-01 18:00:00+00:00,2408.795166015625,2432.81640625,2408.795166015625,2432.62890625,0,-0.0090819860451891,0.0090819860451891,0.0045320248009283,303851221.3333333,2462.435526529948,-0.0090819860451891,-0.0118384981393397,-0.0313220205991799,0.0,1.0,18.0,1.0,0.0,0.0,1.0
2025-07-01 19:00:00+00:00,2411.450439453125,2421.748779296875,2406.669189453125,2411.17578125,1654794240,0.0011023242967944,0.0011023242967944,0.0038028561308231,302818688.0,2458.2029825846357,0.0011023242967944,-0.0134205476153163,-0.0404217197135594,1.0,0.0,19.0,1.0,0.0,0.0,1.0
2025-07-01 20:00:00+00:00,2417.793701171875,2417.793701171875,2399.322998046875,2406.03271484375,0,0.0026304756734658,0.0026304756734658,0.0038721417059236,280384554.6666667,2454.6440938313804,0.0026304756734658,-0.0006349414581351,-0.0341215604669634,1.0,0.0,20.0,1.0,0.0,0.0,1.0
2025-07-01 21:00:00+00:00,2406.95947265625,2417.5966796875,2405.372314453125,2416.46435546875,0,-0.0044810392674833,0.0044810392674833,0.003841774041126,280384554.6666667,2451.182607014974,-0.0044810392674833,-0.0073152671514378,-0.0333632572958777,0.0,1.0,21.0,1.0,0.0,0.0,0.0
2025-07-01 22:00:00+00:00,2402.31640625,2412.34228515625,2400.868408203125,2407.536376953125,2549569536,-0.001929017276359,0.001929017276359,0.0038069102516048,386616618.6666667,2447.4185892740884,-0.001929017276359,-0.0089700311744916,-0.0362410780275548,0.0,0.0,22.0,1.0,0.0,0.0,0.0
2025-07-01 23:00:00+00:00,2405.992431640625,2406.4365234375,2390.3427734375,2401.523681640625,0,0.0015302003437438,0.0015302003437438,0.0038499276797907,385393450.6666667,2444.074940999349,0.0015302003437438,-0.0102349607853002,-0.0322766743793647,1.0,0.0,23.0,1.0,0.0,0.0,0.0
2025-07-02 00:00:00+00:00,2399.593017578125,2409.4091796875,2399.4111328125,2405.5849609375,0,-0.0026597814599675,0.0026597814599675,0.0037593521312961,385393450.6666667,2440.186503092448,-0.0026597814599675,-0.003820228704926,-0.037435087046476,0.0,0.0,0.0,2.0,0.0,0.0,0.0
2025-07-02 01:00:00+00:00,2410.22900390625,2410.796142578125,2382.292236328125,2399.481689453125,1961691136,0.0044324126008916,0.0044324126008916,0.0039549810684093,467130581.3333333,2436.8693033854165,0.0044324126008916,-0.0005065148870121,-0.0319750407711333,1.0,1.0,1.0,2.0,0.0,0.0,0.0
2025-07-02 02:00:00+00:00,2417.79345703125,2418.436279296875,2408.822021484375,2410.943603515625,39064576,0.0031384790045843,0.0031384790045843,0.004052724961984,451153962.6666667,2434.104207356771,0.0031384790045843,-1.0097661551355941e-07,-0.0267142285158419,1.0,0.0,2.0,2.0,0.0,0.0,0.0
2025-07-02 03:00:00+00:00,2430.393310546875,2430.78076171875,2417.5517578125,2417.936767578125,160962560,0.0052113026772335,0.0052113026772335,0.0042362329059962,426033792.0,2431.7642415364585,0.0052113026772335,0.0097358672453109,-0.0225851575255532,1.0,1.0,3.0,2.0,0.0,0.0,0.0
2025-07-02 04:00:00+00:00,2439.25341796875,2439.394287109375,2426.67529296875,2430.527587890625,0,0.0036455446875309,0.0036455446875309,0.0040706190432884,426033792.0,2430.6030883789062,0.0036455446875309,0.0153755815106839,-0.0112956254364035,1.0,0.0,4.0,2.0,0.0,0.0,1.0
2025-07-02 05:00:00+00:00,2444.239990234375,2446.249755859375,2435.339599609375,2439.66845703125,0,0.002044302666091,0.002044302666091,0.0040740357863103,414403370.6666667,2429.921396891276,0.002044302666091,0.0158967909004057,-0.0066490253625992,1.0,0.0,5.0,2.0,0.0,0.0,1.0
2025-07-02 06:00:00+00:00,2452.396728515625,2452.6181640625,2440.17626953125,2444.95849609375,1632094208,0.0033371265971586,0.0033371265971586,0.0041401238865999,462271104.0,2429.585459391276,0.0033371265971586,0.0220052777911456,-0.0032768273119746,1.0,0.0,6.0,2.0,0.0,0.0,1.0
2025-07-02 07:00:00+00:00,2448.581787109375,2452.77294921875,2444.390380859375,2452.4951171875,0,-0.0015555971682278,0.0015555971682278,0.0041193797144524,462271104.0,2428.865692138672,-0.0015555971682278,0.0159125058826221,-0.0070054425940533,0.0,0.0,7.0,2.0,0.0,0.0,1.0
2025-07-02 08:00:00+00:00,2449.552734375,2455.703125,2447.16357421875,2448.0107421875,165483520,0.0003965345453178,0.0003965345453178,0.0040007406308919,420488960.0,2428.691436767578,0.0003965345453178,0.0131356453345465,-0.0017043931554436,1.0,0.0,8.0,2.0,0.0,0.0,1.0
2025-07-02 09:00:00+00:00,2448.284423828125,2454.02001953125,2447.932861328125,2449.720703125,0,-0.000517772297398,0.000517772297398,0.0039877394785882,420488960.0,2428.311553955078,-0.000517772297398,0.0073614065688916,-0.0037100925864016,0.0,0.0,9.0,2.0,0.0,1.0,1.0
2025-07-02 10:00:00+00:00,2453.03125,2453.03125,2445.423095703125,2449.343017578125,0,0.0019388377125124,0.0019388377125124,0.0040096553747509,420488960.0,2428.1743672688804,0.0019388377125124,0.0056483807421383,-0.0013404098278697,1.0,0.0,10.0,2.0,0.0,1.0,1.0
2025-07-02 11:00:00+00:00,2446.69970703125,2459.275146484375,2443.775634765625,2453.40380859375,0,-0.0025811097876351,0.0025811097876351,0.0039932059952444,416475306.6666667,2428.0926106770835,-0.0025811097876351,0.0010063319505051,-0.0008013185613674,0.0,0.0,11.0,2.0,0.0,1.0,1.0
2025-07-02 12:00:00+00:00,2438.541259765625,2447.14990234375,2432.867431640625,2446.563232421875,1108189184,-0.0033344702017086,0.0033344702017086,0.003943412640224,445023957.3333333,2428.129608154297,-0.0033344702017086,-0.0056497664463882,0.0003642599403803,0.0,0.0,12.0,2.0,0.0,1.0,1.0
2025-07-02 13:00:00+00:00,2449.920166015625,2457.150146484375,2438.619140625,2439.03125,0,0.0046662758747391,0.0046662758747391,0.0040209003593952,445023957.3333333,2428.365712483724,0.0046662758747391,0.0005465935070234,0.0023182961711756,1.0,1.0,13.0,2.0,0.0,1.0,1.0
2025-07-02 14:00:00+00:00,2471.3828125,2471.3828125,2450.552001953125,2450.609130859375,0,0.0087605493362994,0.0087605493362994,0.0037630858438873,401353557.3333333,2430.534586588541,0.0087605493362994,0.008911862895889,0.0215154534881667,1.0,1.0,14.0,2.0,0.0,1.0,1.0
2025-07-02 15:00:00+00:00,2501.28857421875,2501.79931640625,2470.64306640625,2470.64306640625,0,0.0121008212760442,0.0121008212760442,0.0044009158406154,401353557.3333333,2433.725911458333,0.0121008212760442,0.0216495068443673,0.0315881959305881,1.0,1.0,15.0,2.0,0.0,1.0,1.0
2025-07-02 16:00:00+00:00,2559.076171875,2562.2294921875,2497.69873046875,2500.82421875,2228364288,0.0231031310228966,0.0231031310228966,0.0062393416390567,494202069.3333333,2439.351572672526,0.0231031310228966,0.0432301552925589,0.0556982303568625,1.0,1.0,16.0,2.0,0.0,1.0,1.0
2025-07-02 17:00:00+00:00,2565.273681640625,2588.39501953125,2555.03076171875,2561.98779296875,1021720576,0.0024217761994493,0.0024217761994493,0.0062384089930188,521747242.6666667,2444.951629638672,0.0024217761994493,0.0484628229073722,0.0552893569885986,1.0,0.0,17.0,2.0,0.0,0.0,1.0
2025-07-02 18:00:00+00:00,2582.106201171875,2582.7294921875,2565.905029296875,2565.905029296875,2348515328,0.0065616856601766,0.0065616856601766,0.005803566253583,619602048.0,2452.172922770182,0.0065616856601766,0.0588732878032371,0.071949262270782,1.0,1.0,18.0,2.0,0.0,0.0,1.0
2025-07-02 19:00:00+00:00,2599.883544921875,2599.883544921875,2570.43798828125,2582.994873046875,0,0.0068848228403355,0.0068848228403355,0.0058449190370624,550652288.0,2460.0243021647134,0.0068848228403355,0.0612115370069954,0.078140982035477,1.0,1.0,19.0,2.0,0.0,0.0,1.0
2025-07-02 20:00:00+00:00,2594.3154296875,2607.172119140625,2589.23291015625,2607.172119140625,1237983232,-0.0021416787091294,0.0021416787091294,0.0059439107661835,602234922.6666666,2467.3793741861978,-0.0021416787091294,0.0497424423952936,0.0730094252582704,0.0,0.0,20.0,2.0,0.0,0.0,1.0
2025-07-02 21:00:00+00:00,2597.808837890625,2600.350830078125,2587.46728515625,2592.403076171875,395780096,0.0013465626281017,0.0013465626281017,0.0057424550832292,618725760.0,2475.3314310709634,0.0013465626281017,0.0385882159566581,0.079290643404045,1.0,0.0,21.0,2.0,0.0,0.0,0.0
2025-07-02 22:00:00+00:00,2595.28662109375,2616.78369140625,2593.815185546875,2599.177001953125,584759296,-0.0009709016152716,0.0009709016152716,0.005708477511617,536858666.6666667,2483.371856689453,-0.0009709016152716,0.014149812974195,0.080326727296083,0.0,0.0,22.0,2.0,0.0,0.0,0.0
2025-07-02 23:00:00+00:00,2571.331787109375,2595.154296875,2571.331787109375,2595.154296875,849254400,-0.0092301304178417,0.0092301304178417,0.0062458681408286,572244266.6666666,2490.260996500651,-0.0092301304178417,0.0023615825134397,0.0687198152805521,0.0,1.0,23.0,2.0,0.0,0.0,0.0
2025-07-03 00:00:00+00:00,2573.55078125,2578.123779296875,2565.4794921875,2570.68408203125,1458632704,0.0008629746467372,0.0008629746467372,0.0061528885002583,633020629.3333334,2497.509236653646,0.0008629746467372,-0.0033133493572,0.0724946948909894,1.0,0.0,0.0,3.0,0.0,0.0,0.0
2025-07-03 01:00:00+00:00,2581.782470703125,2584.70556640625,2570.60986328125,2574.453125,0,0.0031985727707797,0.0031985727707797,0.0061450121901143,551283498.6666666,2504.657297770182,0.0031985727707797,-0.0069622634652637,0.0711772476884307,1.0,0.0,1.0,3.0,0.0,0.0,0.0
2025-07-03 02:00:00+00:00,2568.171630859375,2581.70556640625,2558.58251953125,2581.70556640625,0,-0.0052718770842236,0.0052718770842236,0.0063658858063605,549655808.0,2510.923055013021,-0.0052718770842236,-0.010077340067809,0.0621964516409812,0.0,0.0,2.0,3.0,0.0,0.0,0.0
2025-07-03 03:00:00+00:00,2561.729248046875,2571.401611328125,2561.729248046875,2568.199951171875,0,-0.0025085483910373,0.0025085483910373,0.0064196679694589,542949034.6666666,2516.3953857421875,-0.0025085483910373,-0.0138884698972099,0.054038964364351,0.0,0.0,3.0,3.0,0.0,0.0,0.0
2025-07-03 04:00:00+00:00,2566.993896484375,2571.875732421875,2561.869140625,2562.349609375,0,0.0020551150913055,0.0020551150913055,0.0064124624507114,542949034.6666666,2521.7179056803384,0.0020551150913055,-0.0109015799563022,0.0523686787008783,1.0,0.0,4.0,3.0,0.0,0.0,1.0
2025-07-03 05:00:00+00:00,2589.904296875,2597.364501953125,2567.3427734375,2567.38623046875,0,0.0089249921560008,0.0089249921560008,0.0065597193820491,542949034.6666666,2527.7872517903647,0.0089249921560008,0.0072229145451911,0.0595949281668766,1.0,1.0,5.0,3.0,0.0,0.0,1.0
2025-07-03 06:00:00+00:00,2599.860595703125,2601.703857421875,2587.471435546875,2590.444580078125,1718396928,0.0038442728714487,0.0038442728714487,0.0065635664301258,546544981.3333334,2533.931579589844,0.0038442728714487,0.0102231572987832,0.0601305104809677,1.0,0.0,6.0,3.0,0.0,0.0,1.0
2025-07-03 07:00:00+00:00,2600.750244140625,2605.13720703125,2591.698486328125,2599.91064453125,708732928,0.0003421908232197,0.0003421908232197,0.0065244449875257,576075520.0,2540.271931966146,0.0003421908232197,0.0073467744291928,0.0621455480198149,1.0,0.0,7.0,3.0,0.0,0.0,1.0
2025-07-03 08:00:00+00:00,2589.958251953125,2603.5830078125,2589.958251953125,2601.025390625,0,-0.0041495688453029,0.0041495688453029,0.0066539523316117,569180373.3333334,2546.1221618652344,-0.0041495688453029,0.0084833197407681,0.0573188384996943,0.0,0.0,8.0,3.0,0.0,0.0,1.0
2025-07-03 09:00:00+00:00,2600.167724609375,2615.81396484375,2587.91552734375,2589.478759765625,1358571520,0.0039419448744206,0.0039419448744206,0.0066327352754158,625787520.0,2552.45063273112,0.0039419448744206,0.0150048942884211,0.062036624218589,1.0,0.0,9.0,3.0,0.0,1.0,1.0
2025-07-03 10:00:00+00:00,2598.6953125,2601.504150390625,2589.705810546875,2600.25634765625,309563392,-0.0005662758196093,0.0005662758196093,0.0066621210148905,638685994.6666666,2558.51996866862,-0.0005662758196093,0.0123496265647695,0.0593812502388626,0.0,0.0,10.0,3.0,0.0,1.0,1.0
2025-07-03 11:00:00+00:00,2597.420166015625,2599.024169921875,2584.97119140625,2598.75732421875,316094464,-0.000490687183773,0.000490687183773,0.0066072294657107,651856597.3333334,2564.7999877929688,-0.000490687183773,0.0029019872084439,0.0616015355506192,0.0,0.0,11.0,3.0,0.0,1.0,1.0
2025-07-03 12:00:00+00:00,2589.834228515625,2602.977294921875,2569.75390625,2597.675537109375,0,-0.0029205661830356,0.0029205661830356,0.0065918206868467,605682048.0,2571.1038614908853,-0.0029205661830356,-0.0038565018463185,0.0620424067643379,0.0,0.0,12.0,3.0,0.0,1.0,1.0
2025-07-03 13:00:00+00:00,2629.08740234375,2633.3251953125,2589.36669921875,2589.36669921875,2367975424,0.0151566356625933,0.0151566356625933,0.0070699655571702,704347690.6666666,2578.569163004557,0.0151566356625933,0.0108957629695383,0.0731318672393761,1.0,1.0,13.0,3.0,0.0,1.0,1.0
2025-07-03 14:00:00+00:00,2596.720703125,2630.704345703125,2592.455078125,2625.1689453125,603746304,-0.012311001600744,0.012311001600744,0.0076074252885712,729503786.6666666,2583.791575113932,-0.012311001600744,0.0026110270954271,0.0507156924419212,0.0,1.0,14.0,3.0,0.0,1.0,1.0
2025-07-03 15:00:00+00:00,2570.75927734375,2598.04638671875,2570.38037109375,2596.85302734375,0,-0.0099977736342637,0.0099977736342637,0.0076802166230597,729503786.6666666,2586.6861877441406,-0.0099977736342637,-0.0113102116403059,0.0277739657235265,0.0,1.0,15.0,3.0,0.0,1.0,1.0
2025-07-03 16:00:00+00:00,2576.220458984375,2581.62744140625,2569.77294921875,2571.89111328125,0,0.0021243457871589,0.0021243457871589,0.0061084128897849,636655274.6666666,2587.4005330403647,0.0021243457871589,-0.0086485142784991,0.0066994047687192,1.0,0.0,16.0,3.0,0.0,1.0,1.0
2025-07-03 17:00:00+00:00,2578.045166015625,2580.64404296875,2573.77099609375,2574.384033203125,0,0.0007082883861457,0.0007082883861457,0.0060924808203977,594083584.0,2587.932678222656,0.0007082883861457,-0.0074593245457552,0.0049786049989146,1.0,0.0,17.0,3.0,0.0,0.0,1.0
2025-07-03 18:00:00+00:00,2586.322021484375,2586.915283203125,2576.230712890625,2578.156494140625,0,0.0032105160832158,0.0032105160832158,0.0059782626688052,496228778.6666667,2588.108337402344,0.0032105160832158,-0.001356151290526,0.0016327060097631,1.0,0.0,18.0,3.0,0.0,0.0,1.0
2025-07-03 19:00:00+00:00,2587.308349609375,2592.6650390625,2584.242919921875,2586.38037109375,0,0.0003813632319589,0.0003813632319589,0.0058014260603147,496228778.6666667,2587.5843709309897,0.0003813632319589,-0.0158910855139811,-0.0048368302253621,1.0,0.0,19.0,3.0,0.0,0.0,1.0
2025-07-03 20:00:00+00:00,2598.17578125,2598.17578125,2586.983642578125,2586.983642578125,0,0.0042002846866959,0.0042002846866959,0.0058526768980451,444646144.0,2587.7452189127603,0.0042002846866959,0.0005603521869905,0.0014880039328775,1.0,0.0,20.0,3.0,0.0,0.0,1.0
2025-07-03 21:00:00+00:00,2596.940185546875,2603.314208984375,2591.798828125,2599.3466796875,0,-0.0004755627821804,0.0004755627821804,0.0058473263489413,428155306.6666667,2587.709025065104,-0.0004755627821804,0.0101841150331962,-0.0003343788546255,0.0,0.0,21.0,3.0,0.0,0.0,0.0
2025-07-03 22:00:00+00:00,2594.959228515625,2601.50537109375,2592.28369140625,2596.354248046875,0,-0.0007628042579782,0.0007628042579782,0.0058459744033959,403790336.0,2587.695383707682,-0.0007628042579782,0.0072737445531494,-0.0001261489098984,0.0,0.0,22.0,3.0,0.0,0.0,0.0
2025-07-03 23:00:00+00:00,2591.049072265625,2598.0498046875,2587.52099609375,2594.445068359375,0,-0.0015068276245082,0.0015068276245082,0.0055185566944016,368404736.0,2588.5169372558594,-0.0015068276245082,0.0050440955889448,0.0076681217317411,0.0,0.0,23.0,3.0,0.0,0.0,0.0
2025-07-04 00:00:00+00:00,2588.738525390625,2598.5947265625,2586.56884765625,2591.28466796875,0,-0.0008917418429978,0.0008917418429978,0.0055228509429636,307628373.3333333,2589.1497599283853,-0.0008917418429978,0.0009343399182994,0.0059014744341854,0.0,0.0,0.0,4.0,0.0,0.0,0.0
2025-07-04 01:00:00+00:00,2590.992919921875,2599.989013671875,2589.151611328125,2589.151611328125,419618816,0.0008708467499281,0.0008708467499281,0.0054893356894731,325112490.6666667,2589.533528645833,0.0008708467499281,0.001424094006057,0.0035674768588236,1.0,0.0,1.0,4.0,0.0,0.0,0.0
2025-07-04 02:00:00+00:00,2576.771484375,2592.126953125,2573.7802734375,2591.1953125,172486656,-0.0054887975329951,0.0054887975329951,0.0054988434782467,332299434.6666667,2589.891855875651,-0.0054887975329951,-0.0082382019836634,0.0033486288113646,0.0,0.0,2.0,4.0,0.0,0.0,0.0
2025-07-04 03:00:00+00:00,2579.703857421875,2585.521728515625,2574.828857421875,2576.45703125,0,0.0011380027544765,0.0011380027544765,0.0054723975398628,332299434.6666667,2590.640797932943,0.0011380027544765,-0.0066371679336042,0.0070165921666796,1.0,0.0,3.0,4.0,0.0,0.0,0.0
2025-07-04 04:00:00+00:00,2571.964111328125,2584.799072265625,2571.66162109375,2579.660888671875,0,-0.0030002459667928,0.0030002459667928,0.0054993605571582,332299434.6666667,2590.847890218099,-0.0030002459667928,-0.0088614560625115,0.0019362004913829,0.0,0.0,4.0,4.0,0.0,0.0,1.0
2025-07-04 05:00:00+00:00,2569.753662109375,2581.52880859375,2567.36083984375,2571.843994140625,168087552,-0.0008594401488785,0.0008594401488785,0.0051690675069979,339303082.6666667,2590.0082804361978,-0.0008594401488785,-0.0082188370664972,-0.0077804553588868,0.0,0.0,5.0,4.0,0.0,0.0,1.0
2025-07-04 06:00:00+00:00,2559.154541015625,2570.14990234375,2552.582275390625,2569.1689453125,515033088,-0.0041245669769957,0.0041245669769957,0.0051463300016333,289162922.6666667,2588.3121948242188,-0.0041245669769957,-0.0114279538411612,-0.0156570143625301,0.0,0.0,6.0,4.0,0.0,0.0,1.0
2025-07-04 07:00:00+00:00,2537.22607421875,2564.510986328125,2532.82177734375,2558.903076171875,0,-0.0085686371985072,0.0085686371985072,0.0053878114091351,259632384.0,2585.665354410807,-0.0085686371985072,-0.0207514444712362,-0.024425324986508,0.0,1.0,7.0,4.0,0.0,0.0,1.0
2025-07-04 08:00:00+00:00,2548.029296875,2552.94091796875,2530.516845703125,2536.3076171875,0,0.0042578872911733,0.0042578872911733,0.0054481906461297,259632384.0,2583.9183146158853,0.0042578872911733,-0.0111543408774454,-0.0161890466946738,1.0,0.0,8.0,4.0,0.0,0.0,1.0
2025-07-04 09:00:00+00:00,2552.59619140625,2558.45751953125,2548.324951171875,2548.324951171875,505806848,0.0017923241843611,0.0017923241843611,0.0053864696899117,224100522.66666663,2581.9361673990884,0.0017923241843611,-0.010508053448707,-0.0182955633026602,1.0,0.0,9.0,4.0,0.0,1.0,1.0
2025-07-04 10:00:00+00:00,2548.80029296875,2556.1962890625,2548.08935546875,2553.274169921875,0,-0.0014870736116741,0.0014870736116741,0.0053883446213234,211202048.0,2579.857208251953,-0.0014870736116741,-0.009006275887502,-0.0192000267562147,0.0,0.0,10.0,4.0,0.0,1.0,1.0
2025-07-04 11:00:00+00:00,2549.927001953125,2556.417236328125,2548.66064453125,2548.66064453125,40972288,0.0004420546354624,0.0004420546354624,0.0053939848685484,199738624.0,2577.878326416016,0.0004420546354624,-0.0077153932879213,-0.0182847444875864,1.0,0.0,11.0,4.0,0.0,1.0,1.0
2025-07-04 12:00:00+00:00,2549.77392578125,2553.360595703125,2546.530517578125,2550.232177734375,0,-6.003158982892387e-05,6.003158982892387e-05,0.0053756182390546,199738624.0,2576.2091471354165,-6.003158982892387e-05,-0.003665513388907,-0.0154682883920859,0.0,0.0,12.0,4.0,0.0,1.0,1.0
2025-07-04 13:00:00+00:00,2527.6689453125,2556.67724609375,2525.841064453125,2549.591064453125,0,-0.0086693883897871,0.0086693883897871,0.0044533125762295,101072981.33333331,2571.983378092448,-0.0086693883897871,-0.003766762845204,-0.0385755364925634,0.0,1.0,13.0,4.0,0.0,1.0,1.0
2025-07-04 14:00:00+00:00,2517.4892578125,2528.266357421875,2506.799560546875,2526.4326171875,0,-0.0040273025147845,0.0040273025147845,0.0038724834227068,75916885.33333333,2568.6820678710938,-0.0040273025147845,-0.0119857487902338,-0.0305121167698743,0.0,1.0,14.0,4.0,0.0,1.0,1.0
2025-07-04 15:00:00+00:00,2502.384033203125,2518.540283203125,2501.690185546875,2517.639404296875,720778240,-0.0060001148217412,0.0060001148217412,0.0035542363373194,105949312.0,2565.8330993652344,-0.0060001148217412,-0.0196710150912913,-0.0265972954928996,0.0,1.0,15.0,4.0,0.0,1.0,1.0
2025-07-04 16:00:00+00:00,2487.283935546875,2501.541259765625,2476.75439453125,2501.541259765625,556949504,-0.0060342846884782,0.0060342846884782,0.0036203371218921,129155541.33333331,2562.127410888672,-0.0060342846884782,-0.0241354168043597,-0.0345220934518009,0.0,1.0,16.0,4.0,0.0,1.0,1.0
2025-07-04 17:00:00+00:00,2497.4375,2497.5830078125,2487.797119140625,2487.797119140625,270397440,0.0040821895353464,0.0040821895353464,0.0037704434202845,140422101.33333334,2558.768758138021,0.0040821895353464,-0.0205847076849339,-0.0312669719980912,1.0,1.0,17.0,4.0,0.0,0.0,1.0
2025-07-04 18:00:00+00:00,2485.9033203125,2497.27099609375,2483.676025390625,2497.27099609375,190486528,-0.0046184057408844,0.0046184057408844,0.0036998121728066,148359040.0,2554.584645589193,-0.0046184057408844,-0.0250495170661767,-0.0388268360775281,0.0,1.0,18.0,4.0,0.0,0.0,1.0
2025-07-04 19:00:00+00:00,2483.013427734375,2490.249267578125,2475.802490234375,2484.370849609375,257935360,-0.0011625120552805,0.0011625120552805,0.0036764487563531,159106346.66666666,2550.239023844401,-0.0011625120552805,-0.0176666796737514,-0.0403102018708926,0.0,0.0,19.0,4.0,0.0,0.0,1.0
2025-07-04 20:00:00+00:00,2491.04541015625,2496.15673828125,2482.276611328125,2483.0205078125,0,0.0032347720443879,0.0032347720443879,0.0036137521531338,159106346.66666666,2545.7752583821616,0.0032347720443879,-0.0105040558064695,-0.0412329188297678,1.0,0.0,20.0,4.0,0.0,0.0,1.0
2025-07-04 21:00:00+00:00,2497.64990234375,2497.64990234375,2488.743408203125,2491.063720703125,0,0.0026512933728839,0.0026512933728839,0.0037164767137745,159106346.66666666,2541.6381632486978,0.0026512933728839,-0.0018918482521306,-0.0382335657000186,1.0,0.0,21.0,4.0,0.0,0.0,0.0
2025-07-04 22:00:00+00:00,2521.418212890625,2521.418212890625,2496.953369140625,2497.71142578125,1106830336,0.0095162698841704,0.0095162698841704,0.0043563304201211,205224277.3333333,2538.5739542643228,0.0095162698841704,0.0137235145758478,-0.0283399503224823,1.0,1.0,22.0,4.0,0.0,0.0,0.0
2025-07-04 23:00:00+00:00,2508.986328125,2521.323486328125,2505.882568359375,2521.323486328125,24373248,-0.0049305127971502,0.0049305127971502,0.0044227720761429,206239829.3333333,2535.1546732584634,-0.0049305127971502,0.004624271127906,-0.0316716286924156,0.0,1.0,23.0,4.0,0.0,0.0,0.0
2025-07-05 00:00:00+00:00,2517.7587890625,2517.8564453125,2507.93115234375,2508.435791015625,89511936,0.0034964163969979,0.0034964163969979,0.0045310871055068,209969493.3333333,2532.1971842447915,0.0034964163969979,0.0128144439446644,-0.0274186580189339,1.0,0.0,0.0,5.0,1.0,0.0,0.0
2025-07-05 01:00:00+00:00,2513.917724609375,2517.364990234375,2508.31884765625,2517.364990234375,0,-0.0015255887378136,0.0015255887378136,0.0045110268251855,192485376.0,2528.985717773437,-0.0015255887378136,0.0124462866490411,-0.0297473585203096,0.0,0.0,1.0,5.0,1.0,0.0,0.0
2025-07-05 02:00:00+00:00,2518.44140625,2518.783935546875,2504.5869140625,2515.158447265625,0,0.0017994549289905,0.0017994549289905,0.0044581184393873,185298432.0,2526.5552978515625,0.0017994549289905,0.0109977907195322,-0.0226368843642912,1.0,0.0,2.0,5.0,1.0,0.0,0.0
2025-07-05 03:00:00+00:00,2519.401123046875,2524.58984375,2517.99267578125,2519.736572265625,806634496,0.0003810756901048,0.0003810756901048,0.0044454079251388,218908202.66666663,2524.042683919271,0.0003810756901048,0.0087086747757216,-0.0233758360292044,1.0,0.0,3.0,5.0,1.0,0.0,0.0
2025-07-05 04:00:00+00:00,2517.959228515625,2523.746337890625,2514.896728515625,2519.0244140625,0,-0.0005723163802936,0.0005723163802936,0.0044249087862197,218908202.66666663,2521.79248046875,-0.0005723163802936,-0.0013718407986886,-0.0209975258109696,0.0,0.0,4.0,5.0,1.0,0.0,0.0
2025-07-05 05:00:00+00:00,2520.89697265625,2521.359619140625,2514.5654296875,2517.13916015625,0,0.0011667163262039,0.0011667163262039,0.0044444925740646,211904554.66666663,2519.7567850748696,0.0011667163262039,0.0047471938757637,-0.0190122073463731,1.0,0.0,5.0,5.0,1.0,0.0,0.0
2025-07-05 06:00:00+00:00,2527.8095703125,2527.90087890625,2518.373779296875,2520.48388671875,0,0.002742118274261,0.002742118274261,0.004441517909224,190444842.66666663,2518.4507446289062,0.002742118274261,0.0039919555811549,-0.0122481742312777,1.0,0.0,6.0,5.0,1.0,0.0,0.0
2025-07-05 07:00:00+00:00,2521.27734375,2529.7568359375,2520.772216796875,2527.81103515625,343120896,-0.002584145039728,0.002584145039728,0.0041258361260823,204741546.66666663,2517.7862141927085,-0.002584145039728,0.0029275497239149,-0.006285892546513,0.0,0.0,7.0,5.0,1.0,0.0,0.0
2025-07-05 08:00:00+00:00,2516.564208984375,2524.700439453125,2512.7255859375,2521.267333984375,0,-0.0018693440359937,0.0018693440359937,0.0040227574062434,204741546.66666663,2516.475168863932,-0.0018693440359937,-0.000745380559963,-0.0123487936065785,0.0,0.0,8.0,5.0,1.0,0.0,0.0
2025-07-05 09:00:00+00:00,2521.9677734375,2522.233154296875,2510.57080078125,2516.671875,0,0.0021471991192729,0.0021471991192729,0.0040322284766637,183666261.3333333,2515.198984781901,0.0021471991192729,0.0010187541662762,-0.0119989280215436,1.0,0.0,9.0,5.0,1.0,0.0,0.0
2025-07-05 10:00:00+00:00,2519.771240234375,2522.77734375,2519.729736328125,2522.77734375,702860288,-0.000870960059942,0.000870960059942,0.0040275967783931,212952106.66666663,2513.9894409179688,-0.000870960059942,0.0007196350513658,-0.0113893006111369,0.0,0.0,10.0,5.0,1.0,0.0,0.0
2025-07-05 11:00:00+00:00,2520.3291015625,2526.07568359375,2519.69287109375,2519.69287109375,0,0.0002213936405088,0.0002213936405088,0.0040256770738727,211244928.0,2512.7561950683594,0.0002213936405088,-0.0002252654907795,-0.0116073520410405,1.0,0.0,11.0,5.0,1.0,0.0,0.0
2025-07-05 12:00:00+00:00,2518.685546875,2519.997802734375,2512.411865234375,2519.997802734375,0,-0.000652119077021,0.000652119077021,0.0040248147000491,211244928.0,2511.4608459472656,-0.000652119077021,-0.0036094583803526,-0.0121926020938207,0.0,0.0,12.0,5.0,1.0,0.0,0.0
2025-07-05 13:00:00+00:00,2515.4306640625,2521.87255859375,2514.6669921875,2518.6513671875,0,-0.0012922942351967,0.0012922942351967,0.0036370636587546,211244928.0,2510.950917561849,-0.0012922942351967,-0.0023189355593875,-0.0048417263157406,0.0,0.0,13.0,5.0,1.0,0.0,0.0
2025-07-05 14:00:00+00:00,2518.642822265625,2519.379638671875,2514.555908203125,2515.135009765625,0,0.0012769814127722,0.0012769814127722,0.0035543390351838,211244928.0,2510.998982747396,0.0012769814127722,0.0008259726788726,0.000458220208704,1.0,0.0,14.0,5.0,1.0,0.0,0.0
2025-07-05 15:00:00+00:00,2507.6767578125,2519.39599609375,2507.59716796875,2518.73828125,0,-0.0043539577570036,0.0043539577570036,0.0034472824825113,181212501.3333333,2511.219512939453,-0.0043539577570036,-0.0056666131008966,0.0021150728821588,0.0,1.0,15.0,5.0,1.0,0.0,0.0
2025-07-05 16:00:00+00:00,2505.89453125,2512.644287109375,2495.35302734375,2507.775390625,0,-0.0007107082509528,0.0007107082509528,0.0031980982081898,158006272.0,2511.9949544270835,-0.0007107082509528,-0.0055071304739092,0.0074822964266976,0.0,0.0,16.0,5.0,1.0,0.0,0.0
2025-07-05 17:00:00+00:00,2504.53076171875,2510.77685546875,2499.133544921875,2506.114501953125,597015552,-0.0005442246328578,0.0005442246328578,0.0030990874290161,171615360.0,2512.2905069986978,-0.0005442246328578,-0.0062683638553218,0.0028402159088065,0.0,0.0,17.0,5.0,1.0,0.0,0.0
2025-07-05 18:00:00+00:00,2494.037841796875,2505.576416015625,2494.01220703125,2504.603759765625,0,-0.004189575182009,0.004189575182009,0.003071678435147,163678421.33333334,2512.6294453938804,-0.004189575182009,-0.0097859397766847,0.0032722597930125,0.0,1.0,18.0,5.0,1.0,0.0,0.0
2025-07-05 19:00:00+00:00,2506.598876953125,2508.090576171875,2489.307373046875,2493.452880859375,0,0.0050364252481429,0.0050364252481429,0.0032146346471449,152931114.66666666,2513.6121724446616,0.0050364252481429,-0.0035110437491094,0.0094987199647449,1.0,1.0,19.0,5.0,1.0,0.0,0.0
2025-07-05 20:00:00+00:00,2507.421142578125,2508.526611328125,2499.402587890625,2506.497314453125,737011712,0.000328040370783,0.000328040370783,0.0031573939312118,183639936.0,2514.2944946289062,0.000328040370783,-0.0044554470321462,0.0065738393828991,1.0,0.0,20.0,5.0,1.0,0.0,0.0
2025-07-05 21:00:00+00:00,2516.697265625,2517.96484375,2507.17529296875,2507.289306640625,0,0.0036994675084127,0.0036994675084127,0.0031986319060461,183639936.0,2515.088134765625,0.0036994675084127,0.0035971573227677,0.0076261141577034,1.0,1.0,21.0,5.0,1.0,0.0,0.0
2025-07-05 22:00:00+00:00,2519.95458984375,2520.565185546875,2514.792236328125,2517.11376953125,0,0.0012942852774711,0.0012942852774711,0.0025444256171022,137522005.33333334,2515.0271504720054,0.0012942852774711,0.0056107942367138,-0.0005804761143519,1.0,0.0,22.0,5.0,1.0,0.0,0.0
2025-07-05 23:00:00+00:00,2517.443359375,2522.212158203125,2516.681396484375,2519.861328125,0,-0.0009965379847998,0.0009965379847998,0.0023322742229524,136506453.33333334,2515.3795267740884,-0.0009965379847998,0.0051556953716107,0.0033706964263611,0.0,0.0,23.0,5.0,1.0,0.0,0.0
