Datetime,Close,High,Low,Open,Volume,price_change,price_change_abs,volatility_24h,volume_ma_24h,price_ma_24h,momentum_1h,momentum_6h,momentum_24h,price_up,strong_move,hour,day_of_week,is_weekend,us_market_hours,extended_hours
,^VIX,^VIX,^VIX,^VIX,^VIX,,,,,,,,,,,,,,,
2025-05-15 07:00:00+00:00,19.139999389648438,19.25,19.030000686645508,19.190000534057617,0,,,,,,,,,0.0,0.0,7.0,3.0,0.0,0.0,1.0
2025-05-15 08:00:00+00:00,19.299999237060547,19.3799991607666,19.030000686645508,19.06999969482422,0,0.0083594489296923,0.0083594489296923,,,,0.0083594489296923,,,1.0,0.0,8.0,3.0,0.0,0.0,1.0
2025-05-15 09:00:00+00:00,19.020000457763672,19.3799991607666,19.020000457763672,19.1200008392334,0,-0.0145077093453563,0.0145077093453563,,,,-0.0145077093453563,,,0.0,0.0,9.0,3.0,0.0,1.0,1.0
2025-05-15 10:00:00+00:00,19.020000457763672,19.209999084472656,19.010000228881836,19.139999389648438,0,0.0,0.0,,,,0.0,,,0.0,0.0,10.0,3.0,0.0,1.0,1.0
2025-05-15 11:00:00+00:00,18.920000076293945,19.09000015258789,18.81999969482422,19.079999923706055,0,-0.0052576434838574,0.0052576434838574,,,,-0.0052576434838574,,,0.0,0.0,11.0,3.0,0.0,1.0,1.0
2025-05-15 12:00:00+00:00,18.809999465942383,19.040000915527344,18.6299991607666,18.850000381469727,0,-0.0058139857245238,0.0058139857245238,,,,-0.0058139857245238,,,0.0,0.0,12.0,3.0,0.0,1.0,1.0
2025-05-15 13:00:00+00:00,18.760000228881836,18.989999771118164,18.6299991607666,18.920000076293945,0,-0.0026581200680561,0.0026581200680561,,,,-0.0026581200680561,-0.0198536662948964,,0.0,0.0,13.0,3.0,0.0,1.0,1.0
2025-05-15 14:00:00+00:00,18.579999923706055,18.969999313354492,18.530000686645508,18.760000228881836,0,-0.009594898879514,0.009594898879514,,,,-0.009594898879514,-0.0373056653790909,,0.0,0.0,14.0,3.0,0.0,1.0,1.0
2025-05-15 15:00:00+00:00,18.459999084472656,18.739999771118164,18.280000686645508,18.690000534057617,0,-0.0064586027839693,0.0064586027839693,,,,-0.0064586027839693,-0.0294427633971181,,0.0,0.0,15.0,3.0,0.0,1.0,1.0
2025-05-15 16:00:00+00:00,18.260000228881836,18.540000915527344,18.219999313354492,18.40999984741211,0,-0.0108341747296751,0.0108341747296751,,,,-0.0108341747296751,-0.0399579500836244,,0.0,0.0,16.0,3.0,0.0,1.0,1.0
2025-05-15 17:00:00+00:00,18.25,18.489999771118164,18.1299991607666,18.459999084472656,0,-0.0005476576536959,0.0005476576536959,,,,-0.0005476576536959,-0.0354122660460995,,0.0,0.0,17.0,3.0,0.0,0.0,1.0
2025-05-15 18:00:00+00:00,18.06999969482422,18.350000381469727,18.030000686645508,18.280000686645508,0,-0.0098630304205907,0.0098630304205907,,,,-0.0098630304205907,-0.0393407651317596,,0.0,0.0,18.0,3.0,0.0,0.0,1.0
2025-05-15 19:00:00+00:00,17.969999313354492,18.219999313354492,17.920000076293945,18.149999618530273,0,-0.0055340555151404,0.0055340555151404,,,,-0.0055340555151404,-0.0421109224887483,,0.0,0.0,19.0,3.0,0.0,0.0,1.0
2025-05-15 20:00:00+00:00,17.81999969482422,17.8799991607666,17.770000457763672,17.850000381469727,0,-0.0083472244998251,0.0083472244998251,,,,-0.0083472244998251,-0.0409042105491161,,0.0,0.0,20.0,3.0,0.0,0.0,1.0
2025-05-16 07:00:00+00:00,17.739999771118164,17.959999084472656,17.719999313354492,17.959999084472656,0,-0.0044893336181869,0.0044893336181869,,,,-0.0044893336181869,-0.0390032150088299,,0.0,0.0,7.0,4.0,0.0,0.0,1.0
2025-05-16 08:00:00+00:00,17.639999389648438,17.8799991607666,17.59000015258789,17.8700008392334,0,-0.0056370001555768,0.0056370001555768,,,,-0.0056370001555768,-0.033954043344027,,0.0,0.0,8.0,4.0,0.0,0.0,1.0
2025-05-16 09:00:00+00:00,17.709999084472656,17.729999542236328,17.59000015258789,17.649999618530273,0,0.0039682368053421,0.0039682368053421,,,,0.0039682368053421,-0.0295890912617722,,1.0,0.0,9.0,4.0,0.0,1.0,1.0
2025-05-16 10:00:00+00:00,17.59000015258789,17.760000228881836,17.540000915527344,17.65999984741211,0,-0.0067757729016471,0.0067757729016471,,,,-0.0067757729016471,-0.0265633398086783,,0.0,0.0,10.0,4.0,0.0,1.0,1.0
2025-05-16 11:00:00+00:00,17.420000076293945,17.6200008392334,17.420000076293945,17.6200008392334,0,-0.0096645864024585,0.0096645864024585,,,,-0.0096645864024585,-0.0306065252129315,,0.0,0.0,11.0,4.0,0.0,1.0,1.0
2025-05-16 12:00:00+00:00,17.489999771118164,17.5,17.299999237060547,17.459999084472656,0,0.0040183521537109,0.0040183521537109,,,,0.0040183521537109,-0.0185185145542905,,1.0,0.0,12.0,4.0,0.0,1.0,1.0
2025-05-16 13:00:00+00:00,17.479999542236328,17.670000076293945,17.299999237060547,17.329999923706055,0,-0.0005717683826588,0.0005717683826588,,,,-0.0005717683826588,-0.0146561573977657,,0.0,0.0,13.0,4.0,0.0,1.0,1.0
2025-05-16 14:00:00+00:00,17.649999618530273,17.8799991607666,17.360000610351562,17.59000015258789,0,0.0097254050769954,0.0097254050769954,,,,0.0097254050769954,0.0005669064188122,,1.0,0.0,14.0,4.0,0.0,1.0,1.0
2025-05-16 15:00:00+00:00,17.440000534057617,17.8799991607666,17.3700008392334,17.510000228881836,0,-0.0118979653830804,0.0118979653830804,,,,-0.0118979653830804,-0.0152455428781903,,0.0,0.0,15.0,4.0,0.0,1.0,1.0
2025-05-16 16:00:00+00:00,17.219999313354492,17.540000915527344,17.15999984741211,17.540000915527344,0,-0.0126147485072317,0.0126147485072317,,0.0,18.156666437784832,-0.0126147485072317,-0.0210347263231241,,0.0,0.0,16.0,4.0,0.0,1.0,1.0
2025-05-16 17:00:00+00:00,17.479999542236328,17.489999771118164,17.149999618530273,17.329999923706055,0,0.0150987363094841,0.0150987363094841,0.0075408449645963,0.0,18.087499777475998,0.0150987363094841,0.00344428620434,-0.0867293573849272,1.0,1.0,17.0,4.0,0.0,0.0,1.0
2025-05-16 18:00:00+00:00,17.350000381469727,17.489999771118164,17.270000457763672,17.31999969482422,0,-0.0074370231219107,0.0074370231219107,0.0071157277957814,0.0,18.00624982515971,-0.0074370231219107,-0.0080045392498874,-0.1010362141282557,0.0,1.0,18.0,4.0,0.0,0.0,1.0
2025-05-16 19:00:00+00:00,17.229999542236328,17.5,17.209999084472656,17.360000610351562,0,-0.0069164747316987,0.0069164747316987,0.0068091943975592,0.0,17.9316664536794,-0.0069164747316987,-0.0143020598711077,-0.0941115074893015,0.0,1.0,19.0,4.0,0.0,0.0,1.0
2025-05-16 20:00:00+00:00,17.239999771118164,17.270000457763672,17.200000762939453,17.200000762939453,0,0.0005803963521486,0.0005803963521486,0.0068253545139987,0.0,17.857499758402508,0.0005803963521486,-0.0232294536132262,-0.0935857331127949,1.0,0.0,20.0,4.0,0.0,0.0,1.0
2025-05-19 07:00:00+00:00,19.510000228881836,19.8700008392334,19.3799991607666,19.84000015258789,0,0.1316705619431943,0.1316705619431943,0.0285234769448038,0.0,17.88208309809367,0.1316705619431943,0.1186926394171736,0.0311839402858744,1.0,1.0,7.0,0.0,0.0,0.0,1.0
2025-05-19 08:00:00+00:00,19.729999542236328,19.81999969482422,19.3799991607666,19.700000762939453,0,0.0112762332533862,0.0112762332533862,0.0285425706145718,0.0,17.920416434605915,0.0112762332533862,0.1457607624255406,0.048910159618011,1.0,0.0,8.0,0.0,0.0,0.0,1.0
2025-05-19 09:00:00+00:00,19.799999237060547,19.84000015258789,19.700000762939453,19.739999771118164,0,0.0035478812188702,0.0035478812188702,0.0285232942639504,0.0,17.96374972661336,0.0035478812188702,0.1327230981453107,0.0554370466679199,1.0,0.0,9.0,0.0,0.0,1.0,1.0
2025-05-19 10:00:00+00:00,19.59000015258789,19.920000076293945,19.5,19.709999084472656,0,-0.01060601477598,0.01060601477598,0.0285428490495185,0.0,18.00583306948344,-0.01060601477598,0.1291066122114064,0.0543595389143778,0.0,0.0,10.0,0.0,0.0,1.0,1.0
2025-05-19 11:00:00+00:00,19.3700008392334,19.829999923706055,19.350000381469727,19.790000915527344,0,-0.0112301843614549,0.0112301843614549,0.0286249755724336,0.0,18.043749809265137,-0.0112301843614549,0.1242020518776703,0.0492958721501874,0.0,0.0,11.0,0.0,0.0,1.0,1.0
2025-05-19 12:00:00+00:00,19.34000015258789,19.56999969482422,19.329999923706055,19.5,0,-0.0015488221654973,0.0015488221654973,0.0285012102919174,0.0,18.088749806086224,-0.0015488221654973,0.1218097685237684,0.0591456686839366,0.0,0.0,12.0,0.0,0.0,1.0,1.0
2025-05-19 13:00:00+00:00,18.700000762939453,19.56999969482422,18.700000762939453,19.479999542236328,0,-0.033092005408428,0.033092005408428,0.0294245790187992,0.0,18.10749983787537,-0.033092005408428,-0.0415171428211103,0.0246575760514768,0.0,1.0,13.0,0.0,0.0,1.0,1.0
2025-05-19 14:00:00+00:00,18.579999923706055,19.15999984741211,18.40999984741211,19.15999984741211,0,-0.0064171569164436,0.0064171569164436,0.0293755848979869,0.0,18.12874984741211,-0.0064171569164436,-0.0582868548003993,0.0282235881292192,0.0,0.0,14.0,0.0,0.0,1.0,1.0
2025-05-19 15:00:00+00:00,18.34000015258789,18.65999984741211,18.200000762939453,18.56999969482422,0,-0.01291710291193,0.01291710291193,0.0294913831826958,0.0,18.144166549046837,-0.01291710291193,-0.0737373303398876,0.0205899194975722,0.0,0.0,15.0,0.0,0.0,1.0,1.0
2025-05-19 16:00:00+00:00,18.06999969482422,18.420000076293945,18.040000915527344,18.420000076293945,0,-0.0147219441394373,0.0147219441394373,0.0296099384060772,0.0,18.1545832157135,-0.0147219441394373,-0.0775906302156346,0.0140291809361035,0.0,0.0,16.0,0.0,0.0,1.0,1.0
2025-05-19 17:00:00+00:00,18.09000015258789,18.229999542236328,18.020000457763672,18.18000030517578,0,0.001106832213694,0.001106832213694,0.0295870802167871,0.0,18.169166564941406,0.001106832213694,-0.0660816020231089,0.0197294467861013,1.0,0.0,17.0,0.0,0.0,0.0,1.0
2025-05-19 18:00:00+00:00,18.020000457763672,18.209999084472656,17.920000076293945,18.049999237060547,0,-0.003869524280474,0.003869524280474,0.0295715024268065,0.0,18.18499994277954,-0.003869524280474,-0.0682523104658605,0.0215420114094917,0.0,0.0,18.0,0.0,0.0,0.0,1.0
2025-05-19 19:00:00+00:00,17.979999542236328,18.270000457763672,17.920000076293945,18.100000381469727,0,-0.0022198065766479,0.0022198065766479,0.0295740180878092,0.0,18.196249961853027,-0.0022198065766479,-0.038502737504164,0.0152456505771587,0.0,0.0,19.0,0.0,0.0,0.0,1.0
2025-05-19 20:00:00+00:00,18.149999618530273,18.15999984741211,18.020000457763672,18.040000915527344,0,0.0094549544283693,0.0094549544283693,0.0295735322187104,0.0,18.21958327293396,0.0094549544283693,-0.0231431812132112,0.0318362399706968,1.0,0.0,20.0,0.0,0.0,0.0,1.0
2025-05-20 07:00:00+00:00,18.389999389648438,18.5,18.31999969482422,18.459999084472656,0,0.0132231281632169,0.0132231281632169,0.029560216044046,0.0,18.2599999109904,0.0132231281632169,0.0027262397298013,0.0556830831863495,1.0,0.0,7.0,1.0,0.0,0.0,1.0
2025-05-20 08:00:00+00:00,18.40999984741211,18.5,18.309999465942383,18.350000381469727,0,0.001087572508291,0.001087572508291,0.0295603786743711,0.0,18.298333247502644,0.001087572508291,0.0188157254194794,0.0526014916142636,1.0,0.0,8.0,1.0,0.0,0.0,1.0
2025-05-20 09:00:00+00:00,18.399999618530273,18.440000534057617,18.309999465942383,18.40999984741211,0,-0.0005431954896644,0.0005431954896644,0.0295602489105328,0.0,18.336666584014893,-0.0005431954896644,0.0171365098577975,0.0526315846903187,0.0,0.0,9.0,1.0,0.0,1.0,1.0
2025-05-20 10:00:00+00:00,18.190000534057617,18.440000534057617,18.190000534057617,18.440000534057617,0,-0.0114129939579548,0.0114129939579548,0.0296513371277771,0.0,18.359166622161865,-0.0114129939579548,0.0094339662583473,0.030594953382345,0.0,0.0,10.0,1.0,0.0,1.0,1.0
2025-05-20 11:00:00+00:00,18.170000076293945,18.299999237060547,18.1299991607666,18.280000686645508,0,-0.001099530356045,0.001099530356045,0.0295184496537525,0.0,18.389583269755047,-0.001099530356045,0.0105673269685737,0.0418577706354281,0.0,0.0,11.0,1.0,0.0,1.0,1.0
2025-05-20 12:00:00+00:00,18.139999389648438,18.239999771118164,18.1299991607666,18.149999618530273,0,-0.001651110980712,0.001651110980712,0.0293652655218679,0.0,18.42791660626729,-0.001651110980712,-0.0005509768094774,0.0534262551091082,0.0,0.0,12.0,1.0,0.0,1.0,1.0
2025-05-20 13:00:00+00:00,18.260000228881836,18.360000610351562,18.020000457763672,18.18000030517578,0,0.0066152614813139,0.0066152614813139,0.0292585960666342,0.0,18.46041663487752,0.0066152614813139,-0.0070690138706462,0.0446224660796368,1.0,0.0,13.0,1.0,0.0,1.0,1.0
2025-05-20 14:00:00+00:00,18.31999969482422,18.489999771118164,18.020000457763672,18.09000015258789,0,0.0032858414671583,0.0032858414671583,0.0291867672470906,0.0,18.50083327293396,0.0032858414671583,-0.0048886558030331,0.0559077401744889,1.0,0.0,14.0,1.0,0.0,1.0,1.0
2025-05-20 15:00:00+00:00,17.959999084472656,18.489999771118164,17.940000534057617,18.43000030517578,0,-0.0196506886653098,0.0196506886653098,0.0294824924922211,0.0,18.53124992052714,-0.0196506886653098,-0.0239130729988984,0.042367937413281,0.0,0.0,15.0,1.0,0.0,1.0,1.0
2025-05-20 16:00:00+00:00,17.799999237060547,18.139999389648438,17.780000686645508,18.079999923706055,0,-0.0089086779269625,0.0089086779269625,0.0295675350152775,0.0,18.554583231608078,-0.0089086779269625,-0.0214404225149339,0.0324825680613138,0.0,0.0,16.0,1.0,0.0,1.0,1.0
2025-05-20 17:00:00+00:00,17.969999313354492,18.079999923706055,17.700000762939453,17.989999771118164,0,0.0095505664932835,0.0095505664932835,0.0107567866897399,0.0,18.490416526794437,0.0095505664932835,-0.0110071965932675,-0.078933926061548,1.0,0.0,17.0,1.0,0.0,0.0,1.0
2025-05-20 18:00:00+00:00,18.31999969482422,18.440000534057617,17.8799991607666,17.8799991607666,0,0.0194769279267374,0.0194769279267374,0.011355648013869,0.0,18.431666533152264,0.0194769279267374,0.0099228396489636,-0.0714647683794265,1.0,1.0,18.0,1.0,0.0,0.0,1.0
2025-05-20 19:00:00+00:00,17.889999389648438,18.68000030517578,17.8700008392334,18.389999389648438,0,-0.0234716327695827,0.0234716327695827,0.0119971839578552,0.0,18.35208320617676,-0.0234716327695827,-0.0202629153666804,-0.0964646424751914,0.0,1.0,19.0,1.0,0.0,0.0,1.0
2025-05-20 20:00:00+00:00,18.100000381469727,18.100000381469727,17.889999389648438,17.889999389648438,0,0.011738457181994,0.011738457181994,0.0123364602019062,0.0,18.28999988238017,0.011738457181994,-0.0120086963438458,-0.0760592016085988,1.0,0.0,20.0,1.0,0.0,0.0,1.0
2025-05-21 07:00:00+00:00,18.649999618530273,18.809999465942383,18.6200008392334,18.770000457763672,0,0.0303866975397204,0.0303866975397204,0.0139769773803648,0.0,18.259999831517536,0.0303866975397204,0.0384187399349122,-0.037170944218277,1.0,1.0,7.0,2.0,0.0,0.0,1.0
2025-05-21 08:00:00+00:00,18.719999313354492,18.850000381469727,18.6200008392334,18.729999542236328,0,0.0037533349198928,0.0037533349198928,0.0140177399337179,0.0,18.234166463216145,0.0037533349198928,0.0516853997599311,-0.0320579542058812,1.0,0.0,8.0,2.0,0.0,0.0,1.0
2025-05-21 09:00:00+00:00,19.06999969482422,19.1200008392334,18.6299991607666,18.68000030517578,0,0.0186966022600247,0.0186966022600247,0.0128416940941967,0.0,18.24958308537801,0.0186966022600247,0.0612131565665812,0.019786038330974,1.0,1.0,9.0,2.0,0.0,1.0,1.0
2025-05-21 10:00:00+00:00,18.850000381469727,19.290000915527344,18.799999237060547,18.799999237060547,0,-0.0115364088555387,0.0115364088555387,0.0130098545778394,0.0,18.260833104451496,-0.0115364088555387,0.0289301689669374,0.0145317792719246,0.0,0.0,10.0,2.0,0.0,1.0,1.0
2025-05-21 11:00:00+00:00,18.520000457763672,19.200000762939453,18.489999771118164,19.200000762939453,0,-0.0175066268980268,0.0175066268980268,0.0132499553575736,0.0,18.26833311716716,-0.0175066268980268,0.0352152649306274,0.0098146294262915,0.0,1.0,11.0,2.0,0.0,1.0,1.0
2025-05-21 12:00:00+00:00,18.860000610351562,18.93000030517578,18.489999771118164,18.549999237060547,0,0.0183585391028087,0.0183585391028087,0.0133190430480996,0.0,18.301249821980797,0.0183585391028087,0.0419889620367026,0.0437189224609462,1.0,1.0,12.0,2.0,0.0,1.0,1.0
2025-05-21 13:00:00+00:00,18.719999313354492,19.280000686645508,18.579999923706055,18.68000030517578,0,-0.0074231862389351,0.0074231862389351,0.0134534092028545,0.0,18.327499787012737,-0.0074231862389351,0.0037533349198928,0.0348258239608956,0.0,0.0,13.0,2.0,0.0,1.0,1.0
2025-05-21 14:00:00+00:00,18.350000381469727,18.940000534057617,18.350000381469727,18.850000381469727,0,-0.0197649009324917,0.0197649009324917,0.0141054209762538,0.0,18.34124978383382,-0.0197649009324917,-0.0197649009324917,0.0183129808725326,0.0,1.0,14.0,2.0,0.0,1.0,1.0
2025-05-21 15:00:00+00:00,18.219999313354492,18.700000762939453,18.15999984741211,18.59000015258789,0,-0.0070845267254878,0.0070845267254878,0.0141861989286403,0.0,18.35124977429708,-0.0070845267254878,-0.0445726478800324,0.0133481522374006,0.0,0.0,15.0,2.0,0.0,1.0,1.0
2025-05-21 16:00:00+00:00,18.219999313354492,18.31999969482422,18.059999465942383,18.25,0,0.0,0.0,0.0140617578694134,0.0,18.35416642824809,0.0,-0.033421806650707,0.0038567325782614,0.0,0.0,16.0,2.0,0.0,1.0,1.0
2025-05-21 17:00:00+00:00,19.75,20.389999389648438,17.770000457763672,18.170000076293945,0,0.0839736961748445,0.0839736961748445,0.0220473229430224,0.0,18.41083312034607,0.0839736961748445,0.0664146604662045,0.0739532710978279,1.0,1.0,17.0,2.0,0.0,0.0,1.0
2025-05-21 18:00:00+00:00,20.3700008392334,20.440000534057617,19.040000915527344,20.139999389648438,0,0.0313924475561213,0.0313924475561213,0.0227766577621518,0.0,18.492499828338623,0.0313924475561213,0.0800636362680207,0.1064639330834544,1.0,1.0,18.0,2.0,0.0,0.0,1.0
2025-05-21 19:00:00+00:00,20.469999313354492,21.049999237060547,19.760000228881836,20.010000228881836,0,0.0049091050565148,0.0049091050565148,0.0227517041734401,0.0,18.578749815622967,0.0049091050565148,0.0934829094118385,0.112499985746715,1.0,0.0,19.0,2.0,0.0,0.0,1.0
2025-05-21 20:00:00+00:00,20.8799991607666,20.899999618530273,20.56999969482422,20.56999969482422,0,0.0200293044047454,0.0200293044047454,0.0226891473285641,0.0,18.69083309173584,0.0200293044047454,0.1378745900110023,0.1478833726075175,1.0,0.0,20.0,2.0,0.0,0.0,1.0
2025-05-22 07:00:00+00:00,20.600000381469727,20.719999313354492,20.510000228881836,20.6200008392334,0,-0.013409903762017,0.013409903762017,0.0229937971631627,0.0,18.792083104451496,-0.013409903762017,0.1306257496053138,0.13373694523789,0.0,0.0,7.0,3.0,0.0,0.0,1.0
2025-05-22 08:00:00+00:00,20.440000534057617,20.719999313354492,20.389999389648438,20.6299991607666,0,-0.0077669827402544,0.0077669827402544,0.0231099747558524,0.0,18.887916485468548,-0.0077669827402544,0.1218441989224421,0.1267916880814048,0.0,0.0,8.0,3.0,0.0,0.0,1.0
2025-05-22 09:00:00+00:00,20.459999084472656,20.59000015258789,20.360000610351562,20.450000762939453,0,0.0009784026366201,0.0009784026366201,0.0231239782985148,0.0,18.979583104451496,0.0009784026366201,0.0359493207327927,0.1204818635276401,1.0,0.0,9.0,3.0,0.0,1.0,1.0
2025-05-22 10:00:00+00:00,20.56999969482422,20.6200008392334,20.360000610351562,20.40999984741211,0,0.0053763741580536,0.0053763741580536,0.0231211766967822,0.0,19.073333104451496,0.0053763741580536,0.0098183037482066,0.1228165959323499,1.0,0.0,10.0,3.0,0.0,1.0,1.0
2025-05-22 11:00:00+00:00,21.729999542236328,21.729999542236328,20.31999969482422,20.40999984741211,0,0.0563927984745662,0.0563927984745662,0.024737645752804,0.0,19.23041645685832,0.0563927984745662,0.0615535061625438,0.2099109493286683,1.0,1.0,11.0,3.0,0.0,1.0,1.0
2025-05-22 12:00:00+00:00,21.010000228881836,22.06999969482422,20.8799991607666,20.899999618530273,0,-0.0331338853438555,0.0331338853438555,0.0259337889039047,0.0,19.364166498184204,-0.0331338853438555,0.0062261050450378,0.1803371421015511,0.0,1.0,12.0,3.0,0.0,1.0,1.0
2025-05-22 13:00:00+00:00,20.510000228881836,22.030000686645508,20.510000228881836,22.030000686645508,0,-0.0237981910782021,0.0237981910782021,0.0266874299551842,0.0,19.46999986966451,-0.0237981910782021,-0.0043689393651102,0.1413467452744825,0.0,0.0,13.0,3.0,0.0,1.0,1.0
2025-05-22 14:00:00+00:00,20.790000915527344,21.530000686645508,20.190000534057617,21.100000381469727,0,0.0136519104593288,0.0136519104593288,0.0265844664980336,0.0,19.57291658719381,0.0136519104593288,0.0171233058867366,0.1348253963891141,1.0,0.0,14.0,3.0,0.0,1.0,1.0
2025-05-22 15:00:00+00:00,20.3799991607666,21.200000762939453,20.350000381469727,20.809999465942383,0,-0.0197211032566393,0.0197211032566393,0.0264165498040683,0.0,19.676666577657063,-0.0197211032566393,-0.00391006487223,0.1391838935756999,0.0,0.0,15.0,3.0,0.0,1.0,1.0
2025-05-22 16:00:00+00:00,20.6200008392334,20.8799991607666,19.989999771118164,20.8799991607666,0,0.0117763340701613,0.0117763340701613,0.0264169229784938,0.0,19.78166659673055,0.0117763340701613,0.0024307800267864,0.1392265416935336,1.0,0.0,16.0,3.0,0.0,1.0,1.0
2025-05-22 17:00:00+00:00,19.979999542236328,20.739999771118164,19.90999984741211,20.260000228881836,0,-0.0310378889887991,0.0310378889887991,0.026899591336588,0.0,19.837083260218304,-0.0310378889887991,-0.0805338259026903,0.0713136702900836,0.0,1.0,17.0,3.0,0.0,0.0,1.0
2025-05-22 18:00:00+00:00,19.829999923706055,20.290000915527344,19.790000915527344,20.260000228881836,0,-0.0075074885869333,0.0075074885869333,0.0269878163401441,0.0,19.883333285649616,-0.0075074885869333,-0.05616374546982,0.0592949065740462,0.0,0.0,18.0,3.0,0.0,0.0,1.0
2025-05-22 19:00:00+00:00,20.309999465942383,20.420000076293945,19.639999389648438,19.90999984741211,0,0.0242057258740835,0.0242057258740835,0.0271523336985024,0.0,19.93499994277954,0.0242057258740835,-0.0097513778989536,0.0650235863115777,1.0,0.0,19.0,3.0,0.0,0.0,1.0
2025-05-22 20:00:00+00:00,20.270000457763672,20.34000015258789,20.209999084472656,20.229999542236328,0,-0.0019694243835793,0.0019694243835793,0.0269998566263319,0.0,19.99416661262512,-0.0019694243835793,-0.0250120459290265,0.0753315675096675,0.0,0.0,20.0,3.0,0.0,0.0,1.0
2025-05-23 07:00:00+00:00,19.950000762939453,20.15999984741211,19.860000610351562,20.139999389648438,0,-0.0157868617463032,0.0157868617463032,0.026944261864182,0.0,20.053749958674118,-0.0157868617463032,-0.0210990390350425,0.0772138374638278,0.0,0.0,7.0,4.0,0.0,0.0,1.0
2025-05-23 08:00:00+00:00,20.040000915527344,20.049999237060547,19.829999923706055,19.889999389648438,0,0.0045112856714812,0.0045112856714812,0.0267586091423556,0.0,20.10291663805644,0.0045112856714812,-0.0281280261930201,0.0625662919930194,1.0,0.0,8.0,4.0,0.0,0.0,1.0
2025-05-23 09:00:00+00:00,20.1299991607666,20.530000686645508,19.8799991607666,19.899999618530273,0,0.0044909301959923,0.0044909301959923,0.0266697861937218,0.0,20.16166663169861,0.0044909301959923,0.0075074885869332,0.0753205074321901,1.0,0.0,9.0,4.0,0.0,1.0,1.0
2025-05-23 10:00:00+00:00,20.1299991607666,20.530000686645508,20.110000610351562,20.530000686645508,0,0.0,0.0,0.0262260434826143,0.0,20.235833247502644,0.0,0.015128554625051,0.0970026562557655,0.0,0.0,10.0,4.0,0.0,1.0,1.0
2025-05-23 11:00:00+00:00,24.020000457763672,24.020000457763672,20.06999969482422,20.190000534057617,0,0.193243987042915,0.193243987042915,0.0465146727583964,0.0,20.477499961853027,0.193243987042915,0.1826686897772966,0.3183315786492935,1.0,1.0,11.0,4.0,0.0,1.0,1.0
2025-05-23 12:00:00+00:00,24.770000457763672,25.530000686645508,20.540000915527344,20.68000030517578,0,0.0312239794215984,0.0312239794215984,0.0465854856712109,0.0,20.75041667620341,0.0312239794215984,0.2220029550259059,0.3594951367318826,1.0,0.0,12.0,4.0,0.0,1.0,1.0
2025-05-23 13:00:00+00:00,23.200000762939453,25.3799991607666,23.200000762939453,24.6299991607666,0,-0.0633831112559439,0.0633831112559439,0.046649959706155,0.0,20.894166707992557,-0.0633831112559439,0.1629072619404321,0.1746835829336432,0.0,1.0,13.0,4.0,0.0,1.0,1.0
2025-05-23 14:00:00+00:00,22.520000457763672,24.34000015258789,22.1200008392334,24.34000015258789,0,-0.0293103570178342,0.0293103570178342,0.0469538449872281,0.0,20.98375002543132,-0.0293103570178342,0.1237524665138503,0.1055473505130786,0.0,0.0,14.0,4.0,0.0,1.0,1.0
2025-05-23 15:00:00+00:00,22.209999084472656,22.770000457763672,21.760000228881836,22.770000457763672,0,-0.0137656024418126,0.0137656024418126,0.0471127420884045,0.0,21.056250015894573,-0.0137656024418126,0.1033283661412156,0.0850024342689157,0.0,0.0,15.0,4.0,0.0,1.0,1.0
2025-05-23 16:00:00+00:00,21.829999923706055,22.3700008392334,21.68000030517578,22.09000015258789,0,-0.0171093730945834,0.0171093730945834,0.0471864893902405,0.0,21.095833381017048,-0.0171093730945834,0.0844511094790683,0.0454981226591473,0.0,0.0,16.0,4.0,0.0,1.0,1.0
2025-05-23 17:00:00+00:00,21.579999923706055,22.190000534057617,21.360000610351562,22.010000228881836,0,-0.011452130136222,0.011452130136222,0.0471588606864681,0.0,21.136666695276897,-0.011452130136222,-0.1015820352854726,0.0475727924314925,0.0,0.0,17.0,4.0,0.0,0.0,1.0
2025-05-23 18:00:00+00:00,21.920000076293945,21.969999313354492,21.360000610351562,21.389999389648438,0,0.0157553361348437,0.0157553361348437,0.0471715001782894,0.0,21.198333342870075,0.0157553361348437,-0.1150585518288292,0.0724070207224465,1.0,0.0,18.0,4.0,0.0,0.0,1.0
2025-05-23 19:00:00+00:00,22.34000015258789,22.670000076293945,21.530000686645508,21.649999618530273,0,0.0191605873554794,0.0191605873554794,0.0472684227039637,0.0,21.27666672070821,0.0191605873554794,-0.0370689906064727,0.0918866643323552,1.0,0.0,19.0,4.0,0.0,0.0,1.0
2025-05-23 20:00:00+00:00,22.31999969482422,22.459999084472656,22.290000915527344,22.290000915527344,0,-0.0008952756323663,0.0008952756323663,0.0472816180718568,0.0,21.34958338737488,-0.0008952756323663,-0.0088810283691848,0.0850753537172064,0.0,0.0,20.0,4.0,0.0,0.0,1.0
2025-05-26 07:00:00+00:00,20.530000686645508,20.770000457763672,20.510000228881836,20.75,0,-0.0801970892765645,0.0801970892765645,0.0489423236942026,0.0,21.299583435058597,-0.0801970892765645,-0.075641533862181,-0.0552231422397592,0.0,1.0,7.0,0.0,0.0,0.0,1.0
2025-05-26 08:00:00+00:00,20.540000915527344,20.729999542236328,20.40999984741211,20.719999313354492,0,0.0004871031927602,0.0004871031927602,0.0484702266853959,0.0,21.28000013033549,0.0004871031927602,-0.05909294606904,-0.0223702669316679,1.0,0.0,8.0,0.0,0.0,0.0,1.0
2025-05-26 09:00:00+00:00,20.56999969482422,20.56999969482422,20.40999984741211,20.440000534057617,0,0.0014605052560732,0.0014605052560732,0.0482020770860759,0.0,21.282500108083088,0.0014605052560732,-0.0468026057670338,0.0029253761712733,1.0,0.0,9.0,0.0,0.0,1.0,1.0
2025-05-26 10:00:00+00:00,20.459999084472656,20.59000015258789,20.399999618530273,20.459999084472656,0,-0.005347623334153,0.005347623334153,0.0481439748005305,0.0,21.268750031789143,-0.005347623334153,-0.066605884431554,-0.0158731032478319,0.0,0.0,10.0,0.0,0.0,1.0,1.0
2025-05-26 11:00:00+00:00,20.360000610351562,20.479999542236328,20.299999237060547,20.420000076293945,0,-0.0048875111728124,0.0048875111728124,0.0479697607441702,0.0,21.267916758855183,-0.0048875111728124,-0.0886302385278615,-0.0009812831814801,0.0,0.0,11.0,0.0,0.0,1.0,1.0
2025-05-26 12:00:00+00:00,20.450000762939453,20.450000762939453,20.299999237060547,20.399999618530273,0,0.004420439582017,0.004420439582017,0.0479212957652831,0.0,21.260833422342937,0.004420439582017,-0.0837813152980642,-0.0082444262548471,1.0,0.0,12.0,0.0,0.0,1.0,1.0
2025-05-26 13:00:00+00:00,20.450000762939453,20.549999237060547,20.309999465942383,20.350000381469727,0,0.0,0.0,0.0474445613906106,0.0,21.2804168065389,0.0,-0.0038967326366479,0.0235235851587272,0.0,0.0,13.0,0.0,0.0,1.0,1.0
2025-05-26 14:00:00+00:00,20.739999771118164,20.75,20.309999465942383,20.5,0,0.0141808800664819,0.0141808800664819,0.0474626845567931,0.0,21.318333466847736,0.0141808800664819,0.0097370421945615,0.0458900580389936,1.0,0.0,14.0,0.0,0.0,1.0,1.0
2025-05-26 15:00:00+00:00,20.56999969482422,20.829999923706055,20.520000457763672,20.520000457763672,0,-0.008196725080522,0.008196725080522,0.0472901233750955,0.0,21.32916680971781,-0.008196725080522,0.0,0.0128015871845701,0.0,0.0,15.0,0.0,0.0,1.0,1.0
2025-05-27 07:00:00+00:00,20.219999313354492,20.649999618530273,20.040000915527344,20.6299991607666,0,-0.0170150892883966,0.0170150892883966,0.0474379764351564,0.0,21.327083428700764,-0.0170150892883966,-0.01173019461669,-0.0024667559585588,0.0,0.0,7.0,1.0,0.0,0.0,1.0
2025-05-27 08:00:00+00:00,20.360000610351562,20.520000457763672,20.040000915527344,20.520000457763672,0,0.0069239021637654,0.0069239021637654,0.0473170088094949,0.0,21.34416675567627,0.0069239021637654,0.0,0.0205513700116621,1.0,0.0,8.0,1.0,0.0,0.0,1.0
2025-05-27 09:00:00+00:00,20.25,20.43000030517578,20.1299991607666,20.280000686645508,0,-0.0054027803071693,0.0054027803071693,0.0473359988189111,0.0,21.352916717529297,-0.0054027803071693,-0.0097799880429297,0.0104789957524376,0.0,0.0,9.0,1.0,0.0,1.0,1.0
2025-05-27 10:00:00+00:00,20.350000381469727,20.350000381469727,20.149999618530273,20.329999923706055,0,0.0049382904429493,0.0049382904429493,0.0473373435098294,0.0,21.362083435058597,0.0049382904429493,-0.0048899940214649,0.010929022845262,1.0,0.0,10.0,1.0,0.0,1.0,1.0
2025-05-27 11:00:00+00:00,20.3799991607666,20.5,20.149999618530273,20.200000762939453,0,0.0014741414611565,0.0014741414611565,0.0473363348111786,0.0,21.37250010172526,0.0014741414611565,-0.0173577923975142,0.0124192752321248,1.0,0.0,11.0,1.0,0.0,1.0,1.0
2025-05-27 12:00:00+00:00,20.59000015258789,20.719999313354492,20.25,20.399999618530273,0,0.0103042689140813,0.0103042689140813,0.0241901279908671,0.0,21.229583422342937,0.0103042689140813,0.0009723120107145,-0.1427976785931803,1.0,0.0,12.0,1.0,0.0,1.0,1.0
2025-05-27 13:00:00+00:00,20.219999313354492,21.010000228881836,20.209999084472656,20.469999313354492,0,-0.0179699289213892,0.0179699289213892,0.0229410940631434,0.0,21.04000004132589,-0.0179699289213892,0.0,-0.1836899903238827,0.0,0.0,13.0,1.0,0.0,1.0,1.0
2025-05-27 14:00:00+00:00,19.5,21.010000228881836,19.3700008392334,20.6299991607666,0,-0.0356082758558237,0.0356082758558237,0.0206170043816697,0.0,20.885833342870075,-0.0356082758558237,-0.0422397143698667,-0.1594827862613682,0.0,1.0,14.0,1.0,0.0,1.0,1.0
2025-05-27 15:00:00+00:00,19.389999389648438,19.549999237060547,19.329999923706055,19.520000457763672,0,-0.0056410569411057,0.0056410569411057,0.0200621368600877,0.0,20.75541663169861,-0.0056410569411057,-0.042469165943287,-0.1389876112118896,0.0,0.0,15.0,1.0,0.0,1.0,1.0
2025-05-27 16:00:00+00:00,19.309999465942383,19.450000762939453,19.270000457763672,19.440000534057617,0,-0.0041258342560218,0.0041258342560218,0.0199966284379498,0.0,20.63458331425985,-0.0041258342560218,-0.0511056951367109,-0.1305718027047424,0.0,0.0,16.0,1.0,0.0,1.0,1.0
2025-05-27 17:00:00+00:00,19.1299991607666,19.420000076293945,19.110000610351562,19.40999984741211,0,-0.0093216110903189,0.0093216110903189,0.0198647369980353,0.0,20.522083282470703,-0.0093216110903189,-0.0613346443314073,-0.1236830404203261,0.0,0.0,17.0,1.0,0.0,0.0,1.0
2025-05-27 18:00:00+00:00,19.1299991607666,19.280000686645508,19.110000610351562,19.219999313354492,0,0.0,0.0,0.0198478146279068,0.0,20.419999917348225,0.0,-0.0709082555124598,-0.113531083021371,0.0,0.0,18.0,1.0,0.0,0.0,1.0
2025-05-27 19:00:00+00:00,19.030000686645508,19.290000915527344,19.030000686645508,19.25,0,-0.0052273119972832,0.0052273119972832,0.0193585256286473,0.0,20.299583276112877,-0.0052273119972832,-0.0588525552482604,-0.131843037390037,0.0,0.0,19.0,1.0,0.0,0.0,1.0
2025-05-27 20:00:00+00:00,18.969999313354492,19.100000381469727,18.950000762939453,18.969999313354492,0,-0.0031529884984776,0.0031529884984776,0.0186356186849007,0.0,20.15916657447815,-0.0031529884984776,-0.0271795223920773,-0.1508505289263847,0.0,0.0,20.0,1.0,0.0,0.0,1.0
2025-05-28 07:00:00+00:00,19.260000228881836,19.290000915527344,19.18000030517578,19.209999084472656,0,0.0152873445452994,0.0152873445452994,0.0191376294356388,0.0,20.03166659673055,0.0152873445452994,-0.0067044437781675,-0.1370967521407253,1.0,0.0,7.0,2.0,0.0,0.0,1.0
2025-05-28 08:00:00+00:00,19.260000228881836,19.290000915527344,19.149999618530273,19.290000915527344,0,0.0,0.0,0.0107890654644536,0.0,19.9787499109904,0.0,-0.0025892925138983,-0.06186071189904,0.0,0.0,8.0,2.0,0.0,0.0,1.0
2025-05-28 09:00:00+00:00,19.280000686645508,19.350000381469727,19.149999618530273,19.190000534057617,0,0.0010384453544127,0.0010384453544127,0.0107965107043566,0.0,19.92624990145365,0.0010384453544127,0.0078411674050955,-0.0613437279805245,1.0,0.0,9.0,2.0,0.0,1.0,1.0
2025-05-28 10:00:00+00:00,19.0,19.350000381469727,19.0,19.309999465942383,0,-0.0145228566739342,0.0145228566739342,0.0110270754068797,0.0,19.860833247502644,-0.0145228566739342,-0.0067955654192194,-0.0763247310703295,0.0,1.0,10.0,2.0,0.0,1.0,1.0
2025-05-28 11:00:00+00:00,19.06999969482422,19.190000534057617,18.979999542236328,19.190000534057617,0,0.0036841944644325,0.0036841944644325,0.0111059906636499,0.0,19.80291660626729,0.0036841944644325,0.0021018921038074,-0.0679374121137339,1.0,0.0,11.0,2.0,0.0,1.0,1.0
2025-05-28 12:00:00+00:00,19.100000381469727,19.139999389648438,18.979999542236328,19.110000610351562,0,0.0015731875786892,0.0015731875786892,0.0111331658071067,0.0,19.75041659673055,0.0015731875786892,0.0068529822256617,-0.0618860604670717,1.0,0.0,12.0,2.0,0.0,1.0,1.0
2025-05-28 13:00:00+00:00,19.06999969482422,19.1200008392334,18.81999969482422,19.049999237060547,0,-0.001570716546928,0.001570716546928,0.0110356877989355,0.0,19.69291655222575,-0.001570716546928,-0.0098650328037221,-0.0674817123046833,0.0,0.0,13.0,2.0,0.0,1.0,1.0
2025-05-28 14:00:00+00:00,19.309999465942383,19.329999923706055,18.81999969482422,19.040000915527344,0,0.0125852005746649,0.0125852005746649,0.0114674565506817,0.0,19.645416498184204,0.0125852005746649,0.0025960143544323,-0.0557457826144945,1.0,1.0,14.0,2.0,0.0,1.0,1.0
2025-05-28 15:00:00+00:00,19.43000030517578,19.43000030517578,19.139999389648438,19.139999389648438,0,0.0062144403186052,0.0062144403186052,0.0110776224125303,0.0,19.59083318710327,0.0062144403186052,0.0077800629246953,-0.0631629450530006,1.0,0.0,15.0,2.0,0.0,1.0,1.0
2025-05-28 16:00:00+00:00,19.059999465942383,19.43000030517578,19.010000228881836,19.31999969482422,0,-0.0190427603408136,0.0190427603408136,0.0115256827479194,0.0,19.52791651089986,-0.0190427603408136,0.0031578666285465,-0.0734078877629628,0.0,1.0,16.0,2.0,0.0,1.0,1.0
2025-05-28 17:00:00+00:00,19.0,19.209999084472656,18.829999923706055,19.190000534057617,0,-0.0031479258984027,0.0031479258984027,0.0111392704563795,0.0,19.47708320617676,-0.0031479258984027,-0.0036706709986585,-0.0603362687825974,0.0,0.0,17.0,2.0,0.0,0.0,1.0
2025-05-28 18:00:00+00:00,18.950000762939453,19.31999969482422,18.68000030517578,18.889999389648438,0,-0.0026315387926603,0.0026315387926603,0.0109559474287652,0.0,19.418333212534588,-0.0026315387926603,-0.0078533830122746,-0.0692534285433777,0.0,0.0,18.0,2.0,0.0,0.0,1.0
2025-05-28 19:00:00+00:00,19.190000534057617,19.399999618530273,18.68000030517578,18.709999084472656,0,0.0126648950636207,0.0126648950636207,0.0113906087246232,0.0,19.37416656812032,0.0126648950636207,0.0062926502964741,-0.05234565263913,1.0,1.0,19.0,2.0,0.0,0.0,1.0
2025-05-28 20:00:00+00:00,19.299999237060547,19.360000610351562,19.219999313354492,19.299999237060547,0,0.0057320844159283,0.0057320844159283,0.0114132911958114,0.0,19.330416520436604,0.0057320844159283,-0.0005178782578152,-0.0515971068661643,1.0,0.0,20.0,2.0,0.0,0.0,1.0
2025-05-29 07:00:00+00:00,18.170000076293945,18.309999465942383,18.110000610351562,18.25,0,-0.0585491816288125,0.0585491816288125,0.0161711605607601,0.0,19.238333225250244,-0.0585491816288125,-0.0648481836897447,-0.1084396062550929,0.0,1.0,7.0,3.0,0.0,0.0,1.0
2025-05-29 08:00:00+00:00,18.559999465942383,18.56999969482422,18.110000610351562,18.170000076293945,0,0.0214639178872246,0.0214639178872246,0.0167690260934312,0.0,19.15374986330668,0.0214639178872246,-0.026232949318463,-0.0985915819136292,1.0,1.0,8.0,3.0,0.0,0.0,1.0
2025-05-29 09:00:00+00:00,18.610000610351562,18.610000610351562,18.43000030517578,18.440000534057617,0,0.0026940272547384,0.0026940272547384,0.016559267531206,0.0,19.086666584014893,0.0026940272547384,-0.0205262836657071,-0.0796240730799426,1.0,0.0,9.0,3.0,0.0,1.0,1.0
2025-05-29 10:00:00+00:00,18.950000762939453,19.020000457763672,18.43000030517578,18.520000457763672,0,0.018269755047658,0.018269755047658,0.0156164741153027,0.0,19.06374994913737,0.018269755047658,0.0,-0.028205089080028,1.0,1.0,10.0,3.0,0.0,1.0,1.0
2025-05-29 11:00:00+00:00,19.299999237060547,19.299999237060547,18.829999923706055,18.959999084472656,0,0.0184695757271728,0.0184695757271728,0.0160784486557869,0.0,19.05999994277954,0.0184695757271728,0.0057320844159283,-0.0046415758339806,1.0,1.0,11.0,3.0,0.0,1.0,1.0
2025-05-29 12:00:00+00:00,19.18000030517578,19.40999984741211,19.020000457763672,19.229999542236328,0,-0.0062175614833361,0.0062175614833361,0.0161070486706502,0.0,19.054583311080933,-0.0062175614833361,-0.0062175614833361,-0.0067322198012426,0.0,0.0,12.0,3.0,0.0,1.0,1.0
2025-05-29 13:00:00+00:00,19.139999389648438,19.329999923706055,18.809999465942383,19.200000762939453,0,-0.0020855534353954,0.0020855534353954,0.0159953286252096,0.0,19.054999987284344,-0.0020855534353954,0.0533846620408127,0.0005227511406453,0.0,0.0,13.0,3.0,0.0,1.0,1.0
2025-05-29 14:00:00+00:00,18.979999542236328,19.700000762939453,18.809999465942383,18.959999084472656,0,-0.0083594489296924,0.0083594489296924,0.0160894094528618,0.0,19.048750003178917,-0.0083594489296924,0.0226293151066434,-0.0078410677005101,0.0,0.0,14.0,3.0,0.0,1.0,1.0
2025-05-29 15:00:00+00:00,19.940000534057617,20.040000915527344,18.959999084472656,19.18000030517578,0,0.0505796109048892,0.0505796109048892,0.0190852323638938,0.0,19.08666666348775,0.0505796109048892,0.0714669468074202,0.0478192230466238,1.0,1.0,15.0,3.0,0.0,1.0,1.0
2025-05-29 16:00:00+00:00,19.1299991607666,20.200000762939453,18.969999313354492,18.989999771118164,0,-0.040621933379968,0.040621933379968,0.0209746556167102,0.0,19.09333332379659,-0.040621933379968,0.0094985958089865,0.0084343623196376,0.0,1.0,16.0,3.0,0.0,1.0,1.0
2025-05-29 17:00:00+00:00,19.270000457763672,19.420000076293945,18.940000534057617,19.420000076293945,0,0.0073184162644499,0.0073184162644499,0.0207937200464244,0.0,19.09375,0.0073184162644499,-0.001554340957655,0.0005192226772063,1.0,0.0,17.0,3.0,0.0,0.0,1.0
2025-05-29 18:00:00+00:00,19.06999969482422,19.360000610351562,18.889999389648438,19.059999465942383,0,-0.0103788665380584,0.0103788665380584,0.0209063489755029,0.0,19.085833311080933,-0.0103788665380584,-0.005735172502676,-0.0098650328037221,0.0,0.0,18.0,3.0,0.0,0.0,1.0
2025-05-29 19:00:00+00:00,19.049999237060547,19.239999771118164,18.81999969482422,19.239999771118164,0,-0.0010487917191263,0.0010487917191263,0.0209053071572677,0.0,19.076249917348225,-0.0010487917191263,-0.0047022024795134,-0.0119295353419917,0.0,0.0,19.0,3.0,0.0,0.0,1.0
2025-05-29 20:00:00+00:00,19.18000030517578,19.200000762939453,18.969999313354492,18.969999313354492,0,0.0068242033239731,0.0068242033239731,0.0207267166664337,0.0,19.083749930063885,0.0068242033239731,0.0105374482488469,0.0094737002724094,1.0,0.0,20.0,3.0,0.0,0.0,1.0
2025-05-30 07:00:00+00:00,19.34000015258789,19.610000610351562,19.280000686645508,19.610000610351562,0,0.008342014852259,0.008342014852259,0.0207785854757134,0.0,19.09499994913737,0.008342014852259,-0.030090289137401,0.0141583881533544,1.0,0.0,7.0,4.0,0.0,0.0,1.0
2025-05-30 08:00:00+00:00,19.350000381469727,19.440000534057617,19.219999313354492,19.440000534057617,0,0.0005170749122511,0.0005170749122511,0.02077798381596,0.0,19.105416615804035,0.0005170749122511,0.0115003256850279,0.0130890049741854,1.0,0.0,8.0,4.0,0.0,0.0,1.0
2025-05-30 09:00:00+00:00,19.329999923706055,19.389999389648438,19.18000030517578,19.299999237060547,0,-0.0010336153679265,0.0010336153679265,0.0207756637155901,0.0,19.116249958674118,-0.0010336153679265,0.0031136203693347,0.0136339922937913,0.0,0.0,9.0,4.0,0.0,1.0,1.0
2025-05-30 10:00:00+00:00,19.229999542236328,19.3700008392334,19.18000030517578,19.219999313354492,0,-0.0051733254973833,0.0051733254973833,0.0206525586242971,0.0,19.11291662851969,-0.0051733254973833,0.0083901337164433,-0.0041429272873442,0.0,0.0,10.0,4.0,0.0,1.0,1.0
2025-05-30 11:00:00+00:00,19.079999923706055,19.270000457763672,19.059999465942383,19.25,0,-0.0078002923609445,0.0078002923609445,0.0206683156621105,0.0,19.09833327929179,-0.0078002923609445,0.0015748392570611,-0.0180134007191185,0.0,0.0,11.0,4.0,0.0,1.0,1.0
2025-05-30 12:00:00+00:00,19.739999771118164,20.549999237060547,18.8700008392334,19.1200008392334,0,0.034591187109602,0.034591187109602,0.0214661045122232,0.0,19.12666662534078,0.034591187109602,0.0291970519829065,0.0356768270844314,1.0,1.0,12.0,4.0,0.0,1.0,1.0
2025-05-30 13:00:00+00:00,19.700000762939453,19.90999984741211,19.3700008392334,19.90999984741211,0,-0.0020262922311292,0.0020262922311292,0.0214563458472865,0.0,19.15583332379659,-0.0020262922311292,0.0186143023532183,0.036842145417866,0.0,0.0,13.0,4.0,0.0,1.0,1.0
2025-05-30 14:00:00+00:00,19.260000228881836,19.829999923706055,18.93000030517578,19.639999389648438,0,-0.0223350516252449,0.0223350516252449,0.0220005739167417,0.0,19.168749968210857,-0.0223350516252449,-0.0046511705846826,0.0163588102090554,0.0,1.0,14.0,4.0,0.0,1.0,1.0
2025-05-30 15:00:00+00:00,19.260000228881836,19.56999969482422,18.93000030517578,19.139999389648438,0,0.0,0.0,0.0218577861085298,0.0,19.171666622161865,0.0,-0.0036212982462753,0.0036477171900013,0.0,0.0,15.0,4.0,0.0,1.0,1.0
2025-05-30 16:00:00+00:00,20.239999771118164,20.489999771118164,19.110000610351562,19.15999984741211,0,0.0508826339870309,0.0508826339870309,0.0241600460348571,0.0,19.210833311080933,0.0508826339870309,0.052522114036638,0.0487046928091372,1.0,1.0,16.0,4.0,0.0,1.0,1.0
2025-05-30 17:00:00+00:00,19.920000076293945,20.489999771118164,19.670000076293945,20.1299991607666,0,-0.0158102617807757,0.0158102617807757,0.0208281320429953,0.0,19.2837499777476,-0.0158102617807757,0.0440251654060137,0.0963126027876681,0.0,0.0,17.0,4.0,0.0,0.0,1.0
2025-05-30 18:00:00+00:00,19.059999465942383,19.959999084472656,19.049999237060547,19.8799991607666,0,-0.0431727212378386,0.0431727212378386,0.0225827660465423,0.0,19.304583311080933,-0.0431727212378386,-0.0344478375410468,0.0269396559475931,0.0,1.0,18.0,4.0,0.0,0.0,1.0
2025-05-30 19:00:00+00:00,18.75,19.3799991607666,18.610000610351562,19.25,0,-0.0162644005576343,0.0162644005576343,0.0228635787358554,0.0,19.310416618982952,-0.0162644005576343,-0.048223387114108,0.007522804140617,0.0,0.0,19.0,4.0,0.0,0.0,1.0
2025-05-30 20:00:00+00:00,18.579999923706055,18.81999969482422,18.56999969482422,18.690000534057617,0,-0.0090666707356771,0.0090666707356771,0.0226226657038206,0.0,19.294999917348225,-0.0090666707356771,-0.0353063497972377,-0.0195251094636897,0.0,0.0,20.0,4.0,0.0,0.0,1.0
2025-06-02 07:00:00+00:00,20.100000381469727,20.450000762939453,19.790000915527344,19.809999465942383,0,0.0818084210982323,0.0818084210982323,0.0279973588906578,0.0,19.32833329836528,0.0818084210982323,0.0436137145693407,0.0414508381364591,1.0,1.0,7.0,0.0,0.0,0.0,1.0
2025-06-02 08:00:00+00:00,19.770000457763672,20.43000030517578,19.649999618530273,20.43000030517578,0,-0.0164179063404537,0.0164179063404537,0.0282051510691322,0.0,19.35291663805644,-0.0164179063404537,-0.02322131021094,0.0307612170594531,0.0,0.0,8.0,0.0,0.0,0.0,1.0
2025-06-02 09:00:00+00:00,19.969999313354492,20.110000610351562,19.649999618530273,19.670000076293945,0,0.0101162797652987,0.0101162797652987,0.0282450917061755,0.0,19.387499968210857,0.0101162797652987,0.0025100018508559,0.0433646786924637,1.0,0.0,9.0,0.0,0.0,1.0,1.0
2025-06-02 10:00:00+00:00,19.81999969482422,20.110000610351562,19.809999465942383,19.940000534057617,0,-0.0075112480564766,0.0075112480564766,0.0282319046445868,0.0,19.422499974568684,-0.0075112480564766,0.0398740949725551,0.0442571218570702,0.0,0.0,10.0,0.0,0.0,1.0,1.0
2025-06-02 11:00:00+00:00,19.719999313354492,19.950000762939453,19.600000381469727,19.920000076293945,0,-0.0050454280024959,0.0050454280024959,0.0263031530331308,0.0,19.413333257039387,-0.0050454280024959,0.0517332967122394,-0.0110331602212027,0.0,0.0,11.0,0.0,0.0,1.0,1.0
2025-06-02 12:00:00+00:00,19.549999237060547,19.75,19.5,19.690000534057617,0,-0.0086206938242041,0.0086206938242041,0.0249373192999434,0.0,19.430833260218304,-0.0086206938242041,0.0522066371010518,0.0219550493841795,0.0,0.0,12.0,0.0,0.0,1.0,1.0
2025-06-02 13:00:00+00:00,19.530000686645508,19.719999313354492,18.899999618530273,19.700000762939453,0,-0.0010229437951654,0.0010229437951654,0.0249063827210601,0.0,19.44166660308838,-0.0010229437951654,-0.0283581932341505,0.0134924869073931,0.0,0.0,13.0,0.0,0.0,1.0,1.0
2025-06-02 14:00:00+00:00,18.8799991607666,19.989999771118164,18.799999237060547,19.239999771118164,0,-0.0332822070161714,0.0332822070161714,0.0257787542317043,0.0,19.43374991416931,-0.0332822070161714,-0.0450177681532408,-0.0099633212951327,0.0,1.0,14.0,0.0,0.0,1.0,1.0
2025-06-02 15:00:00+00:00,18.8799991607666,19.219999313354492,18.799999237060547,19.010000228881836,0,0.0,0.0,0.0257779759209711,0.0,19.426666577657063,0.0,-0.0545818823268049,-0.0089238888767628,0.0,0.0,15.0,0.0,0.0,1.0,1.0
2025-06-02 16:00:00+00:00,18.93000030517578,19.219999313354492,18.860000610351562,19.139999389648438,0,0.002648365817361,0.002648365817361,0.0257435412668752,0.0,19.4162499109904,0.002648365817361,-0.0449041071317902,-0.0130344106372374,1.0,0.0,16.0,0.0,0.0,1.0,1.0
2025-06-02 17:00:00+00:00,18.899999618530273,19.059999465942383,18.829999923706055,19.010000228881836,0,-0.0015848223012074,0.0015848223012074,0.0256793846695975,0.0,19.397916555404663,-0.0015848223012074,-0.0415821360738541,-0.022750803029272,0.0,0.0,17.0,0.0,0.0,0.0,1.0
2025-06-02 18:00:00+00:00,18.530000686645508,18.989999771118164,18.520000457763672,18.959999084472656,0,-0.0195766634578132,0.0195766634578132,0.0259656420419181,0.0,19.36374990145365,-0.0195766634578132,-0.0521738409319959,-0.0423772443751205,0.0,0.0,18.0,0.0,0.0,0.0,1.0
2025-06-02 19:00:00+00:00,18.479999542236328,18.649999618530273,18.479999542236328,18.6200008392334,0,-0.0026983886970504,0.0026983886970504,0.0259666007220204,0.0,19.32833321889241,-0.0026983886970504,-0.0537634975674713,-0.0439731187182932,0.0,0.0,19.0,0.0,0.0,0.0,1.0
2025-06-02 20:00:00+00:00,18.3700008392334,18.479999542236328,18.3700008392334,18.479999542236328,0,-0.0059523109160001,0.0059523109160001,0.0259718042313727,0.0,19.292499939600628,-0.0059523109160001,-0.0270126241632997,-0.0447217224895948,0.0,0.0,20.0,0.0,0.0,0.0,1.0
2025-06-03 07:00:00+00:00,19.06999969482422,19.200000762939453,18.809999465942383,18.829999923706055,0,0.0381055429293073,0.0381055429293073,0.0271578216578082,0.0,19.292083263397217,0.0381055429293073,0.0100635880563197,-0.0005241210126741,1.0,1.0,7.0,1.0,0.0,0.0,1.0
2025-06-03 08:00:00+00:00,19.049999237060547,19.209999084472656,19.0,19.15999984741211,0,-0.0010487917191263,0.0010487917191263,0.0261586066067278,0.0,19.263333241144817,-0.0010487917191263,0.0063390876888658,-0.0349544347547139,0.0,0.0,8.0,1.0,0.0,0.0,1.0
2025-06-03 09:00:00+00:00,19.0,19.190000534057617,18.940000534057617,19.190000534057617,0,-0.00262463197181,0.00262463197181,0.0261597517650381,0.0,19.234166542689007,-0.00262463197181,0.0052910255813805,-0.0355330322756295,0.0,0.0,9.0,1.0,0.0,1.0,1.0
2025-06-03 10:00:00+00:00,18.739999771118164,19.06999969482422,18.739999771118164,19.049999237060547,0,-0.0136842225727281,0.0136842225727281,0.0259141242352402,0.0,19.212499856948853,-0.0136842225727281,0.0113329237285999,-0.0269989850251347,0.0,0.0,10.0,1.0,0.0,1.0,1.0
2025-06-03 11:00:00+00:00,18.510000228881836,18.950000762939453,18.489999771118164,18.950000762939453,0,-0.0122731881027448,0.0122731881027448,0.026018006052439,0.0,19.181249856948853,-0.0122731881027448,0.0016234138197319,-0.0389408095060829,0.0,0.0,11.0,1.0,0.0,1.0,1.0
2025-06-03 12:00:00+00:00,18.469999313354492,18.6299991607666,18.40999984741211,18.610000610351562,0,-0.0021610434917731,0.0021610434917731,0.023522478069339,0.0,19.10749983787537,-0.0021610434917731,0.005443574825948,-0.0874506164910834,0.0,0.0,12.0,1.0,0.0,1.0,1.0
2025-06-03 13:00:00+00:00,18.440000534057617,18.549999237060547,18.260000228881836,18.40999984741211,0,-0.0016241895187936,0.0016241895187936,0.0233787333128994,0.0,19.045833190282185,-0.0016241895187936,-0.0330361390062103,-0.0742971654903565,0.0,0.0,13.0,1.0,0.0,1.0,1.0
2025-06-03 14:00:00+00:00,18.010000228881836,18.520000457763672,18.010000228881836,18.260000228881836,0,-0.0233188878916568,0.0233188878916568,0.022216184707827,0.0,19.00208322207133,-0.0233188878916568,-0.054593125975326,-0.0550891535404685,0.0,1.0,14.0,1.0,0.0,1.0,1.0
2025-06-03 15:00:00+00:00,17.989999771118164,18.229999542236328,17.860000610351562,18.110000610351562,0,-0.0011105195729869,0.0011105195729869,0.0220113788283874,0.0,18.97041654586792,-0.0011105195729869,-0.0531579067832544,-0.0405333455403645,0.0,0.0,15.0,1.0,0.0,1.0,1.0
2025-06-03 16:00:00+00:00,17.920000076293945,18.010000228881836,17.8700008392334,17.889999389648438,0,-0.0038910336695278,0.0038910336695278,0.0219592919104611,0.0,18.94291655222575,-0.0038910336695278,-0.0437566544738166,-0.0355220586718099,0.0,0.0,16.0,1.0,0.0,1.0,1.0
2025-06-03 17:00:00+00:00,17.8700008392334,17.959999084472656,17.790000915527344,17.950000762939453,0,-0.0027901359848033,0.0027901359848033,0.0130064789736716,0.0,18.84999990463257,-0.0027901359848033,-0.0345758715145677,-0.110945248751944,0.0,0.0,17.0,1.0,0.0,0.0,1.0
2025-06-03 18:00:00+00:00,17.739999771118164,18.040000915527344,17.68000030517578,17.84000015258789,0,-0.0072748216010051,0.0072748216010051,0.012783600289914,0.0,18.765416542689007,-0.0072748216010051,-0.0395235283906324,-0.1026808618938766,0.0,0.0,18.0,1.0,0.0,0.0,1.0
2025-06-03 19:00:00+00:00,17.649999618530273,17.899999618530273,17.639999389648438,17.790000915527344,0,-0.0050732893883356,0.0050732893883356,0.0124026560087589,0.0,18.668749888737995,-0.0050732893883356,-0.0428416969982325,-0.1161742501048945,0.0,0.0,19.0,1.0,0.0,0.0,1.0
2025-06-03 20:00:00+00:00,17.690000534057617,17.739999771118164,17.68000030517578,17.68000030517578,0,0.0022663408720613,0.0022663408720613,0.0124789535835262,0.0,18.57999992370605,0.0022663408720613,-0.0177678895478884,-0.1074671641555488,1.0,0.0,20.0,1.0,0.0,0.0,1.0
2025-06-04 07:00:00+00:00,17.540000915527344,17.690000534057617,17.530000686645508,17.68000030517578,0,-0.0084793450538052,0.0084793450538052,0.0125033279578365,0.0,18.489166657129925,-0.0084793450538052,-0.0250138333138427,-0.110547589945951,0.0,0.0,7.0,2.0,0.0,0.0,1.0
2025-06-04 08:00:00+00:00,17.559999465942383,17.6299991607666,17.43000030517578,17.6200008392334,0,0.0011401681511507,0.0011401681511507,0.0125321807435859,0.0,18.40625,0.0011401681511507,-0.0200893196885529,-0.1017902735947815,1.0,0.0,8.0,2.0,0.0,0.0,1.0
2025-06-04 09:00:00+00:00,17.5,17.56999969482422,17.459999084472656,17.530000686645508,0,-0.0034168261826403,0.0034168261826403,0.0125137467703775,0.0,18.32166663805644,-0.0034168261826403,-0.0207051383243959,-0.1039426838337803,0.0,0.0,9.0,2.0,0.0,1.0,1.0
2025-06-04 10:00:00+00:00,17.450000762939453,17.530000686645508,17.43000030517578,17.5,0,-0.0028570992606026,0.0028570992606026,0.010907962631116,0.0,18.262083371480305,-0.0028570992606026,-0.016347182182654,-0.0757414439296556,0.0,0.0,10.0,2.0,0.0,1.0,1.0
2025-06-04 11:00:00+00:00,17.459999084472656,17.530000686645508,17.440000534057617,17.5,0,0.0005729696903187,0.0005729696903187,0.0109159405812944,0.0,18.202916701634724,0.0005729696903187,-0.0107649030121304,-0.0752118717910095,1.0,0.0,11.0,2.0,0.0,1.0,1.0
2025-06-04 12:00:00+00:00,17.649999618530273,17.770000457763672,17.40999984741211,17.520000457763672,0,0.0108820471947552,0.0108820471947552,0.0112324074249179,0.0,18.14958333969116,0.0108820471947552,-0.0022612161853998,-0.0676175734817887,1.0,0.0,12.0,2.0,0.0,1.0,1.0
2025-06-04 13:00:00+00:00,17.670000076293945,17.739999771118164,17.489999771118164,17.690000534057617,0,0.0011331704360306,0.0011331704360306,0.0112594196079063,0.0,18.09833335876465,0.0011331704360306,0.007411582325034,-0.0650793421725993,1.0,0.0,13.0,2.0,0.0,1.0,1.0
2025-06-04 14:00:00+00:00,17.65999984741211,18.06999969482422,17.489999771118164,17.510000228881836,0,-0.0005659439071113,0.0005659439071113,0.0106770805801337,0.0,18.06208332379659,-0.0005659439071113,0.0056947827170312,-0.0469509339986373,0.0,0.0,14.0,2.0,0.0,1.0,1.0
2025-06-04 15:00:00+00:00,17.68000030517578,17.809999465942383,17.56999969482422,17.6299991607666,0,0.0011325287619752,0.0011325287619752,0.0106939922265863,0.0,18.0287500222524,0.0011325287619752,0.0102857317243303,-0.0432900030777672,1.0,0.0,15.0,2.0,0.0,1.0,1.0
2025-06-04 16:00:00+00:00,17.6299991607666,17.860000610351562,17.56999969482422,17.65999984741211,0,-0.0028281189788521,0.0028281189788521,0.0106600592815271,0.0,17.997916618982952,-0.0028281189788521,0.0103150939803642,-0.0402831597528483,0.0,0.0,16.0,2.0,0.0,1.0,1.0
2025-06-04 17:00:00+00:00,17.579999923706055,17.81999969482422,17.510000228881836,17.809999465942383,0,-0.0028360317323108,0.0028360317323108,0.0064742407096481,0.0,17.93583329518636,-0.0028360317323108,0.0068729006601218,-0.0781331827458059,0.0,0.0,17.0,2.0,0.0,0.0,1.0
2025-06-04 18:00:00+00:00,17.56999969482422,17.6299991607666,17.5,17.59000015258789,0,-0.0005688412357927,0.0005688412357927,0.0064824383314473,0.0,17.87416664759318,-0.0005688412357927,-0.0045325736790421,-0.0776902677957637,0.0,0.0,18.0,2.0,0.0,0.0,1.0
2025-06-04 19:00:00+00:00,17.489999771118164,17.6299991607666,17.440000534057617,17.549999237060547,0,-0.0045532114453946,0.0045532114453946,0.0064850888940731,0.0,17.81124997138977,-0.0045532114453946,-0.0101867744424782,-0.0794736962569387,0.0,0.0,19.0,2.0,0.0,0.0,1.0
2025-06-04 20:00:00+00:00,17.600000381469727,17.639999389648438,17.56999969482422,17.56999969482422,0,0.006289343155579,0.006289343155579,0.0063921037868512,0.0,17.763749996821087,0.006289343155579,-0.0033974782820382,-0.0608324121436431,1.0,0.0,20.0,2.0,0.0,0.0,1.0
2025-06-05 07:00:00+00:00,17.510000228881836,17.700000762939453,17.40999984741211,17.68000030517578,0,-0.0051136449225676,0.0051136449225676,0.0060800924870232,0.0,17.72208333015442,-0.0051136449225676,-0.009615388764681,-0.0540248507636247,0.0,0.0,7.0,3.0,0.0,0.0,1.0
2025-06-05 08:00:00+00:00,17.559999465942383,17.6200008392334,17.40999984741211,17.510000228881836,0,0.002855467527526,0.002855467527526,0.0061704056699739,0.0,17.68416666984558,0.002855467527526,-0.0039704877003053,-0.0492690785729561,1.0,0.0,8.0,3.0,0.0,0.0,1.0
2025-06-05 09:00:00+00:00,17.6200008392334,17.639999389648438,17.440000534057617,17.469999313354492,0,0.0034169348015862,0.0034169348015862,0.0062717297662472,0.0,17.650000015894573,0.0034169348015862,0.0022753649431705,-0.0444685288001877,1.0,0.0,9.0,3.0,0.0,1.0,1.0
2025-06-05 10:00:00+00:00,17.610000610351562,17.690000534057617,17.510000228881836,17.610000610351562,0,-0.0005675498527542,0.0005675498527542,0.0042985126496613,0.0,17.63333336512248,-0.0005675498527542,0.0022766600012593,-0.0222098619348606,0.0,0.0,10.0,3.0,0.0,1.0,1.0
2025-06-05 11:00:00+00:00,17.65999984741211,17.709999084472656,17.510000228881836,17.540000915527344,0,0.0028392524320048,0.0028392524320048,0.0043662406809681,0.0,17.61958336830139,0.0028392524320048,0.0097198443978638,-0.018343520172571,1.0,0.0,11.0,3.0,0.0,1.0,1.0
2025-06-05 12:00:00+00:00,17.59000015258789,17.829999923706055,17.219999313354492,17.700000762939453,0,-0.0039637426630259,0.0039637426630259,0.0043685308088142,0.0,17.605833371480305,-0.0039637426630259,-0.0005681948105162,-0.0184151742355518,0.0,0.0,12.0,3.0,0.0,1.0,1.0
2025-06-05 13:00:00+00:00,18.09000015258789,18.15999984741211,17.219999313354492,17.649999618530273,0,0.0284252413679733,0.0284252413679733,0.0073611891277014,0.0,17.615000009536743,0.0284252413679733,0.0331239243931804,0.0123110969794408,1.0,1.0,13.0,3.0,0.0,1.0,1.0
2025-06-05 14:00:00+00:00,17.270000457763672,18.15999984741211,17.239999771118164,17.450000762939453,0,-0.0453288937483459,0.0453288937483459,0.0118477963548826,0.0,17.59541670481364,-0.0453288937483459,-0.0165147503985501,-0.0264937609593254,0.0,1.0,14.0,3.0,0.0,1.0,1.0
2025-06-05 15:00:00+00:00,17.149999618530273,18.09000015258789,17.079999923706055,17.729999542236328,0,-0.0069485139578819,0.0069485139578819,0.0118816183193356,0.0,17.574583371480305,-0.0069485139578819,-0.026674301834118,-0.0283286125102837,0.0,0.0,15.0,3.0,0.0,1.0,1.0
2025-06-05 16:00:00+00:00,17.65999984741211,17.770000457763672,17.1299991607666,17.149999618530273,0,0.0297376233367836,0.0297376233367836,0.0134434425834894,0.0,17.573333342870075,0.0297376233367836,0.0028392524320048,-0.0016959121390499,1.0,1.0,16.0,3.0,0.0,1.0,1.0
2025-06-05 17:00:00+00:00,17.329999923706055,17.780000686645508,17.139999389648438,17.15999984741211,0,-0.0186862925570416,0.0186862925570416,0.0138783165423775,0.0,17.56458330154419,-0.0186862925570416,-0.0186862925570416,-0.0119726899007961,0.0,1.0,17.0,3.0,0.0,0.0,1.0
2025-06-05 18:00:00+00:00,17.799999237060547,17.93000030517578,17.15999984741211,17.290000915527344,0,0.0271205606130193,0.0271205606130193,0.0149743489776915,0.0,17.574583292007446,0.0271205606130193,0.0119385493263772,0.0136674133495073,1.0,1.0,18.0,3.0,0.0,0.0,1.0
2025-06-05 19:00:00+00:00,18.6299991607666,18.799999237060547,17.399999618530273,17.440000534057617,0,0.0466292111955797,0.0466292111955797,0.0176291842547475,0.0,17.621666590372723,0.0466292111955797,0.0298506911898206,0.0645713806152343,1.0,1.0,19.0,3.0,0.0,0.0,1.0
2025-06-05 20:00:00+00:00,18.510000228881836,18.56999969482422,18.3799991607666,18.56999969482422,0,-0.0064411667896085,0.0064411667896085,0.01769388812273,0.0,17.665833234786987,-0.0064411667896085,0.0718007954979946,0.0607449524124734,0.0,0.0,20.0,3.0,0.0,0.0,1.0
2025-06-06 07:00:00+00:00,18.149999618530273,18.18000030517578,18.059999465942383,18.15999984741211,0,-0.0194489792490569,0.0194489792490569,0.0182571340323338,0.0,17.694583257039387,-0.0194489792490569,0.0583090391978502,0.0395189330033378,0.0,1.0,7.0,4.0,0.0,0.0,1.0
2025-06-06 08:00:00+00:00,18.200000762939453,18.280000686645508,18.059999465942383,18.170000076293945,0,0.0027548840473876,0.0027548840473876,0.0181559722073274,0.0,17.71749997138977,0.0027548840473876,0.0305776285500067,0.0311615386003605,1.0,0.0,8.0,4.0,0.0,0.0,1.0
2025-06-06 09:00:00+00:00,18.18000030517578,18.299999237060547,18.149999618530273,18.229999542236328,0,-0.0010989262046844,0.0010989262046844,0.0181633106717636,0.0,17.738749980926514,-0.0010989262046844,0.0490479160537671,0.0288624916061008,0.0,0.0,9.0,4.0,0.0,1.0,1.0
2025-06-06 10:00:00+00:00,18.290000915527344,18.299999237060547,18.170000076293945,18.18000030517578,0,0.0060506385316312,0.0060506385316312,0.0181832671954752,0.0,17.765000025431316,0.0060506385316312,0.0275281853634346,0.0356738999750079,1.0,0.0,10.0,4.0,0.0,1.0,1.0
2025-06-06 11:00:00+00:00,18.06999969482422,18.350000381469727,18.06999969482422,18.209999084472656,0,-0.0120284969759818,0.0120284969759818,0.0183958064396893,0.0,17.78125,-0.0120284969759818,-0.0300590172393405,0.0220587886265062,0.0,0.0,11.0,4.0,0.0,1.0,1.0
2025-06-06 12:00:00+00:00,17.200000762939453,18.209999084472656,17.200000762939453,18.190000534057617,0,-0.0481460402090631,0.0481460402090631,0.0209605051486709,0.0,17.763333400090534,-0.0481460402090631,-0.0707725256479653,-0.0243901541858299,0.0,1.0,12.0,4.0,0.0,1.0,1.0
2025-06-06 13:00:00+00:00,17.200000762939453,17.579999923706055,17.010000228881836,17.579999923706055,0,0.0,0.0,0.0209566223547656,0.0,17.74750010172526,0.0,-0.0523415358433901,-0.0216154244832609,0.0,0.0,13.0,4.0,0.0,1.0,1.0
2025-06-06 14:00:00+00:00,17.18000030517578,17.3799991607666,17.010000228881836,17.1299991607666,0,-0.0011628172602623,0.0011628172602623,0.0209568127339654,0.0,17.731250127156574,-0.0011628172602623,-0.0560439788464565,-0.0221968922266585,0.0,0.0,14.0,4.0,0.0,1.0,1.0
2025-06-06 15:00:00+00:00,16.899999618530273,17.3799991607666,16.850000381469727,17.34000015258789,0,-0.0162980606328133,0.0162980606328133,0.0211859999678051,0.0,17.706666787465412,-0.0162980606328133,-0.0704070772914726,-0.0337335712011945,0.0,0.0,15.0,4.0,0.0,1.0,1.0
2025-06-06 16:00:00+00:00,17.059999465942383,17.239999771118164,16.81999969482422,17.209999084472656,0,0.0094674468061333,0.0094674468061333,0.0212447826243387,0.0,17.68416674931844,0.0094674468061333,-0.0672499392026135,-0.0306818695354056,1.0,0.0,16.0,4.0,0.0,1.0,1.0
2025-06-06 17:00:00+00:00,16.719999313354492,17.229999542236328,16.690000534057617,16.889999389648438,0,-0.0199296695915288,0.0199296695915288,0.0215796924116419,0.0,17.651250044504803,-0.0199296695915288,-0.0747094855710709,-0.0451171276528185,0.0,0.0,17.0,4.0,0.0,0.0,1.0
2025-06-06 18:00:00+00:00,16.860000610351562,17.030000686645508,16.649999618530273,16.889999389648438,0,0.0083732836570902,0.0083732836570902,0.0216595594988116,0.0,17.62208342552185,0.0083732836570902,-0.0197674498550304,-0.0398632617813268,1.0,0.0,18.0,4.0,0.0,0.0,1.0
2025-06-06 19:00:00+00:00,16.809999465942383,17.030000686645508,16.709999084472656,16.770000457763672,0,-0.0029656668208232,0.0029656668208232,0.0216361430922607,0.0,17.58833336830139,-0.0029656668208232,-0.0226744930056863,-0.0459705638314973,0.0,0.0,19.0,4.0,0.0,0.0,1.0
2025-06-06 20:00:00+00:00,16.770000457763672,16.8700008392334,16.770000457763672,16.81999969482422,0,-0.002379477064217,0.002379477064217,0.0216350570579708,0.0,17.55333336194356,-0.002379477064217,-0.0238649499493076,-0.0477001773693362,0.0,0.0,20.0,4.0,0.0,0.0,1.0
2025-06-09 07:00:00+00:00,17.600000381469727,17.719999313354492,17.59000015258789,17.690000534057617,0,0.0494931366159745,0.0494931366159745,0.0240338546419576,0.0,17.550833384195965,0.0494931366159745,0.0414201644224847,-0.0033974782820382,1.0,1.0,7.0,0.0,0.0,0.0,1.0
2025-06-09 08:00:00+00:00,17.579999923706055,17.68000030517578,17.559999465942383,17.68000030517578,0,-0.0011363896210325,0.0011363896210325,0.0240198188218952,0.0,17.550416707992554,-0.0011363896210325,0.030480684293207,-0.0005685178394023,0.0,0.0,8.0,0.0,0.0,0.0,1.0
2025-06-09 09:00:00+00:00,17.610000610351562,17.68000030517578,17.56999969482422,17.6299991607666,0,0.0017065237073778,0.0017065237073778,0.0232645821809835,0.0,17.53041672706604,0.0017065237073778,0.0532297448293681,-0.026533971154647,1.0,0.0,9.0,0.0,0.0,1.0,1.0
2025-06-09 10:00:00+00:00,17.610000610351562,17.639999389648438,17.56999969482422,17.59000015258789,0,0.0,0.0,0.0212503511852236,0.0,17.544583400090534,0.0,0.0444839841547526,0.019687327363969,0.0,0.0,10.0,0.0,0.0,1.0,1.0
2025-06-09 11:00:00+00:00,17.469999313354492,17.639999389648438,17.440000534057617,17.6200008392334,0,-0.0079501017685811,0.0079501017685811,0.0212676727093252,0.0,17.55791672070821,-0.0079501017685811,0.0392623360131147,0.0186588747488054,0.0,0.0,11.0,0.0,0.0,1.0,1.0
2025-06-09 12:00:00+00:00,17.5,17.520000457763672,17.440000534057617,17.520000457763672,0,0.0017172689081088,0.0017172689081088,0.0203708850273729,0.0,17.551250060399372,0.0017172689081088,0.0435300848127511,-0.009060014088027,1.0,0.0,12.0,0.0,0.0,1.0,1.0
2025-06-09 13:00:00+00:00,17.389999389648438,17.56999969482422,17.299999237060547,17.479999542236328,0,-0.0062857491629464,0.0062857491629464,0.0200356297018063,0.0,17.553750038146973,-0.0062857491629464,-0.011931874276684,0.003462173468351,0.0,0.0,13.0,0.0,0.0,1.0,1.0
2025-06-09 14:00:00+00:00,17.270000457763672,17.56999969482422,17.190000534057617,17.520000457763672,0,-0.0069004563597739,0.0069004563597739,0.0192460858437731,0.0,17.53166675567627,-0.0069004563597739,-0.0176336443280843,-0.0297752135962674,0.0,0.0,14.0,0.0,0.0,1.0,1.0
2025-06-09 15:00:00+00:00,17.059999465942383,17.350000381469727,17.040000915527344,17.239999771118164,0,-0.0121598718155727,0.0121598718155727,0.016447238535632,0.0,17.46625010172526,-0.0121598718155727,-0.0312323183047408,-0.0842726658909637,0.0,0.0,15.0,0.0,0.0,1.0,1.0
2025-06-09 16:00:00+00:00,17.020000457763672,17.270000457763672,16.969999313354492,17.270000457763672,0,-0.0023446078212699,0.0023446078212699,0.0164369886658372,0.0,17.40416677792867,-0.0023446078212699,-0.033503698588237,-0.0804970152724937,0.0,0.0,16.0,0.0,0.0,1.0,1.0
2025-06-09 17:00:00+00:00,16.8700008392334,17.079999923706055,16.81999969482422,17.079999923706055,0,-0.0088131383370116,0.0088131383370116,0.0161248016879562,0.0,17.350833495457966,-0.0088131383370116,-0.0343445047340351,-0.0705233502038236,0.0,0.0,17.0,0.0,0.0,0.0,1.0
2025-06-09 18:00:00+00:00,16.84000015258789,16.989999771118164,16.81999969482422,16.889999389648438,0,-0.0017783452965655,0.0017783452965655,0.0160819526187445,0.0,17.294166803359985,-0.0017783452965655,-0.0377142769949776,-0.0747253051286087,0.0,0.0,18.0,0.0,0.0,0.0,1.0
2025-06-09 19:00:00+00:00,17.110000610351562,17.110000610351562,16.81999969482422,16.899999618530273,0,0.0160332811946073,0.0160332811946073,0.0165484296919441,0.0,17.24958348274231,0.0160332811946073,-0.0161011379599902,-0.0588558678142372,1.0,0.0,19.0,0.0,0.0,0.0,1.0
2025-06-09 20:00:00+00:00,17.170000076293945,17.190000534057617,17.1200008392334,17.1299991607666,0,0.0035066898773856,0.0035066898773856,0.0165000693167467,0.0,17.202916781107586,0.0035066898773856,-0.0057904098910878,-0.0612356907146226,1.0,0.0,20.0,0.0,0.0,0.0,1.0
2025-06-10 07:00:00+00:00,17.489999771118164,17.790000915527344,17.43000030517578,17.5,0,0.0186371399768385,0.0186371399768385,0.0169122525623768,0.0,17.17875011761983,0.0186371399768385,0.025205176942368,-0.0320973953238186,1.0,1.0,7.0,1.0,0.0,0.0,1.0
2025-06-10 08:00:00+00:00,17.459999084472656,17.790000915527344,17.399999618530273,17.530000686645508,0,-0.0017153051479765,0.0017153051479765,0.013652620308992,0.0,17.189583381017048,-0.0017153051479765,0.0258518575132165,0.015116180813981,0.0,0.0,8.0,1.0,0.0,0.0,1.0
2025-06-10 09:00:00+00:00,17.360000610351562,17.510000228881836,17.350000381469727,17.510000228881836,0,-0.0057272897688764,0.0057272897688764,0.0137155365027231,0.0,17.196250041325886,-0.0057272897688764,0.0290456281412034,0.0093023162973839,0.0,0.0,9.0,1.0,0.0,1.0,1.0
2025-06-10 10:00:00+00:00,17.280000686645508,17.3799991607666,17.25,17.3700008392334,0,-0.0046082903740425,0.0046082903740425,0.013751404542762,0.0,17.200416723887127,-0.0046082903740425,0.0261282975101397,0.0058207438703945,0.0,0.0,10.0,1.0,0.0,1.0,1.0
2025-06-10 11:00:00+00:00,17.229999542236328,17.420000076293945,17.219999313354492,17.290000915527344,0,-0.0028935846309209,0.0028935846309209,0.013311834197758,0.0,17.21416672070821,-0.0028935846309209,0.0070133797547713,0.0195266231452586,0.0,0.0,11.0,1.0,0.0,1.0,1.0
2025-06-10 12:00:00+00:00,17.219999313354492,17.389999389648438,17.15999984741211,17.389999389648438,0,-0.0005803963521485,0.0005803963521485,0.0131877499049808,0.0,17.220833381017048,-0.0005803963521485,0.0029120114640872,0.0093786548898506,0.0,0.0,12.0,1.0,0.0,1.0,1.0
2025-06-10 13:00:00+00:00,17.139999389648438,17.25,17.010000228881836,17.200000762939453,0,-0.004645756498028,0.004645756498028,0.0125114768352312,0.0,17.238333384195965,-0.004645756498028,-0.0200114571783868,0.0251196228195107,0.0,0.0,13.0,1.0,0.0,1.0,1.0
2025-06-10 14:00:00+00:00,17.06999969482422,17.190000534057617,17.010000228881836,17.110000610351562,0,-0.0040839963428758,0.0040839963428758,0.0124552228379359,0.0,17.247083346048992,-0.0040839963428758,-0.0223367359735584,0.0124554612615923,0.0,0.0,14.0,1.0,0.0,1.0,1.0
2025-06-10 15:00:00+00:00,16.989999771118164,17.469999313354492,16.969999313354492,17.06999969482422,0,-0.004686580265746,0.004686580265746,0.0124815001379939,0.0,17.25458335876465,-0.004686580265746,-0.0213134116488896,0.0107079304517807,0.0,0.0,15.0,1.0,0.0,1.0,1.0
2025-06-10 16:00:00+00:00,16.8799991607666,17.469999313354492,16.850000381469727,17.06999969482422,0,-0.0064744327153292,0.0064744327153292,0.0125506126368763,0.0,17.25916663805644,-0.0064744327153292,-0.0231482355314973,0.0065592546213679,0.0,0.0,16.0,1.0,0.0,1.0,1.0
2025-06-10 17:00:00+00:00,17.030000686645508,17.030000686645508,16.850000381469727,16.899999618530273,0,0.0088863467616484,0.0088863467616484,0.0072583459574981,0.0,17.235416650772095,0.0088863467616484,-0.0116075949451164,-0.0323863455948755,1.0,1.0,17.0,1.0,0.0,0.0,1.0
2025-06-10 18:00:00+00:00,16.719999313354492,17.989999771118164,16.68000030517578,16.93000030517578,0,-0.0182032507804953,0.0182032507804953,0.0080317813539087,0.0,17.199583292007446,-0.0182032507804953,-0.0290360058035681,-0.0489192613244485,0.0,1.0,18.0,1.0,0.0,0.0,1.0
2025-06-10 19:00:00+00:00,16.760000228881836,16.959999084472656,16.68000030517578,16.959999084472656,0,0.0023923993522771,0.0023923993522771,0.0080469599395049,0.0,17.16416660944621,0.0023923993522771,-0.0221703135529922,-0.0482680495178448,1.0,0.0,19.0,1.0,0.0,0.0,1.0
2025-06-10 20:00:00+00:00,16.950000762939453,16.950000762939453,16.729999542236328,16.729999542236328,0,0.0113365472233226,0.0113365472233226,0.0084916355856639,0.0,17.136666615804035,0.0113365472233226,-0.0070298145301754,-0.0374786953172588,1.0,1.0,20.0,1.0,0.0,0.0,1.0
2025-06-11 07:00:00+00:00,16.979999542236328,17.079999923706055,16.969999313354492,17.040000915527344,0,0.0017698394068788,0.0017698394068788,0.0084047584867236,0.0,17.116249958674114,0.0017698394068788,-0.0005885949980314,-0.0280480704280049,1.0,0.0,7.0,2.0,0.0,0.0,1.0
2025-06-11 08:00:00+00:00,16.950000762939453,17.079999923706055,16.920000076293945,17.059999465942383,0,-0.0017667126092821,0.0017667126092821,0.008383125635742,0.0,17.09333332379659,-0.0017667126092821,0.0041470145529125,-0.0314285278320312,0.0,0.0,8.0,2.0,0.0,0.0,1.0
2025-06-11 09:00:00+00:00,17.110000610351562,17.110000610351562,16.920000076293945,16.989999771118164,0,0.0094395185964795,0.0094395185964795,0.0085882086712862,0.0,17.081666707992554,0.0094395185964795,0.004697587814473,-0.0161011379599902,1.0,1.0,9.0,2.0,0.0,1.0,1.0
2025-06-11 10:00:00+00:00,16.979999542236328,17.1200008392334,16.959999084472656,16.979999542236328,0,-0.0075979581226072,0.0075979581226072,0.0086114609354657,0.0,17.06958333651225,-0.0075979581226072,0.0155502535621618,-0.0167921776398665,0.0,0.0,10.0,2.0,0.0,1.0,1.0
2025-06-11 11:00:00+00:00,16.989999771118164,17.18000030517578,16.959999084472656,17.0,0,0.0005889416461384,0.0005889416461384,0.0082578294453769,0.0,17.066666682561237,0.0005889416461384,0.0137231228577181,-0.0041031475390115,1.0,0.0,11.0,2.0,0.0,1.0,1.0
2025-06-11 12:00:00+00:00,16.420000076293945,17.1299991607666,16.309999465942383,17.1299991607666,0,-0.0335491290466748,0.0335491290466748,0.0107120996225312,0.0,17.041666666666668,-0.0335491290466748,-0.0312684756807996,-0.0352526654131808,0.0,1.0,12.0,2.0,0.0,1.0,1.0
2025-06-11 13:00:00+00:00,16.579999923706055,16.940000534057617,16.309999465942383,16.940000534057617,0,0.0097442050346336,0.0097442050346336,0.0108258187310303,0.0,17.02958329518636,0.0097442050346336,-0.023557104199874,-0.01719033201545,1.0,0.0,13.0,2.0,0.0,1.0,1.0
2025-06-11 14:00:00+00:00,16.399999618530273,16.780000686645508,16.350000381469727,16.549999237060547,0,-0.0108564720147203,0.0108564720147203,0.0110231822875888,0.0,17.011249939600628,-0.0108564720147203,-0.0324484436373441,-0.0261282975101398,0.0,0.0,14.0,2.0,0.0,1.0,1.0
2025-06-11 15:00:00+00:00,16.5,16.56999969482422,16.350000381469727,16.440000534057617,0,0.0060975843777908,0.0060975843777908,0.0105294607240435,0.0,16.985833247502644,0.0060975843777908,-0.0356517000930153,-0.0356517000930153,1.0,0.0,15.0,2.0,0.0,1.0,1.0
2025-06-11 16:00:00+00:00,16.469999313354492,16.770000457763672,16.399999618530273,16.440000534057617,0,-0.001818223433061,0.001818223433061,0.0104762683670723,0.0,16.956666549046833,-0.001818223433061,-0.0300353499782642,-0.0407688270139218,0.0,0.0,16.0,2.0,0.0,1.0,1.0
2025-06-11 17:00:00+00:00,16.65999984741211,16.65999984741211,16.239999771118164,16.579999923706055,0,0.0115361591972598,0.0115361591972598,0.0099653384263267,0.0,16.922083218892414,0.0115361591972598,-0.0194231858829705,-0.0474556852240022,1.0,1.0,17.0,2.0,0.0,0.0,1.0
2025-06-11 18:00:00+00:00,17.479999542236328,17.719999313354492,16.239999771118164,16.260000228881836,0,0.0492196700080758,0.0492196700080758,0.0144416043060476,0.0,16.922916571299236,0.0492196700080758,0.0645553873944699,0.0011455016501953,1.0,1.0,18.0,2.0,0.0,0.0,1.0
2025-06-11 19:00:00+00:00,17.360000610351562,18.09000015258789,17.100000381469727,17.469999313354492,0,-0.0068649276331396,0.0068649276331396,0.0144635728137314,0.0,16.922916571299236,-0.0068649276331396,0.0470446737174143,0.0,0.0,0.0,19.0,2.0,0.0,0.0,1.0
2025-06-11 20:00:00+00:00,17.260000228881836,17.399999618530273,17.25,17.3799991607666,0,-0.0057603904351303,0.0057603904351303,0.0144817766783206,0.0,16.922083218892414,-0.0057603904351303,0.0524390628265534,-0.0011574338523683,0.0,0.0,20.0,2.0,0.0,0.0,1.0
2025-06-12 07:00:00+00:00,18.43000030517578,18.489999771118164,17.84000015258789,17.8700008392334,0,0.0677867937878782,0.0677867937878782,0.01999443751407,0.0,16.97208325068156,0.0677867937878782,0.1169697154651989,0.069646012467839,1.0,1.0,7.0,3.0,0.0,0.0,1.0
2025-06-12 08:00:00+00:00,18.31999969482422,18.8700008392334,17.93000030517578,17.93000030517578,0,-0.0059685625898047,0.0059685625898047,0.0200664644645103,0.0,17.017916599909466,-0.0059685625898047,0.1123254680387069,0.0638792349205643,0.0,0.0,8.0,3.0,0.0,0.0,1.0
2025-06-12 09:00:00+00:00,18.31999969482422,18.709999084472656,18.1200008392334,18.65999984741211,0,0.0,0.0,0.0200141395255505,0.0,17.06708327929179,0.0,0.0996398476960349,0.0688448277243483,0.0,0.0,9.0,3.0,0.0,1.0,1.0
2025-06-12 10:00:00+00:00,18.520000457763672,18.770000457763672,18.1200008392334,18.299999237060547,0,0.0109170723947096,0.0109170723947096,0.0200186592516312,0.0,17.1274999777476,0.0109170723947096,0.0594966214395158,0.0849443930206459,1.0,0.0,10.0,3.0,0.0,1.0,1.0
2025-06-12 11:00:00+00:00,18.790000915527344,18.790000915527344,18.43000030517578,18.690000534057617,0,0.0145788580502159,0.0145788580502159,0.0200585548408085,0.0,17.202500025431316,0.0145788580502159,0.0823732865725297,0.1059447421223076,1.0,0.0,11.0,3.0,0.0,1.0,1.0
2025-06-12 12:00:00+00:00,18.06999969482422,18.790000915527344,18.059999465942383,18.649999618530273,0,-0.0383183174891781,0.0383183174891781,0.0217873701601129,0.0,17.252083381017048,-0.0383183174891781,0.0469292847741089,0.070497665475214,0.0,1.0,12.0,3.0,0.0,1.0,1.0
2025-06-12 13:00:00+00:00,17.969999313354492,18.559999465942383,17.889999389648438,18.489999771118164,0,-0.0055340555151404,0.0055340555151404,0.0218187052617955,0.0,17.291249990463257,-0.0055340555151404,-0.0249593588824903,0.055196628820227,0.0,0.0,13.0,3.0,0.0,1.0,1.0
2025-06-12 14:00:00+00:00,17.56999969482422,18.229999542236328,17.43000030517578,18.040000915527344,0,-0.0222593007131064,0.0222593007131064,0.0220007093756523,0.0,17.326666673024494,-0.0222593007131064,-0.0409388653107832,0.0508373454770909,0.0,1.0,14.0,3.0,0.0,1.0,1.0
2025-06-12 15:00:00+00:00,18.059999465942383,18.15999984741211,17.43000030517578,17.510000228881836,0,0.027888433672683,0.027888433672683,0.0226125933327794,0.0,17.38083330790202,0.027888433672683,-0.0141921524679551,0.0775655858775175,1.0,1.0,15.0,3.0,0.0,1.0,1.0
2025-06-12 16:00:00+00:00,17.969999313354492,18.280000686645508,17.65999984741211,17.969999313354492,0,-0.0049833973006263,0.0049833973006263,0.0226076398641587,0.0,17.423333247502644,-0.0049833973006263,-0.0296976852491716,0.0601769029205725,0.0,0.0,16.0,3.0,0.0,1.0,1.0
2025-06-12 17:00:00+00:00,17.600000381469727,18.110000610351562,17.540000915527344,17.93000030517578,0,-0.0205898133568541,0.0205898133568541,0.0231020341255925,0.0,17.449166615804035,-0.0205898133568541,-0.0633315846767333,0.0365135957566546,0.0,0.0,17.0,3.0,0.0,0.0,1.0
2025-06-12 18:00:00+00:00,17.770000457763672,17.920000076293945,17.540000915527344,17.6200008392334,0,0.0096590950346189,0.0096590950346189,0.0231441655729925,0.0,17.483333269755047,0.0096590950346189,-0.0166020609920914,0.048377560938942,1.0,0.0,18.0,3.0,0.0,0.0,1.0
2025-06-12 19:00:00+00:00,17.940000534057617,18.1200008392334,17.719999313354492,17.860000610351562,0,0.0095666894718435,0.0095666894718435,0.0231459040625404,0.0,17.517916599909466,0.0095666894718435,-0.0016693812155341,0.0485096372938702,1.0,0.0,19.0,3.0,0.0,0.0,1.0
2025-06-12 20:00:00+00:00,18.020000457763672,18.030000686645508,17.899999618530273,17.899999618530273,0,0.0044593044216572,0.0044593044216572,0.0230540168922687,0.0,17.56124997138977,0.0044593044216572,0.0256118822285473,0.0612485832488056,1.0,0.0,20.0,3.0,0.0,0.0,1.0
2025-06-13 07:00:00+00:00,21.020000457763672,22.0,20.950000762939453,21.760000228881836,0,0.1664816827852793,0.1664816827852793,0.0405866135416929,0.0,17.729166666666668,0.1664816827852793,0.1638981771512935,0.2371983955818666,1.0,1.0,7.0,4.0,0.0,0.0,1.0
2025-06-13 08:00:00+00:00,21.149999618530273,21.75,20.559999465942383,21.75,0,0.0061845460483129,0.0061845460483129,0.0395451857221461,0.0,17.926249980926514,0.0061845460483129,0.1769616264154527,0.2880633081765433,1.0,0.0,8.0,4.0,0.0,0.0,1.0
2025-06-13 09:00:00+00:00,20.969999313354492,21.350000381469727,20.760000228881836,20.829999923706055,0,-0.0085106528804888,0.0085106528804888,0.0397514042058758,0.0,18.109166622161865,-0.0085106528804888,0.1914772078887503,0.2647768039716107,0.0,0.0,9.0,4.0,0.0,1.0,1.0
2025-06-13 10:00:00+00:00,20.459999084472656,21.209999084472656,20.450000762939453,20.959999084472656,0,-0.024320469507934,0.024320469507934,0.0401593787014572,0.0,18.27833326657613,-0.024320469507934,0.1513786470125684,0.2475609488036214,0.0,0.0,10.0,4.0,0.0,1.0,1.0
2025-06-13 11:00:00+00:00,19.959999084472656,20.940000534057617,19.90999984741211,20.899999618530273,0,-0.0244379287572625,0.0244379287572625,0.0407667422032548,0.0,18.422499895095825,-0.0244379287572625,0.1125974632263939,0.2096969142104641,0.0,0.0,11.0,4.0,0.0,1.0,1.0
2025-06-13 12:00:00+00:00,20.110000610351562,20.43000030517578,19.809999465942383,20.420000076293945,0,0.007515106851663,0.007515106851663,0.0407064684582421,0.0,18.574166615804035,0.007515106851663,0.1159822474747742,0.2210079811020768,1.0,0.0,12.0,4.0,0.0,1.0,1.0
2025-06-13 13:00:00+00:00,20.479999542236328,20.489999771118164,19.420000076293945,19.920000076293945,0,0.0183987528918476,0.0183987528918476,0.0407484537690905,0.0,18.733333269755047,0.0183987528918476,-0.0256898622153881,0.2292917004688688,1.0,0.0,13.0,4.0,0.0,1.0,1.0
2025-06-13 14:00:00+00:00,19.940000534057617,20.989999771118164,19.420000076293945,19.770000457763672,0,-0.0263671396605775,0.0263671396605775,0.0404553250806384,0.0,18.835833311080933,-0.0263671396605775,-0.0572103596357767,0.1407323258720501,0.0,0.0,14.0,4.0,0.0,1.0,1.0
2025-06-13 15:00:00+00:00,19.059999465942383,20.969999313354492,18.8799991607666,20.969999313354492,0,-0.0441324495760262,0.0441324495760262,0.0416766019768613,0.0,18.90666659673055,-0.0441324495760262,-0.0910824945137575,0.09792619791598,0.0,1.0,15.0,4.0,0.0,1.0,1.0
2025-06-13 16:00:00+00:00,19.110000610351562,19.329999923706055,18.8799991607666,19.190000534057617,0,0.0026233549743024,0.0026233549743024,0.0416204099792621,0.0,18.98374994595845,0.0026233549743024,-0.0659823330659689,0.1071842616997216,1.0,0.0,16.0,4.0,0.0,1.0,1.0
2025-06-13 17:00:00+00:00,19.850000381469727,20.1200008392334,19.030000686645508,19.239999771118164,0,0.0387231683664792,0.0387231683664792,0.0401103723903637,0.0,19.042916615804035,0.0387231683664792,-0.0055109573170522,0.0770482936940137,1.0,0.0,17.0,4.0,0.0,0.0,1.0
2025-06-13 18:00:00+00:00,21.1299991607666,21.690000534057617,19.739999771118164,19.850000381469727,0,0.0644835644684305,0.0644835644684305,0.0419012438067804,0.0,19.159999926884968,0.0644835644684305,0.050720960689081,0.1533842528794509,1.0,1.0,18.0,4.0,0.0,0.0,1.0
2025-06-13 19:00:00+00:00,21.139999389648438,21.690000534057617,20.790000915527344,21.010000228881836,0,0.000473271617559,0.000473271617559,0.0418980396997368,0.0,19.27749991416931,0.000473271617559,0.0322265557697389,0.1539301169104783,1.0,0.0,19.0,4.0,0.0,0.0,1.0
2025-06-13 20:00:00+00:00,20.84000015258789,21.1299991607666,20.84000015258789,21.079999923706055,0,-0.0141910712262104,0.0141910712262104,0.0421029758278458,0.0,19.37416656812032,-0.0141910712262104,0.0451353858789056,0.1252699588272237,0.0,0.0,20.0,4.0,0.0,0.0,1.0
2025-06-16 07:00:00+00:00,19.850000381469727,19.899999618530273,19.709999084472656,19.780000686645508,0,-0.0475047871338536,0.0475047871338536,0.0434218779478318,0.0,19.418333212534588,-0.0475047871338536,0.0414481079571364,0.0564129544595413,0.0,1.0,7.0,0.0,0.0,0.0,1.0
2025-06-16 08:00:00+00:00,19.940000534057617,20.049999237060547,19.709999084472656,19.809999465942383,0,0.0045340126376978,0.0045340126376978,0.0425146486610227,0.0,19.49624991416931,0.0045340126376978,0.0434327523389224,0.1034864898071372,1.0,0.0,8.0,0.0,0.0,0.0,1.0
2025-06-16 09:00:00+00:00,20.139999389648438,20.219999313354492,19.920000076293945,19.979999542236328,0,0.0100300326095388,0.0100300326095388,0.0424668777336556,0.0,19.586666584014893,0.0100300326095388,0.0146095215418449,0.1207568257769102,1.0,0.0,9.0,0.0,0.0,1.0,1.0
2025-06-16 10:00:00+00:00,19.969999313354492,20.219999313354492,19.969999313354492,20.1299991607666,0,-0.0084409176487523,0.0084409176487523,0.042165744498092,0.0,19.68666656812032,-0.0084409176487523,-0.0548982438942048,0.1365964519189642,0.0,0.0,10.0,0.0,0.0,1.0,1.0
2025-06-16 11:00:00+00:00,19.790000915527344,20.15999984741211,19.75,20.06999969482422,0,-0.0090134403613513,0.0090134403613513,0.0420110254460325,0.0,19.758749961853027,-0.0090134403613513,-0.0638599107425775,0.0957918881917689,0.0,0.0,11.0,0.0,0.0,1.0,1.0
2025-06-16 12:00:00+00:00,19.719999313354492,20.09000015258789,19.649999618530273,20.09000015258789,0,-0.0035372207647513,0.0035372207647513,0.0419977021562081,0.0,19.83166662851969,-0.0035372207647513,-0.0537428421800811,0.097384533492969,0.0,0.0,12.0,0.0,0.0,1.0,1.0
2025-06-16 13:00:00+00:00,18.90999984741211,19.75,18.8799991607666,19.670000076293945,0,-0.0410750250581321,0.0410750250581321,0.0427350971197946,0.0,19.886249939600628,-0.0410750250581321,-0.0473551897225715,0.0744317862243699,0.0,0.0,13.0,0.0,0.0,1.0,1.0
2025-06-16 14:00:00+00:00,18.950000762939453,19.559999465942383,18.670000076293945,19.559999465942383,0,0.0021153313511432,0.0021153313511432,0.0427179966224121,0.0,19.935416618982952,0.0021153313511432,-0.0496489340322353,0.0664040672357013,1.0,0.0,14.0,0.0,0.0,1.0,1.0
2025-06-16 15:00:00+00:00,18.989999771118164,19.079999923706055,18.780000686645508,18.850000381469727,0,0.0021107655181173,0.0021107655181173,0.042699084219528,0.0,19.97916658719381,0.0021107655181173,-0.0571002807041469,0.0585283838240255,1.0,0.0,15.0,0.0,0.0,1.0,1.0
2025-06-16 16:00:00+00:00,19.280000686645508,19.299999237060547,18.780000686645508,18.920000076293945,0,0.0152712437610664,0.0152712437610664,0.0427700159877829,0.0,20.03166659673055,0.0152712437610664,-0.0345517601619326,0.0699223194713616,1.0,0.0,16.0,0.0,0.0,1.0,1.0
2025-06-16 17:00:00+00:00,19.290000915527344,19.360000610351562,18.829999923706055,19.09000015258789,0,0.000518684052162,0.000518684052162,0.0250379931826495,0.0,19.959583282470703,0.000518684052162,-0.0252652843289005,-0.0823025454120462,1.0,0.0,17.0,0.0,0.0,0.0,1.0
2025-06-16 18:00:00+00:00,19.200000762939453,19.399999618530273,18.969999313354492,19.040000915527344,0,-0.004665637548801,0.004665637548801,0.0249576308996131,0.0,19.87833333015442,-0.004665637548801,-0.0263690957667981,-0.0921985291140315,0.0,0.0,18.0,0.0,0.0,0.0,1.0
2025-06-16 19:00:00+00:00,19.170000076293945,19.440000534057617,19.100000381469727,19.290000915527344,0,-0.0015625357006973,0.0015625357006973,0.0249399964867275,0.0,19.80333336194356,-0.0015625357006973,0.0137493511887794,-0.0858368762994779,0.0,0.0,19.0,0.0,0.0,0.0,1.0
2025-06-16 20:00:00+00:00,19.110000610351562,19.149999618530273,19.06999969482422,19.100000381469727,0,-0.003129862582347,0.003129862582347,0.0245403651332216,0.0,19.74708342552185,-0.003129862582347,0.0084432633757471,-0.0659823330659689,0.0,0.0,20.0,0.0,0.0,0.0,1.0
2025-06-17 07:00:00+00:00,20.649999618530273,20.989999771118164,20.5,20.530000686645508,0,0.080586026111612,0.080586026111612,0.0293589059483638,0.0,19.77583344777425,0.080586026111612,0.08741442166507,0.0345691666185687,1.0,1.0,7.0,1.0,0.0,0.0,1.0
2025-06-17 08:00:00+00:00,20.469999313354492,20.8799991607666,20.350000381469727,20.8700008392334,0,-0.0087167219613049,0.0087167219613049,0.0294090093266078,0.0,19.790833393732708,-0.0087167219613049,0.0617219182742689,0.0179014764831793,0.0,0.0,8.0,1.0,0.0,0.0,1.0
2025-06-17 09:00:00+00:00,20.610000610351562,20.719999313354492,20.350000381469727,20.450000762939453,0,0.0068393405810098,0.0068393405810098,0.029208159682893,0.0,19.79625010490417,0.0068393405810098,0.0684292188789734,0.0063477085459464,1.0,0.0,9.0,1.0,0.0,1.0,1.0
2025-06-17 10:00:00+00:00,20.510000228881836,20.860000610351562,20.479999542236328,20.639999389648438,0,-0.0048520319509112,0.0048520319509112,0.028667565143332,0.0,19.82000009218852,-0.0048520319509112,0.0682291361399833,0.0285857412014938,0.0,0.0,10.0,1.0,0.0,1.0,1.0
2025-06-17 11:00:00+00:00,20.149999618530273,20.860000610351562,20.149999618530273,20.6200008392334,0,-0.0175524430197039,0.0175524430197039,0.0273066463876819,0.0,19.865416765213013,-0.0175524430197039,0.0511215199966648,0.0571878375199104,0.0,0.0,11.0,1.0,0.0,1.0,1.0
2025-06-17 12:00:00+00:00,20.229999542236328,20.3700008392334,19.959999084472656,20.280000686645508,0,0.0039702196139241,0.0039702196139241,0.0273079314864072,0.0,19.91208338737488,0.0039702196139241,0.0586080008431857,0.0586080008431857,1.0,0.0,12.0,1.0,0.0,1.0,1.0
2025-06-17 13:00:00+00:00,19.850000381469727,20.290000915527344,19.729999542236328,20.110000610351562,0,-0.0187839431223533,0.0187839431223533,0.0265237143677084,0.0,19.91208338737488,-0.0187839431223533,-0.0387408838662964,0.0,0.0,0.0,13.0,1.0,0.0,1.0,1.0
2025-06-17 14:00:00+00:00,20.079999923706055,20.100000381469727,19.549999237060547,19.93000030517578,0,0.0115868784794097,0.0115868784794097,0.0229129396447424,0.0,19.86833341916402,0.0115868784794097,-0.0190522424392073,-0.0496923463683872,1.0,0.0,14.0,1.0,0.0,1.0,1.0
2025-06-17 15:00:00+00:00,20.020000457763672,20.219999313354492,19.68000030517578,19.729999542236328,0,-0.002988021223623,0.002988021223623,0.0229084118334899,0.0,19.821666797002155,-0.002988021223623,-0.0286268867110832,-0.0529800834541741,0.0,0.0,15.0,1.0,0.0,1.0,1.0
2025-06-17 16:00:00+00:00,20.56999969482422,20.639999389648438,19.790000915527344,20.100000381469727,0,0.0274724887354964,0.0274724887354964,0.0235164485814245,0.0,19.81041677792867,0.0274724887354964,0.0029253761712733,-0.0129558759974454,1.0,1.0,16.0,1.0,0.0,1.0,1.0
2025-06-17 17:00:00+00:00,21.350000381469727,21.649999618530273,19.899999618530273,19.959999084472656,0,0.0379193338948746,0.0379193338948746,0.0225011819476764,0.0,19.87291677792867,0.0379193338948746,0.0595533888663657,0.07556674917751,1.0,1.0,17.0,1.0,0.0,0.0,1.0
2025-06-17 18:00:00+00:00,21.170000076293945,21.790000915527344,20.709999084472656,20.969999313354492,0,-0.0084309274922547,0.0084309274922547,0.0226249695971123,0.0,19.924166758855183,-0.0084309274922547,0.0464656725322745,0.0616850305563172,0.0,0.0,18.0,1.0,0.0,0.0,1.0
2025-06-17 19:00:00+00:00,21.43000030517578,21.780000686645508,20.989999771118164,21.6299991607666,0,0.0122815412349943,0.0122815412349943,0.0226611662940054,0.0,19.977916797002155,0.0122815412349943,0.0795969719567868,0.0640516859295625,1.0,0.0,19.0,1.0,0.0,0.0,1.0
2025-06-17 20:00:00+00:00,21.6200008392334,21.649999618530273,21.360000610351562,21.459999084472656,0,0.0088661003897292,0.0088661003897292,0.0225620597362744,0.0,20.046666860580444,0.0088661003897292,0.0766932729770206,0.0826240151533457,1.0,0.0,20.0,1.0,0.0,0.0,1.0
2025-06-18 07:00:00+00:00,20.799999237060547,20.899999618530273,20.709999084472656,20.899999618530273,0,-0.0379279172221311,0.0379279172221311,0.023989024059898,0.0,20.08875012397766,-0.0379279172221311,0.0389609770960017,0.0510357895304973,0.0,1.0,7.0,2.0,0.0,0.0,1.0
2025-06-18 08:00:00+00:00,20.719999313354492,20.8700008392334,20.68000030517578,20.799999237060547,0,-0.0038461503192516,0.0038461503192516,0.0239924010576425,0.0,20.13041679064433,-0.0038461503192516,0.0072921546308051,0.0507099409137805,0.0,0.0,8.0,2.0,0.0,0.0,1.0
2025-06-18 09:00:00+00:00,20.649999618530273,20.84000015258789,20.5,20.84000015258789,0,-0.003378363761774,0.003378363761774,0.0221935350076688,0.0,20.202916781107582,-0.003378363761774,-0.0327869203949524,0.0920147956191701,0.0,0.0,9.0,2.0,0.0,1.0,1.0
2025-06-18 10:00:00+00:00,21.56999969482422,21.579999923706055,20.600000381469727,20.6299991607666,0,0.0445520626290174,0.0445520626290174,0.0236851833181822,0.0,20.31208340326945,0.0445520626290174,0.0188946441704642,0.1382585132665905,1.0,1.0,10.0,2.0,0.0,1.0,1.0
2025-06-18 11:00:00+00:00,21.139999389648438,21.579999923706055,20.860000610351562,21.020000457763672,0,-0.0199351094696103,0.0199351094696103,0.024250087397122,0.0,20.40166672070821,-0.0199351094696103,-0.0135324737003061,0.1132174641623851,0.0,0.0,11.0,2.0,0.0,1.0,1.0
2025-06-18 12:00:00+00:00,21.389999389648438,21.399999618530273,20.860000610351562,21.309999465942383,0,0.0118259227633854,0.0118259227633854,0.0241952560679413,0.0,20.48958333333333,0.0118259227633854,-0.0106383645077192,0.1094397628556331,1.0,0.0,12.0,2.0,0.0,1.0,1.0
2025-06-18 13:00:00+00:00,20.25,21.399999618530273,20.190000534057617,21.229999542236328,0,-0.0532959056651555,0.0532959056651555,0.0269299958766158,0.0,20.52958329518636,-0.0532959056651555,-0.0264422719824229,0.0497666686837692,0.0,1.0,13.0,2.0,0.0,1.0,1.0
2025-06-18 14:00:00+00:00,19.799999237060547,20.969999313354492,19.59000015258789,20.899999618530273,0,-0.0222222598982445,0.0222222598982445,0.0273643188181114,0.0,20.554583231608078,-0.0222222598982445,-0.0444015495551192,0.0312499192853801,0.0,0.0,14.0,2.0,0.0,1.0,1.0
2025-06-18 15:00:00+00:00,20.149999618530273,20.190000534057617,19.59000015258789,19.739999771118164,0,0.0176767876240426,0.0176767876240426,0.0275477198435498,0.0,20.59541654586792,0.0176767876240426,-0.0242130755078234,0.0511215199966648,1.0,0.0,15.0,2.0,0.0,1.0,1.0
2025-06-18 16:00:00+00:00,20.31999969482422,20.329999923706055,19.950000762939453,20.079999923706055,0,0.0084367285117767,0.0084367285117767,0.0275472498013833,0.0,20.64583317438761,0.0084367285117767,-0.0579508584925915,0.0633175848156288,1.0,0.0,16.0,2.0,0.0,1.0,1.0
2025-06-18 17:00:00+00:00,20.399999618530273,20.959999084472656,20.170000076293945,20.299999237060547,0,0.0039370041785202,0.0039370041785202,0.0220452336994634,0.0,20.635416507720947,0.0039370041785202,-0.0350047205526655,-0.0121065377539117,1.0,0.0,17.0,2.0,0.0,0.0,1.0
2025-06-18 18:00:00+00:00,20.850000381469727,21.1200008392334,19.84000015258789,20.690000534057617,0,0.022058861340894,0.022058861340894,0.0224245686921307,0.0,20.65124988555908,0.022058861340894,-0.0252453961471378,0.0185638046341958,1.0,0.0,18.0,2.0,0.0,0.0,1.0
2025-06-18 19:00:00+00:00,20.3799991607666,21.1200008392334,19.84000015258789,20.420000076293945,0,-0.0225420245613441,0.0225420245613441,0.0228896063202674,0.0,20.64166649182637,-0.0225420245613441,0.006419711642795,-0.0111597012505395,0.0,0.0,19.0,2.0,0.0,0.0,1.0
2025-06-18 20:00:00+00:00,20.149999618530273,20.270000457763672,20.06999969482422,20.270000457763672,0,-0.0112855520955613,0.0112855520955613,0.0229837449764628,0.0,20.62666646639506,-0.0112855520955613,0.0176767876240426,-0.0175524430197039,0.0,0.0,20.0,2.0,0.0,0.0,1.0
2025-06-19 07:00:00+00:00,22.079999923706055,22.170000076293945,21.510000228881836,21.510000228881836,0,0.095781654675612,0.095781654675612,0.0299203678984698,0.0,20.707083145777386,0.095781654675612,0.095781654675612,0.095781654675612,1.0,1.0,7.0,3.0,0.0,0.0,1.0
2025-06-19 08:00:00+00:00,21.600000381469727,22.170000076293945,21.600000381469727,21.770000457763672,0,-0.0217391097778483,0.0217391097778483,0.0303869887579151,0.0,20.764166514078777,-0.0217391097778483,0.0629921607219088,0.0677212491465015,0.0,0.0,8.0,3.0,0.0,0.0,1.0
2025-06-19 09:00:00+00:00,21.3700008392334,21.760000228881836,21.229999542236328,21.760000228881836,0,-0.0106481267673328,0.0106481267673328,0.030176103867989,0.0,20.8274998664856,-0.0106481267673328,0.0475490803353755,0.0765743288943519,0.0,0.0,9.0,3.0,0.0,1.0,1.0
2025-06-19 10:00:00+00:00,21.219999313354492,21.5,21.18000030517578,21.360000610351562,0,-0.007019256901643,0.007019256901643,0.0301984818194728,0.0,20.87499984105428,-0.007019256901643,0.0177457518040911,0.0567728781862482,0.0,0.0,10.0,3.0,0.0,1.0,1.0
2025-06-19 11:00:00+00:00,21.540000915527344,21.690000534057617,21.18000030517578,21.43000030517578,0,0.0150801890917811,0.0150801890917811,0.0302748245826815,0.0,20.9383331934611,0.0150801890917811,0.0569186360416469,0.0759240970533654,1.0,0.0,11.0,3.0,0.0,1.0,1.0
2025-06-19 12:00:00+00:00,21.899999618530273,22.0,21.459999084472656,21.520000457763672,0,0.0167130309982215,0.0167130309982215,0.0299824100149699,0.0,20.993749856948853,0.0167130309982215,0.086848636879907,0.0646572651160859,1.0,0.0,12.0,3.0,0.0,1.0,1.0
2025-06-19 13:00:00+00:00,22.360000610351562,22.75,21.579999923706055,21.600000381469727,0,0.0210046118645621,0.0210046118645621,0.0293182151963108,0.0,21.035833199818928,0.0210046118645621,0.0126811905621833,0.0473068014442961,1.0,0.0,13.0,3.0,0.0,1.0,1.0
2025-06-19 14:00:00+00:00,22.209999084472656,22.75,21.700000762939453,21.700000762939453,0,-0.0067084759295338,0.0067084759295338,0.0292928226304862,0.0,21.07916649182637,-0.0067084759295338,0.0282406801958317,0.0491260748432067,0.0,0.0,14.0,3.0,0.0,1.0,1.0
2025-06-19 15:00:00+00:00,22.170000076293945,22.440000534057617,21.989999771118164,22.219999313354492,0,-0.0018009459625181,0.0018009459625181,0.0292273064471225,0.0,21.109999815622967,-0.0018009459625181,0.0374356202921537,0.0345310200924,0.0,0.0,15.0,3.0,0.0,1.0,1.0
2025-06-20 07:00:00+00:00,20.389999389648438,20.75,20.3700008392334,20.739999771118164,0,-0.0802887090897593,0.0802887090897593,0.0336269184734214,0.0,21.05874975522359,-0.0802887090897593,-0.0391140410256143,-0.056891831722453,0.0,1.0,7.0,4.0,0.0,0.0,1.0
2025-06-20 08:00:00+00:00,20.829999923706055,20.829999923706055,20.15999984741211,20.600000381469727,0,0.0215792323309726,0.0215792323309726,0.0330436312214014,0.0,21.05999978383382,0.0215792323309726,-0.0329619759351763,0.0014423407570156,1.0,0.0,8.0,4.0,0.0,0.0,1.0
2025-06-20 09:00:00+00:00,20.450000762939453,20.829999923706055,20.31999969482422,20.31999969482422,0,-0.0182428786441873,0.0182428786441873,0.0332574732816024,0.0,21.0487498442332,-0.0182428786441873,-0.0662099945592661,-0.0130308185020555,0.0,0.0,9.0,4.0,0.0,1.0,1.0
2025-06-20 10:00:00+00:00,20.239999771118164,20.6299991607666,20.239999771118164,20.600000381469727,0,-0.0102689967719641,0.0102689967719641,0.0333174228151393,0.0,21.03166651725769,-0.0102689967719641,-0.094812199524357,-0.019854714527171,0.0,0.0,10.0,4.0,0.0,1.0,1.0
2025-06-20 11:00:00+00:00,19.68000030517578,20.5,19.440000534057617,20.489999771118164,0,-0.0276679581163574,0.0276679581163574,0.0323367003447136,0.0,20.952916542689007,-0.0276679581163574,-0.1139126016923447,-0.0876216697444807,0.0,0.0,11.0,4.0,0.0,1.0,1.0
2025-06-20 12:00:00+00:00,19.309999465942383,20.059999465942383,19.239999771118164,20.049999237060547,0,-0.0188008553605606,0.0188008553605606,0.0323121739677232,0.0,20.87666654586792,-0.0188008553605606,-0.1290031845065133,-0.086565751018997,0.0,0.0,12.0,4.0,0.0,1.0,1.0
2025-06-20 13:00:00+00:00,19.639999389648438,19.649999618530273,19.110000610351562,19.239999771118164,0,0.0170895874071921,0.0170895874071921,0.0324367036699526,0.0,20.80374987920125,0.0170895874071921,-0.0367827377366553,-0.0818139340783199,1.0,0.0,13.0,4.0,0.0,1.0,1.0
2025-06-20 14:00:00+00:00,20.520000457763672,20.719999313354492,19.110000610351562,19.329999923706055,0,0.0448065730887472,0.0448065730887472,0.0320078746737104,0.0,20.81499989827474,0.0448065730887472,-0.0148823555966306,0.0133333559389468,1.0,1.0,14.0,4.0,0.0,1.0,1.0
2025-06-20 15:00:00+00:00,20.290000915527344,20.8799991607666,19.770000457763672,19.950000762939453,0,-0.0112085544398371,0.0112085544398371,0.0317376894369978,0.0,20.83541663487752,-0.0112085544398371,-0.0078239531267925,0.0247475604721054,0.0,0.0,15.0,4.0,0.0,1.0,1.0
2025-06-20 16:00:00+00:00,20.389999389648438,20.479999542236328,19.770000457763672,20.110000610351562,0,0.0049284607988642,0.0049284607988642,0.0315613239409596,0.0,20.84541662534078,0.0049284607988642,0.0074110484301643,0.0119106588417727,1.0,0.0,16.0,4.0,0.0,1.0,1.0
2025-06-20 17:00:00+00:00,20.690000534057617,21.06999969482422,20.079999923706055,20.309999465942383,0,0.0147131512206657,0.0147131512206657,0.0316517877682972,0.0,20.860833326975506,0.0147131512206657,0.0513211490457248,0.0182087029916462,1.0,0.0,17.0,4.0,0.0,0.0,1.0
2025-06-20 18:00:00+00:00,20.760000228881836,21.06999969482422,20.209999084472656,20.809999465942383,0,0.0033832621081373,0.0033832621081373,0.0316499289167751,0.0,20.87583335240682,0.0033832621081373,0.0750906682051888,0.0176470890727153,1.0,0.0,18.0,4.0,0.0,0.0,1.0
2025-06-20 19:00:00+00:00,20.59000015258789,20.940000534057617,20.270000457763672,20.34000015258789,0,-0.0081888282475757,0.0081888282475757,0.0313845334201468,0.0,20.865000009536743,-0.0081888282475757,0.0483707124471788,-0.0124700347302108,0.0,0.0,19.0,4.0,0.0,0.0,1.0
2025-06-20 20:00:00+00:00,20.6299991607666,20.670000076293945,20.280000686645508,20.59000015258789,0,0.0019426424420732,0.0019426424420732,0.0310176052513332,0.0,20.87541667620341,0.0019426424420732,0.0053605604556072,0.0122669288662815,1.0,0.0,20.0,4.0,0.0,0.0,1.0
2025-06-23 07:00:00+00:00,20.950000762939453,21.43000030517578,20.940000534057617,21.149999618530273,0,0.0155114694711873,0.0155114694711873,0.0310397564266198,0.0,20.90875005722046,0.0155114694711873,0.0325283300951964,0.0397022907967445,1.0,0.0,7.0,0.0,0.0,0.0,1.0
2025-06-23 08:00:00+00:00,20.809999465942383,21.239999771118164,20.639999389648438,21.239999771118164,0,-0.0066826392314377,0.0066826392314377,0.0237919637887659,0.0,20.855833371480305,-0.0066826392314377,0.0205983368742606,-0.0575181368728241,0.0,0.0,8.0,0.0,0.0,0.0,1.0
2025-06-23 09:00:00+00:00,20.920000076293945,20.950000762939453,20.68000030517578,20.809999465942383,0,0.0052859496960386,0.0052859496960386,0.0234636708960499,0.0,20.82750002543132,0.0052859496960386,0.0111164589801593,-0.0314814950540066,1.0,0.0,9.0,0.0,0.0,1.0,1.0
2025-06-23 10:00:00+00:00,21.209999084472656,21.209999084472656,20.81999969482422,20.8700008392334,0,0.0138622852352343,0.0138622852352343,0.0235614990952254,0.0,20.820833285649616,0.0138622852352343,0.021676245213368,-0.0074872133119898,1.0,0.0,10.0,0.0,0.0,1.0,1.0
2025-06-23 11:00:00+00:00,21.510000228881836,21.8799991607666,21.030000686645508,21.079999923706055,0,0.0141443261366664,0.0141443261366664,0.0236846779862464,0.0,20.832916657129925,0.0141443261366664,0.0446818877841685,0.0136663960844163,1.0,0.0,11.0,0.0,0.0,1.0,1.0
2025-06-23 12:00:00+00:00,20.65999984741211,21.8799991607666,20.65999984741211,21.649999618530273,0,-0.0395165212656956,0.0395165212656956,0.0248508202171809,0.0,20.79624994595845,-0.0395165212656956,0.0014542262659207,-0.040854272549305,0.0,1.0,12.0,0.0,0.0,1.0,1.0
2025-06-23 13:00:00+00:00,20.200000762939453,21.18000030517578,20.200000762939453,21.18000030517578,0,-0.0222652027042621,0.0222652027042621,0.0248869548971372,0.0,20.72541666030884,-0.0222652027042621,-0.0357995213693141,-0.077625519872265,0.0,0.0,13.0,0.0,0.0,1.0,1.0
2025-06-23 14:00:00+00:00,20.43000030517578,21.110000610351562,20.0,21.049999237060547,0,0.0113861155222481,0.0113861155222481,0.0245578844319489,0.0,20.644999980926517,0.0113861155222481,-0.018260411846166,-0.086314859234945,1.0,0.0,14.0,0.0,0.0,1.0,1.0
2025-06-23 15:00:00+00:00,20.889999389648438,20.90999984741211,20.15999984741211,20.219999313354492,0,0.0225158628292394,0.0225158628292394,0.0251081059428173,0.0,20.58999999364217,0.0225158628292394,-0.001434067234039,-0.0594326766878189,1.0,0.0,15.0,0.0,0.0,1.0,1.0
2025-06-23 16:00:00+00:00,21.6200008392334,22.510000228881836,20.469999313354492,20.600000381469727,0,0.0349450201490526,0.0349450201490526,0.026231356492082,0.0,20.56708335876465,0.0349450201490526,0.0193305880461303,-0.0248082650053146,1.0,1.0,16.0,0.0,0.0,1.0,1.0
2025-06-23 17:00:00+00:00,20.25,22.510000228881836,20.06999969482422,21.610000610351562,0,-0.0633672889016397,0.0633672889016397,0.0241437396939687,0.0,20.56125005086263,-0.0633672889016397,-0.0585774158751524,-0.006866081110307,0.0,1.0,17.0,0.0,0.0,0.0,1.0
2025-06-23 18:00:00+00:00,20.25,20.3799991607666,19.989999771118164,20.18000030517578,0,0.0,0.0,0.0237027697062653,0.0,20.53708338737488,0.0,-0.0198451040871361,-0.0278444515521083,0.0,0.0,18.0,0.0,0.0,0.0,1.0
2025-06-23 19:00:00+00:00,19.899999618530273,20.3799991607666,19.81999969482422,20.200000762939453,0,-0.017283969455295,0.017283969455295,0.0236730611947871,0.0,20.51416667302449,-0.017283969455295,-0.0148515412415026,-0.0268949204836177,0.0,0.0,19.0,0.0,0.0,0.0,1.0
2025-06-23 20:00:00+00:00,19.850000381469727,19.989999771118164,19.850000381469727,19.90999984741211,0,-0.0025125245235677,0.0025125245235677,0.0235918878454819,0.0,20.49791669845581,-0.0025125245235677,-0.0283896189447984,-0.0192687447657462,0.0,0.0,20.0,0.0,0.0,0.0,1.0
2025-06-24 07:00:00+00:00,18.459999084472656,18.719999313354492,18.100000381469727,18.190000534057617,0,-0.0700252529110607,0.0700252529110607,0.0270416137101189,0.0,20.44708331425985,-0.0700252529110607,-0.1163236178158967,-0.0619919309849943,0.0,1.0,7.0,1.0,0.0,0.0,1.0
2025-06-24 08:00:00+00:00,18.350000381469727,18.719999313354492,18.25,18.25,0,-0.0059587599381547,0.0059587599381547,0.0268272308537664,0.0,20.40708335240682,-0.0059587599381547,-0.1512488589653366,-0.0497151274481304,0.0,0.0,8.0,1.0,0.0,0.0,1.0
2025-06-24 09:00:00+00:00,18.149999618530273,18.5,17.959999084472656,18.31999969482422,0,-0.0108992239118108,0.0108992239118108,0.0265789151283547,0.0,20.34500002861023,-0.0108992239118108,-0.1037037225417149,-0.0758655711518754,0.0,0.0,9.0,1.0,0.0,1.0,1.0
2025-06-24 10:00:00+00:00,18.190000534057617,18.260000228881836,17.959999084472656,18.049999237060547,0,0.00220390723791,0.00220390723791,0.0246006909789851,0.0,20.24791669845581,0.00220390723791,-0.1017283686885127,-0.1135477520335291,1.0,0.0,10.0,1.0,0.0,1.0,1.0
2025-06-24 11:00:00+00:00,18.100000381469727,18.3799991607666,18.09000015258789,18.190000534057617,0,-0.0049477817452165,0.0049477817452165,0.0245619697164896,0.0,20.15666667620341,-0.0049477817452165,-0.0904522247017755,-0.1079349647728046,0.0,0.0,11.0,1.0,0.0,1.0,1.0
2025-06-24 12:00:00+00:00,18.110000610351562,18.239999771118164,18.059999465942383,18.149999618530273,0,0.0005524988216063,0.0005524988216063,0.0245054922622399,0.0,20.06166672706604,0.0005524988216063,-0.0876574175153407,-0.1118194628516948,1.0,0.0,12.0,1.0,0.0,1.0,1.0
2025-06-24 13:00:00+00:00,18.200000762939453,18.239999771118164,17.829999923706055,18.15999984741211,0,0.0049696382967787,0.0049696382967787,0.0242504273246342,0.0,19.957916736602783,0.0049696382967787,-0.0140844168162443,-0.1203479800311941,1.0,0.0,13.0,1.0,0.0,1.0,1.0
2025-06-24 14:00:00+00:00,18.010000228881836,18.239999771118164,17.690000534057617,18.100000381469727,0,-0.0104395893457606,0.0104395893457606,0.0242057973345886,0.0,19.84333340326945,-0.0104395893457606,-0.0185286182844568,-0.1324662798497531,0.0,0.0,14.0,1.0,0.0,1.0,1.0
2025-06-24 15:00:00+00:00,17.75,18.010000228881836,17.649999618530273,17.93000030517578,0,-0.0144364367339032,0.0144364367339032,0.0242681909052948,0.0,19.72500006357829,-0.0144364367339032,-0.0220385469386948,-0.1379310408713591,0.0,0.0,15.0,1.0,0.0,1.0,1.0
2025-06-24 16:00:00+00:00,17.6299991607666,17.770000457763672,17.559999465942383,17.709999084472656,0,-0.0067606106610365,0.0067606106610365,0.0242112429024451,0.0,19.60000006357829,-0.0067606106610365,-0.0307862208273447,-0.1454192982084697,0.0,0.0,16.0,1.0,0.0,1.0,1.0
2025-06-24 17:00:00+00:00,17.559999465942383,17.729999542236328,17.530000686645508,17.610000610351562,0,-0.0039704877003053,0.0039704877003053,0.0237729434526584,0.0,19.458750009536743,-0.0039704877003053,-0.0298343040964894,-0.161813898498466,0.0,0.0,17.0,1.0,0.0,0.0,1.0
2025-06-24 18:00:00+00:00,17.43000030517578,17.700000762939453,17.43000030517578,17.700000762939453,0,-0.0074031414988784,0.0074031414988784,0.0237729142668328,0.0,19.317916711171467,-0.0074031414988784,-0.0375483314333572,-0.1624218763819914,0.0,0.0,18.0,1.0,0.0,0.0,1.0
2025-06-24 19:00:00+00:00,17.510000228881836,17.56999969482422,17.329999923706055,17.510000228881836,0,0.0045897832647943,0.0045897832647943,0.0237575894326902,0.0,19.175833384195965,0.0045897832647943,-0.0379121156666466,-0.163001904157555,1.0,0.0,19.0,1.0,0.0,0.0,1.0
2025-06-24 20:00:00+00:00,17.479999542236328,17.56999969482422,17.479999542236328,17.540000915527344,0,-0.0017133458739779,0.0017133458739779,0.0233693765210987,0.0,19.020416736602783,-0.0017133458739779,-0.0294281332542999,-0.1758604291957265,0.0,0.0,20.0,1.0,0.0,0.0,1.0
2025-06-25 07:00:00+00:00,17.31999969482422,17.360000610351562,17.25,17.280000686645508,0,-0.0091533095882243,0.0091533095882243,0.0228991700218491,0.0,18.845833381017048,-0.0091533095882243,-0.0242253693056778,-0.1947931422349142,0.0,0.0,7.0,2.0,0.0,0.0,1.0
2025-06-25 08:00:00+00:00,17.239999771118164,17.360000610351562,17.239999771118164,17.260000228881836,0,-0.0046189333207644,0.0046189333207644,0.0219473855564243,0.0,18.70333337783813,-0.0046189333207644,-0.0221213504375163,-0.1655372750025618,0.0,0.0,8.0,2.0,0.0,0.0,1.0
2025-06-25 09:00:00+00:00,17.290000915527344,17.360000610351562,17.190000534057617,17.299999237060547,0,0.0029002984381094,0.0029002984381094,0.021800724121817,0.0,18.582083384195965,0.0029002984381094,-0.0153757721313546,-0.1440593929457185,1.0,0.0,9.0,2.0,0.0,1.0,1.0
2025-06-25 10:00:00+00:00,17.239999771118164,17.350000381469727,17.209999084472656,17.260000228881836,0,-0.002891911033057,0.002891911033057,0.0214918359057189,0.0,18.449166695276897,-0.002891911033057,-0.0109007762897856,-0.1561429508764841,0.0,0.0,10.0,2.0,0.0,1.0,1.0
2025-06-25 11:00:00+00:00,17.06999969482422,17.329999923706055,17.06999969482422,17.280000686645508,0,-0.0098607934194258,0.0098607934194258,0.0205665250057756,0.0,18.29000004132589,-0.0098607934194258,-0.0251285281728242,-0.1828626044248298,0.0,0.0,11.0,2.0,0.0,1.0,1.0
2025-06-25 12:00:00+00:00,17.049999237060547,17.229999542236328,17.049999237060547,17.229999542236328,0,-0.0011716730006583,0.0011716730006583,0.0184912425519062,0.0,18.09958330790202,-0.0011716730006583,-0.0245995604368745,-0.2113784192773831,0.0,0.0,12.0,2.0,0.0,1.0,1.0
2025-06-25 13:00:00+00:00,17.15999984741211,17.25,16.93000030517578,17.139999389648438,0,0.0064516489896644,0.0064516489896644,0.0148006872671279,0.0,17.97083330154419,0.0064516489896644,-0.009237866641529,-0.152592600127797,1.0,0.0,13.0,2.0,0.0,1.0,1.0
2025-06-25 14:00:00+00:00,17.239999771118164,17.290000915527344,16.93000030517578,17.079999923706055,0,0.0046620002574253,0.0046620002574253,0.0149234294589915,0.0,17.84541662534078,0.0046620002574253,0.0,-0.1486419866114486,1.0,0.0,14.0,2.0,0.0,1.0,1.0
2025-06-25 15:00:00+00:00,17.350000381469727,17.489999771118164,17.100000381469727,17.260000228881836,0,0.0063805459287675,0.0063805459287675,0.0149665857278319,0.0,17.739166657129925,0.0063805459287675,0.0034701829245422,-0.128140667635293,1.0,0.0,15.0,2.0,0.0,1.0,1.0
2025-06-25 16:00:00+00:00,17.309999465942383,17.440000534057617,17.229999542236328,17.3700008392334,0,-0.0023055282217783,0.0023055282217783,0.014968493154642,0.0,17.633333285649616,-0.0023055282217783,0.00406030717828,-0.1279597413962003,0.0,0.0,16.0,2.0,0.0,1.0,1.0
2025-06-25 17:00:00+00:00,17.25,17.510000228881836,17.149999618530273,17.280000686645508,0,-0.0034661737604575,0.0034661737604575,0.0059693597310269,0.0,17.582916657129925,-0.0034661737604575,0.0105448335321505,-0.0655470825830337,0.0,0.0,17.0,2.0,0.0,0.0,1.0
2025-06-25 18:00:00+00:00,17.0,17.510000228881836,17.0,17.190000534057617,0,-0.0144927536231883,0.0144927536231883,0.0064038402791833,0.0,17.52666664123535,-0.0144927536231883,-0.0029325067036874,-0.0735695015479667,0.0,1.0,18.0,2.0,0.0,0.0,1.0
2025-06-25 19:00:00+00:00,16.68000030517578,17.229999542236328,16.68000030517578,17.170000076293945,0,-0.0188235114602481,0.0188235114602481,0.0069970701705641,0.0,17.46541666984558,-0.0188235114602481,-0.0279720015445522,-0.0809916994077341,0.0,1.0,19.0,2.0,0.0,0.0,1.0
2025-06-25 20:00:00+00:00,16.75,16.770000457763672,16.690000534057617,16.690000534057617,0,0.0041966243131601,0.0041966243131601,0.0070789110242572,0.0,17.40541664759318,0.0041966243131601,-0.0284222608830337,-0.0791644030664796,1.0,0.0,20.0,2.0,0.0,0.0,1.0
2025-06-26 07:00:00+00:00,16.719999313354492,16.719999313354492,16.600000381469727,16.670000076293945,0,-0.001791085769881,0.001791085769881,0.0070783521235577,0.0,17.34791660308838,-0.001791085769881,-0.0363112999575546,-0.0762431513276674,0.0,0.0,7.0,3.0,0.0,0.0,1.0
2025-06-26 08:00:00+00:00,16.670000076293945,16.719999313354492,16.59000015258789,16.700000762939453,0,-0.0029903851144665,0.0029903851144665,0.0070318528310942,0.0,17.28791658083598,-0.0029903851144665,-0.0369728139453524,-0.0795141074282748,0.0,0.0,8.0,3.0,0.0,0.0,1.0
2025-06-26 09:00:00+00:00,16.709999084472656,16.739999771118164,16.610000610351562,16.6200008392334,0,0.0023994605876211,0.0023994605876211,0.0069171247210265,0.0,17.22583317756653,0.0023994605876211,-0.0313044009001358,-0.0818682206596869,1.0,0.0,9.0,3.0,0.0,1.0,1.0
2025-06-26 10:00:00+00:00,16.700000762939453,16.739999771118164,16.600000381469727,16.690000534057617,0,-0.0005983436314185,0.0005983436314185,0.0067800222061442,0.0,17.171249866485596,-0.0005983436314185,-0.017647013944738,-0.0727373375510342,0.0,0.0,10.0,3.0,0.0,1.0,1.0
2025-06-26 11:00:00+00:00,16.670000076293945,16.719999313354492,16.600000381469727,16.6200008392334,0,-0.0017964482200555,0.0017964482200555,0.0063393201735414,0.0,17.12624986966451,-0.0017964482200555,-0.0005995340946566,-0.0608450661242847,0.0,0.0,11.0,3.0,0.0,1.0,1.0
2025-06-26 12:00:00+00:00,16.670000076293945,16.780000686645508,16.610000610351562,16.670000076293945,0,0.0,0.0,0.0062961292247927,0.0,17.08624990781148,0.0,-0.0047761148481226,-0.0544525882116327,0.0,0.0,12.0,3.0,0.0,1.0,1.0
2025-06-26 13:00:00+00:00,16.559999465942383,16.780000686645508,16.540000915527344,16.65999984741211,0,-0.0065987168475176,0.0065987168475176,0.0063488808857733,0.0,17.044583241144817,-0.0065987168475176,-0.0095693692573488,-0.0569476099324205,0.0,1.0,13.0,3.0,0.0,1.0,1.0
2025-06-26 14:00:00+00:00,16.34000015258789,16.729999542236328,16.299999237060547,16.600000381469727,0,-0.0132849831189274,0.0132849831189274,0.0066556860300278,0.0,16.99916656812032,-0.0132849831189274,-0.0197960361245193,-0.0625358653759873,0.0,1.0,14.0,3.0,0.0,1.0,1.0
2025-06-26 15:00:00+00:00,16.3700008392334,16.479999542236328,16.299999237060547,16.3799991607666,0,0.001836027317341,0.001836027317341,0.0065480331519208,0.0,16.951666593551636,0.001836027317341,-0.0203469936485629,-0.0651056182037089,1.0,0.0,15.0,3.0,0.0,1.0,1.0
2025-06-26 16:00:00+00:00,16.360000610351562,16.479999542236328,16.31999969482422,16.459999084472656,0,-0.0006108874996432,0.0006108874996432,0.0065597013142487,0.0,16.90499997138977,-0.0006108874996432,-0.0203592896440111,-0.0640731671175706,0.0,0.0,16.0,3.0,0.0,1.0,1.0
2025-06-26 17:00:00+00:00,16.420000076293945,16.440000534057617,16.31999969482422,16.389999389648438,0,0.0036674488816594,0.0036674488816594,0.0065362486425402,0.0,16.867499987284344,0.0036674488816594,-0.0149970005312429,-0.051963027389615,1.0,0.0,17.0,3.0,0.0,0.0,1.0
2025-06-26 18:00:00+00:00,16.3700008392334,16.440000534057617,16.110000610351562,16.43000030517578,0,-0.0030450205132904,0.0030450205132904,0.0065187996651614,0.0,16.831250031789143,-0.0030450205132904,-0.0179963548702779,-0.0504639758373001,0.0,0.0,18.0,3.0,0.0,0.0,1.0
2025-06-26 19:00:00+00:00,16.440000534057617,16.469999313354492,16.270000457763672,16.290000915527344,0,0.0042760959826253,0.0042760959826253,0.0065708434145379,0.0,16.795833349227905,0.0042760959826253,-0.0072463125455745,-0.0491613844107076,1.0,0.0,19.0,3.0,0.0,0.0,1.0
2025-06-26 20:00:00+00:00,16.59000015258789,16.59000015258789,16.43000030517578,16.43000030517578,0,0.0091240640910885,0.0091240640910885,0.0069527653581848,0.0,16.768750031789143,0.0091240640910885,0.0152998774581043,-0.0377029946148378,1.0,1.0,20.0,3.0,0.0,0.0,1.0
2025-06-27 07:00:00+00:00,16.31999969482422,16.350000381469727,16.270000457763672,16.309999465942383,0,-0.0162748918191875,0.0162748918191875,0.0073942908560077,0.0,16.737500031789143,-0.0162748918191875,-0.0030544374982158,-0.0439367318927022,0.0,1.0,7.0,4.0,0.0,0.0,1.0
2025-06-27 08:00:00+00:00,16.200000762939453,16.350000381469727,16.190000534057617,16.290000915527344,0,-0.0073528758657283,0.0073528758657283,0.0074770397151967,0.0,16.702083428700764,-0.0073528758657283,-0.0097799414084905,-0.0498532851704476,0.0,0.0,8.0,4.0,0.0,0.0,1.0
2025-06-27 09:00:00+00:00,16.200000762939453,16.239999771118164,16.18000030517578,16.229999542236328,0,0.0,0.0,0.0072692489274538,0.0,16.662083466847736,0.0,-0.0133982528825996,-0.0559440030891045,0.0,0.0,9.0,4.0,0.0,1.0,1.0
2025-06-27 10:00:00+00:00,16.209999084472656,16.239999771118164,16.18000030517578,16.190000534057617,0,0.0006171803124896,0.0006171803124896,0.0071449432406035,0.0,16.619166771570843,0.0006171803124896,-0.0097740834794138,-0.059744820204177,1.0,0.0,10.0,4.0,0.0,1.0,1.0
2025-06-27 11:00:00+00:00,16.149999618530273,16.239999771118164,16.1200008392334,16.239999771118164,0,-0.003701386140105,0.003701386140105,0.0068895449662542,0.0,16.569166739781696,-0.003701386140105,-0.0176399577923715,-0.0691643075824417,0.0,0.0,11.0,4.0,0.0,1.0,1.0
2025-06-27 12:00:00+00:00,16.209999084472656,16.25,16.1200008392334,16.15999984741211,0,0.0037151372978077,0.0037151372978077,0.0070226988009781,0.0,16.52333339055379,0.0037151372978077,-0.0229054288499181,-0.0635471066093323,1.0,0.0,12.0,4.0,0.0,1.0,1.0
2025-06-27 13:00:00+00:00,16.280000686645508,16.31999969482422,16.149999618530273,16.200000762939453,0,0.0043184211058904,0.0043184211058904,0.0071645074938644,0.0,16.482916752497356,0.0043184211058904,-0.0024509196646245,-0.0562318442524343,1.0,0.0,13.0,4.0,0.0,1.0,1.0
2025-06-27 14:00:00+00:00,16.540000915527344,16.549999237060547,16.200000762939453,16.299999237060547,0,0.0159705293560039,0.0159705293560039,0.0076105773458953,0.0,16.46375012397766,0.0159705293560039,0.0209876627515785,-0.027058769674862,1.0,1.0,14.0,4.0,0.0,1.0,1.0
2025-06-27 15:00:00+00:00,16.420000076293945,16.579999923706055,16.40999984741211,16.440000534057617,0,-0.0072551893948654,0.0072551893948654,0.006758900313499,0.0,16.452916781107586,-0.0072551893948654,0.0135802038884949,-0.0155875434127634,0.0,1.0,15.0,4.0,0.0,1.0,1.0
2025-06-27 16:00:00+00:00,16.440000534057617,16.510000228881836,16.389999389648438,16.5,0,0.0012180546693509,0.0012180546693509,0.0066934020437662,0.0,16.440000136693318,0.0012180546693509,0.0141888625894666,-0.0185074308025303,1.0,0.0,16.0,4.0,0.0,1.0,1.0
2025-06-27 17:00:00+00:00,16.989999771118164,17.139999389648438,16.399999618530273,16.40999984741211,0,0.0334549403402482,0.0334549403402482,0.0096639925563932,0.0,16.451250155766804,0.0334549403402482,0.0520123945776498,0.0161483534002311,1.0,1.0,17.0,4.0,0.0,0.0,1.0
2025-06-27 18:00:00+00:00,17.040000915527344,17.290000915527344,16.40999984741211,16.479999542236328,0,0.0029429749901572,0.0029429749901572,0.0096410262694999,0.0,16.46666685740153,0.0029429749901572,0.0512030769853488,0.0221956111301744,1.0,0.0,18.0,4.0,0.0,0.0,1.0
2025-06-27 19:00:00+00:00,16.25,17.290000915527344,16.239999771118164,17.059999465942383,0,-0.0463615535846287,0.0463615535846287,0.0136349141234591,0.0,16.447500228881836,-0.0463615535846287,-0.0018427939422703,-0.0275283728112288,0.0,1.0,19.0,4.0,0.0,0.0,1.0
2025-06-27 20:00:00+00:00,16.31999969482422,16.3799991607666,16.280000686645508,16.280000686645508,0,0.0043076735276441,0.0043076735276441,0.0136790360773109,0.0,16.4316668510437,0.0043076735276441,-0.0133011613376994,-0.0227545539374184,1.0,0.0,20.0,4.0,0.0,0.0,1.0
2025-06-30 07:00:00+00:00,17.170000076293945,17.200000762939453,17.149999618530273,17.190000534057617,0,0.0520833576816364,0.0520833576816364,0.0174277383711315,0.0,16.452500184377033,0.0520833576816364,0.045676004659878,0.0299940010624859,1.0,1.0,7.0,0.0,0.0,0.0,1.0
2025-06-30 08:00:00+00:00,17.09000015258789,17.200000762939453,17.06999969482422,17.190000534057617,0,-0.0046592849942096,0.0046592849942096,0.0174696444009688,0.0,16.47000018755595,-0.0046592849942096,0.0395376884072304,0.0251949654692094,0.0,0.0,8.0,0.0,0.0,0.0,1.0
2025-06-30 09:00:00+00:00,17.059999465942383,17.110000610351562,17.030000686645508,17.09000015258789,0,-0.0017554526844731,0.0017554526844731,0.0174036963979064,0.0,16.490833520889282,-0.0017554526844731,0.0041200527232032,0.0301932376887035,0.0,0.0,9.0,0.0,0.0,1.0,1.0
2025-06-30 10:00:00+00:00,17.040000915527344,17.110000610351562,17.030000686645508,17.049999237060547,0,-0.0011722480094423,0.0011722480094423,0.0171333218048691,0.0,16.520000219345093,-0.0011722480094423,0.0,0.0428397035742125,0.0,0.0,10.0,0.0,0.0,1.0,1.0
2025-06-30 11:00:00+00:00,17.079999923706055,17.079999923706055,17.0,17.040000915527344,0,0.0023473595087817,0.0023473595087817,0.0171335706062616,0.0,16.549583514531452,0.0023473595087817,0.051076918381911,0.043371963840773,1.0,0.0,11.0,0.0,0.0,1.0,1.0
2025-06-30 12:00:00+00:00,17.139999389648438,17.170000076293945,17.010000228881836,17.010000228881836,0,0.0035128493097418,0.0035128493097418,0.0171278609755397,0.0,16.582083463668823,0.0035128493097418,0.0502450802792768,0.0476771852198674,1.0,0.0,12.0,0.0,0.0,1.0,1.0
2025-06-30 13:00:00+00:00,17.290000915527344,17.34000015258789,17.030000686645508,17.100000381469727,0,0.0087515479125104,0.0087515479125104,0.0171796785926712,0.0,16.618333498636883,0.0087515479125104,0.0069889830343727,0.0529842165158966,1.0,0.0,13.0,0.0,0.0,1.0,1.0
2025-06-30 14:00:00+00:00,17.360000610351562,17.43000030517578,17.06999969482422,17.06999969482422,0,0.0040485651311537,0.0040485651311537,0.0171448106257044,0.0,16.65958348910014,0.0040485651311537,0.0157987393418943,0.0604764642861512,1.0,0.0,14.0,0.0,0.0,1.0,1.0
2025-06-30 15:00:00+00:00,17.139999389648438,17.43000030517578,17.06999969482422,17.25,0,-0.0126728809313486,0.0126728809313486,0.0174192066773282,0.0,16.688750108083088,-0.0126728809313486,0.0046893274449253,0.042579004431337,0.0,0.0,15.0,0.0,0.0,1.0,1.0
2025-06-30 16:00:00+00:00,17.100000381469727,17.25,17.049999237060547,17.25,0,-0.0023336645042629,0.0023336645042629,0.0173690792193671,0.0,16.71000011761983,-0.0023336645042629,0.003521095229972,0.0307414240018726,0.0,0.0,16.0,0.0,0.0,1.0,1.0
2025-06-30 17:00:00+00:00,17.110000610351562,17.229999542236328,17.020000457763672,17.139999389648438,0,0.000584808693494,0.000584808693494,0.0169589817598183,0.0,16.74291682243347,0.000584808693494,0.001756480490604,0.0484069197487722,1.0,0.0,17.0,0.0,0.0,0.0,1.0
2025-06-30 18:00:00+00:00,16.75,17.229999542236328,16.75,17.059999465942383,0,-0.0210403622156367,0.0210403622156367,0.0175121250331981,0.0,16.765833457310993,-0.0210403622156367,-0.0227537574991965,0.0339505685900196,0.0,1.0,18.0,0.0,0.0,0.0,1.0
2025-06-30 19:00:00+00:00,16.600000381469727,17.059999465942383,16.549999237060547,16.989999771118164,0,-0.008955201106285,0.008955201106285,0.0176412576847971,0.0,16.782500108083088,-0.008955201106285,-0.0399074897351775,0.0246913333143383,0.0,0.0,19.0,0.0,0.0,0.0,1.0
2025-06-30 20:00:00+00:00,16.729999542236328,16.760000228881836,16.600000381469727,16.6200008392334,0,0.0078312745650124,0.0078312745650124,0.0176928974996392,0.0,16.804166793823242,0.0078312745650124,-0.0362903828321049,0.0320789936540941,1.0,0.0,20.0,0.0,0.0,0.0,1.0
2025-07-01 07:00:00+00:00,17.049999237060547,17.1299991607666,16.969999313354492,16.979999542236328,0,0.0191272984805739,0.0191272984805739,0.0180137633960065,0.0,16.84166677792867,0.0191272984805739,-0.0052508842352845,0.0557275318754575,1.0,1.0,7.0,1.0,0.0,0.0,1.0
2025-07-01 08:00:00+00:00,17.030000686645508,17.1299991607666,17.0,17.06999969482422,0,-0.0011729355606989,0.0011729355606989,0.0180260774416176,0.0,16.87583351135254,-0.0011729355606989,-0.0040935493136055,0.0505861596845074,0.0,0.0,8.0,1.0,0.0,0.0,1.0
2025-07-01 09:00:00+00:00,17.09000015258789,17.15999984741211,17.0,17.030000686645508,0,0.0035231628610228,0.0035231628610228,0.0180227702935733,0.0,16.90958348910014,0.0035231628610228,-0.001168933784349,0.04975426485128,1.0,0.0,9.0,1.0,0.0,1.0,1.0
2025-07-01 10:00:00+00:00,17.25,17.290000915527344,17.06999969482422,17.079999923706055,0,0.0093621911049475,0.0093621911049475,0.0178526023016105,0.0,16.9391667842865,0.0093621911049475,0.0298507462686568,0.0429261816912069,1.0,0.0,10.0,1.0,0.0,1.0,1.0
2025-07-01 11:00:00+00:00,17.18000030517578,17.290000915527344,17.139999389648438,17.170000076293945,0,-0.004057953323143,0.004057953323143,0.0177931068008624,0.0,16.97083346048991,-0.004057953323143,0.0349397536372046,0.0462850319945535,0.0,0.0,11.0,1.0,0.0,1.0,1.0
2025-07-01 12:00:00+00:00,17.31999969482422,17.479999542236328,17.139999389648438,17.209999084472656,0,0.0081489748056791,0.0081489748056791,0.017835413744017,0.0,17.00750009218852,0.0081489748056791,0.0352659993264425,0.053527927748151,1.0,0.0,12.0,1.0,0.0,1.0,1.0
2025-07-01 13:00:00+00:00,16.979999542236328,17.40999984741211,16.959999084472656,17.40999984741211,0,-0.0196304941442634,0.0196304941442634,0.0170830425396317,0.0,17.007083415985107,-0.0196304941442634,-0.0041055541323464,-0.0005885949980314,0.0,1.0,13.0,1.0,0.0,1.0,1.0
2025-07-01 14:00:00+00:00,17.020000457763672,17.1299991607666,16.790000915527344,17.1200008392334,0,0.0023557665845541,0.0023557665845541,0.017079236187128,0.0,17.00625006357829,0.0023557665845541,-0.0005872124767251,-0.0011737357211903,1.0,0.0,14.0,1.0,0.0,1.0,1.0
2025-07-01 15:00:00+00:00,16.940000534057617,17.200000762939453,16.809999465942383,16.889999389648438,0,-0.0047003479174151,0.0047003479174151,0.0139905935258685,0.0,17.03500008583069,-0.0047003479174151,-0.008777040210123,0.0424615713266225,0.0,0.0,15.0,1.0,0.0,1.0,1.0
2025-07-01 16:00:00+00:00,16.920000076293945,17.1200008392334,16.799999237060547,16.899999618530273,0,-0.0011806645297006,0.0011806645297006,0.0139931273384922,0.0,17.06000010172526,-0.0011806645297006,-0.0191304303597712,0.0367647299442053,0.0,0.0,16.0,1.0,0.0,1.0,1.0
2025-07-01 17:00:00+00:00,16.65999984741211,16.950000762939453,16.6200008392334,16.889999389648438,0,-0.0153664437180537,0.0153664437180537,0.0094477948121647,0.0,17.03875009218852,-0.0153664437180537,-0.030267779308887,-0.0297029834953802,0.0,1.0,17.0,1.0,0.0,0.0,1.0
2025-07-01 18:00:00+00:00,16.56999969482422,16.790000915527344,16.510000228881836,16.75,0,-0.0054021700727608,0.0054021700727608,0.0094607858261792,0.0,17.017083406448364,-0.0054021700727608,-0.0433025411786885,-0.0304271768941399,0.0,0.0,18.0,1.0,0.0,0.0,1.0
2025-07-01 19:00:00+00:00,16.719999313354492,16.850000381469727,16.510000228881836,16.639999389648438,0,0.0090524816712656,0.0090524816712656,0.0096898187123179,0.0,17.00291673342387,0.0090524816712656,-0.0153121458122014,-0.0199296695915288,1.0,0.0,19.0,1.0,0.0,0.0,1.0
2025-07-01 20:00:00+00:00,16.829999923706055,16.84000015258789,16.700000762939453,16.709999084472656,0,0.0065789841428822,0.0065789841428822,0.0098051295170425,0.0,16.99416669209798,0.0065789841428822,-0.0111633683282862,-0.0123240012053009,1.0,0.0,20.0,1.0,0.0,0.0,1.0
2025-07-02 07:00:00+00:00,16.829999923706055,16.84000015258789,16.739999771118164,16.75,0,0.0,0.0,0.0097874925804722,0.0,16.983750025431316,0.0,-0.0064935423189868,-0.0146370024073018,0.0,0.0,7.0,2.0,0.0,0.0,1.0
2025-07-02 08:00:00+00:00,16.850000381469727,16.90999984741211,16.75,16.780000686645508,0,0.0011883813341853,0.0011883813341853,0.0097568059722868,0.0,16.97166673342387,0.0011883813341853,-0.0041370977841952,-0.0169194293177077,1.0,0.0,8.0,2.0,0.0,0.0,1.0
2025-07-02 09:00:00+00:00,16.809999465942383,16.90999984741211,16.809999465942383,16.8700008392334,0,-0.002373941520579,0.002373941520579,0.0095521067371047,0.0,16.951666673024494,-0.002373941520579,0.009003578625697,-0.0277617943417165,0.0,0.0,9.0,2.0,0.0,1.0,1.0
2025-07-02 10:00:00+00:00,16.81999969482422,16.850000381469727,16.790000915527344,16.81999969482422,0,0.0005948976323346,0.0005948976323346,0.0094965757180318,0.0,16.92916663487752,0.0005948976323346,0.0150875078216259,-0.0311060424275185,1.0,0.0,10.0,2.0,0.0,1.0,1.0
2025-07-02 11:00:00+00:00,16.940000534057617,17.010000228881836,16.790000915527344,16.829999923706055,0,0.0071344138769708,0.0071344138769708,0.0093218127011703,0.0,16.920833349227905,0.0071344138769708,0.0131579682857645,-0.0116685450824233,1.0,0.0,11.0,2.0,0.0,1.0,1.0
2025-07-02 12:00:00+00:00,17.34000015258789,17.3700008392334,16.799999237060547,16.81999969482422,0,0.0236127276221791,0.0236127276221791,0.0105209530719632,0.0,16.930833339691162,0.0236127276221791,0.0303030440400342,0.0140350740212986,1.0,1.0,12.0,2.0,0.0,1.0,1.0
2025-07-02 13:00:00+00:00,17.139999389648438,17.3700008392334,17.059999465942383,17.06999969482422,0,-0.0115340692721738,0.0115340692721738,0.0108102594035827,0.0,16.932083288828533,-0.0115340692721738,0.0184194573587448,0.0017532892008622,0.0,1.0,13.0,2.0,0.0,1.0,1.0
2025-07-02 14:00:00+00:00,16.780000686645508,17.329999923706055,16.709999084472656,17.280000686645508,0,-0.0210034256605836,0.0210034256605836,0.0108071167242352,0.0,16.933333317438763,-0.0210034256605836,-0.0041542844652513,0.001791085769881,0.0,1.0,14.0,2.0,0.0,1.0,1.0
2025-07-02 15:00:00+00:00,16.729999542236328,16.850000381469727,16.700000762939453,16.850000381469727,0,-0.0029798058619254,0.0029798058619254,0.0106564791814899,0.0,16.93874994913737,-0.0029798058619254,-0.0047590675935557,0.0078312745650124,0.0,0.0,15.0,2.0,0.0,1.0,1.0
2025-07-02 16:00:00+00:00,16.729999542236328,16.780000686645508,16.670000076293945,16.75,0,0.0,0.0,0.0105376189894013,0.0,16.93874994913737,0.0,-0.0053507820583127,0.0,0.0,0.0,16.0,2.0,0.0,1.0,1.0
2025-07-02 17:00:00+00:00,16.670000076293945,16.780000686645508,16.639999389648438,16.729999542236328,0,-0.0035863399631845,0.0035863399631845,0.0097398369513093,0.0,16.922916650772095,-0.0035863399631845,-0.0159386333678585,-0.022287341804721,0.0,0.0,17.0,2.0,0.0,0.0,1.0
2025-07-02 18:00:00+00:00,16.600000381469727,16.760000228881836,16.600000381469727,16.729999542236328,0,-0.0041991418418626,0.0041991418418626,0.009763176638036,0.0,16.90499997138977,-0.0041991418418626,-0.0426758803117843,-0.025249576502541,0.0,0.0,18.0,2.0,0.0,0.0,1.0
2025-07-02 19:00:00+00:00,16.6200008392334,16.700000762939453,16.540000915527344,16.700000762939453,0,0.0012048468255456,0.0012048468255456,0.0097276839566601,0.0,16.885416666666668,0.0012048468255456,-0.030338306238744,-0.027501422420018,1.0,0.0,19.0,2.0,0.0,0.0,1.0
2025-07-02 20:00:00+00:00,16.6299991607666,16.649999618530273,16.610000610351562,16.6200008392334,0,0.0006015836960489,0.0006015836960489,0.0094785847040518,0.0,16.859583298365276,0.0006015836960489,-0.0089393039178052,-0.0359420776367187,1.0,0.0,20.0,2.0,0.0,0.0,1.0
2025-07-03 07:00:00+00:00,16.649999618530273,16.670000076293945,16.600000381469727,16.649999618530273,0,0.0012026734078771,0.0012026734078771,0.0094772253232406,0.0,16.83749993642171,0.0012026734078771,-0.0047818246201434,-0.0308498647980719,1.0,0.0,7.0,3.0,0.0,0.0,1.0
2025-07-03 08:00:00+00:00,16.75,16.75,16.600000381469727,16.6200008392334,0,0.0060060290547054,0.0060060290547054,0.0093944411942812,0.0,16.81374994913737,0.0060060290547054,0.0011954846569588,-0.0329099136759541,1.0,0.0,8.0,3.0,0.0,0.0,1.0
2025-07-03 09:00:00+00:00,16.729999542236328,16.760000228881836,16.649999618530273,16.670000076293945,0,-0.0011940571799207,0.0011940571799207,0.0085506147912957,0.0,16.803333282470703,-0.0011940571799207,0.0035992480904487,-0.0147232041660628,0.0,0.0,9.0,3.0,0.0,1.0,1.0
2025-07-03 10:00:00+00:00,16.790000915527344,16.829999923706055,16.690000534057617,16.700000762939453,0,0.0035864539708765,0.0035864539708765,0.0085726657273651,0.0,16.793749968210857,0.0035864539708765,0.0114458150416496,-0.0135134862544268,1.0,0.0,10.0,3.0,0.0,1.0,1.0
2025-07-03 11:00:00+00:00,16.760000228881836,16.809999465942383,16.75,16.809999465942383,0,-0.0017868186426222,0.0017868186426222,0.0085315955268927,0.0,16.786249955495197,-0.0017868186426222,0.0084235488916435,-0.0106257555785723,0.0,0.0,11.0,3.0,0.0,1.0,1.0
2025-07-03 12:00:00+00:00,16.360000610351562,16.790000915527344,16.25,16.760000228881836,0,-0.0238663253620349,0.0238663253620349,0.0097852647642464,0.0,16.762916644414265,-0.0238663253620349,-0.0162356322333447,-0.0330968950010218,0.0,1.0,12.0,3.0,0.0,1.0,1.0
2025-07-03 13:00:00+00:00,16.43000030517578,16.6299991607666,16.170000076293945,16.6299991607666,0,0.0042787097929524,0.0042787097929524,0.0093753488513575,0.0,16.75333333015442,0.0042787097929524,-0.0132131722759709,-0.0138054948585161,1.0,0.0,13.0,3.0,0.0,1.0,1.0
2025-07-03 14:00:00+00:00,16.469999313354492,16.520000457763672,16.170000076293945,16.170000076293945,0,0.0024345104951768,0.0024345104951768,0.0093349116733565,0.0,16.74916664759318,0.0024345104951768,-0.0167164589042094,-0.0060350261503603,1.0,0.0,14.0,3.0,0.0,1.0,1.0
2025-07-03 15:00:00+00:00,16.40999984741211,16.5,16.290000915527344,16.479999542236328,0,-0.003642954975337,0.003642954975337,0.0091449715836594,0.0,16.736250003178913,-0.003642954975337,-0.0191272984805739,-0.0185406386766285,0.0,0.0,15.0,3.0,0.0,1.0,1.0
2025-07-03 16:00:00+00:00,16.420000076293945,16.56999969482422,16.290000915527344,16.350000381469727,0,0.0006093984750044,0.0006093984750044,0.0090175644040289,0.0,16.71916667620341,0.0006093984750044,-0.0220369755245947,-0.0243612506993895,1.0,0.0,16.0,3.0,0.0,1.0,1.0
2025-07-03 17:00:00+00:00,16.3799991607666,16.56999969482422,16.329999923706055,16.5,0,-0.0024361093387017,0.0024361093387017,0.0090196700697284,0.0,16.700416644414265,-0.0024361093387017,-0.0226730944466452,-0.02673801336776,0.0,0.0,17.0,3.0,0.0,0.0,1.0
2025-07-04 07:00:00+00:00,17.190000534057617,17.190000534057617,16.920000076293945,16.93000030517578,0,0.0494506358236654,0.0494506358236654,0.0137100700399958,0.0,16.714583317438763,0.0494506358236654,0.0507334897763318,0.020178050141874,1.0,1.0,7.0,4.0,0.0,0.0,1.0
2025-07-04 08:00:00+00:00,17.489999771118164,17.489999771118164,16.959999084472656,16.979999542236328,0,0.0174519620558577,0.0174519620558577,0.0140947730489843,0.0,16.74291666348775,0.0174519620558577,0.0645160953288881,0.0404521312777841,1.0,1.0,8.0,4.0,0.0,0.0,1.0
2025-07-04 09:00:00+00:00,17.420000076293945,17.59000015258789,17.15999984741211,17.15999984741211,0,-0.0040022696249437,0.0040022696249437,0.0141422757019418,0.0,16.767916679382324,-0.0040022696249437,0.0576806801788483,0.0356718425895308,0.0,0.0,9.0,4.0,0.0,1.0,1.0
2025-07-04 10:00:00+00:00,17.6200008392334,17.670000076293945,17.389999389648438,17.530000686645508,0,0.0114811000036461,0.0114811000036461,0.0142442868729018,0.0,16.796250025431316,0.0114811000036461,0.0737355882432935,0.0401416932548881,1.0,0.0,10.0,4.0,0.0,1.0,1.0
2025-07-04 11:00:00+00:00,17.520000457763672,17.670000076293945,17.389999389648438,17.479999542236328,0,-0.0056753902784761,0.0056753902784761,0.0135250993116171,0.0,16.803750038146973,-0.0056753902784761,0.0669914967331717,0.010380640345549,0.0,0.0,11.0,4.0,0.0,1.0,1.0
2025-07-04 12:00:00+00:00,17.579999923706055,17.59000015258789,17.489999771118164,17.549999237060547,0,0.003424626962027,0.003424626962027,0.0132882135198024,0.0,16.822083393732708,0.003424626962027,0.0732601235910741,0.0256709772302181,1.0,0.0,12.0,4.0,0.0,1.0,1.0
2025-07-04 13:00:00+00:00,17.489999771118164,17.6299991607666,17.459999084472656,17.56999969482422,0,-0.0051194626267618,0.0051194626267618,0.0125101687863195,0.0,16.851666688919067,-0.0051194626267618,0.0174519620558577,0.0423122202276018,0.0,0.0,13.0,4.0,0.0,1.0,1.0
2025-07-04 14:00:00+00:00,17.440000534057617,17.610000610351562,17.360000610351562,17.530000686645508,0,-0.002858732859626,0.002858732859626,0.0125081810184241,0.0,16.88125006357829,-0.002858732859626,-0.002858732859626,0.0424387932605037,0.0,0.0,14.0,4.0,0.0,1.0,1.0
2025-07-04 15:00:00+00:00,17.479999542236328,17.520000457763672,17.360000610351562,17.420000076293945,0,0.0022935210409311,0.0022935210409311,0.0125025362457184,0.0,16.91250006357829,0.0022935210409311,0.00344428620434,0.0448296485667294,1.0,0.0,15.0,4.0,0.0,1.0,1.0
