Datetime,Close,High,Low,Open,Volume,price_change,price_change_abs,volatility_24h,volume_ma_24h,price_ma_24h,momentum_1h,momentum_6h,momentum_24h,price_up,strong_move,hour,day_of_week,is_weekend,us_market_hours,extended_hours,daily_return,daily_range,volatility_3d,volatility_7d
2025-05-15 07:00:00+00:00,19.13999938964844,19.25,19.030000686645508,19.190000534057617,0.0,,,,,,,,,0.0,0.0,7.0,3.0,0.0,0.0,1.0,-0.0026055832734572454,0.011464268224695802,,
2025-05-15 08:00:00+00:00,19.299999237060547,19.3799991607666,19.030000686645508,19.06999969482422,0.0,0.008359448929692093,0.0083594489296923,,,,0.0083594489296923,,,1.0,0.0,8.0,3.0,0.0,0.0,1.0,0.01206080471510192,0.018353354993292773,,
2025-05-15 09:00:00+00:00,19.020000457763672,19.3799991607666,19.020000457763672,19.1200008392334,0.0,-0.01450770934535639,0.0145077093453563,,,,-0.0145077093453563,,,0.0,0.0,9.0,3.0,0.0,1.0,1.0,-0.005230145244791527,0.018828383221836907,,
2025-05-15 10:00:00+00:00,19.020000457763672,19.209999084472656,19.01000022888184,19.13999938964844,0.0,0.0,0.0,,,,0.0,,,0.0,0.0,10.0,3.0,0.0,1.0,1.0,-0.006269536871023552,0.010449261335869368,0.011570515289833246,
2025-05-15 11:00:00+00:00,18.920000076293945,19.09000015258789,18.81999969482422,19.07999992370605,0.0,-0.005257643483857488,0.0052576434838574,,,,-0.0052576434838574,,,0.0,0.0,11.0,3.0,0.0,1.0,1.0,-0.008385736271063248,0.014150967444617666,0.007344841317718145,
2025-05-15 12:00:00+00:00,18.809999465942383,19.040000915527344,18.6299991607666,18.850000381469727,0.0,-0.005813985724523851,0.0058139857245238,,,,-0.0058139857245238,,,0.0,0.0,12.0,3.0,0.0,1.0,1.0,-0.002122064441264743,0.021750755780556356,0.00320818644764364,
2025-05-15 13:00:00+00:00,18.76000022888184,18.989999771118164,18.6299991607666,18.920000076293945,0.0,-0.0026581200680559913,0.0026581200680561,,,,-0.0026581200680561,-0.0198536662948964,,0.0,0.0,13.0,3.0,0.0,1.0,1.0,-0.008456651520450028,0.019027516326632042,0.0016845635794730967,
2025-05-15 14:00:00+00:00,18.57999992370605,18.96999931335449,18.530000686645508,18.76000022888184,0.0,-0.009594898879514369,0.009594898879514,,,,-0.009594898879514,-0.0373056653790909,,0.0,0.0,14.0,3.0,0.0,1.0,1.0,-0.009594898879514405,0.02345408429321785,0.0034730796278027646,0.007266747980682828
2025-05-15 15:00:00+00:00,18.459999084472656,18.739999771118164,18.280000686645508,18.690000534057617,0.0,-0.006458602783969147,0.0064586027839693,,,,-0.0064586027839693,-0.0294427633971181,,0.0,0.0,15.0,3.0,0.0,1.0,1.0,-0.012306123221657682,0.024612042339668676,0.003473684939464735,0.004699624154905042
2025-05-15 16:00:00+00:00,18.26000022888184,18.540000915527344,18.21999931335449,18.40999984741211,0.0,-0.010834174729674961,0.0108341747296751,,,,-0.0108341747296751,-0.0399579500836244,,0.0,0.0,16.0,3.0,0.0,1.0,1.0,-0.008147725137073007,0.017381944857421477,0.002255282232292713,0.0037412930621287714
2025-05-15 17:00:00+00:00,18.25,18.489999771118164,18.1299991607666,18.459999084472656,0.0,-0.000547657653696132,0.0005476576536959,,,,-0.0005476576536959,-0.0354122660460995,,0.0,0.0,17.0,3.0,0.0,0.0,1.0,-0.011375898964658874,0.01950165916608151,0.005162320791716811,0.0036028962687244407
2025-05-15 18:00:00+00:00,18.06999969482422,18.350000381469727,18.030000686645508,18.280000686645508,0.0,-0.00986303042059078,0.0098630304205907,,,,-0.0098630304205907,-0.0393407651317596,,0.0,0.0,18.0,3.0,0.0,0.0,1.0,-0.0114880188147206,0.017505453107449564,0.005679373859409637,0.0038799858851077365
2025-05-15 19:00:00+00:00,17.969999313354492,18.21999931335449,17.920000076293945,18.149999618530277,0.0,-0.0055340555151404125,0.0055340555151404,,,,-0.0055340555151404,-0.0421109224887483,,0.0,0.0,19.0,3.0,0.0,0.0,1.0,-0.009917372394433174,0.016528883932000665,0.004661551193019292,0.003890128827849965
2025-05-15 20:00:00+00:00,17.81999969482422,17.8799991607666,17.770000457763672,17.850000381469727,0.0,-0.008347224499825168,0.0083472244998251,,,,-0.0083472244998251,-0.0409042105491161,,0.0,0.0,20.0,3.0,0.0,0.0,1.0,-0.0016807107005247933,0.006162392193398522,0.0021966493825005136,0.0035318193177587215
2025-05-16 07:00:00+00:00,17.739999771118164,17.959999084472656,17.719999313354492,17.959999084472656,0.0,-0.00448933361818693,0.0044893336181869,,,,-0.0044893336181869,-0.0390032150088299,,0.0,0.0,7.0,4.0,0.0,0.0,1.0,-0.01224940559961904,0.013363016890443844,0.001995356510876932,0.003508753879956373
2025-05-16 08:00:00+00:00,17.639999389648438,17.8799991607666,17.59000015258789,17.8700008392334,0.0,-0.005637000155576888,0.0056370001555768,,,,-0.0056370001555768,-0.033954043344027,,0.0,0.0,8.0,4.0,0.0,0.0,1.0,-0.0128708135860853,0.016228259348596178,0.001980983616448662,0.003527263013244602
2025-05-16 09:00:00+00:00,17.709999084472656,17.729999542236328,17.59000015258789,17.649999618530273,0.0,0.003968236805342196,0.0039682368053421,,,,0.0039682368053421,-0.0295890912617722,,1.0,0.0,9.0,4.0,0.0,1.0,1.0,0.0033994032430114582,0.00793197692205363,0.005245763576852681,0.0047099177223625475
2025-05-16 10:00:00+00:00,17.59000015258789,17.760000228881836,17.540000915527344,17.65999984741211,0.0,-0.0067757729016471036,0.0067757729016471,,,,-0.0067757729016471,-0.0265633398086783,,0.0,0.0,10.0,4.0,0.0,1.0,1.0,-0.003963742663025928,0.012457492370065383,0.005901851757802781,0.004453183414591738
2025-05-16 11:00:00+00:00,17.420000076293945,17.6200008392334,17.420000076293945,17.6200008392334,0.0,-0.009664586402458597,0.0096645864024585,,,,-0.0096645864024585,-0.0306065252129315,,0.0,0.0,11.0,4.0,0.0,1.0,1.0,-0.011350780556952269,0.011350780556952269,0.007183695156875545,0.004419349137885749
2025-05-16 12:00:00+00:00,17.489999771118164,17.5,17.299999237060547,17.459999084472656,0.0,0.004018352153710936,0.0040183521537109,,,,0.0040183521537109,-0.0185185145542905,,1.0,0.0,12.0,4.0,0.0,1.0,1.0,0.0017182524752929517,0.011454798019853031,0.00721204070386334,0.005615936049444852
2025-05-16 13:00:00+00:00,17.479999542236328,17.670000076293945,17.299999237060547,17.329999923706055,0.0,-0.0005717683826588216,0.0005717683826588,,,,-0.0005717683826588,-0.0146561573977657,,0.0,0.0,13.0,4.0,0.0,1.0,1.0,0.008655488701132997,0.021350308185937545,0.006963851348350157,0.005339585158077349
2025-05-16 14:00:00+00:00,17.649999618530273,17.8799991607666,17.360000610351562,17.59000015258789,0.0,0.009725405076995486,0.0097254050769954,,,,0.0097254050769954,0.0005669064188122,,1.0,0.0,14.0,4.0,0.0,1.0,1.0,0.0034109986027234637,0.029562168613087556,0.005158672969956894,0.007004919646832746
2025-05-16 15:00:00+00:00,17.440000534057617,17.8799991607666,17.3700008392334,17.510000228881836,0.0,-0.011897965383080411,0.0118979653830804,,,,-0.0118979653830804,-0.0152455428781903,,0.0,0.0,15.0,4.0,0.0,1.0,1.0,-0.003997698110178085,0.029126117353898567,0.010815765266531469,0.008059853926999743
2025-05-16 16:00:00+00:00,17.219999313354492,17.540000915527344,17.15999984741211,17.540000915527344,0.0,-0.012614748507231766,0.0126147485072317,,0.0,18.156666437784832,-0.0126147485072317,-0.0210347263231241,,0.0,0.0,16.0,4.0,0.0,1.0,1.0,-0.01824410407467933,0.021664826013711162,0.012696235598709386,0.008571375277277325
2025-05-16 17:00:00+00:00,17.479999542236328,17.489999771118164,17.149999618530273,17.329999923706055,0.0,0.015098736309484106,0.0150987363094841,0.0075408449645963,0.0,18.087499777475998,0.0150987363094841,0.00344428620434,-0.0867293573849272,1.0,1.0,17.0,4.0,0.0,0.0,1.0,0.008655488701132997,0.019619166421506882,0.01579753631114002,0.011016224084954432
2025-05-16 18:00:00+00:00,17.350000381469727,17.489999771118164,17.270000457763672,17.31999969482422,0.0,-0.007437023121910746,0.0074370231219107,0.0071157277957814,0.0,18.00624982515971,-0.0074370231219107,-0.0080045392498874,-0.1010362141282557,0.0,1.0,18.0,4.0,0.0,0.0,1.0,0.0017321412918080475,0.012702039101088157,0.014734916208345857,0.010747857139111014
2025-05-16 19:00:00+00:00,17.229999542236328,17.5,17.209999084472656,17.360000610351562,0.0,-0.006916474731698763,0.0069164747316987,0.0068091943975592,0.0,17.9316664536794,-0.0069164747316987,-0.0143020598711077,-0.0941115074893015,0.0,1.0,19.0,4.0,0.0,0.0,1.0,-0.0074885405267622095,0.01670512127484717,0.01286339082411836,0.010771981198772014
2025-05-16 20:00:00+00:00,17.239999771118164,17.270000457763672,17.200000762939453,17.200000762939453,0.0,0.0005803963521486821,0.0005803963521486,0.0068253545139987,0.0,17.857499758402508,0.0005803963521486,-0.0232294536132262,-0.0935857331127949,1.0,0.0,20.0,4.0,0.0,0.0,1.0,0.00232552362816728,0.00406974951856083,0.004486146484779701,0.010807748011488974
2025-05-19 07:00:00+00:00,19.51000022888184,19.8700008392334,19.3799991607666,19.84000015258789,0.0,0.1316705619431946,0.1316705619431943,0.0285234769448038,0.0,17.88208309809367,0.1316705619431943,0.1186926394171736,0.0311839402858744,1.0,1.0,7.0,0.0,0.0,0.0,1.0,-0.01663306054274433,0.024697665055354447,0.07793929403181246,0.05210253987512115
2025-05-19 08:00:00+00:00,19.729999542236328,19.81999969482422,19.3799991607666,19.700000762939453,0.0,0.011276233253386225,0.0112762332533862,0.0285425706145718,0.0,17.920416434605915,0.0112762332533862,0.1457607624255406,0.048910159618011,1.0,0.0,8.0,0.0,0.0,0.0,1.0,0.0015227806159941923,0.02233505162524493,0.07279403229017167,0.05079145028580439
2025-05-19 09:00:00+00:00,19.799999237060547,19.84000015258789,19.700000762939453,19.739999771118164,0.0,0.0035478812188702857,0.0035478812188702,0.0285232942639504,0.0,17.96374972661336,0.0035478812188702,0.1327230981453107,0.0554370466679199,1.0,0.0,9.0,0.0,0.0,1.0,1.0,0.0030394866584633282,0.0070921677442606825,0.07184467403343847,0.049475219743837055
2025-05-19 10:00:00+00:00,19.59000015258789,19.920000076293945,19.5,19.709999084472656,0.0,-0.01060601477598,0.01060601477598,0.0285428490495185,0.0,18.00583306948344,-0.01060601477598,0.1291066122114064,0.0543595389143778,0.0,0.0,10.0,0.0,0.0,1.0,1.0,-0.0060882261521412046,0.021308985073714044,0.011097244221135503,0.05092892663095729
2025-05-19 11:00:00+00:00,19.3700008392334,19.82999992370605,19.350000381469727,19.790000915527344,0.0,-0.011230184361454953,0.0112301843614549,0.0286249755724336,0.0,18.043749809265137,-0.0112301843614549,0.1242020518776703,0.0492958721501874,0.0,0.0,11.0,0.0,0.0,1.0,1.0,-0.02122284269145288,0.02425464982468567,0.008357766665412372,0.0512569177418748
2025-05-19 12:00:00+00:00,19.34000015258789,19.56999969482422,19.32999992370605,19.5,0.0,-0.0015488221654973433,0.0015488221654973,0.0285012102919174,0.0,18.088749806086224,-0.0015488221654973,0.1218097685237684,0.0591456686839366,0.0,0.0,12.0,0.0,0.0,1.0,1.0,-0.008205120380108174,0.012307680570162441,0.0054183499890670265,0.050879946870794786
2025-05-19 13:00:00+00:00,18.700000762939453,19.56999969482422,18.700000762939453,19.479999542236328,0.0,-0.03309200540842805,0.033092005408428,0.0294245790187992,0.0,18.10749983787537,-0.033092005408428,-0.0415171428211103,0.0246575760514768,0.0,1.0,13.0,0.0,0.0,1.0,1.0,-0.04004100603830559,0.044661137183214156,0.01615879741067954,0.054245376594167956
2025-05-19 14:00:00+00:00,18.57999992370605,19.15999984741211,18.40999984741211,19.15999984741211,0.0,-0.006417156916443845,0.0064171569164436,0.0293755848979869,0.0,18.12874984741211,-0.0064171569164436,-0.0582868548003993,0.0282235881292192,0.0,0.0,14.0,0.0,0.0,1.0,1.0,-0.030271395006529568,0.03914405041612255,0.016981463592275623,0.014064734597241182
2025-05-19 15:00:00+00:00,18.34000015258789,18.65999984741211,18.200000762939453,18.56999969482422,0.0,-0.012917102911929934,0.01291710291193,0.0294913831826958,0.0,18.144166549046837,-0.01291710291193,-0.0737373303398876,0.0205899194975722,0.0,0.0,15.0,0.0,0.0,1.0,1.0,-0.012385543673456978,0.024771087346913957,0.01390937052708089,0.011623992500156305
2025-05-19 16:00:00+00:00,18.06999969482422,18.420000076293945,18.040000915527344,18.420000076293945,0.0,-0.014721944139437393,0.0147219441394373,0.0296099384060772,0.0,18.1545832157135,-0.0147219441394373,-0.0775906302156346,0.0140291809361035,0.0,0.0,16.0,0.0,0.0,1.0,1.0,-0.01900110640716923,0.020629704625009772,0.004367994212067827,0.009915948682017348
2025-05-19 17:00:00+00:00,18.09000015258789,18.229999542236328,18.020000457763672,18.18000030517578,0.0,0.001106832213694009,0.001106832213694,0.0295870802167871,0.0,18.169166564941406,0.001106832213694,-0.0660816020231089,0.0197294467861013,1.0,0.0,17.0,0.0,0.0,0.0,1.0,-0.004950503359577387,0.011551104562570896,0.00866485592399624,0.011269923391170831
2025-05-19 18:00:00+00:00,18.020000457763672,18.209999084472656,17.920000076293945,18.049999237060547,0.0,-0.003869524280474046,0.003869524280474,0.0295715024268065,0.0,18.18499994277954,-0.003869524280474,-0.0682523104658605,0.0215420114094917,0.0,0.0,18.0,0.0,0.0,0.0,1.0,-0.0016619823027627075,0.016066427725009557,0.008094126487663004,0.011611389425605334
2025-05-19 19:00:00+00:00,17.979999542236328,18.270000457763672,17.920000076293945,18.100000381469727,0.0,-0.002219806576647998,0.0022198065766479,0.0295740180878092,0.0,18.196249961853027,-0.0022198065766479,-0.038502737504164,0.0152456505771587,0.0,0.0,19.0,0.0,0.0,0.0,1.0,-0.0066298804809005385,0.019337037242720016,0.002534831292899586,0.011530474323512232
2025-05-19 20:00:00+00:00,18.149999618530277,18.15999984741211,18.020000457763672,18.040000915527344,0.0,0.009454954428369522,0.0094549544283693,0.0295735322187104,0.0,18.21958327293396,0.0094549544283693,-0.0231431812132112,0.0318362399706968,1.0,0.0,20.0,0.0,0.0,0.0,1.0,0.006097488770538556,0.007760497923696754,0.007263646305277448,0.008269026362283964
2025-05-20 07:00:00+00:00,18.38999938964844,18.5,18.31999969482422,18.459999084472656,0.0,0.013223128163216913,0.0132231281632169,0.029560216044046,0.0,18.2599999109904,0.0132231281632169,0.0027262397298013,0.0556830831863495,1.0,0.0,7.0,1.0,0.0,0.0,1.0,-0.0037919663215527657,0.009750829583040755,0.008051743198421914,0.010446974590467771
2025-05-20 08:00:00+00:00,18.40999984741211,18.5,18.309999465942383,18.350000381469727,0.0,0.001087572508290835,0.001087572508291,0.0295603786743711,0.0,18.298333247502644,0.001087572508291,0.0188157254194794,0.0526014916142636,1.0,0.0,8.0,1.0,0.0,0.0,1.0,0.0032697255964622063,0.010354252321950048,0.006211332714566509,0.009137243980137879
2025-05-20 09:00:00+00:00,18.399999618530277,18.440000534057617,18.309999465942383,18.40999984741211,0.0,-0.0005431954896641944,0.0005431954896644,0.0295602489105328,0.0,18.336666584014893,-0.0005431954896644,0.0171365098577975,0.0526315846903187,0.0,0.0,9.0,1.0,0.0,1.0,1.0,-0.0005431954896641738,0.007061437761690617,0.007521555493301014,0.006315628350311235
2025-05-20 10:00:00+00:00,18.190000534057617,18.440000534057617,18.190000534057617,18.440000534057617,0.0,-0.01141299395795492,0.0114129939579548,0.0296513371277771,0.0,18.359166622161865,-0.0114129939579548,0.0094339662583473,0.030594953382345,0.0,0.0,10.0,1.0,0.0,1.0,1.0,-0.013557483338368913,0.013557483338368913,0.006795538793716578,0.008278567408316
2025-05-20 11:00:00+00:00,18.170000076293945,18.299999237060547,18.1299991607666,18.280000686645508,0.0,-0.001099530356045042,0.001099530356045,0.0295184496537525,0.0,18.389583269755047,-0.001099530356045,0.0105673269685737,0.0418577706354281,0.0,0.0,11.0,1.0,0.0,1.0,1.0,-0.006017538633459881,0.009299785005923945,0.006121404505132389,0.008081054251642994
2025-05-20 12:00:00+00:00,18.13999938964844,18.239999771118164,18.1299991607666,18.149999618530277,0.0,-0.0016511109807119118,0.001651110980712,0.0293652655218679,0.0,18.42791660626729,-0.001651110980712,-0.0005509768094774,0.0534262551091082,0.0,0.0,12.0,1.0,0.0,1.0,1.0,-0.0005509768094775156,0.006060639816171521,0.005801811957121943,0.008043564063869175
2025-05-20 13:00:00+00:00,18.26000022888184,18.36000061035156,18.020000457763672,18.18000030517578,0.0,0.006615261481313972,0.0066152614813139,0.0292585960666342,0.0,18.46041663487752,0.0066152614813139,-0.0070690138706462,0.0446224660796368,1.0,0.0,13.0,1.0,0.0,1.0,1.0,0.004400435773550705,0.0187018782662556,0.004621600876324002,0.007624050465855456
2025-05-20 14:00:00+00:00,18.31999969482422,18.489999771118164,18.020000457763672,18.09000015258789,0.0,0.003285841467158157,0.0032858414671583,0.0291867672470906,0.0,18.50083327293396,0.0032858414671583,-0.0048886558030331,0.0559077401744889,1.0,0.0,14.0,1.0,0.0,1.0,1.0,0.012714181332023107,0.02598116690934664,0.004159155579043559,0.005601382646639325
2025-05-20 15:00:00+00:00,17.959999084472656,18.489999771118164,17.940000534057617,18.43000030517578,0.0,-0.019650688665309834,0.0196506886653098,0.0294824924922211,0.0,18.53124992052714,-0.0196506886653098,-0.0239130729988984,0.042367937413281,0.0,0.0,15.0,1.0,0.0,1.0,1.0,-0.02550196488988296,0.029842605965996,0.014300755162188724,0.009034650368299594
2025-05-20 16:00:00+00:00,17.799999237060547,18.13999938964844,17.780000686645508,18.07999992370605,0.0,-0.008908677926962594,0.0089086779269625,0.0295675350152775,0.0,18.554583231608078,-0.0089086779269625,-0.0214404225149339,0.0324825680613138,0.0,0.0,16.0,1.0,0.0,1.0,1.0,-0.015486763707248375,0.01991143277223756,0.01147592779454724,0.009132062474061639
2025-05-20 17:00:00+00:00,17.969999313354492,18.07999992370605,17.700000762939453,17.989999771118164,0.0,0.009550566493283563,0.0095505664932835,0.0107567866897399,0.0,18.490416526794437,0.0095505664932835,-0.0110071965932675,-0.078933926061548,1.0,0.0,17.0,1.0,0.0,0.0,1.0,-0.001111754197783892,0.021122799644314797,0.014769607318783835,0.009959354079177784
2025-05-20 18:00:00+00:00,18.31999969482422,18.440000534057617,17.8799991607666,17.8799991607666,0.0,0.019476927926737497,0.0194769279267374,0.011355648013869,0.0,18.431666533152264,0.0194769279267374,0.0099228396489636,-0.0714647683794265,1.0,1.0,18.0,1.0,0.0,0.0,1.0,0.024608532142612934,0.03131998879059263,0.014404970065661169,0.012796515219882202
2025-05-20 19:00:00+00:00,17.889999389648438,18.68000030517578,17.8700008392334,18.38999938964844,0.0,-0.02347163276958275,0.0234716327695827,0.0119971839578552,0.0,18.35208320617676,-0.0234716327695827,-0.0202629153666804,-0.0964646424751914,0.0,1.0,19.0,1.0,0.0,0.0,1.0,-0.02718869040754014,0.04404564941956028,0.022485466273979134,0.015900887958899743
2025-05-20 20:00:00+00:00,18.100000381469727,18.100000381469727,17.889999389648438,17.889999389648438,0.0,0.011738457181994066,0.011738457181994,0.0123364602019062,0.0,18.28999988238017,0.011738457181994,-0.0120086963438458,-0.0760592016085988,1.0,0.0,20.0,1.0,0.0,0.0,1.0,0.011738457181994117,0.011738457181994117,0.02289182252010125,0.016464549972728726
2025-05-21 07:00:00+00:00,18.649999618530277,18.809999465942383,18.6200008392334,18.770000457763672,0.0,0.030386697539720675,0.0303866975397204,0.0139769773803648,0.0,18.259999831517536,0.0303866975397204,0.0384187399349122,-0.037170944218277,1.0,1.0,7.0,2.0,0.0,0.0,1.0,-0.006393225162856082,0.010122462550628063,0.027350280457257074,0.02039568798913562
2025-05-21 08:00:00+00:00,18.71999931335449,18.850000381469727,18.6200008392334,18.729999542236328,0.0,0.0037533349198926036,0.0037533349198928,0.0140177399337179,0.0,18.234166463216145,0.0037533349198928,0.0516853997599311,-0.0320579542058812,1.0,0.0,8.0,2.0,0.0,0.0,1.0,-0.0005339150628001286,0.012279740942741453,0.01366781529981724,0.01787796064076654
2025-05-21 09:00:00+00:00,19.06999969482422,19.1200008392334,18.6299991607666,18.68000030517578,0.0,0.018696602260025008,0.0186966022600247,0.0128416940941967,0.0,18.24958308537801,0.0186966022600247,0.0612131565665812,0.019786038330974,1.0,1.0,9.0,2.0,0.0,1.0,1.0,0.02087791131033215,0.026231352808438076,0.013349753873425832,0.017047254369721196
2025-05-21 10:00:00+00:00,18.850000381469727,19.290000915527344,18.799999237060547,18.799999237060547,0.0,-0.011536408855538749,0.0115364088555387,0.0130098545778394,0.0,18.260833104451496,-0.0115364088555387,0.0289301689669374,0.0145317792719246,0.0,0.0,10.0,2.0,0.0,1.0,1.0,0.002659635448846835,0.026063920125105843,0.015116836445008454,0.01890561754235632
2025-05-21 11:00:00+00:00,18.520000457763672,19.200000762939453,18.489999771118164,19.200000762939453,0.0,-0.017506626898026845,0.0175066268980268,0.0132499553575736,0.0,18.26833311716716,-0.0175066268980268,0.0352152649306274,0.0098146294262915,0.0,1.0,11.0,2.0,0.0,1.0,1.0,-0.03541668115390614,0.03697921685460342,0.019409414665994232,0.019977080062593806
2025-05-21 12:00:00+00:00,18.86000061035156,18.93000030517578,18.489999771118164,18.549999237060547,0.0,0.01835853910280849,0.0183585391028087,0.0133190430480996,0.0,18.301249821980797,0.0183585391028087,0.0419889620367026,0.0437189224609462,1.0,1.0,12.0,2.0,0.0,1.0,1.0,0.016711665015687365,0.0237197063155966,0.01921657942669393,0.017255504998857397
2025-05-21 13:00:00+00:00,18.71999931335449,19.280000686645508,18.57999992370605,18.68000030517578,0.0,-0.00742318623893512,0.0074231862389351,0.0134534092028545,0.0,18.327499787012737,-0.0074231862389351,0.0037533349198928,0.0348258239608956,0.0,0.0,13.0,2.0,0.0,1.0,1.0,0.0021412744927859885,0.03747327363509214,0.01849632066741026,0.01801116412772968
2025-05-21 14:00:00+00:00,18.350000381469727,18.940000534057617,18.350000381469727,18.850000381469727,0.0,-0.019764900932491614,0.0197649009324917,0.0141054209762538,0.0,18.34124978383382,-0.0197649009324917,-0.0197649009324917,0.0183129808725326,0.0,1.0,14.0,2.0,0.0,1.0,1.0,-0.0265251984021984,0.031299742209442254,0.0194525575152274,0.01608328540247414
2025-05-21 15:00:00+00:00,18.21999931335449,18.700000762939453,18.15999984741211,18.59000015258789,0.0,-0.007084526725487983,0.0070845267254878,0.0141861989286403,0.0,18.35124977429708,-0.0070845267254878,-0.0445726478800324,0.0133481522374006,0.0,0.0,15.0,2.0,0.0,1.0,1.0,-0.019903218730307252,0.029047924211671988,0.007225239348663418,0.01593527953153444
2025-05-21 16:00:00+00:00,18.21999931335449,18.31999969482422,18.059999465942383,18.25,0.0,0.0,0.0,0.0140617578694134,0.0,18.35416642824809,0.0,-0.033421806650707,0.0038567325782614,0.0,0.0,16.0,2.0,0.0,1.0,1.0,-0.0016438732408499378,0.014246587883936216,0.01001360506032509,0.01280506184480043
2025-05-21 17:00:00+00:00,19.75,20.38999938964844,17.770000457763672,18.170000076293945,0.0,0.08397369617484474,0.0839736961748445,0.0220473229430224,0.0,18.41083312034607,0.0839736961748445,0.0664146604662045,0.0739532710978279,1.0,1.0,17.0,2.0,0.0,0.0,1.0,0.08695651717511277,0.14419366653184731,0.050651377286236365,0.03611545987035134
2025-05-21 18:00:00+00:00,20.3700008392334,20.440000534057617,19.040000915527344,20.13999938964844,0.0,0.03139244755612136,0.0313924475561213,0.0227766577621518,0.0,18.492499828338623,0.0313924475561213,0.0800636362680207,0.1064639330834544,1.0,1.0,18.0,2.0,0.0,0.0,1.0,0.011420131904431613,0.0695133893226355,0.04243005051284007,0.03525405354337326
2025-05-21 19:00:00+00:00,20.46999931335449,21.049999237060547,19.76000022888184,20.01000022888184,0.0,0.004909105056514651,0.0049091050565148,0.0227517041734401,0.0,18.578749815622967,0.0049091050565148,0.0934829094118385,0.112499985746715,1.0,0.0,19.0,2.0,0.0,0.0,1.0,0.022988459730685067,0.06446771581325428,0.04024376702249304,0.035356461159712534
2025-05-21 20:00:00+00:00,20.8799991607666,20.899999618530277,20.56999969482422,20.56999969482422,0.0,0.020029304404745707,0.0200293044047454,0.0226891473285641,0.0,18.69083309173584,0.0200293044047454,0.1378745900110023,0.1478833726075175,1.0,0.0,20.0,2.0,0.0,0.0,1.0,0.015070465266967615,0.01604277727768232,0.013286013200357091,0.034313056520297536
2025-05-22 07:00:00+00:00,20.600000381469727,20.71999931335449,20.51000022888184,20.6200008392334,0.0,-0.013409903762017006,0.013409903762017,0.0229937971631627,0.0,18.792083104451496,-0.013409903762017,0.1306257496053138,0.13373694523789,0.0,0.0,7.0,3.0,0.0,0.0,1.0,-0.0009699542652596441,0.010184242285436124,0.016745084628251264,0.03327090287604183
2025-05-22 08:00:00+00:00,20.440000534057617,20.71999931335449,20.38999938964844,20.6299991607666,0.0,-0.007766982740254447,0.0077669827402544,0.0231099747558524,0.0,18.887916485468548,-0.0077669827402544,0.1218441989224421,0.1267916880814048,0.0,0.0,8.0,3.0,0.0,0.0,1.0,-0.00920982231886451,0.015996119104727338,0.017900916082355695,0.033354530687151156
2025-05-22 09:00:00+00:00,20.459999084472656,20.59000015258789,20.36000061035156,20.450000762939453,0.0,0.0009784026366201903,0.0009784026366201,0.0231239782985148,0.0,18.979583104451496,0.0009784026366201,0.0359493207327927,0.1204818635276401,1.0,0.0,9.0,3.0,0.0,1.0,1.0,0.0004889154601560015,0.011246920961154618,0.00724968601698229,0.033273281184569854
2025-05-22 10:00:00+00:00,20.56999969482422,20.6200008392334,20.36000061035156,20.40999984741211,0.0,0.005376374158053698,0.0053763741580536,0.0231211766967822,0.0,19.073333104451496,0.0053763741580536,0.0098183037482066,0.1228165959323499,1.0,0.0,10.0,3.0,0.0,1.0,1.0,0.007839287045972055,0.012738864812623029,0.006690437821369897,0.015463035914939104
2025-05-22 11:00:00+00:00,21.729999542236328,21.729999542236328,20.31999969482422,20.40999984741211,0.0,0.05639279847456624,0.0563927984745662,0.024737645752804,0.0,19.23041645685832,0.0563927984745662,0.0615535061625438,0.2099109493286683,1.0,1.0,11.0,3.0,0.0,1.0,1.0,0.06467416485510598,0.0690837754999244,0.030802524165048455,0.023250488882407973
2025-05-22 12:00:00+00:00,21.01000022888184,22.06999969482422,20.8799991607666,20.899999618530277,0.0,-0.03313388534385542,0.0331338853438555,0.0259337889039047,0.0,19.364166498184204,-0.0331338853438555,0.0062261050450378,0.1803371421015511,0.0,1.0,12.0,3.0,0.0,1.0,1.0,0.005263187194225314,0.0569378256352954,0.04490869023635715,0.02838259274051823
2025-05-22 13:00:00+00:00,20.51000022888184,22.030000686645508,20.51000022888184,22.030000686645508,0.0,-0.023798191078202136,0.0237981910782021,0.0266874299551842,0.0,19.46999986966451,-0.0237981910782021,-0.0043689393651102,0.1413467452744825,0.0,0.0,13.0,3.0,0.0,1.0,1.0,-0.06899684114331808,0.06899684114331808,0.04921513505077749,0.02909942687951698
2025-05-22 14:00:00+00:00,20.790000915527344,21.530000686645508,20.190000534057617,21.100000381469727,0.0,0.013651910459328676,0.0136519104593288,0.0265844664980336,0.0,19.57291658719381,0.0136519104593288,0.0171233058867366,0.1348253963891141,1.0,0.0,14.0,3.0,0.0,1.0,1.0,-0.014691917551557396,0.06350711508823928,0.02476077536996221,0.02915865276662979
2025-05-22 15:00:00+00:00,20.3799991607666,21.200000762939453,20.350000381469727,20.809999465942383,0.0,-0.01972110325663934,0.0197211032566393,0.0264165498040683,0.0,19.676666577657063,-0.0197211032566393,-0.00391006487223,0.1391838935756999,0.0,0.0,15.0,3.0,0.0,1.0,1.0,-0.020663157914997506,0.040845766616228706,0.020546251867280225,0.03013720299355482
2025-05-22 16:00:00+00:00,20.6200008392334,20.8799991607666,19.989999771118164,20.8799991607666,0.0,0.01177633407016132,0.0117763340701613,0.0264169229784938,0.0,19.78166659673055,0.0117763340701613,0.0024307800267864,0.1392265416935336,1.0,0.0,16.0,3.0,0.0,1.0,1.0,-0.0124520273938391,0.0426244935546138,0.01874995284186749,0.030472274284503765
2025-05-22 17:00:00+00:00,19.979999542236328,20.739999771118164,19.90999984741211,20.26000022888184,0.0,-0.03103788898879911,0.0310378889887991,0.026899591336588,0.0,19.837083260218304,-0.0310378889887991,-0.0805338259026903,0.0713136702900836,0.0,1.0,17.0,3.0,0.0,0.0,1.0,-0.013820369372274422,0.04096741926600969,0.022185640602297146,0.03272633197688581
2025-05-22 18:00:00+00:00,19.82999992370605,20.290000915527344,19.790000915527344,20.26000022888184,0.0,-0.007507488586933508,0.0075074885869333,0.0269878163401441,0.0,19.883333285649616,-0.0075074885869333,-0.05616374546982,0.0592949065740462,0.0,0.0,18.0,3.0,0.0,0.0,1.0,-0.021224101693878426,0.02467917050105558,0.02144218294035079,0.019350519638955375
2025-05-22 19:00:00+00:00,20.309999465942383,20.420000076293945,19.63999938964844,19.90999984741211,0.0,0.02420572587408376,0.0242057258740835,0.0271523336985024,0.0,19.93499994277954,0.0242057258740835,-0.0097513778989536,0.0650235863115777,1.0,0.0,19.0,3.0,0.0,0.0,1.0,0.020090387825003685,0.03917632810765131,0.027722628235315665,0.021353034761886
2025-05-22 20:00:00+00:00,20.270000457763672,20.34000015258789,20.209999084472656,20.229999542236328,0.0,-0.001969424383579388,0.0019694243835793,0.0269998566263319,0.0,19.99416661262512,-0.0019694243835793,-0.0250120459290265,0.0753315675096675,0.0,0.0,20.0,3.0,0.0,0.0,1.0,0.001977306793498911,0.006426152795694201,0.016938794809461265,0.019610499158251856
2025-05-23 07:00:00+00:00,19.950000762939453,20.15999984741211,19.86000061035156,20.13999938964844,0.0,-0.015786861746303282,0.0157868617463032,0.026944261864182,0.0,20.053749958674118,-0.0157868617463032,-0.0210990390350425,0.0772138374638278,0.0,0.0,7.0,4.0,0.0,0.0,1.0,-0.009433894362809338,0.01489569246038528,0.020312012582288912,0.01896180726481703
2025-05-23 08:00:00+00:00,20.040000915527344,20.049999237060547,19.82999992370605,19.88999938964844,0.0,0.004511285671481291,0.0045112856714812,0.0267586091423556,0.0,20.10291663805644,0.0045112856714812,-0.0281280261930201,0.0625662919930194,1.0,0.0,8.0,4.0,0.0,0.0,1.0,0.007541555077018733,0.011060800407514958,0.010367706003778274,0.018175381996604373
2025-05-23 09:00:00+00:00,20.1299991607666,20.530000686645508,19.8799991607666,19.899999618530277,0.0,0.0044909301959923376,0.0044909301959923,0.0266697861937218,0.0,20.16166663169861,0.0044909301959923,0.0075074885869332,0.0753205074321901,1.0,0.0,9.0,4.0,0.0,1.0,1.0,0.011557766163078515,0.032663393886382015,0.011713269177835087,0.017431127908124816
2025-05-23 10:00:00+00:00,20.1299991607666,20.530000686645508,20.11000061035156,20.530000686645508,0.0,0.0,0.0,0.0262260434826143,0.0,20.235833247502644,0.0,0.015128554625051,0.0970026562557655,0.0,0.0,10.0,4.0,0.0,1.0,1.0,-0.019483756088673778,0.020457869568760088,0.0025987358074126637,0.012429049671123033
2025-05-23 11:00:00+00:00,24.020000457763672,24.020000457763672,20.06999969482422,20.190000534057617,0.0,0.193243987042915,0.193243987042915,0.0465146727583964,0.0,20.477499961853027,0.193243987042915,0.1826686897772966,0.3183315786492935,1.0,1.0,11.0,4.0,0.0,1.0,1.0,0.18969786143617964,0.19564143924990848,0.11029590763889444,0.07303058477214228
2025-05-23 12:00:00+00:00,24.770000457763672,25.530000686645508,20.540000915527344,20.68000030517578,0.0,0.03122397942159849,0.0312239794215984,0.0465854856712109,0.0,20.75041667620341,0.0312239794215984,0.2220029550259059,0.3594951367318826,1.0,0.0,12.0,4.0,0.0,1.0,1.0,0.19777563308663237,0.24129592347584586,0.10373737536745871,0.07298892764037966
2025-05-23 13:00:00+00:00,23.200000762939453,25.3799991607666,23.200000762939453,24.6299991607666,0.0,-0.06338311125594398,0.0633831112559439,0.046649959706155,0.0,20.894166707992557,-0.0633831112559439,0.1629072619404321,0.1746835829336432,0.0,1.0,13.0,4.0,0.0,1.0,1.0,-0.058059214232739756,0.08850988518504264,0.12978087433399194,0.08085389836229062
2025-05-23 14:00:00+00:00,22.520000457763672,24.34000015258789,22.1200008392334,24.34000015258789,0.0,-0.029310357017834243,0.0293103570178342,0.0469538449872281,0.0,20.98375002543132,-0.0293103570178342,0.1237524665138503,0.1055473505130786,0.0,0.0,14.0,4.0,0.0,1.0,1.0,-0.07477402150429781,0.09120785946743128,0.047916350855774,0.08206101048075247
2025-05-23 15:00:00+00:00,22.209999084472656,22.770000457763672,21.76000022888184,22.770000457763672,0.0,-0.013765602441812685,0.0137656024418126,0.0471127420884045,0.0,21.056250015894573,-0.0137656024418126,0.1033283661412156,0.0850024342689157,0.0,0.0,15.0,4.0,0.0,1.0,1.0,-0.024593823541188258,0.04435661873416705,0.025378761320967332,0.0829262801093979
2025-05-23 16:00:00+00:00,21.82999992370605,22.3700008392334,21.68000030517578,22.09000015258789,0.0,-0.017109373094583713,0.0171093730945834,0.0471864893902405,0.0,21.095833381017048,-0.0171093730945834,0.0844511094790683,0.0454981226591473,0.0,0.0,16.0,4.0,0.0,1.0,1.0,-0.011770041968577347,0.031235877287976485,0.008182137105737225,0.08388735108368463
2025-05-23 17:00:00+00:00,21.57999992370605,22.190000534057617,21.36000061035156,22.01000022888184,0.0,-0.011452130136222038,0.011452130136222,0.0471588606864681,0.0,21.136666695276897,-0.011452130136222,-0.1015820352854726,0.0475727924314925,0.0,0.0,17.0,4.0,0.0,0.0,1.0,-0.019536587946579653,0.037710127899813484,0.0028442150111233793,0.0843258446025709
2025-05-23 18:00:00+00:00,21.920000076293945,21.96999931335449,21.36000061035156,21.38999938964844,0.0,0.015755336134843922,0.0157553361348437,0.0471715001782894,0.0,21.198333342870075,0.0157553361348437,-0.1150585518288292,0.0724070207224465,1.0,0.0,18.0,4.0,0.0,0.0,1.0,0.024777966422102605,0.02851793924305275,0.01757052328719868,0.030566140745116783
2025-05-23 19:00:00+00:00,22.34000015258789,22.670000076293945,21.530000686645508,21.649999618530277,0.0,0.01916058735547943,0.0191605873554794,0.0472684227039637,0.0,21.27666672070821,0.0191605873554794,-0.0370689906064727,0.0918866643323552,1.0,0.0,19.0,4.0,0.0,0.0,1.0,0.03187069497530341,0.052655861881526766,0.01677786452936105,0.027909631797178844
2025-05-23 20:00:00+00:00,22.31999969482422,22.459999084472656,22.290000915527344,22.290000915527344,0.0,-0.0008952756323663547,0.0008952756323663,0.0472816180718568,0.0,21.34958338737488,-0.0008952756323663,-0.0088810283691848,0.0850753537172064,0.0,0.0,20.0,4.0,0.0,0.0,1.0,0.0013458402003015475,0.0076266559875684346,0.010732165425216204,0.01773172590026148
2025-05-26 07:00:00+00:00,20.530000686645508,20.770000457763672,20.51000022888184,20.75,0.0,-0.08019708927656455,0.0801970892765645,0.0489423236942026,0.0,21.299583435058597,-0.0801970892765645,-0.075641533862181,-0.0552231422397592,0.0,1.0,7.0,0.0,0.0,0.0,1.0,-0.010602376547204443,0.012530131512377465,0.052540402220837314,0.03302051020370308
2025-05-26 08:00:00+00:00,20.540000915527344,20.729999542236328,20.40999984741211,20.71999931335449,0.0,0.00048710319276024094,0.0004871031927602,0.0484702266853959,0.0,21.28000013033549,0.0004871031927602,-0.05909294606904,-0.0223702669316679,1.0,0.0,8.0,0.0,0.0,0.0,1.0,-0.008687181650200732,0.015444001227257378,0.04618915372845005,0.033377273618290036
2025-05-26 09:00:00+00:00,20.56999969482422,20.56999969482422,20.40999984741211,20.440000534057617,0.0,0.001460505256073219,0.0014605052560732,0.0482020770860759,0.0,21.282500108083088,0.0014605052560732,-0.0468026057670338,0.0029253761712733,1.0,0.0,9.0,0.0,0.0,1.0,1.0,0.006360037053325603,0.00782778098002071,0.046866564433614054,0.033512050198040565
2025-05-26 10:00:00+00:00,20.459999084472656,20.59000015258789,20.399999618530277,20.459999084472656,0.0,-0.005347623334153062,0.005347623334153,0.0481439748005305,0.0,21.268750031789143,-0.005347623334153,-0.066605884431554,-0.0158731032478319,0.0,0.0,10.0,0.0,0.0,1.0,1.0,0.0,0.009286439030283603,0.0036819867852781966,0.03348527769014488
2025-05-26 11:00:00+00:00,20.36000061035156,20.479999542236328,20.299999237060547,20.420000076293945,0.0,-0.00488751117281272,0.0048875111728124,0.0479697607441702,0.0,21.267916758855183,-0.0048875111728124,-0.0886302385278615,-0.0009812831814801,0.0,0.0,11.0,0.0,0.0,1.0,1.0,-0.002938269623810685,0.008814902277338764,0.0038048134138104492,0.03201553007993724
2025-05-26 12:00:00+00:00,20.450000762939453,20.450000762939453,20.299999237060547,20.399999618530277,0.0,0.0044204395820173215,0.004420439582017,0.0479212957652831,0.0,21.260833422342937,0.004420439582017,-0.0837813152980642,-0.0082444262548471,1.0,0.0,12.0,0.0,0.0,1.0,1.0,0.0024510365364790376,0.007353016111953886,0.005511574239567935,0.030209302593052014
2025-05-26 13:00:00+00:00,20.450000762939453,20.549999237060547,20.309999465942383,20.350000381469727,0.0,0.0,0.0,0.0474445613906106,0.0,21.2804168065389,0.0,-0.0038967326366479,0.0235235851587272,0.0,0.0,13.0,0.0,0.0,1.0,1.0,0.004914023567330483,0.011793600325270888,0.004655928099691311,0.030266669770607223
2025-05-26 14:00:00+00:00,20.739999771118164,20.75,20.309999465942383,20.5,0.0,0.014180880066481993,0.0141808800664819,0.0474626845567931,0.0,21.318333466847736,0.0141808800664819,0.0097370421945615,0.0458900580389936,1.0,0.0,14.0,0.0,0.0,1.0,1.0,0.011707305908203125,0.021463440685737425,0.007256076120615302,0.00658655824941801
2025-05-26 15:00:00+00:00,20.56999969482422,20.82999992370605,20.520000457763672,20.520000457763672,0.0,-0.00819672508052205,0.008196725080522,0.0472901233750955,0.0,21.32916680971781,-0.008196725080522,0.0,0.0128015871845701,0.0,0.0,15.0,0.0,0.0,1.0,1.0,0.002436609938847727,0.015107186112419993,0.011321372661334119,0.007550522310901414
2025-05-27 07:00:00+00:00,20.21999931335449,20.649999618530277,20.040000915527344,20.6299991607666,0.0,-0.0170150892883969,0.0170150892883966,0.0474379764351564,0.0,21.327083428700764,-0.0170150892883966,-0.01173019461669,-0.0024667559585588,0.0,0.0,7.0,1.0,0.0,0.0,1.0,-0.019873963358749722,0.02956852776625445,0.016081610944432202,0.00991028703049286
2025-05-27 08:00:00+00:00,20.36000061035156,20.520000457763672,20.040000915527344,20.520000457763672,0.0,0.006923902163765483,0.0069239021637654,0.0473170088094949,0.0,21.34416675567627,0.0069239021637654,0.0,0.0205513700116621,1.0,0.0,8.0,1.0,0.0,0.0,1.0,-0.007797263345166132,0.023391790035497878,0.012106969255420059,0.010377672185087988
2025-05-27 09:00:00+00:00,20.25,20.43000030517578,20.1299991607666,20.280000686645508,0.0,-0.005402780307169119,0.0054027803071693,0.0473359988189111,0.0,21.352916717529297,-0.0054027803071693,-0.0097799880429297,0.0104789957524376,0.0,0.0,9.0,1.0,0.0,1.0,1.0,-0.0014793237490008286,0.014792955337853223,0.011971272087525828,0.010414472479463732
2025-05-27 10:00:00+00:00,20.350000381469727,20.350000381469727,20.149999618530277,20.32999992370605,0.0,0.004938290442949356,0.0049382904429493,0.0473373435098294,0.0,21.362083435058597,0.0049382904429493,-0.0048899940214649,0.010929022845262,1.0,0.0,10.0,1.0,0.0,1.0,1.0,0.000983790351142778,0.009837715872602447,0.006618503089874109,0.01045887620590649
2025-05-27 11:00:00+00:00,20.3799991607666,20.5,20.149999618530277,20.200000762939453,0.0,0.0014741414611565418,0.0014741414611565,0.0473363348111786,0.0,21.37250010172526,0.0014741414611565,-0.0173577923975142,0.0124192752321248,1.0,0.0,11.0,1.0,0.0,1.0,1.0,0.008910811437066278,0.017326750903488175,0.0052635559183673245,0.010489015275782495
2025-05-27 12:00:00+00:00,20.59000015258789,20.71999931335449,20.25,20.399999618530277,0.0,0.010304268914081316,0.0103042689140813,0.0241901279908671,0.0,21.229583422342937,0.0103042689140813,0.0009723120107145,-0.1427976785931803,1.0,0.0,12.0,1.0,0.0,1.0,1.0,0.009313751843653332,0.02303918245800192,0.004449067392079615,0.009657636918844859
2025-05-27 13:00:00+00:00,20.21999931335449,21.01000022888184,20.209999084472656,20.46999931335449,0.0,-0.01796992892138949,0.0179699289213892,0.0229410940631434,0.0,21.04000004132589,-0.0179699289213892,0.0,-0.1836899903238827,0.0,0.0,13.0,1.0,0.0,1.0,1.0,-0.012212995035954969,0.0390816400217106,0.014465322251944688,0.011418062384184115
2025-05-27 14:00:00+00:00,19.5,21.01000022888184,19.3700008392334,20.6299991607666,0.0,-0.03560827585582349,0.0356082758558237,0.0206170043816697,0.0,20.885833342870075,-0.0356082758558237,-0.0422397143698667,-0.1594827862613682,0.0,1.0,14.0,1.0,0.0,1.0,1.0,-0.054774561644946346,0.07949585343499836,0.02316068260748271,0.01644341561251731
2025-05-27 15:00:00+00:00,19.38999938964844,19.549999237060547,19.32999992370605,19.520000457763672,0.0,-0.0056410569411056155,0.0056410569411057,0.0200621368600877,0.0,20.75541663169861,-0.0056410569411057,-0.042469165943287,-0.1389876112118896,0.0,0.0,15.0,1.0,0.0,1.0,1.0,-0.006659890628410596,0.01127045636246364,0.015061798123997416,0.015581885943135185
2025-05-27 16:00:00+00:00,19.309999465942383,19.450000762939453,19.270000457763672,19.440000534057617,0.0,-0.004125834256022087,0.0041258342560218,0.0199966284379498,0.0,20.63458331425985,-0.0041258342560218,-0.0511056951367109,-0.1305718027047424,0.0,0.0,16.0,1.0,0.0,1.0,1.0,-0.0066872975588391035,0.0092592747032302,0.017755159993425963,0.015609016712768636
2025-05-27 17:00:00+00:00,19.1299991607666,19.420000076293945,19.11000061035156,19.40999984741211,0.0,-0.009321611090318926,0.0093216110903189,0.0198647369980353,0.0,20.522083282470703,-0.0093216110903189,-0.0613346443314073,-0.1236830404203261,0.0,0.0,17.0,1.0,0.0,0.0,1.0,-0.014425589327495006,0.01597112150331716,0.002672030299931001,0.014749738917705158
2025-05-27 18:00:00+00:00,19.1299991607666,19.280000686645508,19.11000061035156,19.21999931335449,0.0,0.0,0.0,0.0198478146279068,0.0,20.419999917348225,0.0,-0.0709082555124598,-0.113531083021371,0.0,0.0,18.0,1.0,0.0,0.0,1.0,-0.004682630374775973,0.008844957459276754,0.004671028411730023,0.014589951574890602
2025-05-27 19:00:00+00:00,19.030000686645508,19.290000915527344,19.030000686645508,19.25,0.0,-0.005227311997283213,0.0052273119972832,0.0193585256286473,0.0,20.299583276112877,-0.0052273119972832,-0.0588525552482604,-0.131843037390037,0.0,0.0,19.0,1.0,0.0,0.0,1.0,-0.011428535758674918,0.01350650539645901,0.004672267634659637,0.01215967591274584
2025-05-27 20:00:00+00:00,18.96999931335449,19.100000381469727,18.950000762939453,18.96999931335449,0.0,-0.0031529884984778933,0.0031529884984776,0.0186356186849007,0.0,20.15916657447815,-0.0031529884984776,-0.0271795223920773,-0.1508505289263847,0.0,0.0,20.0,1.0,0.0,0.0,1.0,0.0,0.00790720210646907,0.0026321393442776744,0.012059323069859648
2025-05-28 07:00:00+00:00,19.26000022888184,19.290000915527344,19.18000030517578,19.209999084472656,0.0,0.015287344545299897,0.0152873445452994,0.0191376294356388,0.0,20.03166659673055,0.0152873445452994,-0.0067044437781675,-0.1370967521407253,1.0,0.0,7.0,2.0,0.0,0.0,1.0,0.002602870733585766,0.005726216324522131,0.011293064492593685,0.008015684837695698
2025-05-28 08:00:00+00:00,19.26000022888184,19.290000915527344,19.149999618530277,19.290000915527344,0.0,0.0,0.0,0.0107890654644536,0.0,19.9787499109904,0.0,-0.0025892925138983,-0.06186071189904,0.0,0.0,8.0,2.0,0.0,0.0,1.0,-0.0015552454754605754,0.007257713341235445,0.009863147929571651,0.007839780966501531
2025-05-28 09:00:00+00:00,19.280000686645508,19.350000381469727,19.149999618530277,19.190000534057617,0.0,0.0010384453544125538,0.0010384453544127,0.0107965107043566,0.0,19.92624990145365,0.0010384453544127,0.0078411674050955,-0.0613437279805245,1.0,0.0,9.0,2.0,0.0,1.0,1.0,0.004689950499384411,0.010422134308151608,0.008542173807574539,0.007731637411532685
2025-05-28 10:00:00+00:00,19.0,19.350000381469727,19.0,19.309999465942383,0.0,-0.01452285667393427,0.0145228566739342,0.0110270754068797,0.0,19.860833247502644,-0.0145228566739342,-0.0067955654192194,-0.0763247310703295,0.0,1.0,10.0,2.0,0.0,1.0,1.0,-0.01605383089156155,0.01812534392282261,0.008700056087397424,0.008914225650639903
2025-05-28 11:00:00+00:00,19.06999969482422,19.190000534057617,18.979999542236328,19.190000534057617,0.0,0.0036841944644325775,0.0036841944644325,0.0111059906636499,0.0,19.80291660626729,0.0036841944644325,0.0021018921038074,-0.0679374121137339,1.0,0.0,11.0,2.0,0.0,1.0,1.0,-0.006253300463458869,0.010943250962843279,0.009837435474804944,0.009086054108732035
2025-05-28 12:00:00+00:00,19.100000381469727,19.13999938964844,18.979999542236328,19.11000061035156,0.0,0.0015731875786892946,0.0015731875786892,0.0111331658071067,0.0,19.75041659673055,0.0015731875786892,0.0068529822256617,-0.0618860604670717,1.0,0.0,12.0,2.0,0.0,1.0,1.0,-0.0005232981979296972,0.00837257154902673,0.009958544922236159,0.008845932714400434
2025-05-28 13:00:00+00:00,19.06999969482422,19.1200008392334,18.81999969482422,19.049999237060547,0.0,-0.001570716546928086,0.001570716546928,0.0110356877989355,0.0,19.69291655222575,-0.001570716546928,-0.0098650328037221,-0.0674817123046833,0.0,0.0,13.0,2.0,0.0,1.0,1.0,0.0010498928380407635,0.015748092200735985,0.002644320106695479,0.008755045186362944
2025-05-28 14:00:00+00:00,19.309999465942383,19.32999992370605,18.81999969482422,19.040000915527344,0.0,0.012585200574664945,0.0125852005746649,0.0114674565506817,0.0,19.645416498184204,0.0125852005746649,0.0025960143544323,-0.0557457826144945,1.0,1.0,14.0,2.0,0.0,1.0,1.0,0.01418059545337795,0.026785725018842896,0.007433466586189954,0.008039323980971777
2025-05-28 15:00:00+00:00,19.43000030517578,19.43000030517578,19.13999938964844,19.13999938964844,0.0,0.0062144403186052966,0.0062144403186052,0.0110776224125303,0.0,19.59083318710327,0.0062144403186052,0.0077800629246953,-0.0631629450530006,1.0,0.0,15.0,2.0,0.0,1.0,1.0,0.015151563467874638,0.015151563467874638,0.007089725467352442,0.008326036802931343
2025-05-28 16:00:00+00:00,19.059999465942383,19.43000030517578,19.01000022888184,19.31999969482422,0.0,-0.019042760340813647,0.0190427603408136,0.0115256827479194,0.0,19.52791651089986,-0.0190427603408136,0.0031578666285465,-0.0734078877629628,0.0,1.0,16.0,2.0,0.0,1.0,1.0,-0.013457568995277436,0.021739134727132462,0.016727425997750813,0.011339651030640748
2025-05-28 17:00:00+00:00,19.0,19.209999084472656,18.82999992370605,19.190000534057617,0.0,-0.003147925898402737,0.0031479258984027,0.0111392704563795,0.0,19.47708320617676,-0.0031479258984027,-0.0036706709986585,-0.0603362687825974,0.0,0.0,17.0,2.0,0.0,0.0,1.0,-0.009901017653460307,0.019801935914081834,0.0127686193999402,0.009899878575435698
2025-05-28 18:00:00+00:00,18.950000762939453,19.31999969482422,18.68000030517578,18.88999938964844,0.0,-0.002631538792660315,0.0026315387926603,0.0109559474287652,0.0,19.418333212534588,-0.0026315387926603,-0.0078533830122746,-0.0692534285433777,0.0,0.0,18.0,2.0,0.0,0.0,1.0,0.0031763565500109183,0.03388032876269714,0.009329528483058507,0.009799935138711788
2025-05-28 19:00:00+00:00,19.190000534057617,19.399999618530277,18.68000030517578,18.709999084472656,0.0,0.012664895063620785,0.0126648950636207,0.0113906087246232,0.0,19.37416656812032,0.0126648950636207,0.0062926502964741,-0.05234565263913,1.0,1.0,19.0,2.0,0.0,0.0,1.0,0.02565480882269588,0.03848206031992914,0.008984179160609354,0.0110729398098323
2025-05-28 20:00:00+00:00,19.299999237060547,19.36000061035156,19.21999931335449,19.299999237060547,0.0,0.005732084415928318,0.0057320844159283,0.0114132911958114,0.0,19.330416520436604,0.0057320844159283,-0.0005178782578152,-0.0515971068661643,1.0,0.0,20.0,2.0,0.0,0.0,1.0,0.0,0.007253953499036146,0.007659361868236548,0.011164295482215075
2025-05-29 07:00:00+00:00,18.170000076293945,18.309999465942383,18.11000061035156,18.25,0.0,-0.05854918162881251,0.0585491816288125,0.0161711605607601,0.0,19.238333225250244,-0.0585491816288125,-0.0648481836897447,-0.1084396062550929,0.0,1.0,7.0,3.0,0.0,0.0,1.0,-0.004383557463345462,0.010958841402236925,0.039267437202995734,0.024310818729753554
2025-05-29 08:00:00+00:00,18.559999465942383,18.56999969482422,18.11000061035156,18.170000076293945,0.0,0.02146391788722468,0.0214639178872246,0.0167690260934312,0.0,19.15374986330668,0.0214639178872246,-0.026232949318463,-0.0985915819136292,1.0,1.0,8.0,3.0,0.0,0.0,1.0,0.021463917887224574,0.025316405203146472,0.04239038382079639,0.026429061954013174
2025-05-29 09:00:00+00:00,18.61000061035156,18.61000061035156,18.43000030517578,18.440000534057617,0.0,0.0026940272547382182,0.0026940272547384,0.016559267531206,0.0,19.086666584014893,0.0026940272547384,-0.0205262836657071,-0.0796240730799426,1.0,0.0,9.0,3.0,0.0,1.0,1.0,0.009219092807506237,0.009761404553287703,0.04184323028255387,0.025943294461134782
2025-05-29 10:00:00+00:00,18.950000762939453,19.020000457763672,18.43000030517578,18.520000457763672,0.0,0.018269755047658265,0.018269755047658,0.0156164741153027,0.0,19.06374994913737,0.018269755047658,0.0,-0.028205089080028,1.0,1.0,10.0,3.0,0.0,1.0,1.0,0.023218158452880767,0.031857458855545535,0.01004253260620632,0.02717201813961327
2025-05-29 11:00:00+00:00,19.299999237060547,19.299999237060547,18.82999992370605,18.959999084472656,0.0,0.018469575727172893,0.0184695757271728,0.0160784486557869,0.0,19.05999994277954,0.0184695757271728,0.0057320844159283,-0.0046415758339806,1.0,1.0,11.0,3.0,0.0,1.0,1.0,0.017932498365273376,0.02478899451737859,0.009050885354384126,0.027995981951500156
2025-05-29 12:00:00+00:00,19.18000030517578,19.40999984741211,19.020000457763672,19.229999542236328,0.0,-0.006217561483336187,0.0062175614833361,0.0161070486706502,0.0,19.054583311080933,-0.0062175614833361,-0.0062175614833361,-0.0067322198012426,0.0,0.0,12.0,3.0,0.0,1.0,1.0,-0.002600064391615283,0.0202807799756756,0.014195793642505335,0.02781454248680083
2025-05-29 13:00:00+00:00,19.13999938964844,19.32999992370605,18.809999465942383,19.200000762939453,0.0,-0.002085553435395182,0.0020855534353954,0.0159953286252096,0.0,19.054999987284344,-0.0020855534353954,0.0533846620408127,0.0005227511406453,0.0,0.0,13.0,3.0,0.0,1.0,1.0,-0.003125071401394365,0.02708335609899518,0.013222717629447444,0.02771526344099758
2025-05-29 14:00:00+00:00,18.979999542236328,19.700000762939453,18.809999465942383,18.959999084472656,0.0,-0.008359448929692537,0.0083594489296924,0.0160894094528618,0.0,19.048750003178917,-0.0083594489296924,0.0226293151066434,-0.0078410677005101,0.0,0.0,14.0,3.0,0.0,1.0,1.0,0.0010548765152658317,0.046940998943715104,0.0031891204904191915,0.01275555275662511
2025-05-29 15:00:00+00:00,19.940000534057617,20.040000915527344,18.959999084472656,19.18000030517578,0.0,0.05057961090488927,0.0505796109048892,0.0190852323638938,0.0,19.08666666348775,0.0505796109048892,0.0714669468074202,0.0478192230466238,1.0,1.0,15.0,3.0,0.0,1.0,1.0,0.03962462027056108,0.0563087494197404,0.03236972369835466,0.020755482351122297
2025-05-29 16:00:00+00:00,19.1299991607666,20.200000762939453,18.96999931335449,18.989999771118164,0.0,-0.040621933379968,0.040621933379968,0.0209746556167102,0.0,19.09333332379659,-0.040621933379968,0.0094985958089865,0.0084343623196376,0.0,1.0,16.0,3.0,0.0,1.0,1.0,0.007372269159337336,0.06477100918430079,0.04624644555176008,0.028482066995405373
2025-05-29 17:00:00+00:00,19.270000457763672,19.420000076293945,18.940000534057617,19.420000076293945,0.0,0.007318416264449956,0.0073184162644499,0.0207937200464244,0.0,19.09375,0.0073184162644499,-0.001554340957655,0.0005192226772063,1.0,0.0,17.0,3.0,0.0,0.0,1.0,-0.007723976207053595,0.02471676314884597,0.04562077334886268,0.027880660516565764
2025-05-29 18:00:00+00:00,19.06999969482422,19.36000061035156,18.88999938964844,19.059999465942383,0.0,-0.010378866538058418,0.0103788665380584,0.0209063489755029,0.0,19.085833311080933,-0.0103788665380584,-0.005735172502676,-0.0098650328037221,0.0,0.0,18.0,3.0,0.0,0.0,1.0,0.0005246709948604658,0.02465903640464135,0.024242229114451005,0.02729158439967682
2025-05-29 19:00:00+00:00,19.049999237060547,19.239999771118164,18.81999969482422,19.239999771118164,0.0,-0.0010487917191263074,0.0010487917191263,0.0209053071572677,0.0,19.076249917348225,-0.0010487917191263,-0.0047022024795134,-0.0119295353419917,0.0,0.0,19.0,3.0,0.0,0.0,1.0,-0.009875287750410144,0.021829526054590816,0.008853005931690179,0.027209159410625794
2025-05-29 20:00:00+00:00,19.18000030517578,19.200000762939453,18.96999931335449,18.96999931335449,0.0,0.006824203323973155,0.0068242033239731,0.0207267166664337,0.0,19.083749930063885,0.0068242033239731,0.0105374482488469,0.0094737002724094,1.0,0.0,20.0,3.0,0.0,0.0,1.0,0.011070163385480792,0.012124483811817969,0.008611813201967357,0.027339260662231468
2025-05-30 07:00:00+00:00,19.34000015258789,19.61000061035156,19.280000686645508,19.61000061035156,0.0,0.00834201485225905,0.008342014852259,0.0207785854757134,0.0,19.09499994913737,0.008342014852259,-0.030090289137401,0.0141583881533544,1.0,0.0,7.0,4.0,0.0,0.0,1.0,-0.013768508381439967,0.01682814448928949,0.005041082073742295,0.027153543574756144
2025-05-30 08:00:00+00:00,19.350000381469727,19.440000534057617,19.21999931335449,19.440000534057617,0.0,0.0005170749122511697,0.0005170749122511,0.02077798381596,0.0,19.105416615804035,0.0005170749122511,0.0115003256850279,0.0130890049741854,1.0,0.0,8.0,4.0,0.0,0.0,1.0,-0.0046296373516151,0.011316934910454386,0.004149564348661062,0.017360913611225787
2025-05-30 09:00:00+00:00,19.32999992370605,19.38999938964844,19.18000030517578,19.299999237060547,0.0,-0.0010336153679267879,0.0010336153679265,0.0207756637155901,0.0,19.116249958674118,-0.0010336153679265,0.0031136203693347,0.0136339922937913,0.0,0.0,9.0,4.0,0.0,1.0,1.0,0.0015544397840128342,0.010880782009017497,0.0050255475229973095,0.006633289788871189
2025-05-30 10:00:00+00:00,19.229999542236328,19.3700008392334,19.18000030517578,19.21999931335449,0.0,-0.005173325497383141,0.0051733254973833,0.0206525586242971,0.0,19.11291662851969,-0.0051733254973833,0.0083901337164433,-0.0041429272873442,0.0,0.0,10.0,4.0,0.0,1.0,1.0,0.0005203032902759318,0.009885564039828062,0.002941725602514199,0.006487614857118383
2025-05-30 11:00:00+00:00,19.07999992370605,19.270000457763672,19.059999465942383,19.25,0.0,-0.007800292360944705,0.0078002923609445,0.0206683156621105,0.0,19.09833327929179,-0.0078002923609445,0.0015748392570611,-0.0180134007191185,0.0,0.0,11.0,4.0,0.0,1.0,1.0,-0.00883117279449085,0.010909142432274756,0.00341140421688806,0.005861545620286587
2025-05-30 12:00:00+00:00,19.739999771118164,20.549999237060547,18.8700008392334,19.1200008392334,0.0,0.034591187109602295,0.034591187109602,0.0214661045122232,0.0,19.12666662534078,0.034591187109602,0.0291970519829065,0.0356768270844314,1.0,1.0,12.0,4.0,0.0,1.0,1.0,0.032426720955605566,0.08786602113425988,0.023752736507173078,0.014222932697669947
2025-05-30 13:00:00+00:00,19.700000762939453,19.90999984741211,19.3700008392334,19.90999984741211,0.0,-0.0020262922311292675,0.0020262922311292,0.0214563458472865,0.0,19.15583332379659,-0.0020262922311292,0.0186143023532183,0.036842145417866,0.0,0.0,13.0,4.0,0.0,1.0,1.0,-0.010547417683679783,0.027121999614123538,0.02298991228948693,0.014444181493734038
2025-05-30 14:00:00+00:00,19.26000022888184,19.82999992370605,18.93000030517578,19.63999938964844,0.0,-0.02233505162524474,0.0223350516252449,0.0220005739167417,0.0,19.168749968210857,-0.0223350516252449,-0.0046511705846826,0.0163588102090554,0.0,1.0,14.0,4.0,0.0,1.0,1.0,-0.019348226709563234,0.04582482925150335,0.028849847364973962,0.017257537868659738
2025-05-30 15:00:00+00:00,19.26000022888184,19.56999969482422,18.93000030517578,19.13999938964844,0.0,0.0,0.0,0.0218577861085298,0.0,19.171666622161865,0.0,-0.0036212982462753,0.0036477171900013,0.0,0.0,15.0,4.0,0.0,1.0,1.0,0.006269636523515197,0.0334377957187695,0.012351829145490649,0.017253736084119294
2025-05-30 16:00:00+00:00,20.239999771118164,20.489999771118164,19.11000061035156,19.15999984741211,0.0,0.050882633987030745,0.0508826339870309,0.0241600460348571,0.0,19.210833311080933,0.0508826339870309,0.052522114036638,0.0487046928091372,1.0,1.0,16.0,4.0,0.0,1.0,1.0,0.056367428617277754,0.07202500896433973,0.037524939393640794,0.02596507573355058
2025-05-30 17:00:00+00:00,19.920000076293945,20.489999771118164,19.670000076293945,20.1299991607666,0.0,-0.015810261780775714,0.0158102617807757,0.0208281320429953,0.0,19.2837499777476,-0.0158102617807757,0.0440251654060137,0.0963126027876681,0.0,0.0,17.0,4.0,0.0,0.0,1.0,-0.010432145714240504,0.04073520760112099,0.0348495556282771,0.027075353289823093
2025-05-30 18:00:00+00:00,19.059999465942383,19.959999084472656,19.049999237060547,19.8799991607666,0.0,-0.04317272123783866,0.0431727212378386,0.0225827660465423,0.0,19.304583311080933,-0.0431727212378386,-0.0344478375410468,0.0269396559475931,0.0,1.0,18.0,4.0,0.0,0.0,1.0,-0.04124747129982265,0.0457746421442514,0.048378811443150184,0.032664337011152775
2025-05-30 19:00:00+00:00,18.75,19.3799991607666,18.61000061035156,19.25,0.0,-0.01626440055763434,0.0162644005576343,0.0228635787358554,0.0,19.310416618982952,-0.0162644005576343,-0.048223387114108,0.007522804140617,0.0,0.0,19.0,4.0,0.0,0.0,1.0,-0.025974025974025976,0.03999992469688533,0.01566827022678197,0.029243819201258663
2025-05-30 20:00:00+00:00,18.57999992370605,18.81999969482422,18.56999969482422,18.690000534057617,0.0,-0.00906667073567724,0.0090666707356771,0.0226226657038206,0.0,19.294999917348225,-0.0090666707356771,-0.0353063497972377,-0.0195251094636897,0.0,0.0,20.0,4.0,0.0,0.0,1.0,-0.00588553275593111,0.013376136589426022,0.01797724356547553,0.029166787935878603
2025-06-02 07:00:00+00:00,20.100000381469727,20.450000762939453,19.790000915527344,19.809999465942383,0.0,0.08180842109823261,0.0818084210982323,0.0279973588906578,0.0,19.32833329836528,0.0818084210982323,0.0436137145693407,0.0414508381364591,1.0,1.0,7.0,0.0,0.0,0.0,1.0,0.014639117786243116,0.03331650001035033,0.05466316245570825,0.04360410956691267
2025-06-02 08:00:00+00:00,19.770000457763672,20.43000030517578,19.649999618530277,20.43000030517578,0.0,-0.016417906340453703,0.0164179063404537,0.0282051510691322,0.0,19.35291663805644,-0.0164179063404537,-0.02322131021094,0.0307612170594531,0.0,0.0,8.0,0.0,0.0,0.0,1.0,-0.03230542523510896,0.03817918135066778,0.054712482400927014,0.04447073826961161
2025-06-02 09:00:00+00:00,19.96999931335449,20.11000061035156,19.649999618530277,19.670000076293945,0.0,0.010116279765298497,0.0101162797652987,0.0282450917061755,0.0,19.387499968210857,0.0101162797652987,0.0025100018508559,0.0433646786924637,1.0,0.0,9.0,0.0,0.0,1.0,1.0,0.015251613416214416,0.023385917134574382,0.05081377366306649,0.03982044468613478
2025-06-02 10:00:00+00:00,19.81999969482422,20.11000061035156,19.809999465942383,19.940000534057617,0.0,-0.007511248056476405,0.0075112480564766,0.0282319046445868,0.0,19.422499974568684,-0.0075112480564766,0.0398740949725551,0.0442571218570702,0.0,0.0,10.0,0.0,0.0,1.0,1.0,-0.00601809608923713,0.015045192395896516,0.01350383483304946,0.039436669855277606
2025-06-02 11:00:00+00:00,19.71999931335449,19.950000762939453,19.600000381469727,19.920000076293945,0.0,-0.005045428002496077,0.0050454280024959,0.0263031530331308,0.0,19.413333257039387,-0.0050454280024959,0.0517332967122394,-0.0110331602212027,0.0,0.0,11.0,0.0,0.0,1.0,1.0,-0.010040198904289673,0.017570300207290113,0.009545394946273463,0.03485910826731361
2025-06-02 12:00:00+00:00,19.549999237060547,19.75,19.5,19.690000534057617,0.0,-0.00862069382420394,0.0086206938242041,0.0249373192999434,0.0,19.430833260218304,-0.0086206938242041,0.0522066371010518,0.0219550493841795,0.0,0.0,12.0,0.0,0.0,1.0,1.0,-0.007110273905524346,0.012696800061918598,0.0018300120284673216,0.034181444179659244
2025-06-02 13:00:00+00:00,19.530000686645508,19.71999931335449,18.899999618530277,19.700000762939453,0.0,-0.0010229437951654319,0.0010229437951654,0.0249063827210601,0.0,19.44166660308838,-0.0010229437951654,-0.0283581932341505,0.0134924869073931,0.0,0.0,13.0,0.0,0.0,1.0,1.0,-0.008629445162954372,0.0416243483790535,0.0038010680603800624,0.03370411044668457
2025-06-02 14:00:00+00:00,18.8799991607666,19.989999771118164,18.799999237060547,19.239999771118164,0.0,-0.03328220701617146,0.0332822070161714,0.0257787542317043,0.0,19.43374991416931,-0.0332822070161714,-0.0450177681532408,-0.0099633212951327,0.0,1.0,14.0,0.0,0.0,1.0,1.0,-0.018711050656662273,0.061850340343764895,0.01686503336286598,0.013487674618030202
2025-06-02 15:00:00+00:00,18.8799991607666,19.21999931335449,18.799999237060547,19.01000022888184,0.0,0.0,0.0,0.0257779759209711,0.0,19.426666577657063,0.0,-0.0545818823268049,-0.0089238888767628,0.0,0.0,15.0,0.0,0.0,1.0,1.0,-0.006838562154130207,0.022093638676333988,0.018927104821029866,0.013374532385989561
2025-06-02 16:00:00+00:00,18.93000030517578,19.21999931335449,18.86000061035156,19.13999938964844,0.0,0.0026483658173610536,0.002648365817361,0.0257435412668752,0.0,19.4162499109904,0.002648365817361,-0.0449041071317902,-0.0130344106372374,1.0,0.0,16.0,0.0,0.0,1.0,1.0,-0.010971739350536991,0.01880871026556193,0.02002384083001911,0.01206357353061294
2025-06-02 17:00:00+00:00,18.899999618530277,19.059999465942383,18.82999992370605,19.01000022888184,0.0,-0.001584822301207378,0.0015848223012074,0.0256793846695975,0.0,19.397916555404663,-0.0015848223012074,-0.0415821360738541,-0.022750803029272,0.0,0.0,17.0,0.0,0.0,0.0,1.0,-0.0057864602328851576,0.012098871092431341,0.0021387451490751147,0.012272709209705454
2025-06-02 18:00:00+00:00,18.530000686645508,18.989999771118164,18.520000457763672,18.959999084472656,0.0,-0.019576663457813392,0.0195766634578132,0.0259656420419181,0.0,19.36374990145365,-0.0195766634578132,-0.0521738409319959,-0.0423772443751205,0.0,0.0,18.0,0.0,0.0,0.0,1.0,-0.02267924148684674,0.024788994517378402,0.011800975638579556,0.0131440091173832
2025-06-02 19:00:00+00:00,18.479999542236328,18.649999618530277,18.479999542236328,18.6200008392334,0.0,-0.0026983886970504134,0.0026983886970504,0.0259666007220204,0.0,19.32833321889241,-0.0026983886970504,-0.0537634975674713,-0.0439731187182932,0.0,0.0,19.0,0.0,0.0,0.0,1.0,-0.00751886630972001,0.009129971462501175,0.0100815221835321,0.013344813908980782
2025-06-02 20:00:00+00:00,18.3700008392334,18.479999542236328,18.3700008392334,18.479999542236328,0.0,-0.005952310916000125,0.0059523109160001,0.0259718042313727,0.0,19.292499939600628,-0.0059523109160001,-0.0270126241632997,-0.0447217224895948,0.0,0.0,20.0,0.0,0.0,0.0,1.0,-0.005952310916000075,0.005952310916000075,0.008954395111623444,0.013046248260248135
2025-06-03 07:00:00+00:00,19.06999969482422,19.200000762939453,18.809999465942383,18.82999992370605,0.0,0.038105542929307346,0.0381055429293073,0.0271578216578082,0.0,19.292083263397217,0.0381055429293073,0.0100635880563197,-0.0005241210126741,1.0,1.0,7.0,1.0,0.0,0.0,1.0,0.012745606590046749,0.020711699340268064,0.024551453899344804,0.017656027864745846
2025-06-03 08:00:00+00:00,19.049999237060547,19.209999084472656,19.0,19.15999984741211,0.0,-0.0010487917191263074,0.0010487917191263,0.0261586066067278,0.0,19.263333241144817,-0.0010487917191263,0.0063390876888658,-0.0349544347547139,0.0,0.0,8.0,1.0,0.0,0.0,1.0,-0.00574115924987442,0.010960286333249646,0.02414608632101038,0.017675941680650474
2025-06-03 09:00:00+00:00,19.0,19.190000534057617,18.940000534057617,19.190000534057617,0.0,-0.0026246319718100652,0.00262463197181,0.0261597517650381,0.0,19.234166542689007,-0.00262463197181,0.0052910255813805,-0.0355330322756295,0.0,0.0,9.0,1.0,0.0,1.0,1.0,-0.009901017653460307,0.01302761818877026,0.02307412815882439,0.01772681898028466
2025-06-03 10:00:00+00:00,18.739999771118164,19.06999969482422,18.739999771118164,19.049999237060547,0.0,-0.013684222572728166,0.0136842225727281,0.0259141242352402,0.0,19.212499856948853,-0.0136842225727281,0.0113329237285999,-0.0269989850251347,0.0,0.0,10.0,1.0,0.0,1.0,1.0,-0.016272938496464547,0.01732283133450531,0.006885394319597166,0.01855282678999916
2025-06-03 11:00:00+00:00,18.51000022888184,18.950000762939453,18.489999771118164,18.950000762939453,0.0,-0.012273188102744581,0.0122731881027448,0.026018006052439,0.0,19.181249856948853,-0.0122731881027448,0.0016234138197319,-0.0389408095060829,0.0,0.0,11.0,1.0,0.0,1.0,1.0,-0.023219024609124207,0.02427445769400251,0.006019415779337044,0.01751483673312633
2025-06-03 12:00:00+00:00,18.46999931335449,18.6299991607666,18.40999984741211,18.61000061035156,0.0,-0.0021610434917734844,0.0021610434917731,0.023522478069339,0.0,19.10749983787537,-0.0021610434917731,0.005443574825948,-0.0874506164910834,0.0,0.0,12.0,1.0,0.0,1.0,1.0,-0.0075229066311366215,0.011821564005329509,0.006285302207537094,0.01750234085773486
2025-06-03 13:00:00+00:00,18.440000534057617,18.549999237060547,18.26000022888184,18.40999984741211,0.0,-0.0016241895187933952,0.0016241895187936,0.0233787333128994,0.0,19.045833190282185,-0.0016241895187936,-0.0330361390062103,-0.0742971654903565,0.0,0.0,13.0,1.0,0.0,1.0,1.0,0.0016295864689931001,0.01575225478448184,0.005999234001971806,0.017330496511001554
2025-06-03 14:00:00+00:00,18.010000228881836,18.520000457763672,18.010000228881836,18.26000022888184,0.0,-0.023318887891656814,0.0233188878916568,0.022216184707827,0.0,19.00208322207133,-0.0233188878916568,-0.054593125975326,-0.0550891535404685,0.0,1.0,14.0,1.0,0.0,1.0,1.0,-0.013691127977346824,0.027929913608389152,0.012373375511742274,0.008535415766557489
2025-06-03 15:00:00+00:00,17.989999771118164,18.229999542236328,17.860000610351562,18.11000061035156,0.0,-0.0011105195729869122,0.0011105195729869,0.0220113788283874,0.0,18.97041654586792,-0.0011105195729869,-0.0531579067832544,-0.0405333455403645,0.0,0.0,15.0,1.0,0.0,1.0,1.0,-0.006626219502433544,0.020430641602147526,0.012676325819419226,0.008526938405675769
2025-06-03 16:00:00+00:00,17.920000076293945,18.010000228881836,17.8700008392334,17.889999389648438,0.0,-0.0038910336695278103,0.0038910336695278,0.0219592919104611,0.0,18.94291655222575,-0.0038910336695278,-0.0437566544738166,-0.0355220586718099,0.0,0.0,16.0,1.0,0.0,1.0,1.0,0.0016769529161005392,0.007825567044426192,0.012099479339314965,0.008403607566033297
2025-06-03 17:00:00+00:00,17.8700008392334,17.959999084472656,17.790000915527344,17.950000762939453,0.0,-0.002790135984803377,0.0027901359848033,0.0130064789736716,0.0,18.84999990463257,-0.0027901359848033,-0.0345758715145677,-0.110945248751944,0.0,0.0,17.0,1.0,0.0,0.0,1.0,-0.004456820072744893,0.009470649677982185,0.0014002586454017131,0.008246444904380354
2025-06-03 18:00:00+00:00,17.739999771118164,18.040000915527344,17.68000030517578,17.84000015258789,0.0,-0.007274821601005121,0.0072748216010051,0.012783600289914,0.0,18.765416542689007,-0.0072748216010051,-0.0395235283906324,-0.1026808618938766,0.0,0.0,18.0,1.0,0.0,0.0,1.0,-0.005605402500807736,0.020179406237243805,0.0023371778406733315,0.007896287923980649
2025-06-03 19:00:00+00:00,17.649999618530273,17.899999618530273,17.639999389648438,17.790000915527344,0.0,-0.005073289388335622,0.0050732893883356,0.0124026560087589,0.0,18.668749888737995,-0.0050732893883356,-0.0428416969982325,-0.1161742501048945,0.0,0.0,19.0,1.0,0.0,0.0,1.0,-0.007869662158076414,0.014614964333976192,0.0022424665966908745,0.007733862868082263
2025-06-03 20:00:00+00:00,17.690000534057617,17.739999771118164,17.68000030517578,17.68000030517578,0.0,0.0022663408720613454,0.0022663408720613,0.0124789535835262,0.0,18.57999992370605,0.0022663408720613,-0.0177678895478884,-0.1074671641555488,1.0,0.0,20.0,1.0,0.0,0.0,1.0,0.0005656237957704329,0.003393634892914459,0.004995843235133991,0.00825959069378676
2025-06-04 07:00:00+00:00,17.540000915527344,17.690000534057617,17.530000686645508,17.68000030517578,0.0,-0.00847934505380521,0.0084793450538052,0.0125033279578365,0.0,18.489166657129925,-0.0084793450538052,-0.0250138333138427,-0.110547589945951,0.0,0.0,7.0,2.0,0.0,0.0,1.0,-0.007918517377369783,0.00904976496891065,0.005491526101989248,0.003666176500082595
2025-06-04 08:00:00+00:00,17.559999465942383,17.6299991607666,17.43000030517578,17.6200008392334,0.0,0.0011401681511507,0.0011401681511507,0.0125321807435859,0.0,18.40625,0.0011401681511507,-0.0200893196885529,-0.1017902735947815,1.0,0.0,8.0,2.0,0.0,0.0,1.0,-0.0034052991165252483,0.011350672307886323,0.005905831374088475,0.004019420370338879
2025-06-04 09:00:00+00:00,17.5,17.56999969482422,17.459999084472656,17.530000686645508,0.0,-0.0034168261826403867,0.0034168261826403,0.0125137467703775,0.0,18.32166663805644,-0.0034168261826403,-0.0207051383243959,-0.1039426838337803,0.0,0.0,9.0,2.0,0.0,1.0,1.0,-0.0017113910707580618,0.006274991787955937,0.004811969953138069,0.004014607041775136
2025-06-04 10:00:00+00:00,17.450000762939453,17.530000686645508,17.43000030517578,17.5,0.0,-0.0028570992606026246,0.0028570992606026,0.010907962631116,0.0,18.262083371480305,-0.0028570992606026,-0.016347182182654,-0.0757414439296556,0.0,0.0,10.0,2.0,0.0,1.0,1.0,-0.0028570992606026784,0.005714307512555803,0.002485210867864761,0.004013059456663235
2025-06-04 11:00:00+00:00,17.459999084472656,17.530000686645508,17.440000534057617,17.5,0.0,0.0005729696903187254,0.0005729696903187,0.0109159405812944,0.0,18.202916701634724,0.0005729696903187,-0.0107649030121304,-0.0752118717910095,1.0,0.0,11.0,2.0,0.0,1.0,1.0,-0.0022857666015625,0.005142865862165179,0.0021601365058411563,0.0038376238756799488
2025-06-04 12:00:00+00:00,17.649999618530273,17.770000457763672,17.40999984741211,17.520000457763672,0.0,0.010882047194755273,0.0108820471947552,0.0112324074249179,0.0,18.14958333969116,0.0108820471947552,-0.0022612161853998,-0.0676175734817887,1.0,0.0,12.0,2.0,0.0,1.0,1.0,0.00742004322887987,0.020547979506018492,0.007150834418936969,0.006012748477037179
2025-06-04 13:00:00+00:00,17.670000076293945,17.739999771118164,17.489999771118164,17.690000534057617,0.0,0.0011331704360306727,0.0011331704360306,0.0112594196079063,0.0,18.09833335876465,0.0011331704360306,0.007411582325034,-0.0650793421725993,1.0,0.0,13.0,2.0,0.0,1.0,1.0,-0.001130608092699944,0.014132277696582783,0.005797003563979841,0.005957044143316672
2025-06-04 14:00:00+00:00,17.65999984741211,18.06999969482422,17.489999771118164,17.510000228881836,0.0,-0.0005659439071113992,0.0005659439071113,0.0106770805801337,0.0,18.06208332379659,-0.0005659439071113,0.0056947827170312,-0.0469509339986373,0.0,0.0,14.0,2.0,0.0,1.0,1.0,0.008566511511682156,0.03312392439318047,0.00617770302345842,0.004738328910712008
2025-06-04 15:00:00+00:00,17.68000030517578,17.809999465942383,17.56999969482422,17.6299991607666,0.0,0.0011325287619752267,0.0011325287619752,0.0106939922265863,0.0,18.0287500222524,0.0011325287619752,0.0102857317243303,-0.0432900030777672,1.0,0.0,15.0,2.0,0.0,1.0,1.0,0.002836139919986559,0.01361314705290821,0.0009807989405280543,0.004738287845169821
2025-06-04 16:00:00+00:00,17.6299991607666,17.860000610351562,17.56999969482422,17.65999984741211,0.0,-0.0028281189788521566,0.0028281189788521,0.0106600592815271,0.0,17.997916618982952,-0.0028281189788521,0.0103150939803642,-0.0402831597528483,0.0,0.0,16.0,2.0,0.0,1.0,1.0,-0.0016987931429628014,0.01642134303697859,0.0019869984058773966,0.004651610877853859
2025-06-04 17:00:00+00:00,17.579999923706055,17.81999969482422,17.510000228881836,17.809999465942383,0.0,-0.0028360317323108397,0.0028360317323108,0.0064742407096481,0.0,17.93583329518636,-0.0028360317323108,0.0068729006601218,-0.0781331827458059,0.0,0.0,17.0,2.0,0.0,0.0,1.0,-0.01291406789068975,0.017405922248071207,0.0022889686737113724,0.004648654599452146
2025-06-04 18:00:00+00:00,17.56999969482422,17.6299991607666,17.5,17.59000015258789,0.0,-0.0005688412357927053,0.0005688412357927,0.0064824383314473,0.0,17.87416664759318,-0.0005688412357927,-0.0045325736790421,-0.0776902677957637,0.0,0.0,18.0,2.0,0.0,0.0,1.0,-0.0011370356788046618,0.007390515044849259,0.0013066848178660026,0.004688863655213607
2025-06-04 19:00:00+00:00,17.489999771118164,17.6299991607666,17.440000534057617,17.549999237060547,0.0,-0.004553211445394667,0.0045532114453946,0.0064850888940731,0.0,17.81124997138977,-0.0045532114453946,-0.0101867744424782,-0.0794736962569387,0.0,0.0,19.0,2.0,0.0,0.0,1.0,-0.003418773136792007,0.010826133046647772,0.001998502142509418,0.002167519534819513
2025-06-04 20:00:00+00:00,17.600000381469727,17.639999389648438,17.56999969482422,17.56999969482422,0.0,0.0062893431555790524,0.006289343155579,0.0063921037868512,0.0,17.763749996821087,0.006289343155579,-0.0033974782820382,-0.0608324121436431,1.0,0.0,20.0,2.0,0.0,0.0,1.0,0.001707495000944447,0.003984046445079865,0.0054843852494804125,0.003560165620760149
2025-06-05 07:00:00+00:00,17.510000228881836,17.700000762939453,17.40999984741211,17.68000030517578,0.0,-0.005113644922567606,0.0051136449225676,0.0060800924870232,0.0,17.72208333015442,-0.0051136449225676,-0.009615388764681,-0.0540248507636247,0.0,0.0,7.0,3.0,0.0,0.0,1.0,-0.009615388764681083,0.01640276643221814,0.006427845842734858,0.003954247903880114
2025-06-05 08:00:00+00:00,17.559999465942383,17.6200008392334,17.40999984741211,17.510000228881836,0.0,0.002855467527526079,0.002855467527526,0.0061704056699739,0.0,17.68416666984558,0.002855467527526,-0.0039704877003053,-0.0492690785729561,1.0,0.0,8.0,3.0,0.0,0.0,1.0,0.002855467527526112,0.011993203259638074,0.00584987738021809,0.0041720677658507125
2025-06-05 09:00:00+00:00,17.6200008392334,17.639999389648438,17.440000534057617,17.469999313354492,0.0,0.0034169348015862244,0.0034169348015862,0.0062717297662472,0.0,17.650000015894573,0.0034169348015862,0.0022753649431705,-0.0444685288001877,1.0,0.0,9.0,3.0,0.0,1.0,1.0,0.008586235362026686,0.011448131851839074,0.004771316889710463,0.004370270319187795
2025-06-05 10:00:00+00:00,17.610000610351562,17.690000534057617,17.510000228881836,17.610000610351562,0.0,-0.0005675498527542011,0.0005675498527542,0.0042985126496613,0.0,17.63333336512248,-0.0005675498527542,0.0022766600012593,-0.0222098619348606,0.0,0.0,10.0,3.0,0.0,1.0,1.0,0.0,0.01022148205207744,0.002156710900353048,0.004212481617851237
2025-06-05 11:00:00+00:00,17.65999984741211,17.709999084472656,17.510000228881836,17.540000915527344,0.0,0.0028392524320048906,0.0028392524320048,0.0043662406809681,0.0,17.61958336830139,0.0028392524320048,0.0097198443978638,-0.018343520172571,1.0,0.0,11.0,3.0,0.0,1.0,1.0,0.006841443878063665,0.011402442711036045,0.0021531425362414426,0.0042979871304865
2025-06-05 12:00:00+00:00,17.59000015258789,17.829999923706055,17.219999313354492,17.700000762939453,0.0,-0.003963742663025904,0.0039637426630259,0.0043685308088142,0.0,17.605833371480305,-0.0039637426630259,-0.0005681948105162,-0.0184151742355518,0.0,0.0,12.0,3.0,0.0,1.0,1.0,-0.00621472348079688,0.034463309833793435,0.0034014989263310867,0.0041812256384053635
2025-06-05 13:00:00+00:00,18.09000015258789,18.15999984741211,17.219999313354492,17.649999618530273,0.0,0.02842524136797331,0.0284252413679733,0.0073611891277014,0.0,17.615000009536743,0.0284252413679733,0.0331239243931804,0.0123110969794408,1.0,1.0,13.0,3.0,0.0,1.0,1.0,0.024929209267272285,0.05325782177755603,0.017078104201261258,0.011305826193315778
2025-06-05 14:00:00+00:00,17.270000457763672,18.15999984741211,17.239999771118164,17.450000762939453,0.0,-0.04532889374834592,0.0453288937483459,0.0118477963548826,0.0,17.59541670481364,-0.0453288937483459,-0.0165147503985501,-0.0264937609593254,0.0,1.0,14.0,3.0,0.0,1.0,1.0,-0.010315203284006057,0.05272206510430956,0.036967991690172425,0.021927653901714906
2025-06-05 15:00:00+00:00,17.149999618530273,18.09000015258789,17.079999923706055,17.729999542236328,0.0,-0.0069485139578819854,0.0069485139578819,0.0118816183193356,0.0,17.574583371480305,-0.0069485139578819,-0.026674301834118,-0.0283286125102837,0.0,0.0,15.0,3.0,0.0,1.0,1.0,-0.03271291250314933,0.05696560941672998,0.036887280024126654,0.021896764615840895
2025-06-05 16:00:00+00:00,17.65999984741211,17.770000457763672,17.1299991607666,17.149999618530273,0.0,0.029737623336783647,0.0297376233367836,0.0134434425834894,0.0,17.573333342870075,0.0297376233367836,0.0028392524320048,-0.0016959121390499,1.0,1.0,16.0,3.0,0.0,1.0,1.0,0.029737623336783613,0.03731786071327722,0.037536444978525776,0.025221993246099247
2025-06-05 17:00:00+00:00,17.329999923706055,17.780000686645508,17.139999389648438,17.15999984741211,0.0,-0.018686292557041684,0.0186862925570416,0.0138783165423775,0.0,17.56458330154419,-0.0186862925570416,-0.0186862925570416,-0.0119726899007961,0.0,1.0,17.0,3.0,0.0,0.0,1.0,0.00990676444088564,0.037296113210256734,0.025260389765197653,0.026269624674564195
2025-06-05 18:00:00+00:00,17.799999237060547,17.93000030517578,17.15999984741211,17.290000915527344,0.0,0.027120560613019373,0.0271205606130193,0.0149743489776915,0.0,17.574583292007446,0.0271205606130193,0.0119385493263772,0.0136674133495073,1.0,1.0,18.0,3.0,0.0,0.0,1.0,0.02949672033129839,0.044534437072942565,0.027233534613095155,0.028520179190722427
2025-06-05 19:00:00+00:00,18.6299991607666,18.799999237060547,17.399999618530273,17.440000534057617,0.0,0.04662921119557972,0.0466292111955797,0.0176291842547475,0.0,17.621666590372723,0.0466292111955797,0.0298506911898206,0.0645713806152343,1.0,1.0,19.0,3.0,0.0,0.0,1.0,0.06823386412088128,0.08027520502630096,0.03352852088236386,0.03297376453226075
2025-06-05 20:00:00+00:00,18.51000022888184,18.56999969482422,18.3799991607666,18.56999969482422,0.0,-0.006441166789608377,0.0064411667896085,0.01769388812273,0.0,17.665833234786987,-0.0064411667896085,0.0718007954979946,0.0607449524124734,0.0,0.0,20.0,3.0,0.0,0.0,1.0,-0.003230989064534134,0.010231585200864254,0.02684350329003107,0.03212113928249401
2025-06-06 07:00:00+00:00,18.149999618530277,18.18000030517578,18.059999465942383,18.15999984741211,0.0,-0.019448979249056975,0.0194489792490569,0.0182571340323338,0.0,17.694583257039387,-0.0194489792490569,0.0583090391978502,0.0395189330033378,0.0,1.0,7.0,4.0,0.0,0.0,1.0,-0.0005506734012036607,0.006607975784234335,0.03500475076545229,0.026538077252581217
2025-06-06 08:00:00+00:00,18.200000762939453,18.280000686645508,18.059999465942383,18.170000076293945,0.0,0.0027548840473874403,0.0027548840473876,0.0181559722073274,0.0,17.71749997138977,0.0027548840473876,0.0305776285500067,0.0311615386003605,1.0,0.0,8.0,4.0,0.0,0.0,1.0,0.001651110980712055,0.012107937247075547,0.01115632915481905,0.02590821398610479
2025-06-06 09:00:00+00:00,18.18000030517578,18.299999237060547,18.149999618530277,18.229999542236328,0.0,-0.0010989262046844361,0.0010989262046844,0.0181633106717636,0.0,17.738749980926514,-0.0010989262046844,0.0490479160537671,0.0288624916061008,0.0,0.0,9.0,4.0,0.0,1.0,1.0,-0.0027426899789386016,0.008228174563731722,0.011864427542570654,0.024330215229619565
2025-06-06 10:00:00+00:00,18.290000915527344,18.299999237060547,18.170000076293945,18.18000030517578,0.0,0.006050638531631236,0.0060506385316312,0.0181832671954752,0.0,17.765000025431316,0.0060506385316312,0.0275281853634346,0.0356738999750079,1.0,0.0,10.0,4.0,0.0,1.0,1.0,0.0060506385316311416,0.007150668789020387,0.0035784104245263912,0.022112893617816168
2025-06-06 11:00:00+00:00,18.06999969482422,18.350000381469727,18.06999969482422,18.209999084472656,0.0,-0.01202849697598185,0.0120284969759818,0.0183958064396893,0.0,17.78125,-0.0120284969759818,-0.0300590172393405,0.0220587886265062,0.0,0.0,11.0,4.0,0.0,1.0,1.0,-0.007688050339761549,0.01537620542135334,0.009105190221939398,0.02139167838120623
2025-06-06 12:00:00+00:00,17.200000762939453,18.209999084472656,17.200000762939453,18.190000534057617,0.0,-0.0481460402090631,0.0481460402090631,0.0209605051486709,0.0,17.763333400090534,-0.0481460402090631,-0.0707725256479653,-0.0243901541858299,0.0,1.0,12.0,4.0,0.0,1.0,1.0,-0.054425494340396605,0.055524919839455567,0.02759411790103756,0.018487577838146536
2025-06-06 13:00:00+00:00,17.200000762939453,17.579999923706055,17.010000228881836,17.579999923706055,0.0,0.0,0.0,0.0209566223547656,0.0,17.74750010172526,0.0,-0.0523415358433901,-0.0216154244832609,0.0,0.0,13.0,4.0,0.0,1.0,1.0,-0.021615424483260953,0.03242319097257747,0.025057277241377168,0.018918829382160517
2025-06-06 14:00:00+00:00,17.18000030517578,17.3799991607666,17.010000228881836,17.1299991607666,0.0,-0.0011628172602623499,0.0011628172602623,0.0209568127339654,0.0,17.731250127156574,-0.0011628172602623,-0.0560439788464565,-0.0221968922266585,0.0,0.0,14.0,4.0,0.0,1.0,1.0,0.0029189227588346267,0.021599471687785386,0.027467606892635704,0.018702011000032402
2025-06-06 15:00:00+00:00,16.899999618530273,17.3799991607666,16.850000381469727,17.34000015258789,0.0,-0.01629806063281336,0.0162980606328133,0.0211859999678051,0.0,17.706666787465412,-0.0162980606328133,-0.0704070772914726,-0.0337335712011945,0.0,0.0,15.0,4.0,0.0,1.0,1.0,-0.02537488640056037,0.030565096576298235,0.009092620783891886,0.018315839082403126
2025-06-06 16:00:00+00:00,17.059999465942383,17.239999771118164,16.81999969482422,17.209999084472656,0.0,0.009467446806133317,0.0094674468061333,0.0212447826243387,0.0,17.68416674931844,0.0094674468061333,-0.0672499392026135,-0.0306818695354056,1.0,0.0,16.0,4.0,0.0,1.0,1.0,-0.0087158411684988,0.024404421768556697,0.01294822690341596,0.019598998235696243
2025-06-06 17:00:00+00:00,16.719999313354492,17.229999542236328,16.690000534057617,16.889999389648438,0.0,-0.019929669591528865,0.0199296695915288,0.0215796924116419,0.0,17.651250044504803,-0.0199296695915288,-0.0747094855710709,-0.0451171276528185,0.0,0.0,17.0,4.0,0.0,0.0,1.0,-0.010065132175086706,0.03197152325000474,0.016027270560480877,0.018742941603535564
2025-06-06 18:00:00+00:00,16.860000610351562,17.030000686645508,16.649999618530273,16.889999389648438,0.0,0.008373283657090225,0.0083732836570902,0.0216595594988116,0.0,17.62208342552185,0.0083732836570902,-0.0197674498550304,-0.0398632617813268,1.0,0.0,18.0,4.0,0.0,0.0,1.0,-0.0017761267247446253,0.022498583886754304,0.016665557336854656,0.02036042192876126
2025-06-06 19:00:00+00:00,16.809999465942383,17.030000686645508,16.709999084472656,16.770000457763672,0.0,-0.0029656668208232206,0.0029656668208232,0.0216361430922607,0.0,17.58833336830139,-0.0029656668208232,-0.0226744930056863,-0.0459705638314973,0.0,0.0,19.0,4.0,0.0,0.0,1.0,0.002385152479837494,0.01908178851746583,0.014244334256928275,0.011256770262923092
2025-06-06 20:00:00+00:00,16.770000457763672,16.8700008392334,16.770000457763672,16.81999969482422,0.0,-0.0023794770642170393,0.002379477064217,0.0216350570579708,0.0,17.55333336194356,-0.002379477064217,-0.0238649499493076,-0.0477001773693362,0.0,0.0,20.0,4.0,0.0,0.0,1.0,-0.0029726063001019216,0.005945325997865403,0.006384059308165024,0.011179111191567347
2025-06-09 07:00:00+00:00,17.600000381469727,17.719999313354492,17.59000015258789,17.690000534057617,0.0,0.04949313661597454,0.0494931366159745,0.0240338546419576,0.0,17.550833384195965,0.0494931366159745,0.0414201644224847,-0.0033974782820382,1.0,1.0,7.0,0.0,0.0,0.0,1.0,-0.005087628596427576,0.0073487369611052915,0.03011931198435572,0.023064353785034845
2025-06-09 08:00:00+00:00,17.579999923706055,17.68000030517578,17.559999465942383,17.68000030517578,0.0,-0.0011363896210325741,0.0011363896210325,0.0240198188218952,0.0,17.550416707992554,-0.0011363896210325,0.030480684293207,-0.0005685178394023,0.0,0.0,8.0,0.0,0.0,0.0,1.0,-0.005656130075996191,0.006787377667537057,0.029596346180425677,0.021536857659875116
2025-06-09 09:00:00+00:00,17.610000610351562,17.68000030517578,17.56999969482422,17.6299991607666,0.0,0.0017065237073778938,0.0017065237073778,0.0232645821809835,0.0,17.53041672706604,0.0017065237073778,0.0532297448293681,-0.026533971154647,1.0,0.0,9.0,0.0,0.0,1.0,1.0,-0.001134347780318866,0.006239399636294672,0.028445829971054024,0.021519118342556747
2025-06-09 10:00:00+00:00,17.610000610351562,17.639999389648438,17.56999969482422,17.59000015258789,0.0,0.0,0.0,0.0212503511852236,0.0,17.544583400090534,0.0,0.0444839841547526,0.019687327363969,0.0,0.0,10.0,0.0,0.0,1.0,1.0,0.0011370356788046618,0.003979516442125795,0.0014309531047223061,0.018866513645780993
2025-06-09 11:00:00+00:00,17.469999313354492,17.639999389648438,17.440000534057617,17.6200008392334,0.0,-0.00795010176858113,0.0079501017685811,0.0212676727093252,0.0,17.55791672070821,-0.0079501017685811,0.0392623360131147,0.0186588747488054,0.0,0.0,11.0,0.0,0.0,1.0,1.0,-0.008513139542247175,0.011350672307886323,0.005153748746908747,0.019741278986421012
2025-06-09 12:00:00+00:00,17.5,17.520000457763672,17.440000534057617,17.520000457763672,0.0,0.00171726890810886,0.0017172689081088,0.0203708850273729,0.0,17.551250060399372,0.0017172689081088,0.0435300848127511,-0.009060014088027,1.0,0.0,12.0,0.0,0.0,1.0,1.0,-0.00114157860965175,0.004566205571678748,0.005157699526502103,0.019494164193355503
2025-06-09 13:00:00+00:00,17.389999389648438,17.56999969482422,17.299999237060547,17.479999542236328,0.0,-0.006285749162946441,0.0062857491629464,0.0200356297018063,0.0,17.553750038146973,-0.0062857491629464,-0.011931874276684,0.003462173468351,0.0,0.0,13.0,0.0,0.0,1.0,1.0,-0.005148750282883379,0.015446250848650136,0.005168436637289329,0.019824505038300123
2025-06-09 14:00:00+00:00,17.270000457763672,17.56999969482422,17.190000534057617,17.520000457763672,0.0,-0.006900456359773988,0.0069004563597739,0.0192460858437731,0.0,17.53166675567627,-0.0069004563597739,-0.0176336443280843,-0.0297752135962674,0.0,0.0,14.0,0.0,0.0,1.0,1.0,-0.014269406019862117,0.02168944924874199,0.004807829586139973,0.004217606341488054
2025-06-09 15:00:00+00:00,17.059999465942383,17.350000381469727,17.040000915527344,17.239999771118164,0.0,-0.012159871815572765,0.0121598718155727,0.016447238535632,0.0,17.46625010172526,-0.0121598718155727,-0.0312323183047408,-0.0842726658909637,0.0,0.0,15.0,0.0,0.0,1.0,1.0,-0.01044085310704773,0.017981407775986103,0.003228638330437674,0.005424863315103631
2025-06-09 16:00:00+00:00,17.020000457763672,17.270000457763672,16.969999313354492,17.270000457763672,0.0,-0.002344607821269995,0.0023446078212699,0.0164369886658372,0.0,17.40416677792867,-0.0023446078212699,-0.033503698588237,-0.0804970152724937,0.0,0.0,16.0,0.0,0.0,1.0,1.0,-0.014475969506278347,0.01737122967326357,0.0049118328914358024,0.004868932370542723
2025-06-09 17:00:00+00:00,16.8700008392334,17.079999923706055,16.81999969482422,17.079999923706055,0.0,-0.008813138337011694,0.0088131383370116,0.0161248016879562,0.0,17.350833495457966,-0.0088131383370116,-0.0343445047340351,-0.0705233502038236,0.0,0.0,17.0,0.0,0.0,0.0,1.0,-0.01229502841982977,0.0152224959041698,0.004989688021100166,0.004534933799383084
2025-06-09 18:00:00+00:00,16.84000015258789,16.989999771118164,16.81999969482422,16.889999389648438,0.0,-0.0017783452965655089,0.0017783452965655,0.0160819526187445,0.0,17.294166803359985,-0.0017783452965655,-0.0377142769949776,-0.0747253051286087,0.0,0.0,18.0,0.0,0.0,0.0,1.0,-0.002960286493035072,0.010065132175086706,0.003908342645373655,0.00471293782035952
2025-06-09 19:00:00+00:00,17.110000610351562,17.110000610351562,16.81999969482422,16.899999618530273,0.0,0.01603328119460734,0.0160332811946073,0.0165484296919441,0.0,17.24958348274231,0.0160332811946073,-0.0161011379599902,-0.0588558678142372,1.0,0.0,19.0,0.0,0.0,0.0,1.0,0.012426094471092776,0.017159817874159454,0.012806814038655221,0.00919846446749275
2025-06-09 20:00:00+00:00,17.170000076293945,17.190000534057617,17.1200008392334,17.1299991607666,0.0,0.0035066898773856714,0.0035066898773856,0.0165000693167467,0.0,17.202916781107586,0.0035066898773856,-0.0057904098910878,-0.0612356907146226,1.0,0.0,20.0,0.0,0.0,0.0,1.0,0.002335138207067701,0.004086380516850307,0.009147869743640147,0.009389770203200512
2025-06-10 07:00:00+00:00,17.489999771118164,17.790000915527344,17.43000030517578,17.5,0.0,0.01863713997683858,0.0186371399768385,0.0169122525623768,0.0,17.17875011761983,0.0186371399768385,0.025205176942368,-0.0320973953238186,1.0,1.0,7.0,1.0,0.0,0.0,1.0,-0.000571441650390625,0.020571463448660714,0.008089356080662653,0.0117363704649252
2025-06-10 08:00:00+00:00,17.459999084472656,17.790000915527344,17.399999618530273,17.530000686645508,0.0,-0.0017153051479765757,0.0017153051479765,0.013652620308992,0.0,17.189583381017048,-0.0017153051479765,0.0258518575132165,0.015116180813981,0.0,0.0,8.0,1.0,0.0,0.0,1.0,-0.00399324583176881,0.022247648700560313,0.010570570583902195,0.010221820919508212
2025-06-10 09:00:00+00:00,17.360000610351562,17.510000228881836,17.350000381469727,17.510000228881836,0.0,-0.005727289768876487,0.0057272897688764,0.0137155365027231,0.0,17.196250041325886,-0.0057272897688764,0.0290456281412034,0.0093023162973839,0.0,0.0,9.0,1.0,0.0,1.0,1.0,-0.008566511511682156,0.009137626803008142,0.01306358475553853,0.010609122624322278
2025-06-10 10:00:00+00:00,17.280000686645508,17.3799991607666,17.25,17.3700008392334,0.0,-0.004608290374042534,0.0046082903740425,0.013751404542762,0.0,17.200416723887127,-0.0046082903740425,0.0261282975101397,0.0058207438703945,0.0,0.0,10.0,1.0,0.0,1.0,1.0,-0.005181355684486119,0.007484119429227322,0.002070327822761956,0.009934455775196253
2025-06-10 11:00:00+00:00,17.229999542236328,17.420000076293945,17.219999313354492,17.290000915527344,0.0,-0.002893584630920931,0.0028935846309209,0.013311834197758,0.0,17.21416672070821,-0.0028935846309209,0.0070133797547713,0.0195266231452586,0.0,0.0,11.0,1.0,0.0,1.0,1.0,-0.0034702932396684367,0.011567423501975744,0.0014272502840549956,0.0100411761719216
2025-06-10 12:00:00+00:00,17.219999313354492,17.389999389648438,17.15999984741211,17.389999389648438,0.0,-0.0005803963521485711,0.0005803963521485,0.0131877499049808,0.0,17.220833381017048,-0.0005803963521485,0.0029120114640872,0.0093786548898506,0.0,0.0,12.0,1.0,0.0,1.0,1.0,-0.009775737910326753,0.013225966090213755,0.0020213438619787077,0.008357345511207377
2025-06-10 13:00:00+00:00,17.139999389648438,17.25,17.010000228881836,17.200000762939453,0.0,-0.004645756498028009,0.004645756498028,0.0125114768352312,0.0,17.238333384195965,-0.004645756498028,-0.0200114571783868,0.0251196228195107,0.0,0.0,13.0,1.0,0.0,1.0,1.0,-0.003488451780787101,0.013953474446076041,0.0020391215175755233,0.008507646104322801
2025-06-10 14:00:00+00:00,17.06999969482422,17.190000534057617,17.010000228881836,17.110000610351562,0.0,-0.0040839963428758175,0.0040839963428758,0.0124552228379359,0.0,17.247083346048992,-0.0040839963428758,-0.0223367359735584,0.0124554612615923,0.0,0.0,14.0,1.0,0.0,1.0,1.0,-0.002337867568697991,0.010520181107818367,0.002202950312749037,0.0018216885958524005
2025-06-10 15:00:00+00:00,16.989999771118164,17.469999313354492,16.969999313354492,17.06999969482422,0.0,-0.0046865802657460875,0.004686580265746,0.0124815001379939,0.0,17.25458335876465,-0.004686580265746,-0.0213134116488896,0.0107079304517807,0.0,0.0,15.0,1.0,0.0,1.0,1.0,-0.004686580265746074,0.029291154595134795,0.00033673640433599207,0.0016872677532432884
2025-06-10 16:00:00+00:00,16.8799991607666,17.469999313354492,16.850000381469727,17.06999969482422,0.0,-0.006474432715329215,0.0064744327153292,0.0125506126368763,0.0,17.25916663805644,-0.0064744327153292,-0.0231482355314973,0.0065592546213679,0.0,0.0,16.0,1.0,0.0,1.0,1.0,-0.01113067003247968,0.036320969125310236,0.0012432289824171811,0.0018396568504569222
2025-06-10 17:00:00+00:00,17.030000686645508,17.030000686645508,16.850000381469727,16.899999618530273,0.0,0.008886346761648456,0.0088863467616484,0.0072583459574981,0.0,17.235416650772095,0.0088863467616484,-0.0116075949451164,-0.0323863455948755,1.0,1.0,17.0,1.0,0.0,0.0,1.0,0.007692371068026099,0.010650905872117124,0.00840014196916532,0.005161959389739989
2025-06-10 18:00:00+00:00,16.719999313354492,17.989999771118164,16.68000030517578,16.93000030517578,0.0,-0.01820325078049534,0.0182032507804953,0.0080317813539087,0.0,17.199583292007446,-0.0182032507804953,-0.0290360058035681,-0.0489192613244485,0.0,1.0,18.0,1.0,0.0,0.0,1.0,-0.012404074898751673,0.07737740356341838,0.01358531691656738,0.008021278796284613
2025-06-10 19:00:00+00:00,16.760000228881836,16.959999084472656,16.68000030517578,16.959999084472656,0.0,0.002392399352277197,0.0023923993522771,0.0080469599395049,0.0,17.16416660944621,0.0023923993522771,-0.0221703135529922,-0.0482680495178448,1.0,0.0,19.0,1.0,0.0,0.0,1.0,-0.011792385989803781,0.016509362878045292,0.014143304967030495,0.00832136596996204
2025-06-10 20:00:00+00:00,16.950000762939453,16.950000762939453,16.729999542236328,16.729999542236328,0.0,0.011336547223322668,0.0113365472233226,0.0084916355856639,0.0,17.136666615804035,0.0113365472233226,-0.0070298145301754,-0.0374786953172588,1.0,1.0,20.0,1.0,0.0,0.0,1.0,0.013150103211163451,0.013150103211163451,0.01514803756067141,0.010069450304666445
2025-06-11 07:00:00+00:00,16.979999542236328,17.079999923706055,16.969999313354492,17.040000915527344,0.0,0.0017698394068788037,0.0017698394068788,0.0084047584867236,0.0,17.116249958674114,0.0017698394068788,-0.0005885949980314,-0.0280480704280049,1.0,0.0,7.0,2.0,0.0,0.0,1.0,-0.003521207163571255,0.006455434532948103,0.005352682512378663,0.010066771598485545
2025-06-11 08:00:00+00:00,16.950000762939453,17.079999923706055,16.920000076293945,17.059999465942383,0.0,-0.0017667126092821839,0.0017667126092821,0.008383125635742,0.0,17.09333332379659,-0.0017667126092821,0.0041470145529125,-0.0314285278320312,0.0,0.0,8.0,2.0,0.0,0.0,1.0,-0.00644775536028151,0.009378654889850613,0.006778944323528225,0.009934220857086647
2025-06-11 09:00:00+00:00,17.110000610351562,17.110000610351562,16.920000076293945,16.989999771118164,0.0,0.009439518596479513,0.0094395185964795,0.0085882086712862,0.0,17.081666707992554,0.0094395185964795,0.004697587814473,-0.0161011379599902,1.0,1.0,9.0,2.0,0.0,1.0,1.0,0.007063027713360635,0.01118308043656393,0.005728740362874885,0.010103652172523804
2025-06-11 10:00:00+00:00,16.979999542236328,17.1200008392334,16.959999084472656,16.979999542236328,0.0,-0.007597958122607218,0.0075979581226072,0.0086114609354657,0.0,17.06958333651225,-0.0075979581226072,0.0155502535621618,-0.0167921776398665,0.0,0.0,10.0,2.0,0.0,1.0,1.0,0.0,0.009422954009082933,0.008658893838390311,0.010146415292899317
2025-06-11 11:00:00+00:00,16.989999771118164,17.18000030517578,16.959999084472656,17.0,0.0,0.00058894164613843,0.0005889416461384,0.0082578294453769,0.0,17.066666682561237,0.0005889416461384,0.0137231228577181,-0.0041031475390115,1.0,0.0,11.0,2.0,0.0,1.0,1.0,-0.0005882487577550552,0.012941248276654412,0.008520892491701574,0.00645957180150366
2025-06-11 12:00:00+00:00,16.420000076293945,17.1299991607666,16.309999465942383,17.1299991607666,0.0,-0.03354912904667484,0.0335491290466748,0.0107120996225312,0.0,17.041666666666668,-0.0335491290466748,-0.0312684756807996,-0.0352526654131808,0.0,1.0,12.0,2.0,0.0,1.0,1.0,-0.04144770106578816,0.04786921978970617,0.01782272178419626,0.015008933938302991
2025-06-11 13:00:00+00:00,16.579999923706055,16.940000534057617,16.309999465942383,16.940000534057617,0.0,0.00974420503463369,0.0097442050346336,0.0108258187310303,0.0,17.02958329518636,0.0097442050346336,-0.023557104199874,-0.01719033201545,1.0,0.0,13.0,2.0,0.0,1.0,1.0,-0.021251511157144694,0.03719014452500321,0.022816439593036246,0.014768660867340175
2025-06-11 14:00:00+00:00,16.399999618530273,16.780000686645508,16.350000381469727,16.549999237060547,0.0,-0.010856472014720397,0.0108564720147203,0.0110231822875888,0.0,17.011249939600628,-0.0108564720147203,-0.0324484436373441,-0.0261282975101398,0.0,0.0,14.0,2.0,0.0,1.0,1.0,-0.00906342147704624,0.02598189274914757,0.021655089293810714,0.014852264551532228
2025-06-11 15:00:00+00:00,16.5,16.56999969482422,16.350000381469727,16.440000534057617,0.0,0.006097584377790843,0.0060975843777908,0.0105294607240435,0.0,16.985833247502644,0.0060975843777908,-0.0356517000930153,-0.0356517000930153,1.0,0.0,15.0,2.0,0.0,1.0,1.0,0.003649602432681559,0.013381952932345394,0.010993375014579969,0.015411863265688261
2025-06-11 16:00:00+00:00,16.469999313354492,16.770000457763672,16.399999618530273,16.440000534057617,0.0,-0.0018182234330610392,0.001818223433061,0.0104762683670723,0.0,16.956666549046833,-0.001818223433061,-0.0300353499782642,-0.0407688270139218,0.0,0.0,16.0,2.0,0.0,1.0,1.0,0.0018247432069560213,0.022506133042203568,0.008483218521318652,0.014359617100588957
2025-06-11 17:00:00+00:00,16.65999984741211,16.65999984741211,16.239999771118164,16.579999923706055,0.0,0.01153615919725981,0.0115361591972598,0.0099653384263267,0.0,16.922083218892414,0.0115361591972598,-0.0194231858829705,-0.0474556852240022,1.0,1.0,17.0,2.0,0.0,0.0,1.0,0.004825085891084411,0.025331729687973637,0.006715375948799855,0.015624000490827735
2025-06-11 18:00:00+00:00,17.479999542236328,17.719999313354492,16.239999771118164,16.260000228881836,0.0,0.04921967000807581,0.0492196700080758,0.0144416043060476,0.0,16.922916571299236,0.0492196700080758,0.0645553873944699,0.0011455016501953,1.0,1.0,18.0,2.0,0.0,0.0,1.0,0.07503070702222178,0.09102088077511081,0.02646775739579111,0.02517507561751937
2025-06-11 19:00:00+00:00,17.360000610351562,18.09000015258789,17.100000381469727,17.469999313354492,0.0,-0.006864927633139617,0.0068649276331396,0.0144635728137314,0.0,16.922916571299236,-0.0068649276331396,0.0470446737174143,0.0,0.0,0.0,19.0,2.0,0.0,0.0,1.0,-0.006296434306030225,0.056668563825379444,0.0285894184275284,0.01996245337215885
2025-06-11 20:00:00+00:00,17.260000228881836,17.399999618530273,17.25,17.3799991607666,0.0,-0.005760390435130325,0.0057603904351303,0.0144817766783206,0.0,16.922083218892414,-0.0057603904351303,0.0524390628265534,-0.0011574338523683,0.0,0.0,20.0,2.0,0.0,0.0,1.0,-0.006904426793969573,0.00863058836440457,0.03206636124595733,0.020606020061010696
2025-06-12 07:00:00+00:00,18.43000030517578,18.489999771118164,17.84000015258789,17.8700008392334,0.0,0.06778679378787822,0.0677867937878782,0.01999443751407,0.0,16.97208325068156,0.0677867937878782,0.1169697154651989,0.069646012467839,1.0,1.0,7.0,3.0,0.0,0.0,1.0,0.03133740568791188,0.03637378780101712,0.042784903530482546,0.029460744744848267
2025-06-12 08:00:00+00:00,18.31999969482422,18.8700008392334,17.93000030517578,17.93000030517578,0.0,-0.005968562589804716,0.0059685625898047,0.0200664644645103,0.0,17.017916599909466,-0.0059685625898047,0.1123254680387069,0.0638792349205643,0.0,0.0,8.0,3.0,0.0,0.0,1.0,0.02175122046907372,0.05242613039924327,0.04252270812397015,0.03054950003325932
2025-06-12 09:00:00+00:00,18.31999969482422,18.709999084472656,18.1200008392334,18.65999984741211,0.0,0.0,0.0,0.0200141395255505,0.0,17.06708327929179,0.0,0.0996398476960349,0.0688448277243483,0.0,0.0,9.0,3.0,0.0,1.0,1.0,-0.01822080146667547,0.031618341375339434,0.04096853619105713,0.03038552428598463
2025-06-12 10:00:00+00:00,18.520000457763672,18.770000457763672,18.1200008392334,18.299999237060547,0.0,0.010917072394709626,0.0109170723947096,0.0200186592516312,0.0,17.1274999777476,0.0109170723947096,0.0594966214395158,0.0849443930206459,1.0,0.0,10.0,3.0,0.0,1.0,1.0,0.012021925129788304,0.035519106318535575,0.008562815715736697,0.030400584457244643
2025-06-12 11:00:00+00:00,18.790000915527344,18.790000915527344,18.43000030517578,18.690000534057617,0.0,0.01457885805021597,0.0145788580502159,0.0200585548408085,0.0,17.202500025431316,0.0145788580502159,0.0823732865725297,0.1059447421223076,1.0,0.0,11.0,3.0,0.0,1.0,1.0,0.005350475046135078,0.019261669345356943,0.0075843506193844995,0.026601348432131623
2025-06-12 12:00:00+00:00,18.06999969482422,18.790000915527344,18.059999465942383,18.649999618530277,0.0,-0.03831831748917813,0.0383183174891781,0.0217873701601129,0.0,17.252083381017048,-0.0383183174891781,0.0469292847741089,0.070497665475214,0.0,1.0,12.0,3.0,0.0,1.0,1.0,-0.03109919225573504,0.03914216967916963,0.029539926289827885,0.03213728567224711
2025-06-12 13:00:00+00:00,17.969999313354492,18.559999465942383,17.889999389648438,18.489999771118164,0.0,-0.0055340555151404125,0.0055340555151404,0.0218187052617955,0.0,17.291249990463257,-0.0055340555151404,-0.0249593588824903,0.055196628820227,0.0,0.0,13.0,3.0,0.0,1.0,1.0,-0.028123335002736203,0.03623580771160971,0.02670033802943112,0.03212338510667309
2025-06-12 14:00:00+00:00,17.56999969482422,18.229999542236328,17.43000030517578,18.040000915527344,0.0,-0.022259300713106445,0.0222593007131064,0.0220007093756523,0.0,17.326666673024494,-0.0222593007131064,-0.0409388653107832,0.0508373454770909,0.0,1.0,14.0,3.0,0.0,1.0,1.0,-0.02605328142187547,0.04434585346234509,0.01639325918341941,0.01849203012514039
2025-06-12 15:00:00+00:00,18.059999465942383,18.15999984741211,17.43000030517578,17.510000228881836,0.0,0.02788843367268301,0.027888433672683,0.0226125933327794,0.0,17.38083330790202,0.027888433672683,-0.0141921524679551,0.0775655858775175,1.0,1.0,15.0,3.0,0.0,1.0,1.0,0.031410578519202516,0.04169043590486263,0.025532958682423102,0.022659601969025483
2025-06-12 16:00:00+00:00,17.969999313354492,18.280000686645508,17.65999984741211,17.969999313354492,0.0,-0.004983397300626358,0.0049833973006263,0.0226076398641587,0.0,17.423333247502644,-0.0049833973006263,-0.0296976852491716,0.0601769029205725,0.0,0.0,16.0,3.0,0.0,1.0,1.0,0.0,0.03450199571085358,0.025474854838588235,0.02267123864424624
2025-06-12 17:00:00+00:00,17.600000381469727,18.11000061035156,17.540000915527344,17.93000030517578,0.0,-0.02058981335685417,0.0205898133568541,0.0231020341255925,0.0,17.449166615804035,-0.0205898133568541,-0.0633315846767333,0.0365135957566546,0.0,0.0,17.0,3.0,0.0,0.0,1.0,-0.018404903407101166,0.0317902780324926,0.02474623853139011,0.02268415427286148
2025-06-12 18:00:00+00:00,17.770000457763672,17.920000076293945,17.540000915527344,17.6200008392334,0.0,0.009659095034618925,0.0096590950346189,0.0231441655729925,0.0,17.483333269755047,0.0096590950346189,-0.0166020609920914,0.048377560938942,1.0,0.0,18.0,3.0,0.0,0.0,1.0,0.008513031293181228,0.021566353159330177,0.01512701371048683,0.02196793071990101
2025-06-12 19:00:00+00:00,17.940000534057617,18.1200008392334,17.719999313354492,17.860000610351562,0.0,0.009566689471843581,0.0095666894718435,0.0231459040625404,0.0,17.517916599909466,0.0095666894718435,-0.0016693812155341,0.0485096372938702,1.0,0.0,19.0,3.0,0.0,0.0,1.0,0.004479278889816339,0.022396501243514375,0.01743760142393931,0.01794378604796768
2025-06-12 20:00:00+00:00,18.020000457763672,18.030000686645508,17.899999618530273,17.899999618530273,0.0,0.004459304421657206,0.0044593044216572,0.0230540168922687,0.0,17.56124997138977,0.0044593044216572,0.0256118822285473,0.0612485832488056,1.0,0.0,20.0,3.0,0.0,0.0,1.0,0.006703957641941639,0.007262629658419426,0.002975784021551898,0.017910525837489987
2025-06-13 07:00:00+00:00,21.020000457763672,22.0,20.950000762939453,21.76000022888184,0.0,0.1664816827852793,0.1664816827852793,0.0405866135416929,0.0,17.729166666666668,0.1664816827852793,0.1638981771512935,0.2371983955818666,1.0,1.0,7.0,4.0,0.0,0.0,1.0,-0.03400734206500481,0.04825364090147816,0.09210469730982881,0.06305372762221326
2025-06-13 08:00:00+00:00,21.149999618530277,21.75,20.559999465942383,21.75,0.0,0.0061845460483132,0.0061845460483129,0.0395451857221461,0.0,17.926249980926514,0.0061845460483129,0.1769616264154527,0.2880633081765433,1.0,0.0,8.0,4.0,0.0,0.0,1.0,-0.027586224435389564,0.05471266823253412,0.09304962797287679,0.06356286565371555
2025-06-13 09:00:00+00:00,20.96999931335449,21.350000381469727,20.76000022888184,20.82999992370605,0.0,-0.008510652880489133,0.0085106528804888,0.0397514042058758,0.0,18.109166622161865,-0.0085106528804888,0.1914772078887503,0.2647768039716107,0.0,0.0,9.0,4.0,0.0,1.0,1.0,0.0067210460951134254,0.028324539354242825,0.09706822210811977,0.06384793777886275
2025-06-13 10:00:00+00:00,20.459999084472656,21.209999084472656,20.450000762939453,20.959999084472656,0.0,-0.024320469507933873,0.024320469507934,0.0401593787014572,0.0,18.27833326657613,-0.024320469507934,0.1513786470125684,0.2475609488036214,0.0,0.0,10.0,4.0,0.0,1.0,1.0,-0.023854962874039636,0.036259463489014,0.015255901303197388,0.0642951326498859
2025-06-13 11:00:00+00:00,19.959999084472656,20.940000534057617,19.90999984741211,20.899999618530277,0.0,-0.024437928757262584,0.0244379287572625,0.0407667422032548,0.0,18.422499895095825,-0.0244379287572625,0.1125974632263939,0.2096969142104641,0.0,0.0,11.0,4.0,0.0,1.0,1.0,-0.04497610292893025,0.049282330404077736,0.009161897686647298,0.06675081382270408
2025-06-13 12:00:00+00:00,20.11000061035156,20.43000030517578,19.809999465942383,20.420000076293945,0.0,0.0075151068516627895,0.007515106851663,0.0407064684582421,0.0,18.574166615804035,0.007515106851663,0.1159822474747742,0.2210079811020768,1.0,0.0,12.0,4.0,0.0,1.0,1.0,-0.015181168696579584,0.030362430799066052,0.018414279800597868,0.06680100348265913
2025-06-13 13:00:00+00:00,20.479999542236328,20.489999771118164,19.420000076293945,19.920000076293945,0.0,0.01839875289184789,0.0183987528918476,0.0407484537690905,0.0,18.733333269755047,0.0183987528918476,-0.0256898622153881,0.2292917004688688,1.0,0.0,13.0,4.0,0.0,1.0,1.0,0.028112422881404375,0.05371484391195288,0.022265187814390665,0.06653048426654222
2025-06-13 14:00:00+00:00,19.940000534057617,20.989999771118164,19.420000076293945,19.770000457763672,0.0,-0.026367139660577577,0.0263671396605775,0.0404553250806384,0.0,18.835833311080933,-0.0263671396605775,-0.0572103596357767,0.1407323258720501,0.0,0.0,14.0,4.0,0.0,1.0,1.0,0.008598890862806548,0.07941323512755309,0.02334682532258429,0.018303667089573514
2025-06-13 15:00:00+00:00,19.059999465942383,20.96999931335449,18.8799991607666,20.96999931335449,0.0,-0.044132449576026245,0.0441324495760262,0.0416766019768613,0.0,18.90666659673055,-0.0441324495760262,-0.0910824945137575,0.09792619791598,0.0,1.0,15.0,4.0,0.0,1.0,1.0,-0.09108249451375736,0.09966620033491827,0.03222251452655823,0.02166780364987895
2025-06-13 16:00:00+00:00,19.11000061035156,19.32999992370605,18.8799991607666,19.190000534057617,0.0,0.0026233549743022166,0.0026233549743024,0.0416204099792621,0.0,18.98374994595845,0.0026233549743024,-0.0659823330659689,0.1071842616997216,1.0,0.0,16.0,4.0,0.0,1.0,1.0,-0.004168833844693109,0.023449752496921866,0.023601413357097485,0.02257475898038333
2025-06-13 17:00:00+00:00,19.850000381469727,20.1200008392334,19.030000686645508,19.239999771118164,0.0,0.03872316836647949,0.0387231683664792,0.0401103723903637,0.0,19.042916615804035,0.0387231683664792,-0.0055109573170522,0.0770482936940137,1.0,0.0,17.0,4.0,0.0,0.0,1.0,0.03170481380500096,0.05665281525752032,0.04154185682483999,0.028959846480547297
2025-06-13 18:00:00+00:00,21.1299991607666,21.690000534057617,19.739999771118164,19.850000381469727,0.0,0.06448356446843051,0.0644835644684305,0.0419012438067804,0.0,19.159999926884968,0.0644835644684305,0.050720960689081,0.1533842528794509,1.0,1.0,18.0,4.0,0.0,0.0,1.0,0.0644835644684306,0.09823681236599915,0.031073783303981688,0.036892969451200304
2025-06-13 19:00:00+00:00,21.13999938964844,21.690000534057617,20.790000915527344,21.01000022888184,0.0,0.0004732716175590568,0.000473271617559,0.0418980396997368,0.0,19.27749991416931,0.000473271617559,0.0322265557697389,0.1539301169104783,1.0,0.0,19.0,4.0,0.0,0.0,1.0,0.006187489735858997,0.042836725784184904,0.03220758243925076,0.03702798754522226
2025-06-13 20:00:00+00:00,20.84000015258789,21.1299991607666,20.84000015258789,21.07999992370605,0.0,-0.01419107122621066,0.0141910712262104,0.0421029758278458,0.0,19.37416656812032,-0.0141910712262104,0.0451353858789056,0.1252699588272237,0.0,0.0,20.0,4.0,0.0,0.0,1.0,-0.011385188424420375,0.013757068748970211,0.04183710244025522,0.037510611102922836
2025-06-16 07:00:00+00:00,19.850000381469727,19.899999618530277,19.709999084472656,19.780000686645508,0.0,-0.04750478713385364,0.0475047871338536,0.0434218779478318,0.0,19.418333212534588,-0.0475047871338536,0.0414481079571364,0.0564129544595413,0.0,1.0,7.0,0.0,0.0,0.0,1.0,0.00353891265896058,0.009605688951563073,0.024585702959812508,0.040968386189572006
2025-06-16 08:00:00+00:00,19.940000534057617,20.049999237060547,19.709999084472656,19.809999465942383,0.0,0.004534012637697815,0.0045340126376978,0.0425146486610227,0.0,19.49624991416931,0.0045340126376978,0.0434327523389224,0.1034864898071372,1.0,0.0,8.0,0.0,0.0,0.0,1.0,0.006562396346286327,0.01716305713043675,0.026358013060387035,0.03605177839644871
2025-06-16 09:00:00+00:00,20.13999938964844,20.21999931335449,19.920000076293945,19.979999542236328,0.0,0.010030032609539052,0.0100300326095388,0.0424668777336556,0.0,19.586666584014893,0.0100300326095388,0.0146095215418449,0.1207568257769102,1.0,0.0,9.0,0.0,0.0,1.0,1.0,0.008008000554448683,0.015014977173866587,0.03175032388312286,0.036009892105908485
2025-06-16 10:00:00+00:00,19.96999931335449,20.21999931335449,19.96999931335449,20.1299991607666,0.0,-0.008440917648752766,0.0084409176487523,0.042165744498092,0.0,19.68666656812032,-0.0084409176487523,-0.0548982438942048,0.1365964519189642,0.0,0.0,10.0,0.0,0.0,1.0,1.0,-0.007948328568435952,0.012419275232124717,0.009484470244505258,0.0336557897113842
2025-06-16 11:00:00+00:00,19.790000915527344,20.15999984741211,19.75,20.06999969482422,0.0,-0.00901344036135121,0.0090134403613513,0.0420110254460325,0.0,19.758749961853027,-0.0090134403613513,-0.0638599107425775,0.0957918881917689,0.0,0.0,11.0,0.0,0.0,1.0,1.0,-0.01395111029169985,0.020428492956970138,0.010833263962550525,0.018906595787851064
2025-06-16 12:00:00+00:00,19.71999931335449,20.09000015258789,19.649999618530277,20.09000015258789,0.0,-0.003537220764751492,0.0035372207647513,0.0419977021562081,0.0,19.83166662851969,-0.0035372207647513,-0.0537428421800811,0.097384533492969,0.0,0.0,12.0,0.0,0.0,1.0,1.0,-0.01841716458054583,0.021901469921140594,0.003010066623205264,0.018624725164915822
2025-06-16 13:00:00+00:00,18.90999984741211,19.75,18.8799991607666,19.670000076293945,0.0,-0.041075025058131875,0.0410750250581321,0.0427350971197946,0.0,19.886249939600628,-0.0410750250581321,-0.0473551897225715,0.0744317862243699,0.0,0.0,13.0,0.0,0.0,1.0,1.0,-0.03863753055078934,0.04422983405485154,0.020277331125780066,0.022137973905084842
2025-06-16 14:00:00+00:00,18.950000762939453,19.559999465942383,18.670000076293945,19.559999465942383,0.0,0.002115331351143279,0.0021153313511432,0.0427179966224121,0.0,19.935416618982952,0.0021153313511432,-0.0496489340322353,0.0664040672357013,1.0,0.0,14.0,0.0,0.0,1.0,1.0,-0.031186028612375554,0.04550099253315895,0.023474968879465603,0.016750664129988227
2025-06-16 15:00:00+00:00,18.989999771118164,19.07999992370605,18.780000686645508,18.850000381469727,0.0,0.0021107655181173968,0.0021107655181173,0.042699084219528,0.0,19.97916658719381,0.0021107655181173,-0.0571002807041469,0.0585283838240255,1.0,0.0,15.0,0.0,0.0,1.0,1.0,0.007427023173222971,0.015915078567078123,0.024934645961335034,0.016508298642405397
2025-06-16 16:00:00+00:00,19.280000686645508,19.299999237060547,18.780000686645508,18.920000076293945,0.0,0.015271243761066478,0.0152712437610664,0.0427700159877829,0.0,20.03166659673055,0.0152712437610664,-0.0345517601619326,0.0699223194713616,1.0,0.0,16.0,0.0,0.0,1.0,1.0,0.019027516326632042,0.02748406703584414,0.007596887956783674,0.017490112459951128
2025-06-16 17:00:00+00:00,19.290000915527344,19.36000061035156,18.82999992370605,19.09000015258789,0.0,0.0005186840521620439,0.000518684052162,0.0250379931826495,0.0,19.959583282470703,0.000518684052162,-0.0252652843289005,-0.0823025454120462,1.0,0.0,17.0,0.0,0.0,0.0,1.0,0.01047672924781724,0.02776326256726926,0.008097025471762,0.017616038310841187
2025-06-16 18:00:00+00:00,19.200000762939453,19.399999618530277,18.96999931335449,19.040000915527344,0.0,-0.004665637548801005,0.004665637548801,0.0249576308996131,0.0,19.87833333015442,-0.004665637548801,-0.0263690957667981,-0.0921985291140315,0.0,0.0,18.0,0.0,0.0,0.0,1.0,0.008403352926397583,0.02258404855564466,0.010344035679162799,0.017519157731941102
2025-06-16 19:00:00+00:00,19.170000076293945,19.440000534057617,19.100000381469727,19.290000915527344,0.0,-0.0015625357006973095,0.0015625357006973,0.0249399964867275,0.0,19.80333336194356,-0.0015625357006973,0.0137493511887794,-0.0858368762994779,0.0,0.0,19.0,0.0,0.0,0.0,1.0,-0.00622088302426179,0.01762571987823028,0.002608892076521628,0.01754711407541607
2025-06-16 20:00:00+00:00,19.11000061035156,19.149999618530277,19.06999969482422,19.100000381469727,0.0,-0.0031298625823472648,0.003129862582347,0.0245403651332216,0.0,19.74708342552185,-0.003129862582347,0.0084432633757471,-0.0659823330659689,0.0,0.0,20.0,0.0,0.0,0.0,1.0,0.0005235721823091857,0.00418847759729219,0.001551577658452264,0.0065851863546931965
2025-06-17 07:00:00+00:00,20.649999618530277,20.989999771118164,20.5,20.530000686645508,0.0,0.08058602611161225,0.080586026111612,0.0293589059483638,0.0,19.77583344777425,0.080586026111612,0.08741442166507,0.0345691666185687,1.0,1.0,7.0,1.0,0.0,0.0,1.0,0.005845052502254756,0.023867499012647495,0.047887355222445735,0.030635498340486695
2025-06-17 08:00:00+00:00,20.46999931335449,20.8799991607666,20.350000381469727,20.8700008392334,0.0,-0.00871672196130524,0.0087167219613049,0.0294090093266078,0.0,19.790833393732708,-0.0087167219613049,0.0617219182742689,0.0179014764831793,0.0,0.0,8.0,1.0,0.0,0.0,1.0,-0.01916633971221262,0.025395244752483826,0.05002423384539843,0.031521702335466806
2025-06-17 09:00:00+00:00,20.61000061035156,20.71999931335449,20.350000381469727,20.450000762939453,0.0,0.006839340581009878,0.0068393405810098,0.029208159682893,0.0,19.79625010490417,0.0068393405810098,0.0684292188789734,0.0063477085459464,1.0,0.0,9.0,1.0,0.0,1.0,1.0,0.007823953126792337,0.018092856629878137,0.04770664789793442,0.03150066637027082
2025-06-17 10:00:00+00:00,20.51000022888184,20.86000061035156,20.479999542236328,20.63999938964844,0.0,-0.0048520319509108845,0.0048520319509112,0.028667565143332,0.0,19.82000009218852,-0.0048520319509112,0.0682291361399833,0.0285857412014938,0.0,0.0,10.0,1.0,0.0,1.0,1.0,-0.006298409138122354,0.01841090500738156,0.008099538077127459,0.03183320637094052
2025-06-17 11:00:00+00:00,20.149999618530277,20.86000061035156,20.149999618530277,20.6200008392334,0.0,-0.017552443019703934,0.0175524430197039,0.0273066463876819,0.0,19.865416765213013,-0.0175524430197039,0.0511215199966648,0.0571878375199104,0.0,0.0,11.0,1.0,0.0,1.0,1.0,-0.022793462733951806,0.03443263641727757,0.01219936979397254,0.033116446503496225
2025-06-17 12:00:00+00:00,20.229999542236328,20.3700008392334,19.959999084472656,20.280000686645508,0.0,0.003970219613923964,0.0039702196139241,0.0273079314864072,0.0,19.91208338737488,0.0039702196139241,0.0586080008431857,0.0586080008431857,1.0,0.0,12.0,1.0,0.0,1.0,1.0,-0.0024655395816680476,0.020217048366804574,0.01081940826193473,0.03293315203101408
2025-06-17 13:00:00+00:00,19.850000381469727,20.290000915527344,19.729999542236328,20.11000061035156,0.0,-0.01878394312235332,0.0187839431223533,0.0265237143677084,0.0,19.91208338737488,-0.0187839431223533,-0.0387408838662964,0.0,0.0,0.0,13.0,1.0,0.0,1.0,1.0,-0.012928902088048574,0.027846909810771297,0.012796441700545731,0.03432970679465318
2025-06-17 14:00:00+00:00,20.07999992370605,20.100000381469727,19.549999237060547,19.93000030517578,0.0,0.011586878479409535,0.0115868784794097,0.0229129396447424,0.0,19.86833341916402,0.0115868784794097,-0.0190522424392073,-0.0496923463683872,1.0,0.0,14.0,1.0,0.0,1.0,1.0,0.007526322941967808,0.027596645057067333,0.01580164663818451,0.01189635178084983
2025-06-17 15:00:00+00:00,20.020000457763672,20.21999931335449,19.68000030517578,19.729999542236328,0.0,-0.00298802122362285,0.002988021223623,0.0229084118334899,0.0,19.821666797002155,-0.002988021223623,-0.0286268867110832,-0.0529800834541741,0.0,0.0,15.0,1.0,0.0,1.0,1.0,0.014698475532477034,0.02736943845450796,0.015189501060219,0.011707713397936489
2025-06-17 16:00:00+00:00,20.56999969482422,20.63999938964844,19.790000915527344,20.100000381469727,0.0,0.02747248873549646,0.0274724887354964,0.0235164485814245,0.0,19.81041677792867,0.0274724887354964,0.0029253761712733,-0.0129558759974454,1.0,1.0,16.0,1.0,0.0,1.0,1.0,0.02338304997186898,0.0422884804969812,0.015234954225570446,0.016319535319500228
2025-06-17 17:00:00+00:00,21.350000381469727,21.649999618530277,19.899999618530277,19.959999084472656,0.0,0.037919333894874674,0.0379193338948746,0.0225011819476764,0.0,19.87291677792867,0.0379193338948746,0.0595533888663657,0.07556674917751,1.0,1.0,17.0,1.0,0.0,0.0,1.0,0.06963934673115213,0.08767535472290504,0.021253983718919216,0.02146691509157316
2025-06-17 18:00:00+00:00,21.170000076293945,21.790000915527344,20.709999084472656,20.96999931335449,0.0,-0.008430927492254714,0.0084309274922547,0.0226249695971123,0.0,19.924166758855183,-0.0084309274922547,0.0464656725322745,0.0616850305563172,0.0,0.0,18.0,1.0,0.0,0.0,1.0,0.0095374711248602,0.05150223492696547,0.02431233775014376,0.02003163050601237
2025-06-17 19:00:00+00:00,21.43000030517578,21.780000686645508,20.989999771118164,21.6299991607666,0.0,0.012281541234994364,0.0122815412349943,0.0226611662940054,0.0,19.977916797002155,0.0122815412349943,0.0795969719567868,0.0640516859295625,1.0,0.0,19.0,1.0,0.0,0.0,1.0,-0.009246364463739167,0.03652339094678656,0.023218704758245765,0.020051175804910577
2025-06-17 20:00:00+00:00,21.6200008392334,21.649999618530277,21.36000061035156,21.459999084472656,0.0,0.008866100389729237,0.0088661003897292,0.0225620597362744,0.0,20.046666860580444,0.0088661003897292,0.0766932729770206,0.0826240151533457,1.0,0.0,20.0,1.0,0.0,0.0,1.0,0.007455813680649743,0.013513467872817679,0.011104494364107096,0.016136384750534756
2025-06-18 07:00:00+00:00,20.799999237060547,20.899999618530277,20.709999084472656,20.899999618530277,0.0,-0.03792791722213118,0.0379279172221311,0.023989024059898,0.0,20.08875012397766,-0.0379279172221311,0.0389609770960017,0.0510357895304973,0.0,1.0,7.0,2.0,0.0,0.0,1.0,-0.004784707334686655,0.009090934809834313,0.02805451549805735,0.024976590568368835
2025-06-18 08:00:00+00:00,20.71999931335449,20.8700008392334,20.68000030517578,20.799999237060547,0.0,-0.00384615031925184,0.0038461503192516,0.0239924010576425,0.0,20.13041679064433,-0.0038461503192516,0.0072921546308051,0.0507099409137805,0.0,0.0,8.0,2.0,0.0,0.0,1.0,-0.00384615031925183,0.009134641395519014,0.024196584599103076,0.025026182068902707
2025-06-18 09:00:00+00:00,20.649999618530277,20.84000015258789,20.5,20.84000015258789,0.0,-0.003378363761773695,0.003378363761774,0.0221935350076688,0.0,20.202916781107582,-0.003378363761774,-0.0327869203949524,0.0920147956191701,0.0,0.0,9.0,2.0,0.0,1.0,1.0,-0.009117108093399872,0.01631478647305431,0.01981353621389377,0.023089816693598858
2025-06-18 10:00:00+00:00,21.56999969482422,21.57999992370605,20.600000381469727,20.6299991607666,0.0,0.04455206262901723,0.0445520626290174,0.0236851833181822,0.0,20.31208340326945,0.0445520626290174,0.0188946441704642,0.1382585132665905,1.0,1.0,10.0,2.0,0.0,1.0,1.0,0.045564739326081835,0.04750361522554266,0.027808666559343182,0.024930475566607147
2025-06-18 11:00:00+00:00,21.13999938964844,21.57999992370605,20.86000061035156,21.020000457763672,0.0,-0.01993510946961008,0.0199351094696103,0.024250087397122,0.0,20.40166672070821,-0.0199351094696103,-0.0135324737003061,0.1132174641623851,0.0,0.0,11.0,2.0,0.0,1.0,1.0,0.005708797776949997,0.034253058880812856,0.03349140926594702,0.026065361590980756
2025-06-18 12:00:00+00:00,21.38999938964844,21.399999618530277,20.86000061035156,21.309999465942383,0.0,0.011825922763385455,0.0118259227633854,0.0241952560679413,0.0,20.48958333333333,0.0118259227633854,-0.0106383645077192,0.1094397628556331,1.0,0.0,12.0,2.0,0.0,1.0,1.0,0.003754102567384576,0.02534016995362876,0.03224478966770771,0.02603038185556697
2025-06-18 13:00:00+00:00,20.25,21.399999618530277,20.190000534057617,21.229999542236328,0.0,-0.05329590566515574,0.0532959056651555,0.0269299958766158,0.0,20.52958329518636,-0.0532959056651555,-0.0264422719824229,0.0497666686837692,0.0,1.0,13.0,2.0,0.0,1.0,1.0,-0.04616107222643382,0.05699477675755055,0.03256418899441147,0.03234731931914912
2025-06-18 14:00:00+00:00,19.799999237060547,20.96999931335449,19.59000015258789,20.899999618530277,0.0,-0.022222259898244556,0.0222222598982445,0.0273643188181114,0.0,20.554583231608078,-0.0222222598982445,-0.0444015495551192,0.0312499192853801,0.0,0.0,14.0,2.0,0.0,1.0,1.0,-0.05263159816014791,0.06602866918442757,0.03257223444818091,0.03048605446433847
2025-06-18 15:00:00+00:00,20.149999618530277,20.190000534057617,19.59000015258789,19.739999771118164,0.0,0.0176767876240429,0.0176767876240426,0.0275477198435498,0.0,20.59541654586792,0.0176767876240426,-0.0242130755078234,0.0511215199966648,1.0,0.0,15.0,2.0,0.0,1.0,1.0,0.020770002642653964,0.030395156455249532,0.03557768178497093,0.03186589836126667
2025-06-18 16:00:00+00:00,20.31999969482422,20.32999992370605,19.950000762939453,20.07999992370605,0.0,0.00843672851177657,0.0084367285117767,0.0275472498013833,0.0,20.64583317438761,0.0084367285117767,-0.0579508584925915,0.0633175848156288,1.0,0.0,16.0,2.0,0.0,1.0,1.0,0.011952179881974433,0.01892426106625521,0.020885745760804375,0.0321871502462346
2025-06-18 17:00:00+00:00,20.399999618530277,20.959999084472656,20.170000076293945,20.299999237060547,0.0,0.003937004178520498,0.0039370041785202,0.0220452336994634,0.0,20.635416507720947,0.0039370041785202,-0.0350047205526655,-0.0121065377539117,1.0,0.0,17.0,2.0,0.0,0.0,1.0,0.004926127351136306,0.038916208762040494,0.00700485380056011,0.025366061687641512
2025-06-18 18:00:00+00:00,20.850000381469727,21.1200008392334,19.84000015258789,20.690000534057617,0.0,0.022058861340894076,0.022058861340894,0.0224245686921307,0.0,20.65124988555908,0.022058861340894,-0.0252453961471378,0.0185638046341958,1.0,0.0,18.0,2.0,0.0,0.0,1.0,0.007733196872022072,0.061865667163155,0.009435851214939854,0.026897054742922172
2025-06-18 19:00:00+00:00,20.3799991607666,21.1200008392334,19.84000015258789,20.420000076293945,0.0,-0.02254202456134413,0.0225420245613441,0.0228896063202674,0.0,20.64166649182637,-0.0225420245613441,0.006419711642795,-0.0111597012505395,0.0,0.0,19.0,2.0,0.0,0.0,1.0,-0.0019589086864784957,0.06268367687870337,0.022430558372023523,0.027161634396422198
2025-06-18 20:00:00+00:00,20.149999618530277,20.270000457763672,20.06999969482422,20.270000457763672,0.0,-0.011285552095561147,0.0112855520955613,0.0229837449764628,0.0,20.62666646639506,-0.0112855520955613,0.0176767876240426,-0.0175524430197039,0.0,0.0,20.0,2.0,0.0,0.0,1.0,-0.005920120203422739,0.009866835639998729,0.02319409803900793,0.018316012108701693
2025-06-19 07:00:00+00:00,22.07999992370605,22.170000076293945,21.51000022888184,21.51000022888184,0.0,0.09578165467561162,0.095781654675612,0.0299203678984698,0.0,20.707083145777386,0.095781654675612,0.095781654675612,0.095781654675612,1.0,1.0,7.0,3.0,0.0,0.0,1.0,0.026499288180335,0.030683395648035044,0.06530771777557379,0.03837693215104771
2025-06-19 08:00:00+00:00,21.600000381469727,22.170000076293945,21.600000381469727,21.770000457763672,0.0,-0.021739109777848098,0.0217391097778483,0.0303869887579151,0.0,20.764166514078777,-0.0217391097778483,0.0629921607219088,0.0677212491465015,0.0,0.0,8.0,3.0,0.0,0.0,1.0,-0.00780891468623371,0.02618280582630599,0.06504331084198631,0.04094601250657495
2025-06-19 09:00:00+00:00,21.3700008392334,21.76000022888184,21.229999542236328,21.76000022888184,0.0,-0.010648126767332844,0.0106481267673328,0.030176103867989,0.0,20.8274998664856,-0.0106481267673328,0.0475490803353755,0.0765743288943519,0.0,0.0,9.0,3.0,0.0,1.0,1.0,-0.0179227658798826,0.024356648946264558,0.06488636009704199,0.041746589008763976
2025-06-19 10:00:00+00:00,21.21999931335449,21.5,21.18000030517578,21.36000061035156,0.0,-0.007019256901643178,0.007019256901643,0.0301984818194728,0.0,20.87499984105428,-0.007019256901643,0.0177457518040911,0.0567728781862482,0.0,0.0,10.0,3.0,0.0,1.0,1.0,-0.006554367649653643,0.014981258692901879,0.007668688168332969,0.04212524757385504
2025-06-19 11:00:00+00:00,21.540000915527344,21.690000534057617,21.18000030517578,21.43000030517578,0.0,0.015080189091781326,0.0150801890917811,0.0302748245826815,0.0,20.9383331934611,0.0150801890917811,0.0569186360416469,0.0759240970533654,1.0,0.0,11.0,3.0,0.0,1.0,1.0,0.005133019542001365,0.023798423780640846,0.013925399136498443,0.04177323964956955
2025-06-19 12:00:00+00:00,21.899999618530277,22.0,21.459999084472656,21.520000457763672,0.0,0.016713030998221745,0.0167130309982215,0.0299824100149699,0.0,20.993749856948853,0.0167130309982215,0.086848636879907,0.0646572651160859,1.0,0.0,12.0,3.0,0.0,1.0,1.0,0.01765795319160946,0.025092978812299705,0.013255647694912226,0.039998007924423436
2025-06-19 13:00:00+00:00,22.36000061035156,22.75,21.57999992370605,21.600000381469727,0.0,0.02100461186456193,0.0210046118645621,0.0293182151963108,0.0,21.035833199818928,0.0210046118645621,0.0126811905621833,0.0473068014442961,1.0,0.0,13.0,3.0,0.0,1.0,1.0,0.035185195160173405,0.05416666924217613,0.003060027892421971,0.03884718045043537
2025-06-19 14:00:00+00:00,22.209999084472656,22.75,21.700000762939453,21.700000762939453,0.0,-0.006708475929533719,0.0067084759295338,0.0292928226304862,0.0,21.07916649182637,-0.0067084759295338,0.0282406801958317,0.0491260748432067,0.0,0.0,14.0,3.0,0.0,1.0,1.0,0.023502225972462105,0.04838705991447695,0.014916433265487698,0.01644078388708078
2025-06-19 15:00:00+00:00,22.170000076293945,22.440000534057617,21.989999771118164,22.21999931335449,0.0,-0.001800945962518119,0.0018009459625181,0.0292273064471225,0.0,21.109999815622967,-0.0018009459625181,0.0374356202921537,0.0345310200924,0.0,0.0,15.0,3.0,0.0,1.0,1.0,-0.0022501907563288346,0.020252060164061177,0.014788467090183851,0.013276489186932637
2025-06-20 07:00:00+00:00,20.38999938964844,20.75,20.3700008392334,20.739999771118164,0.0,-0.08028870908975927,0.0802887090897593,0.0336269184734214,0.0,21.05874975522359,-0.0802887090897593,-0.0391140410256143,-0.056891831722453,0.0,1.0,7.0,4.0,0.0,0.0,1.0,-0.016875621279278986,0.018322042669247075,0.0439667744306392,0.034706728185010756
2025-06-20 08:00:00+00:00,20.82999992370605,20.82999992370605,20.15999984741211,20.600000381469727,0.0,0.021579232330972475,0.0215792323309726,0.0330436312214014,0.0,21.05999978383382,0.0215792323309726,-0.0329619759351763,0.0014423407570156,1.0,0.0,8.0,4.0,0.0,0.0,1.0,0.011165026115398307,0.03252427494596677,0.05336047099219137,0.03623628191875331
2025-06-20 09:00:00+00:00,20.450000762939453,20.82999992370605,20.31999969482422,20.31999969482422,0.0,-0.018242878644187166,0.0182428786441873,0.0332574732816024,0.0,21.0487498442332,-0.0182428786441873,-0.0662099945592661,-0.0130308185020555,0.0,0.0,9.0,4.0,0.0,1.0,1.0,0.006397690456085362,0.0250984368376608,0.051336411846265396,0.03579540398991736
2025-06-20 10:00:00+00:00,20.239999771118164,20.6299991607666,20.239999771118164,20.600000381469727,0.0,-0.010268996771964134,0.0102689967719641,0.0333174228151393,0.0,21.03166651725769,-0.0102689967719641,-0.094812199524357,-0.019854714527171,0.0,0.0,10.0,4.0,0.0,1.0,1.0,-0.017475757460441266,0.018932008855652875,0.021070093385425263,0.03425862805738713
2025-06-20 11:00:00+00:00,19.68000030517578,20.5,19.440000534057617,20.489999771118164,0.0,-0.02766795811635747,0.0276679581163574,0.0323367003447136,0.0,20.952916542689007,-0.0276679581163574,-0.1139126016923447,-0.0876216697444807,0.0,0.0,11.0,4.0,0.0,1.0,1.0,-0.0395314531474092,0.05173252697818539,0.008709561518168872,0.0315928181139487
2025-06-20 12:00:00+00:00,19.309999465942383,20.059999465942383,19.239999771118164,20.049999237060547,0.0,-0.018800855360560642,0.0188008553605606,0.0323121739677232,0.0,20.87666654586792,-0.0188008553605606,-0.1290031845065133,-0.086565751018997,0.0,0.0,12.0,4.0,0.0,1.0,1.0,-0.03690772066217059,0.04089774194646981,0.008700018947502193,0.031224663609802517
2025-06-20 13:00:00+00:00,19.63999938964844,19.649999618530277,19.11000061035156,19.239999771118164,0.0,0.017089587407192353,0.0170895874071921,0.0324367036699526,0.0,20.80374987920125,0.0170895874071921,-0.0367827377366553,-0.0818139340783199,1.0,0.0,13.0,4.0,0.0,1.0,1.0,0.020790001210432986,0.028066476850448274,0.02369946298491404,0.033712003145739126
2025-06-20 14:00:00+00:00,20.520000457763672,20.71999931335449,19.11000061035156,19.32999992370605,0.0,0.044806573088747026,0.0448065730887472,0.0320078746737104,0.0,20.81499989827474,0.0448065730887472,-0.0148823555966306,0.0133333559389468,1.0,1.0,14.0,4.0,0.0,1.0,1.0,0.0615623662056108,0.08329015568326252,0.031891117183500746,0.0268088314787695
2025-06-20 15:00:00+00:00,20.290000915527344,20.8799991607666,19.770000457763672,19.950000762939453,0.0,-0.011208554439837148,0.0112085544398371,0.0317376894369978,0.0,20.83541663487752,-0.0112085544398371,-0.0078239531267925,0.0247475604721054,0.0,0.0,15.0,4.0,0.0,1.0,1.0,0.017042613513053053,0.05563903060419639,0.0280080662170432,0.025489376776205573
2025-06-20 16:00:00+00:00,20.38999938964844,20.479999542236328,19.770000457763672,20.11000061035156,0.0,0.00492846079886422,0.0049284607988642,0.0315613239409596,0.0,20.84541662534078,0.0049284607988642,0.0074110484301643,0.0119106588417727,1.0,0.0,16.0,4.0,0.0,1.0,1.0,0.01392336005960903,0.035305771403467114,0.02883389675556108,0.024744915347001434
2025-06-20 17:00:00+00:00,20.690000534057617,21.06999969482422,20.07999992370605,20.309999465942383,0.0,0.014713151220665521,0.0147131512206657,0.0316517877682972,0.0,20.860833326975506,0.0147131512206657,0.0513211490457248,0.0182087029916462,1.0,0.0,17.0,4.0,0.0,0.0,1.0,0.018710048158910787,0.04874445086905529,0.013089934121392127,0.024845314860569748
2025-06-20 18:00:00+00:00,20.76000022888184,21.06999969482422,20.209999084472656,20.809999465942383,0.0,0.0033832621081375525,0.0033832621081373,0.0316499289167751,0.0,20.87583335240682,0.0033832621081373,0.0750906682051888,0.0176470890727153,1.0,0.0,18.0,4.0,0.0,0.0,1.0,-0.0024026544134406157,0.04132631582999501,0.006144024101332121,0.020817639282195752
2025-06-20 19:00:00+00:00,20.59000015258789,20.940000534057617,20.270000457763672,20.34000015258789,0.0,-0.00818882824757583,0.0081888282475757,0.0313845334201468,0.0,20.865000009536743,-0.0081888282475757,0.0483707124471788,-0.0124700347302108,0.0,0.0,19.0,4.0,0.0,0.0,1.0,0.012291052021855178,0.03294002316950328,0.011451203183266607,0.018846967180575155
2025-06-20 20:00:00+00:00,20.6299991607666,20.670000076293945,20.280000686645508,20.59000015258789,0.0,0.0019426424420732058,0.0019426424420732,0.0310176052513332,0.0,20.87541667620341,0.0019426424420732,0.0053605604556072,0.0122669288662815,1.0,0.0,20.0,4.0,0.0,0.0,1.0,0.001942642442073202,0.018941203825072323,0.006306548958004875,0.018680470201084928
2025-06-23 07:00:00+00:00,20.950000762939453,21.43000030517578,20.940000534057617,21.149999618530277,0.0,0.015511469471187311,0.0155114694711873,0.0310397564266198,0.0,20.90875005722046,0.0155114694711873,0.0325283300951964,0.0397022907967445,1.0,0.0,7.0,0.0,0.0,0.0,1.0,-0.009456210836788747,0.023167838295791627,0.011891620840177431,0.01021266029062892
2025-06-23 08:00:00+00:00,20.809999465942383,21.239999771118164,20.63999938964844,21.239999771118164,0.0,-0.006682639231437748,0.0066826392314377,0.0237919637887659,0.0,20.855833371480305,-0.0066826392314377,0.0205983368742606,-0.0575181368728241,0.0,0.0,8.0,0.0,0.0,0.0,1.0,-0.02024483567841132,0.028248605834996034,0.011188439062989435,0.009261292827599051
2025-06-23 09:00:00+00:00,20.920000076293945,20.950000762939453,20.68000030517578,20.809999465942383,0.0,0.005285949696038683,0.0052859496960386,0.0234636708960499,0.0,20.82750002543132,0.0052859496960386,0.0111164589801593,-0.0314814950540066,1.0,0.0,9.0,0.0,0.0,1.0,1.0,0.005285949696038645,0.012974553805518076,0.011108456513626698,0.009270445931341117
2025-06-23 10:00:00+00:00,21.209999084472656,21.209999084472656,20.81999969482422,20.8700008392334,0.0,0.013862285235234362,0.0138622852352343,0.0235614990952254,0.0,20.820833285649616,0.0138622852352343,0.021676245213368,-0.0074872133119898,1.0,0.0,10.0,0.0,0.0,1.0,1.0,0.01629124252837101,0.01868708068833806,0.010319032363688087,0.009106242610568005
2025-06-23 11:00:00+00:00,21.51000022888184,21.8799991607666,21.030000686645508,21.07999992370605,0.0,0.014144326136666718,0.0141443261366664,0.0236846779862464,0.0,20.832916657129925,0.0141443261366664,0.0446818877841685,0.0136663960844163,1.0,0.0,11.0,0.0,0.0,1.0,1.0,0.020398496524291754,0.04032250840595148,0.005034943089960248,0.009936454905784604
2025-06-23 12:00:00+00:00,20.65999984741211,21.8799991607666,20.65999984741211,21.649999618530277,0.0,-0.039516521265695825,0.0395165212656956,0.0248508202171809,0.0,20.79624994595845,-0.0395165212656956,0.0014542262659207,-0.040854272549305,0.0,1.0,12.0,0.0,0.0,1.0,1.0,-0.045727472912785866,0.056351008538138375,0.030900008291459186,0.019441384448868507
2025-06-23 13:00:00+00:00,20.200000762939453,21.18000030517578,20.200000762939453,21.18000030517578,0.0,-0.022265202704262133,0.0222652027042621,0.0248869548971372,0.0,20.72541666030884,-0.0222652027042621,-0.0357995213693141,-0.077625519872265,0.0,0.0,13.0,0.0,0.0,1.0,1.0,-0.046270043820388636,0.046270043820388636,0.027394489489877803,0.021242668742166928
2025-06-23 14:00:00+00:00,20.43000030517578,21.11000061035156,20.0,21.049999237060547,0.0,0.011386115522248108,0.0113861155222481,0.0245578844319489,0.0,20.644999980926517,0.0113861155222481,-0.018260411846166,-0.086314859234945,1.0,0.0,14.0,0.0,0.0,1.0,1.0,-0.029453632035919407,0.052731622355467654,0.025887891772201427,0.020699997898374407
2025-06-23 15:00:00+00:00,20.88999938964844,20.90999984741211,20.15999984741211,20.21999931335449,0.0,0.022515862829239452,0.0225158628292394,0.0251081059428173,0.0,20.58999999364217,0.0225158628292394,-0.001434067234039,-0.0594326766878189,1.0,0.0,15.0,0.0,0.0,1.0,1.0,0.03313551429506947,0.03709198939016063,0.023315325159699547,0.022766507117078394
2025-06-23 16:00:00+00:00,21.6200008392334,22.51000022888184,20.46999931335449,20.600000381469727,0.0,0.03494502014905243,0.0349450201490526,0.026231356492082,0.0,20.56708335876465,0.0349450201490526,0.0193305880461303,-0.0248082650053146,1.0,1.0,16.0,0.0,0.0,1.0,1.0,0.04951458441142509,0.09902916882285052,0.011785423298952838,0.02624106882923935
2025-06-23 17:00:00+00:00,20.25,22.51000022888184,20.06999969482422,21.61000061035156,0.0,-0.06336728890163978,0.0633672889016397,0.0241437396939687,0.0,20.56125005086263,-0.0633672889016397,-0.0585774158751524,-0.006866081110307,0.0,1.0,17.0,0.0,0.0,0.0,1.0,-0.06293385339841663,0.1129107110200089,0.05353458354775399,0.0362322055102428
2025-06-23 18:00:00+00:00,20.25,20.3799991607666,19.989999771118164,20.18000030517578,0.0,0.0,0.0,0.0237027697062653,0.0,20.53708338737488,0.0,-0.0198451040871361,-0.0278444515521083,0.0,0.0,18.0,0.0,0.0,0.0,1.0,0.0034687657961167215,0.01932603487366698,0.0498361947564893,0.03530256101587366
2025-06-23 19:00:00+00:00,19.899999618530277,20.3799991607666,19.81999969482422,20.200000762939453,0.0,-0.01728396945529498,0.017283969455295,0.0236730611947871,0.0,20.51416667302449,-0.017283969455295,-0.0148515412415026,-0.0268949204836177,0.0,0.0,19.0,0.0,0.0,0.0,1.0,-0.014851541241502444,0.027722744791663714,0.03275622392276347,0.03291866736769605
2025-06-23 20:00:00+00:00,19.850000381469727,19.989999771118164,19.850000381469727,19.90999984741211,0.0,-0.0025125245235679827,0.0025125245235677,0.0235918878454819,0.0,20.49791669845581,-0.0025125245235677,-0.0283896189447984,-0.0192687447657462,0.0,0.0,20.0,0.0,0.0,0.0,1.0,-0.0030135342241191182,0.007031611789119855,0.009338486360077785,0.032012868109654605
2025-06-24 07:00:00+00:00,18.459999084472656,18.71999931335449,18.100000381469727,18.190000534057617,0.0,-0.07002525291106076,0.0700252529110607,0.0270416137101189,0.0,20.44708331425985,-0.0700252529110607,-0.1163236178158967,-0.0619919309849943,0.0,1.0,7.0,1.0,0.0,0.0,1.0,0.014843240378663742,0.03408460218150746,0.035491330068661064,0.04008946377357103
2025-06-24 08:00:00+00:00,18.350000381469727,18.71999931335449,18.25,18.25,0.0,-0.005958759938154756,0.0059587599381547,0.0268272308537664,0.0,20.40708335240682,-0.0059587599381547,-0.1512488589653366,-0.0497151274481304,0.0,0.0,8.0,1.0,0.0,0.0,1.0,0.005479472957245291,0.025753387033122663,0.03802271372636703,0.03714139117195114
2025-06-24 09:00:00+00:00,18.149999618530277,18.5,17.959999084472656,18.31999969482422,0.0,-0.01089922391181064,0.0108992239118108,0.0265789151283547,0.0,20.34500002861023,-0.0108992239118108,-0.1037037225417149,-0.0758655711518754,0.0,0.0,9.0,1.0,0.0,1.0,1.0,-0.009279480301627424,0.0294760329979648,0.0356483076067261,0.029573191897191528
2025-06-24 10:00:00+00:00,18.190000534057617,18.26000022888184,17.959999084472656,18.049999237060547,0.0,0.0022039072379098634,0.00220390723791,0.0246006909789851,0.0,20.24791669845581,0.00220390723791,-0.1017283686885127,-0.1135477520335291,1.0,0.0,10.0,1.0,0.0,1.0,1.0,0.007756304870618355,0.016620562719649103,0.006617267381996112,0.025194005825572227
2025-06-24 11:00:00+00:00,18.100000381469727,18.3799991607666,18.09000015258789,18.190000534057617,0.0,-0.004947781745216595,0.0049477817452165,0.0245619697164896,0.0,20.15666667620341,-0.0049477817452165,-0.0904522247017755,-0.1079349647728046,0.0,0.0,11.0,1.0,0.0,1.0,1.0,-0.004947781745216608,0.015942770734708785,0.0065607210617491,0.024771349215012055
2025-06-24 12:00:00+00:00,18.11000061035156,18.239999771118164,18.059999465942383,18.149999618530277,0.0,0.0005524988216061288,0.0005524988216063,0.0245054922622399,0.0,20.06166672706604,0.0005524988216063,-0.0876574175153407,-0.1118194628516948,1.0,0.0,12.0,1.0,0.0,1.0,1.0,-0.0022038021498293025,0.009917372394432978,0.003744482416004129,0.02548030914429903
2025-06-24 13:00:00+00:00,18.200000762939453,18.239999771118164,17.829999923706055,18.15999984741211,0.0,0.004969638296778989,0.0049696382967787,0.0242504273246342,0.0,19.957916736602783,0.0049696382967787,-0.0140844168162443,-0.1203479800311941,1.0,0.0,13.0,1.0,0.0,1.0,1.0,0.002202693604815425,0.022577084298298404,0.004968558270871594,0.026145921620701864
2025-06-24 14:00:00+00:00,18.010000228881836,18.239999771118164,17.690000534057617,18.100000381469727,0.0,-0.010439589345760614,0.0104395893457606,0.0242057973345886,0.0,19.84333340326945,-0.0104395893457606,-0.0185286182844568,-0.1324662798497531,0.0,0.0,14.0,1.0,0.0,1.0,1.0,-0.004972384016081583,0.030386697539720533,0.00793495872665077,0.00621476751086975
2025-06-24 15:00:00+00:00,17.75,18.010000228881836,17.649999618530273,17.93000030517578,0.0,-0.014436436733903268,0.0144364367339032,0.0242681909052948,0.0,19.72500006357829,-0.0144364367339032,-0.0220385469386948,-0.1379310408713591,0.0,0.0,15.0,1.0,0.0,1.0,1.0,-0.010039057563419076,0.02007811512683815,0.010247071400162646,0.007472015558639669
2025-06-24 16:00:00+00:00,17.6299991607666,17.770000457763672,17.559999465942383,17.709999084472656,0.0,-0.0067606106610365035,0.0067606106610365,0.0242112429024451,0.0,19.60000006357829,-0.0067606106610365,-0.0307862208273447,-0.1454192982084697,0.0,0.0,16.0,1.0,0.0,1.0,1.0,-0.004517217834087585,0.011857764126335197,0.0038390098356144947,0.007053009378894287
2025-06-24 17:00:00+00:00,17.559999465942383,17.729999542236328,17.530000686645508,17.610000610351562,0.0,-0.003970487700305392,0.0039704877003053,0.0237729434526584,0.0,19.458750009536743,-0.0039704877003053,-0.0298343040964894,-0.161813898498466,0.0,0.0,17.0,1.0,0.0,0.0,1.0,-0.002839360742542386,0.011357118038556819,0.0054197045001054284,0.006493864029931399
2025-06-24 18:00:00+00:00,17.43000030517578,17.700000762939453,17.43000030517578,17.700000762939453,0.0,-0.0074031414988784405,0.0074031414988784,0.0237729142668328,0.0,19.317916711171467,-0.0074031414988784,-0.0375483314333572,-0.1624218763819914,0.0,0.0,18.0,1.0,0.0,0.0,1.0,-0.015254262492971366,0.015254262492971366,0.0018248627397900105,0.006556291356308574
2025-06-24 19:00:00+00:00,17.510000228881836,17.56999969482422,17.329999923706055,17.510000228881836,0.0,0.0045897832647943115,0.0045897832647943,0.0237575894326902,0.0,19.175833384195965,0.0045897832647943,-0.0379121156666466,-0.163001904157555,1.0,0.0,19.0,1.0,0.0,0.0,1.0,0.0,0.013706440204512213,0.006176455233167175,0.007298230326681908
2025-06-24 20:00:00+00:00,17.479999542236328,17.56999969482422,17.479999542236328,17.540000915527344,0.0,-0.0017133458739779783,0.0017133458739779,0.0233693765210987,0.0,19.020416736602783,-0.0017133458739779,-0.0294281332542999,-0.1758604291957265,0.0,0.0,20.0,1.0,0.0,0.0,1.0,-0.003420830681821642,0.005131137279942653,0.005999075700754499,0.00615861283943071
2025-06-25 07:00:00+00:00,17.31999969482422,17.360000610351562,17.25,17.280000686645508,0.0,-0.009153309588224356,0.0091533095882243,0.0228991700218491,0.0,18.845833381017048,-0.0091533095882243,-0.0242253693056778,-0.1947931422349142,0.0,0.0,7.0,2.0,0.0,0.0,1.0,0.0023147573257692833,0.006365775809058515,0.006879378583564589,0.0060122415008601
2025-06-25 08:00:00+00:00,17.239999771118164,17.360000610351562,17.239999771118164,17.260000228881836,0.0,-0.004618933320764462,0.0046189333207644,0.0219473855564243,0.0,18.70333337783813,-0.0046189333207644,-0.0221213504375163,-0.1655372750025618,0.0,0.0,8.0,2.0,0.0,0.0,1.0,-0.0011587750578475847,0.0069525398402136935,0.0037495792345083596,0.004564436539842646
2025-06-25 09:00:00+00:00,17.290000915527344,17.360000610351562,17.190000534057617,17.299999237060547,0.0,0.002900298438109461,0.0029002984381094,0.021800724121817,0.0,18.582083384195965,0.0029002984381094,-0.0153757721313546,-0.1440593929457185,1.0,0.0,9.0,2.0,0.0,1.0,1.0,-0.0005779376863661611,0.00982659443878855,0.006088087833782027,0.005074569217020387
2025-06-25 10:00:00+00:00,17.239999771118164,17.350000381469727,17.209999084472656,17.260000228881836,0.0,-0.002891911033057082,0.002891911033057,0.0214918359057189,0.0,18.449166695276897,-0.002891911033057,-0.0109007762897856,-0.1561429508764841,0.0,0.0,10.0,2.0,0.0,1.0,1.0,-0.0011587750578475847,0.008111314898061278,0.003938509506225554,0.005048243735644131
2025-06-25 11:00:00+00:00,17.06999969482422,17.329999923706055,17.06999969482422,17.280000686645508,0.0,-0.009860793419425806,0.0098607934194258,0.0205665250057756,0.0,18.29000004132589,-0.0098607934194258,-0.0251285281728242,-0.1828626044248298,0.0,0.0,11.0,2.0,0.0,1.0,1.0,-0.012152834691932854,0.015046308943886312,0.006389581072200951,0.005501985812469323
2025-06-25 12:00:00+00:00,17.049999237060547,17.229999542236328,17.049999237060547,17.229999542236328,0.0,-0.0011716730006583465,0.0011716730006583,0.0184912425519062,0.0,18.09958330790202,-0.0011716730006583,-0.0245995604368745,-0.2113784192773831,0.0,0.0,12.0,2.0,0.0,1.0,1.0,-0.01044691294010438,0.01044691294010438,0.004601183801570362,0.004528455945314834
2025-06-25 13:00:00+00:00,17.15999984741211,17.25,16.93000030517578,17.139999389648438,0.0,0.006451648989664438,0.0064516489896644,0.0148006872671279,0.0,17.97083330154419,0.0064516489896644,-0.009237866641529,-0.152592600127797,1.0,0.0,13.0,2.0,0.0,1.0,1.0,0.0011668878924086187,0.018669761156320692,0.008162022106172312,0.005972842033796996
2025-06-25 14:00:00+00:00,17.239999771118164,17.290000915527344,16.93000030517578,17.079999923706055,0.0,0.004662000257425358,0.0046620002574253,0.0149234294589915,0.0,17.84541662534078,0.0046620002574253,0.0,-0.1486419866114486,1.0,0.0,14.0,2.0,0.0,1.0,1.0,0.00936767260695586,0.021077319201383744,0.0039864274824088905,0.00573214297022193
2025-06-25 15:00:00+00:00,17.350000381469727,17.489999771118164,17.100000381469727,17.260000228881836,0.0,0.006380545928767578,0.0063805459287675,0.0149665857278319,0.0,17.739166657129925,0.0063805459287675,0.0034701829245422,-0.128140667635293,1.0,0.0,15.0,2.0,0.0,1.0,1.0,0.005214377253442317,0.02259556109366883,0.0010133523124236565,0.005964785397990896
2025-06-25 16:00:00+00:00,17.309999465942383,17.440000534057617,17.229999542236328,17.3700008392334,0.0,-0.002305528221778319,0.0023055282217783,0.014968493154642,0.0,17.633333285649616,-0.0023055282217783,0.00406030717828,-0.1279597413962003,0.0,0.0,16.0,2.0,0.0,1.0,1.0,-0.0034543103276938993,0.012089866532819188,0.00459977782944984,0.0060017735555401314
2025-06-25 17:00:00+00:00,17.25,17.510000228881836,17.149999618530273,17.280000686645508,0.0,-0.003466173760457547,0.0034661737604575,0.0059693597310269,0.0,17.582916657129925,-0.0034661737604575,0.0105448335321505,-0.0655470825830337,0.0,0.0,17.0,2.0,0.0,0.0,1.0,-0.0017361507785525277,0.02083336782676065,0.00538133922076121,0.006054464651138404
2025-06-25 18:00:00+00:00,17.0,17.510000228881836,17.0,17.190000534057617,0.0,-0.01449275362318836,0.0144927536231883,0.0064038402791833,0.0,17.52666664123535,-0.0144927536231883,-0.0029325067036874,-0.0735695015479667,0.0,1.0,18.0,2.0,0.0,0.0,1.0,-0.01105296847903986,0.029668424260453054,0.0067263291687767275,0.007422848727524576
2025-06-25 19:00:00+00:00,16.68000030517578,17.229999542236328,16.68000030517578,17.170000076293945,0.0,-0.018823511460248188,0.0188235114602481,0.0069970701705641,0.0,17.46541666984558,-0.0188235114602481,-0.0279720015445522,-0.0809916994077341,0.0,1.0,19.0,2.0,0.0,0.0,1.0,-0.028538134475298613,0.03203257044942666,0.007918214741319094,0.010158335672861495
2025-06-25 20:00:00+00:00,16.75,16.770000457763672,16.690000534057617,16.690000534057617,0.0,0.004196624313160147,0.0041966243131601,0.0070789110242572,0.0,17.40541664759318,0.0041966243131601,-0.0284222608830337,-0.0791644030664796,1.0,0.0,20.0,2.0,0.0,0.0,1.0,0.0035949349324434048,0.004793284670231546,0.012233662316991654,0.009836152904480854
2025-06-26 07:00:00+00:00,16.719999313354492,16.719999313354492,16.600000381469727,16.670000076293945,0.0,-0.0017910857698810734,0.001791085769881,0.0070783521235577,0.0,17.34791660308838,-0.001791085769881,-0.0363112999575546,-0.0762431513276674,0.0,0.0,7.0,3.0,0.0,0.0,1.0,0.002999354339035051,0.0071984961808976575,0.011943497868174922,0.00923808520682748
2025-06-26 08:00:00+00:00,16.670000076293945,16.719999313354492,16.59000015258789,16.700000762939453,0.0,-0.002990385114466587,0.0029903851144665,0.0070318528310942,0.0,17.28791658083598,-0.0029903851144665,-0.0369728139453524,-0.0795141074282748,0.0,0.0,8.0,3.0,0.0,0.0,1.0,-0.0017964482200554844,0.007784380528598236,0.0038501968665960863,0.00802713014669068
2025-06-26 09:00:00+00:00,16.709999084472656,16.739999771118164,16.610000610351562,16.6200008392334,0.0,0.002399460587621194,0.0023994605876211,0.0069171247210265,0.0,17.22583317756653,0.0023994605876211,-0.0313044009001358,-0.0818682206596869,1.0,0.0,9.0,3.0,0.0,1.0,1.0,0.005415056600166153,0.00782185043334798,0.002829883224464065,0.008536391838799864
2025-06-26 10:00:00+00:00,16.700000762939453,16.739999771118164,16.600000381469727,16.690000534057617,0.0,-0.0005983436314185298,0.0005983436314185,0.0067800222061442,0.0,17.171249866485596,-0.0005983436314185,-0.017647013944738,-0.0727373375510342,0.0,0.0,10.0,3.0,0.0,1.0,1.0,0.0005991748688940704,0.00838821960267495,0.0027005903454811186,0.00868946281936389
2025-06-26 11:00:00+00:00,16.670000076293945,16.719999313354492,16.600000381469727,16.6200008392334,0.0,-0.0017964482200555354,0.0017964482200555,0.0063393201735414,0.0,17.12624986966451,-0.0017964482200555,-0.0005995340946566,-0.0608450661242847,0.0,0.0,11.0,3.0,0.0,1.0,1.0,0.003008377529230805,0.007220151975052524,0.002161324264710184,0.007523774735696819
2025-06-26 12:00:00+00:00,16.670000076293945,16.780000686645508,16.610000610351562,16.670000076293945,0.0,0.0,0.0,0.0062961292247927,0.0,17.08624990781148,0.0,-0.0047761148481226,-0.0544525882116327,0.0,0.0,12.0,3.0,0.0,1.0,1.0,0.0,0.010197964937966547,0.0009147582480195501,0.002551359532897864
2025-06-26 13:00:00+00:00,16.559999465942383,16.780000686645508,16.540000915527344,16.65999984741211,0.0,-0.006598716847517672,0.0065987168475176,0.0063488808857733,0.0,17.044583241144817,-0.0065987168475176,-0.0095693692573488,-0.0569476099324205,0.0,1.0,13.0,3.0,0.0,1.0,1.0,-0.006002423912702507,0.014405748698457795,0.0034115508255378566,0.002785379867785168
2025-06-26 14:00:00+00:00,16.34000015258789,16.729999542236328,16.299999237060547,16.600000381469727,0.0,-0.013284983118927451,0.0132849831189274,0.0066556860300278,0.0,16.99916656812032,-0.0132849831189274,-0.0197960361245193,-0.0625358653759873,0.0,1.0,14.0,3.0,0.0,1.0,1.0,-0.015662664030542395,0.02590363224664637,0.006642539639275799,0.0052217996999023705
2025-06-26 15:00:00+00:00,16.3700008392334,16.479999542236328,16.299999237060547,16.3799991607666,0.0,0.0018360273173410047,0.001836027317341,0.0065480331519208,0.0,16.951666593551636,0.001836027317341,-0.0203469936485629,-0.0651056182037089,1.0,0.0,15.0,3.0,0.0,1.0,1.0,-0.0006103981712740938,0.010989030183036777,0.00757733486999835,0.005571360512724702
2025-06-26 16:00:00+00:00,16.360000610351562,16.479999542236328,16.31999969482422,16.459999084472656,0.0,-0.0006108874996432201,0.0006108874996432,0.0065597013142487,0.0,16.90499997138977,-0.0006108874996432,-0.0203592896440111,-0.0640731671175706,0.0,0.0,16.0,3.0,0.0,1.0,1.0,-0.006075241779048828,0.009720525899849126,0.00811649604716719,0.005228810301663557
2025-06-26 17:00:00+00:00,16.420000076293945,16.440000534057617,16.31999969482422,16.389999389648438,0.0,0.0036674488816594852,0.0036674488816594,0.0065362486425402,0.0,16.867499987284344,0.0036674488816594,-0.0149970005312429,-0.051963027389615,1.0,0.0,17.0,3.0,0.0,0.0,1.0,0.0018304263430574369,0.007321588999520545,0.0021465343874647047,0.005776318322978862
2025-06-26 18:00:00+00:00,16.3700008392334,16.440000534057617,16.110000610351562,16.43000030517578,0.0,-0.003045020513290475,0.0030450205132904,0.0065187996651614,0.0,16.831250031789143,-0.0030450205132904,-0.0179963548702779,-0.0504639758373001,0.0,0.0,18.0,3.0,0.0,0.0,1.0,-0.0036518237874579814,0.020085204965096564,0.0033981958717789083,0.005773915918533466
2025-06-26 19:00:00+00:00,16.440000534057617,16.469999313354492,16.270000457763672,16.290000915527344,0.0,0.00427609598262535,0.0042760959826253,0.0065708434145379,0.0,16.795833349227905,0.0042760959826253,-0.0072463125455745,-0.0491613844107076,1.0,0.0,19.0,3.0,0.0,0.0,1.0,0.009208079195827204,0.012277399898743093,0.004062561659397301,0.006294666778601543
2025-06-26 20:00:00+00:00,16.59000015258789,16.59000015258789,16.43000030517578,16.43000030517578,0.0,0.009124064091088568,0.0091240640910885,0.0069527653581848,0.0,16.768750031789143,0.0091240640910885,0.0152998774581043,-0.0377029946148378,1.0,1.0,20.0,3.0,0.0,0.0,1.0,0.009738274159478024,0.009738274159478024,0.006126284377390947,0.007117355449636918
2025-06-27 07:00:00+00:00,16.31999969482422,16.350000381469727,16.270000457763672,16.309999465942383,0.0,-0.01627489181918751,0.0162748918191875,0.0073942908560077,0.0,16.737500031789143,-0.0162748918191875,-0.0030544374982158,-0.0439367318927022,0.0,1.0,7.0,4.0,0.0,0.0,1.0,0.0006131348380922911,0.004904961761225437,0.01348426772046528,0.008090338204942303
2025-06-27 08:00:00+00:00,16.200000762939453,16.350000381469727,16.190000534057617,16.290000915527344,0.0,-0.007352875865728303,0.0073528758657283,0.0074770397151967,0.0,16.702083428700764,-0.0073528758657283,-0.0097799414084905,-0.0498532851704476,0.0,0.0,8.0,4.0,0.0,0.0,1.0,-0.0055248709349122295,0.00982196675382629,0.0128853850048966,0.008452378632462296
2025-06-27 09:00:00+00:00,16.200000762939453,16.239999771118164,16.18000030517578,16.229999542236328,0.0,0.0,0.0,0.0072692489274538,0.0,16.662083466847736,0.0,-0.0133982528825996,-0.0559440030891045,0.0,0.0,9.0,4.0,0.0,1.0,1.0,-0.0018483536748603922,0.0036968248696645062,0.008150043516211595,0.008465743093973126
2025-06-27 10:00:00+00:00,16.209999084472656,16.239999771118164,16.18000030517578,16.190000534057617,0.0,0.0006171803124896957,0.0006171803124896,0.0071449432406035,0.0,16.619166771570843,0.0006171803124896,-0.0097740834794138,-0.059744820204177,1.0,0.0,10.0,4.0,0.0,1.0,1.0,0.0012352408743266994,0.003705958243556985,0.0044341006325765075,0.008238562169726519
2025-06-27 11:00:00+00:00,16.149999618530273,16.239999771118164,16.1200008392334,16.239999771118164,0.0,-0.0037013861401050674,0.003701386140105,0.0068895449662542,0.0,16.569166739781696,-0.003701386140105,-0.0176399577923715,-0.0691643075824417,0.0,0.0,11.0,4.0,0.0,1.0,1.0,-0.005541881395094003,0.007389096895073626,0.0023356364978940935,0.008258699347818923
2025-06-27 12:00:00+00:00,16.209999084472656,16.25,16.1200008392334,16.15999984741211,0.0,0.0037151372978077024,0.0037151372978077,0.0070226988009781,0.0,16.52333339055379,0.0037151372978077,-0.0229054288499181,-0.0635471066093323,1.0,0.0,12.0,4.0,0.0,1.0,1.0,0.003094012223555425,0.008044502598644507,0.0037249647334677925,0.008191209189182853
2025-06-27 13:00:00+00:00,16.280000686645508,16.31999969482422,16.149999618530273,16.200000762939453,0.0,0.004318421105890424,0.0043184211058904,0.0071645074938644,0.0,16.482916752497356,0.0043184211058904,-0.0024509196646245,-0.0562318442524343,1.0,0.0,13.0,4.0,0.0,1.0,1.0,0.004938266662867668,0.010493831375789343,0.004466282561615255,0.007252914451615504
2025-06-27 14:00:00+00:00,16.540000915527344,16.549999237060547,16.200000762939453,16.299999237060547,0.0,0.01597052935600396,0.0159705293560039,0.0076105773458953,0.0,16.46375012397766,0.0159705293560039,0.0209876627515785,-0.027058769674862,1.0,1.0,14.0,4.0,0.0,1.0,1.0,0.014724030042965663,0.021472300030868627,0.006908089612012389,0.007409003088986044
2025-06-27 15:00:00+00:00,16.420000076293945,16.579999923706055,16.40999984741211,16.440000534057617,0.0,-0.007255189394865469,0.0072551893948654,0.006758900313499,0.0,16.452916781107586,-0.0072551893948654,0.0135802038884949,-0.0155875434127634,0.0,1.0,15.0,4.0,0.0,1.0,1.0,-0.0012165728171503586,0.010340636908239016,0.011612881484154156,0.007388650375386121
2025-06-27 16:00:00+00:00,16.440000534057617,16.510000228881836,16.389999389648438,16.5,0.0,0.0012180546693509875,0.0012180546693509,0.0066934020437662,0.0,16.440000136693318,0.0012180546693509,0.0141888625894666,-0.0185074308025303,1.0,0.0,16.0,4.0,0.0,1.0,1.0,-0.003636331269235322,0.007272778135357481,0.01175347739923954,0.007349252863697675
2025-06-27 17:00:00+00:00,16.989999771118164,17.139999389648438,16.399999618530273,16.40999984741211,0.0,0.03345494034024821,0.0334549403402482,0.0096639925563932,0.0,16.451250155766804,0.0334549403402482,0.0520123945776498,0.0161483534002311,1.0,1.0,17.0,4.0,0.0,0.0,1.0,0.03534429793413568,0.04509444107245763,0.021479941518309845,0.013839813123759752
2025-06-27 18:00:00+00:00,17.040000915527344,17.290000915527344,16.40999984741211,16.479999542236328,0.0,0.0029429749901572766,0.0029429749901572,0.0096410262694999,0.0,16.46666685740153,0.0029429749901572,0.0512030769853488,0.0221956111301744,1.0,0.0,18.0,4.0,0.0,0.0,1.0,0.03398066679891568,0.053398124548480336,0.018134553470271327,0.01321176580792835
2025-06-27 19:00:00+00:00,16.25,17.290000915527344,16.239999771118164,17.059999465942383,0.0,-0.04636155358462879,0.0463615535846287,0.0136349141234591,0.0,16.447500228881836,-0.0463615535846287,-0.0018427939422703,-0.0275283728112288,0.0,1.0,19.0,4.0,0.0,0.0,1.0,-0.047479454355166886,0.06154754849232807,0.040275280404500756,0.024503363242294997
2025-06-27 20:00:00+00:00,16.31999969482422,16.3799991607666,16.280000686645508,16.280000686645508,0.0,0.0043076735276441624,0.0043076735276441,0.0136790360773109,0.0,16.4316668510437,0.0043076735276441,-0.0133011613376994,-0.0227545539374184,1.0,0.0,20.0,4.0,0.0,0.0,1.0,0.002456941430691839,0.006142412156230592,0.028868002806553893,0.02450309267160072
2025-06-30 07:00:00+00:00,17.170000076293945,17.200000762939453,17.149999618530273,17.190000534057617,0.0,0.05208335768163641,0.0520833576816364,0.0174277383711315,0.0,16.452500184377033,0.0520833576816364,0.045676004659878,0.0299940010624859,1.0,1.0,7.0,0.0,0.0,0.0,1.0,-0.0011634937255555083,0.002908734313888771,0.049229542496960016,0.031170467151646227
2025-06-30 08:00:00+00:00,17.09000015258789,17.200000762939453,17.06999969482422,17.190000534057617,0.0,-0.004659284994209645,0.0046592849942096,0.0174696444009688,0.0,16.47000018755595,-0.0046592849942096,0.0395376884072304,0.0251949654692094,0.0,0.0,8.0,0.0,0.0,0.0,1.0,-0.005817357670908806,0.007562598259242069,0.03050314147579287,0.031004676248557565
2025-06-30 09:00:00+00:00,17.059999465942383,17.110000610351562,17.030000686645508,17.09000015258789,0.0,-0.001755452684473191,0.0017554526844731,0.0174036963979064,0.0,16.490833520889282,-0.0017554526844731,0.0041200527232032,0.0301932376887035,0.0,0.0,9.0,0.0,0.0,1.0,1.0,-0.0017554526844732001,0.004681095552473738,0.031955117591083174,0.031103575496397327
2025-06-30 10:00:00+00:00,17.040000915527344,17.110000610351562,17.030000686645508,17.049999237060547,0.0,-0.0011722480094423782,0.0011722480094423,0.0171333218048691,0.0,16.520000219345093,-0.0011722480094423,0.0,0.0428397035742125,0.0,0.0,10.0,0.0,0.0,1.0,1.0,-0.0005864118463694932,0.004692077846676012,0.001867788206640069,0.02861033713352812
2025-06-30 11:00:00+00:00,17.079999923706055,17.079999923706055,17.0,17.040000915527344,0.0,0.0023473595087817323,0.0023473595087817,0.0171335706062616,0.0,16.549583514531452,0.0023473595087817,0.051076918381911,0.043371963840773,1.0,0.0,11.0,0.0,0.0,1.0,1.0,0.0023473595087816386,0.004694830951162475,0.002219640836878732,0.02860368023224564
2025-06-30 12:00:00+00:00,17.139999389648438,17.170000076293945,17.010000228881836,17.010000228881836,0.0,0.003512849309741828,0.0035128493097418,0.0171278609755397,0.0,16.582083463668823,0.0035128493097418,0.0502450802792768,0.0476771852198674,1.0,0.0,12.0,0.0,0.0,1.0,1.0,0.007642513757634861,0.009406222531404815,0.002439130324818924,0.01978368083475583
2025-06-30 13:00:00+00:00,17.290000915527344,17.34000015258789,17.030000686645508,17.100000381469727,0.0,0.008751547912510427,0.0087515479125104,0.0171796785926712,0.0,16.618333498636883,0.0087515479125104,0.0069889830343727,0.0529842165158966,1.0,0.0,13.0,0.0,0.0,1.0,1.0,0.011111142094681453,0.0181286233349042,0.003411157150617231,0.019723803451128518
2025-06-30 14:00:00+00:00,17.360000610351562,17.43000030517578,17.06999969482422,17.06999969482422,0.0,0.004048565131153703,0.0040485651311537,0.0171448106257044,0.0,16.65958348910014,0.0040485651311537,0.0157987393418943,0.0604764642861512,1.0,0.0,14.0,0.0,0.0,1.0,1.0,0.016988923298884104,0.021089667064301,0.002882389099736997,0.004462406411440921
2025-06-30 15:00:00+00:00,17.139999389648438,17.43000030517578,17.06999969482422,17.25,0.0,-0.012672880931348662,0.0126728809313486,0.0174192066773282,0.0,16.688750108083088,-0.0126728809313486,0.0046893274449253,0.042579004431337,0.0,0.0,15.0,0.0,0.0,1.0,1.0,-0.006376846976902174,0.02086960060009058,0.011260039644309239,0.006764502174346407
2025-06-30 16:00:00+00:00,17.100000381469727,17.25,17.049999237060547,17.25,0.0,-0.0023336645042629778,0.0023336645042629,0.0173690792193671,0.0,16.71000011761983,-0.0023336645042629,0.003521095229972,0.0307414240018726,0.0,0.0,16.0,0.0,0.0,1.0,1.0,-0.008695630059725996,0.011594247126924818,0.00843839449447668,0.006799179264672845
2025-06-30 17:00:00+00:00,17.110000610351562,17.229999542236328,17.020000457763672,17.139999389648438,0.0,0.0005848086934940877,0.000584808693494,0.0169589817598183,0.0,16.74291682243347,0.000584808693494,0.001756480490604,0.0484069197487722,1.0,0.0,17.0,0.0,0.0,0.0,1.0,-0.0017502205580586263,0.01225198902862759,0.006966386154489874,0.006765772497378635
2025-06-30 18:00:00+00:00,16.75,17.229999542236328,16.75,17.059999465942383,0.0,-0.021040362215636765,0.0210403622156367,0.0175121250331981,0.0,16.765833457310993,-0.0210403622156367,-0.0227537574991965,0.0339505685900196,0.0,1.0,18.0,0.0,0.0,0.0,1.0,-0.018171129873787405,0.02813596466955184,0.011733897064487039,0.010504150930152906
2025-06-30 19:00:00+00:00,16.600000381469727,17.059999465942383,16.549999237060547,16.989999771118164,0.0,-0.008955201106285005,0.008955201106285,0.0176412576847971,0.0,16.782500108083088,-0.008955201106285,-0.0399074897351775,0.0246913333143383,0.0,0.0,19.0,0.0,0.0,0.0,1.0,-0.022954643608142346,0.030017671321502983,0.01083751911084814,0.010323566864382891
2025-06-30 20:00:00+00:00,16.729999542236328,16.760000228881836,16.600000381469727,16.6200008392334,0.0,0.007831274565012425,0.0078312745650124,0.0176928974996392,0.0,16.804166793823242,0.0078312745650124,-0.0362903828321049,0.0320789936540941,1.0,0.0,20.0,0.0,0.0,0.0,1.0,0.006618453516757067,0.009626945808234352,0.014499472949592493,0.010130491995251763
2025-07-01 07:00:00+00:00,17.049999237060547,17.1299991607666,16.969999313354492,16.979999542236328,0.0,0.01912729848057393,0.0191272984805739,0.0180137633960065,0.0,16.84166677792867,0.0191272984805739,-0.0052508842352845,0.0557275318754575,1.0,1.0,7.0,1.0,0.0,0.0,1.0,0.004122479193836276,0.009422841679949587,0.014130420522227495,0.013372365169631225
2025-07-01 08:00:00+00:00,17.030000686645508,17.1299991607666,17.0,17.06999969482422,0.0,-0.0011729355606989733,0.0011729355606989,0.0180260774416176,0.0,16.87583351135254,-0.0011729355606989,-0.0040935493136055,0.0505861596845074,0.0,0.0,8.0,1.0,0.0,0.0,1.0,-0.0023432342644293665,0.007615651030504617,0.010171655538958518,0.012597395277958145
2025-07-01 09:00:00+00:00,17.09000015258789,17.15999984741211,17.0,17.030000686645508,0.0,0.0035231628610228327,0.0035231628610228,0.0180227702935733,0.0,16.90958348910014,0.0035231628610228,-0.001168933784349,0.04975426485128,1.0,0.0,9.0,1.0,0.0,1.0,1.0,0.003523162861022834,0.009395175628946227,0.010627338103136753,0.012676775668691152
2025-07-01 10:00:00+00:00,17.25,17.290000915527344,17.06999969482422,17.079999923706055,0.0,0.009362191104947515,0.0093621911049475,0.0178526023016105,0.0,16.9391667842865,0.0093621911049475,0.0298507462686568,0.0429261816912069,1.0,0.0,10.0,1.0,0.0,1.0,1.0,0.009953166103823866,0.012880633588163897,0.005277886020637781,0.01317043462590488
2025-07-01 11:00:00+00:00,17.18000030517578,17.290000915527344,17.139999389648438,17.170000076293945,0.0,-0.004057953323143071,0.004057953323143,0.0177931068008624,0.0,16.97083346048991,-0.004057953323143,0.0349397536372046,0.0462850319945535,0.0,0.0,11.0,1.0,0.0,1.0,1.0,0.0005824245100407964,0.00873625656449521,0.006728891066413815,0.009409549454746204
2025-07-01 12:00:00+00:00,17.31999969482422,17.479999542236328,17.139999389648438,17.209999084472656,0.0,0.00814897480567911,0.0081489748056791,0.017835413744017,0.0,17.00750009218852,0.0081489748056791,0.0352659993264425,0.053527927748151,1.0,0.0,12.0,1.0,0.0,1.0,1.0,0.006391668576601386,0.01975596575682844,0.007422727088721612,0.007640540486280774
2025-07-01 13:00:00+00:00,16.979999542236328,17.40999984741211,16.959999084472656,17.40999984741211,0.0,-0.019630494144263433,0.0196304941442634,0.0170830425396317,0.0,17.007083415985107,-0.0196304941442634,-0.0041055541323464,-0.0005885949980314,0.0,1.0,13.0,1.0,0.0,1.0,1.0,-0.024698466912376118,0.025847258293132207,0.013923672989483975,0.01226158774072835
2025-07-01 14:00:00+00:00,17.020000457763672,17.1299991607666,16.790000915527344,17.1200008392334,0.0,0.002355766584554164,0.0023557665845541,0.017079236187128,0.0,17.00625006357829,0.0023557665845541,-0.0005872124767251,-0.0011737357211903,1.0,0.0,14.0,1.0,0.0,1.0,1.0,-0.005841143491100693,0.019859709612869522,0.0146552369335429,0.009788671579148527
2025-07-01 15:00:00+00:00,16.940000534057617,17.200000762939453,16.809999465942383,16.889999389648438,0.0,-0.0047003479174151375,0.0047003479174151,0.0139905935258685,0.0,17.03500008583069,-0.0047003479174151,-0.008777040210123,0.0424615713266225,0.0,0.0,15.0,1.0,0.0,1.0,1.0,0.002960399420726116,0.02309066377089953,0.011225667604909765,0.009936177247563365
2025-07-01 16:00:00+00:00,16.920000076293945,17.1200008392334,16.799999237060547,16.899999618530273,0.0,-0.0011806645297006702,0.0011806645297006,0.0139931273384922,0.0,17.06000010172526,-0.0011806645297006,-0.0191304303597712,0.0367647299442053,0.0,0.0,16.0,1.0,0.0,1.0,1.0,0.0011834590659837681,0.018935006473135108,0.0035280605635515175,0.009759338601403758
2025-07-01 17:00:00+00:00,16.65999984741211,16.950000762939453,16.6200008392334,16.889999389648438,0.0,-0.015366443718053735,0.0153664437180537,0.0094477948121647,0.0,17.03875009218852,-0.0153664437180537,-0.030267779308887,-0.0297029834953802,0.0,1.0,17.0,1.0,0.0,0.0,1.0,-0.013617498552267002,0.01953818446602819,0.007386813724004721,0.00969566652598948
2025-07-01 18:00:00+00:00,16.56999969482422,16.790000915527344,16.510000228881836,16.75,0.0,-0.005402170072760892,0.0054021700727608,0.0094607858261792,0.0,17.017083406448364,-0.0054021700727608,-0.0433025411786885,-0.0304271768941399,0.0,0.0,18.0,1.0,0.0,0.0,1.0,-0.010746286876166045,0.016716458904209423,0.007284048662535133,0.009689085980394195
2025-07-01 19:00:00+00:00,16.719999313354492,16.850000381469727,16.510000228881836,16.639999389648438,0.0,0.0090524816712656,0.0090524816712656,0.0096898187123179,0.0,17.00291673342387,0.0090524816712656,-0.0153121458122014,-0.0199296695915288,1.0,0.0,19.0,1.0,0.0,0.0,1.0,0.004807687899064574,0.02043270222710471,0.012278080899774954,0.00989891044303202
2025-07-01 20:00:00+00:00,16.829999923706055,16.84000015258789,16.700000762939453,16.709999084472656,0.0,0.0065789841428822715,0.0065789841428822,0.0098051295170425,0.0,16.99416669209798,0.0065789841428822,-0.0111633683282862,-0.0123240012053009,1.0,0.0,20.0,1.0,0.0,0.0,1.0,0.0071813791626659145,0.008378180569652357,0.0077309249490065245,0.008254885273477683
2025-07-02 07:00:00+00:00,16.829999923706055,16.84000015258789,16.739999771118164,16.75,0.0,0.0,0.0,0.0097874925804722,0.0,16.983750025431316,0.0,-0.0064935423189868,-0.0146370024073018,0.0,0.0,7.0,2.0,0.0,0.0,1.0,0.004776114848122668,0.005970172028043377,0.004678829034131874,0.008131070993978659
2025-07-02 08:00:00+00:00,16.850000381469727,16.90999984741211,16.75,16.780000686645508,0.0,0.0011883813341853067,0.0011883813341853,0.0097568059722868,0.0,16.97166673342387,0.0011883813341853,-0.0041370977841952,-0.0169194293177077,1.0,0.0,8.0,2.0,0.0,0.0,1.0,0.004171614538724575,0.009535151422219338,0.0035060395792799945,0.00805800829685537
2025-07-02 09:00:00+00:00,16.809999465942383,16.90999984741211,16.809999465942383,16.8700008392334,0.0,-0.002373941520579015,0.002373941520579,0.0095521067371047,0.0,16.951666673024494,-0.002373941520579,0.009003578625697,-0.0277617943417165,0.0,0.0,9.0,2.0,0.0,1.0,1.0,-0.0035566905931311258,0.005927704593657314,0.0018137434888532522,0.00808164990348793
2025-07-02 10:00:00+00:00,16.81999969482422,16.850000381469727,16.790000915527344,16.81999969482422,0.0,0.0005948976323346677,0.0005948976323346,0.0094965757180318,0.0,16.92916663487752,0.0005948976323346,0.0150875078216259,-0.0311060424275185,1.0,0.0,10.0,2.0,0.0,1.0,1.0,0.0,0.003567150239654618,0.0019085934149617376,0.004975670091728336
2025-07-02 11:00:00+00:00,16.940000534057617,17.010000228881836,16.790000915527344,16.829999923706055,0.0,0.007134413876970891,0.0071344138769708,0.0093218127011703,0.0,16.920833349227905,0.0071344138769708,0.0131579682857645,-0.0116685450824233,1.0,0.0,11.0,2.0,0.0,1.0,1.0,0.006535984007737285,0.013071854685192843,0.0048646360089227994,0.0043451785922705875
2025-07-02 12:00:00+00:00,17.34000015258789,17.3700008392334,16.799999237060547,16.81999969482422,0.0,0.02361272762217914,0.0236127276221791,0.0105209530719632,0.0,16.930833339691162,0.0236127276221791,0.0303030440400342,0.0140350740212986,1.0,1.0,12.0,2.0,0.0,1.0,1.0,0.030915604470770845,0.03388832416853432,0.0118611452091887,0.008816279058257291
2025-07-02 13:00:00+00:00,17.139999389648438,17.3700008392334,17.059999465942383,17.06999969482422,0.0,-0.01153406927217382,0.0115340692721738,0.0108102594035827,0.0,16.932083288828533,-0.0115340692721738,0.0184194573587448,0.0017532892008622,0.0,1.0,13.0,2.0,0.0,1.0,1.0,0.004100743765416897,0.01816059629954246,0.01758476811954177,0.01079625901678085
2025-07-02 14:00:00+00:00,16.780000686645508,17.329999923706055,16.709999084472656,17.280000686645508,0.0,-0.021003425660583663,0.0210034256605836,0.0108071167242352,0.0,16.933333317438763,-0.0210034256605836,-0.0041542844652513,0.001791085769881,0.0,1.0,14.0,2.0,0.0,1.0,1.0,-0.028935184035404276,0.03587967677064696,0.023507329268742983,0.014078537277800696
2025-07-02 15:00:00+00:00,16.729999542236328,16.850000381469727,16.700000762939453,16.850000381469727,0.0,-0.0029798058619254775,0.0029798058619254,0.0106564791814899,0.0,16.93874994913737,-0.0029798058619254,-0.0047590675935557,0.0078312745650124,0.0,0.0,15.0,2.0,0.0,1.0,1.0,-0.007121711365975143,0.008902054310647431,0.009015680816862163,0.01409125448410856
2025-07-02 16:00:00+00:00,16.729999542236328,16.780000686645508,16.670000076293945,16.75,0.0,0.0,0.0,0.0105376189894013,0.0,16.93874994913737,0.0,-0.0053507820583127,0.0,0.0,0.0,16.0,2.0,0.0,1.0,1.0,-0.0011940571799207089,0.006567200618003731,0.011364227522515664,0.014079430358549689
2025-07-02 17:00:00+00:00,16.670000076293945,16.780000686645508,16.639999389648438,16.729999542236328,0.0,-0.0035863399631845816,0.0035863399631845,0.0097398369513093,0.0,16.922916650772095,-0.0035863399631845,-0.0159386333678585,-0.022287341804721,0.0,0.0,17.0,2.0,0.0,0.0,1.0,-0.0035863399631846362,0.00836827859101998,0.0019195902740902161,0.014109126002560823
2025-07-02 18:00:00+00:00,16.600000381469727,16.760000228881836,16.600000381469727,16.729999542236328,0.0,-0.0041991418418626525,0.0041991418418626,0.009763176638036,0.0,16.90499997138977,-0.0041991418418626,-0.0426758803117843,-0.025249576502541,0.0,0.0,18.0,2.0,0.0,0.0,1.0,-0.00777042225484869,0.009563649240286944,0.0022682648538081573,0.013636519303554428
2025-07-02 19:00:00+00:00,16.6200008392334,16.700000762939453,16.540000915527344,16.700000762939453,0.0,0.001204846825545669,0.0012048468255456,0.0097276839566601,0.0,16.885416666666668,0.0012048468255456,-0.030338306238744,-0.027501422420018,1.0,0.0,19.0,2.0,0.0,0.0,1.0,-0.00479041437432686,0.00958082874865372,0.0029590001268585174,0.007765603317942989
2025-07-02 20:00:00+00:00,16.6299991607666,16.649999618530273,16.610000610351562,16.6200008392334,0.0,0.0006015836960489018,0.0006015836960489,0.0094785847040518,0.0,16.859583298365276,0.0006015836960489,-0.0089393039178052,-0.0359420776367187,1.0,0.0,20.0,2.0,0.0,0.0,1.0,0.0006015836960489769,0.002406679070935348,0.0029612493312576606,0.007682045910725007
2025-07-03 07:00:00+00:00,16.649999618530273,16.670000076293945,16.600000381469727,16.649999618530273,0.0,0.001202673407877164,0.0012026734078771,0.0094772253232406,0.0,16.83749993642171,0.0012026734078771,-0.0047818246201434,-0.0308498647980719,1.0,0.0,7.0,3.0,0.0,0.0,1.0,0.0,0.004204185971650956,0.00034766841693858525,0.002381868891215374
2025-07-03 08:00:00+00:00,16.75,16.75,16.600000381469727,16.6200008392334,0.0,0.006006029054705486,0.0060060290547054,0.0093944411942812,0.0,16.81374994913737,0.0060060290547054,0.0011954846569588,-0.0329099136759541,1.0,0.0,8.0,3.0,0.0,0.0,1.0,0.00782185043334798,0.009025247349938896,0.002962025319109844,0.0034061461038533613
2025-07-03 09:00:00+00:00,16.729999542236328,16.760000228881836,16.649999618530273,16.670000076293945,0.0,-0.0011940571799207156,0.0011940571799207,0.0085506147912957,0.0,16.803333282470703,-0.0011940571799207,0.0035992480904487,-0.0147232041660628,0.0,0.0,9.0,3.0,0.0,1.0,1.0,0.0035992480904488288,0.006598716847517718,0.0036664647997413902,0.0034460747052863522
2025-07-03 10:00:00+00:00,16.790000915527344,16.829999923706055,16.690000534057617,16.700000762939453,0.0,0.0035864539708765353,0.0035864539708765,0.0085726657273651,0.0,16.793749968210857,0.0035864539708765,0.0114458150416496,-0.0135134862544268,1.0,0.0,10.0,3.0,0.0,1.0,1.0,0.0053892304476786885,0.008383196601950063,0.0036639885424501312,0.003261661245356847
2025-07-03 11:00:00+00:00,16.760000228881836,16.809999465942383,16.75,16.809999465942383,0.0,-0.001786818642622201,0.0017868186426222,0.0085315955268927,0.0,16.786249955495197,-0.0017868186426222,0.0084235488916435,-0.0106257555785723,0.0,0.0,11.0,3.0,0.0,1.0,1.0,-0.0029743746965517157,0.0035692723288863705,0.0029460909579060793,0.0026953951287931664
2025-07-03 12:00:00+00:00,16.360000610351562,16.790000915527344,16.25,16.760000228881836,0.0,-0.023866325362034924,0.0238663253620349,0.0097852647642464,0.0,16.762916644414265,-0.0238663253620349,-0.0162356322333447,-0.0330968950010218,0.0,1.0,12.0,3.0,0.0,1.0,1.0,-0.02386632536203491,0.032219624591459245,0.014548950527174915,0.00992354901782923
2025-07-03 13:00:00+00:00,16.43000030517578,16.6299991607666,16.170000076293945,16.6299991607666,0.0,0.004278709792952418,0.0042787097929524,0.0093753488513575,0.0,16.75333333015442,0.0042787097929524,-0.0132131722759709,-0.0138054948585161,1.0,0.0,13.0,3.0,0.0,1.0,1.0,-0.012026389999023961,0.027660800221679112,0.014812372396360815,0.010190740623592988
2025-07-03 14:00:00+00:00,16.469999313354492,16.520000457763672,16.170000076293945,16.170000076293945,0.0,0.002434510495176845,0.0024345104951768,0.0093349116733565,0.0,16.74916664759318,0.0024345104951768,-0.0167164589042094,-0.0060350261503603,1.0,0.0,14.0,3.0,0.0,1.0,1.0,0.018552828425793345,0.021645045134096517,0.015744194918092758,0.010259259849915967
2025-07-03 15:00:00+00:00,16.40999984741211,16.5,16.290000915527344,16.479999542236328,0.0,-0.003642954975337065,0.003642954975337,0.0091449715836594,0.0,16.736250003178913,-0.003642954975337,-0.0191272984805739,-0.0185406386766285,0.0,0.0,15.0,3.0,0.0,1.0,1.0,-0.004247554415570076,0.012742663246710228,0.004145065948336713,0.009715549762224837
2025-07-03 16:00:00+00:00,16.420000076293945,16.56999969482422,16.290000915527344,16.350000381469727,0.0,0.0006093984750044079,0.0006093984750044,0.0090175644040289,0.0,16.71916667620341,0.0006093984750044,-0.0220369755245947,-0.0243612506993895,1.0,0.0,16.0,3.0,0.0,1.0,1.0,0.00428132680067414,0.01712530720269656,0.0031184699853747107,0.009791458965832677
2025-07-03 17:00:00+00:00,16.3799991607666,16.56999969482422,16.329999923706055,16.5,0.0,-0.002436109338701753,0.0024361093387017,0.0090196700697284,0.0,16.700416644414265,-0.0024361093387017,-0.0226730944466452,-0.02673801336776,0.0,0.0,17.0,3.0,0.0,0.0,1.0,-0.007272778135357481,0.014545440673828125,0.0021914266320003485,0.009411758846829044
2025-07-04 07:00:00+00:00,17.190000534057617,17.190000534057617,16.920000076293945,16.93000030517578,0.0,0.04945063582366549,0.0494506358236654,0.0137100700399958,0.0,16.714583317438763,0.0494506358236654,0.0507334897763318,0.020178050141874,1.0,1.0,7.0,4.0,0.0,0.0,1.0,0.015357367052282307,0.015948048015163252,0.029117508785196658,0.022195941798178513
2025-07-04 08:00:00+00:00,17.489999771118164,17.489999771118164,16.959999084472656,16.979999542236328,0.0,0.01745196205585775,0.0174519620558577,0.0140947730489843,0.0,16.74291666348775,0.0174519620558577,0.0645160953288881,0.0404521312777841,1.0,1.0,8.0,4.0,0.0,0.0,1.0,0.030035349978264313,0.031213233270541346,0.026177868611475728,0.01884291939050847
2025-07-04 09:00:00+00:00,17.420000076293945,17.59000015258789,17.15999984741211,17.15999984741211,0.0,-0.004002269624943766,0.0040022696249437,0.0141422757019418,0.0,16.767916679382324,-0.0040022696249437,0.0576806801788483,0.0356718425895308,0.0,0.0,9.0,4.0,0.0,1.0,1.0,0.015151528624345906,0.025058293065231545,0.02689923258140168,0.01949137199279043
2025-07-04 10:00:00+00:00,17.6200008392334,17.670000076293945,17.389999389648438,17.530000686645508,0.0,0.011481100003646105,0.0114811000036461,0.0142442868729018,0.0,16.796250025431316,0.0114811000036461,0.0737355882432935,0.0401416932548881,1.0,0.0,10.0,4.0,0.0,1.0,1.0,0.005134064407450563,0.015972656912604376,0.011073015139786044,0.019317275817433616
2025-07-04 11:00:00+00:00,17.520000457763672,17.670000076293945,17.389999389648438,17.479999542236328,0.0,-0.005675390278476189,0.0056753902784761,0.0135250993116171,0.0,16.803750038146973,-0.0056753902784761,0.0669914967331717,0.010380640345549,0.0,0.0,11.0,4.0,0.0,1.0,1.0,0.0022883819550847755,0.01601834633742133,0.009459380058768589,0.01956744090595262
2025-07-04 12:00:00+00:00,17.579999923706055,17.59000015258789,17.489999771118164,17.549999237060547,0.0,0.0034246269620270553,0.003424626962027,0.0132882135198024,0.0,16.822083393732708,0.003424626962027,0.0732601235910741,0.0256709772302181,1.0,0.0,12.0,4.0,0.0,1.0,1.0,0.001709440908815255,0.005698027681879014,0.008583532979377305,0.019380997977654475
2025-07-04 13:00:00+00:00,17.489999771118164,17.6299991607666,17.459999084472656,17.56999969482422,0.0,-0.005119462626761884,0.0051194626267618,0.0125101687863195,0.0,16.851666688919067,-0.0051194626267618,0.0174519620558577,0.0423122202276018,0.0,0.0,13.0,4.0,0.0,1.0,1.0,-0.004553211445394681,0.009675587891104178,0.0051009939592307155,0.019691017529608543
2025-07-04 14:00:00+00:00,17.440000534057617,17.610000610351562,17.360000610351562,17.530000686645508,0.0,-0.002858732859626012,0.002858732859626,0.0125081810184241,0.0,16.88125006357829,-0.002858732859626,-0.002858732859626,0.0424387932605037,0.0,0.0,14.0,4.0,0.0,1.0,1.0,-0.005134064407450563,0.014261265841846314,0.004427056520790284,0.009127307681728005
2025-07-04 15:00:00+00:00,17.479999542236328,17.520000457763672,17.360000610351562,17.420000076293945,0.0,0.002293521040931168,0.0022935210409311,0.0125025362457184,0.0,16.91250006357829,0.0022935210409311,0.00344428620434,0.0448296485667294,1.0,0.0,15.0,4.0,0.0,1.0,1.0,0.003444286204340105,0.009184836206163146,0.003799318934434296,0.006209987247334191
